"product_id","stock_quantity","safe_stock_level","updated_at","is_unlimited"
1,0,10,2025-12-20 16:55:58.115 +0900,true
2,0,10,2025-12-20 16:55:58.123 +0900,true
3,0,10,2025-12-20 16:55:58.128 +0900,true
4,0,10,2025-12-20 16:55:58.133 +0900,true
5,0,10,2025-12-20 16:55:58.143 +0900,true
6,0,10,2025-12-20 16:55:58.154 +0900,true
7,0,10,2025-12-20 16:55:58.160 +0900,true
8,0,10,2025-12-20 16:55:58.168 +0900,true
9,0,10,2025-12-20 16:55:58.175 +0900,true
10,0,10,2025-12-20 16:55:58.181 +0900,true
11,0,10,2025-12-20 16:55:58.187 +0900,true
12,0,10,2025-12-20 16:55:58.193 +0900,true
13,0,10,2025-12-20 16:55:58.199 +0900,true
14,0,10,2025-12-20 16:55:58.206 +0900,true
15,0,10,2025-12-20 16:55:58.213 +0900,true
16,0,10,2025-12-20 16:55:58.219 +0900,true
17,0,10,2025-12-20 16:55:58.226 +0900,true
18,0,10,2025-12-20 16:55:58.232 +0900,true
19,0,10,2025-12-20 16:55:58.239 +0900,true
20,0,10,2025-12-20 16:55:58.246 +0900,true
21,0,10,2025-12-20 16:55:58.252 +0900,true
22,0,10,2025-12-20 16:55:58.259 +0900,true
23,0,10,2025-12-20 16:55:58.266 +0900,true
24,0,10,2025-12-20 16:55:58.273 +0900,true
25,0,10,2025-12-20 16:55:58.280 +0900,true
26,0,10,2025-12-20 16:55:58.286 +0900,true
27,0,10,2025-12-20 16:55:58.292 +0900,true
28,0,10,2025-12-20 16:55:58.297 +0900,true
29,0,10,2025-12-20 16:55:58.303 +0900,true
30,0,10,2025-12-20 16:55:58.309 +0900,true
31,0,10,2025-12-20 16:55:58.314 +0900,true
32,0,10,2025-12-20 16:55:58.320 +0900,true
33,0,10,2025-12-20 16:55:58.325 +0900,true
34,0,10,2025-12-20 16:55:58.330 +0900,true
35,0,10,2025-12-20 16:55:58.336 +0900,true
36,0,10,2025-12-20 16:55:58.341 +0900,true
37,0,10,2025-12-20 16:55:58.347 +0900,true
38,0,10,2025-12-20 16:55:58.352 +0900,true
39,0,10,2025-12-20 16:55:58.357 +0900,true
40,0,10,2025-12-20 16:55:58.363 +0900,true
41,0,10,2025-12-20 16:55:58.368 +0900,true
42,0,10,2025-12-20 16:55:58.373 +0900,true
43,0,10,2025-12-20 16:55:58.380 +0900,true
44,0,10,2025-12-20 16:55:58.385 +0900,true
45,0,10,2025-12-20 16:55:58.390 +0900,true
46,0,10,2025-12-20 16:55:58.396 +0900,true
47,0,10,2025-12-20 16:55:58.402 +0900,true
48,0,10,2025-12-20 16:55:58.408 +0900,true
49,0,10,2025-12-20 16:55:58.414 +0900,true
50,0,10,2025-12-20 16:55:58.421 +0900,true
51,0,10,2025-12-20 16:55:58.426 +0900,true
52,0,10,2025-12-20 16:55:58.431 +0900,true
53,0,10,2025-12-20 16:55:58.437 +0900,true
54,0,10,2025-12-20 16:55:58.443 +0900,true
55,0,10,2025-12-20 16:55:58.448 +0900,true
56,0,10,2025-12-20 16:55:58.453 +0900,true
57,0,10,2025-12-20 16:55:58.459 +0900,true
58,0,10,2025-12-20 16:55:58.466 +0900,true
59,0,10,2025-12-20 16:55:58.472 +0900,true
60,0,10,2025-12-20 16:55:58.478 +0900,true
61,0,10,2025-12-20 16:55:58.483 +0900,true
62,0,10,2025-12-20 16:55:58.489 +0900,true
63,0,10,2025-12-20 16:55:58.494 +0900,true
64,0,10,2025-12-20 16:55:58.500 +0900,true
65,0,10,2025-12-20 16:55:58.505 +0900,true
66,0,10,2025-12-20 16:55:58.510 +0900,true
67,0,10,2025-12-20 16:55:58.516 +0900,true
68,0,10,2025-12-20 16:55:58.521 +0900,true
69,0,10,2025-12-20 16:55:58.527 +0900,true
70,0,10,2025-12-20 16:55:58.534 +0900,true
71,0,10,2025-12-20 16:55:58.539 +0900,true
72,0,10,2025-12-20 16:55:58.544 +0900,true
73,0,10,2025-12-20 16:55:58.550 +0900,true
74,0,10,2025-12-20 16:55:58.555 +0900,true
75,0,10,2025-12-20 16:55:58.561 +0900,true
76,0,10,2025-12-20 16:55:58.566 +0900,true
77,0,10,2025-12-20 16:55:58.573 +0900,true
78,0,10,2025-12-20 16:55:58.578 +0900,true
79,0,10,2025-12-20 16:55:58.584 +0900,true
80,0,10,2025-12-20 16:55:58.590 +0900,true
81,0,10,2025-12-20 16:55:58.595 +0900,true
82,0,10,2025-12-20 16:55:58.601 +0900,true
83,0,10,2025-12-20 16:55:58.605 +0900,true
84,0,10,2025-12-20 16:55:58.611 +0900,true
85,0,10,2025-12-20 16:55:58.616 +0900,true
86,0,10,2025-12-20 16:55:58.621 +0900,true
87,0,10,2025-12-20 16:55:58.626 +0900,true
88,0,10,2025-12-20 16:55:58.631 +0900,true
89,0,10,2025-12-20 16:55:58.636 +0900,true
90,0,10,2025-12-20 16:55:58.642 +0900,true
91,0,10,2025-12-20 16:55:58.647 +0900,true
92,0,10,2025-12-20 16:55:58.652 +0900,true
93,0,10,2025-12-20 16:55:58.657 +0900,true
94,0,10,2025-12-20 16:55:58.663 +0900,true
95,0,10,2025-12-20 16:55:58.669 +0900,true
96,0,10,2025-12-20 16:55:58.675 +0900,true
97,0,10,2025-12-20 16:55:58.680 +0900,true
98,0,10,2025-12-20 16:55:58.686 +0900,true
99,0,10,2025-12-20 16:55:58.692 +0900,true
100,0,10,2025-12-20 16:55:58.698 +0900,true
101,0,10,2025-12-20 16:55:58.704 +0900,true
102,0,10,2025-12-20 16:55:58.710 +0900,true
103,0,10,2025-12-20 16:55:58.715 +0900,true
104,0,10,2025-12-20 16:55:58.721 +0900,true
105,0,10,2025-12-20 16:55:58.727 +0900,true
106,0,10,2025-12-20 16:55:58.732 +0900,true
107,0,10,2025-12-20 16:55:58.737 +0900,true
108,0,10,2025-12-20 16:55:58.742 +0900,true
109,0,10,2025-12-20 16:55:58.747 +0900,true
110,0,10,2025-12-20 16:55:58.752 +0900,true
111,0,10,2025-12-20 16:55:58.757 +0900,true
112,0,10,2025-12-20 16:55:58.762 +0900,true
113,0,10,2025-12-20 16:55:58.767 +0900,true
114,0,10,2025-12-20 16:55:58.772 +0900,true
115,0,10,2025-12-20 16:55:58.777 +0900,true
116,0,10,2025-12-20 16:55:58.783 +0900,true
117,0,10,2025-12-20 16:55:58.788 +0900,true
118,0,10,2025-12-20 16:55:58.794 +0900,true
119,0,10,2025-12-20 16:55:58.800 +0900,true
120,0,10,2025-12-20 16:55:58.805 +0900,true
121,0,10,2025-12-20 16:55:58.810 +0900,true
122,0,10,2025-12-20 16:55:58.815 +0900,true
123,0,10,2025-12-20 16:55:58.820 +0900,true
124,0,10,2025-12-20 16:55:58.826 +0900,true
125,0,10,2025-12-20 16:55:58.831 +0900,true
126,0,10,2025-12-20 16:55:58.836 +0900,true
127,0,10,2025-12-20 16:55:58.841 +0900,true
128,0,10,2025-12-20 16:55:58.846 +0900,true
129,0,10,2025-12-20 16:55:58.851 +0900,true
130,0,10,2025-12-20 16:55:58.856 +0900,true
131,0,10,2025-12-20 16:55:58.863 +0900,true
132,0,10,2025-12-20 16:55:58.871 +0900,true
133,0,10,2025-12-20 16:55:58.878 +0900,true
134,0,10,2025-12-20 16:55:58.886 +0900,true
135,0,10,2025-12-20 16:55:58.893 +0900,true
136,0,10,2025-12-20 16:55:58.900 +0900,true
137,0,10,2025-12-20 16:55:58.910 +0900,true
138,0,10,2025-12-20 16:55:58.916 +0900,true
139,0,10,2025-12-20 16:55:58.921 +0900,true
140,0,10,2025-12-20 16:55:58.927 +0900,true
141,0,10,2025-12-20 16:55:58.933 +0900,true
142,0,10,2025-12-20 16:55:58.938 +0900,true
143,0,10,2025-12-20 16:55:58.944 +0900,true
144,0,10,2025-12-20 16:55:58.950 +0900,true
145,0,10,2025-12-20 16:55:58.956 +0900,true
146,0,10,2025-12-20 16:55:58.963 +0900,true
147,0,10,2025-12-20 16:55:58.969 +0900,true
148,0,10,2025-12-20 16:55:58.975 +0900,true
149,0,10,2025-12-20 16:55:58.980 +0900,true
150,0,10,2025-12-20 16:55:58.986 +0900,true
151,0,10,2025-12-20 16:55:58.991 +0900,true
152,0,10,2025-12-20 16:55:58.997 +0900,true
153,0,10,2025-12-20 16:55:59.002 +0900,true
154,0,10,2025-12-20 16:55:59.008 +0900,true
155,0,10,2025-12-20 16:55:59.014 +0900,true
156,0,10,2025-12-20 16:55:59.020 +0900,true
157,0,10,2025-12-20 16:55:59.026 +0900,true
158,0,10,2025-12-20 16:55:59.031 +0900,true
159,0,10,2025-12-20 16:55:59.037 +0900,true
160,0,10,2025-12-20 16:55:59.043 +0900,true
161,0,10,2025-12-20 16:55:59.048 +0900,true
162,0,10,2025-12-20 16:55:59.054 +0900,true
163,0,10,2025-12-20 16:55:59.060 +0900,true
164,0,10,2025-12-20 16:55:59.065 +0900,true
165,0,10,2025-12-20 16:55:59.071 +0900,true
166,0,10,2025-12-20 16:55:59.077 +0900,true
167,0,10,2025-12-20 16:55:59.084 +0900,true
168,0,10,2025-12-20 16:55:59.090 +0900,true
169,0,10,2025-12-20 16:55:59.096 +0900,true
170,0,10,2025-12-20 16:55:59.102 +0900,true
171,0,10,2025-12-20 16:55:59.109 +0900,true
172,0,10,2025-12-20 16:55:59.114 +0900,true
173,0,10,2025-12-20 16:55:59.121 +0900,true
174,0,10,2025-12-20 16:55:59.126 +0900,true
175,0,10,2025-12-20 16:55:59.132 +0900,true
176,0,10,2025-12-20 16:55:59.138 +0900,true
177,0,10,2025-12-20 16:55:59.143 +0900,true
178,0,10,2025-12-20 16:55:59.149 +0900,true
179,0,10,2025-12-20 16:55:59.155 +0900,true
180,0,10,2025-12-20 16:55:59.161 +0900,true
181,0,10,2025-12-20 16:55:59.167 +0900,true
182,0,10,2025-12-20 16:55:59.173 +0900,true
183,0,10,2025-12-20 16:55:59.178 +0900,true
184,0,10,2025-12-20 16:55:59.185 +0900,true
185,0,10,2025-12-20 16:55:59.190 +0900,true
186,0,10,2025-12-20 16:55:59.195 +0900,true
187,0,10,2025-12-20 16:55:59.201 +0900,true
188,0,10,2025-12-20 16:55:59.207 +0900,true
189,0,10,2025-12-20 16:55:59.212 +0900,true
190,0,10,2025-12-20 16:55:59.218 +0900,true
191,0,10,2025-12-20 16:55:59.224 +0900,true
192,0,10,2025-12-20 16:55:59.229 +0900,true
193,0,10,2025-12-20 16:55:59.235 +0900,true
194,0,10,2025-12-20 16:55:59.240 +0900,true
195,0,10,2025-12-20 16:55:59.245 +0900,true
196,0,10,2025-12-20 16:55:59.251 +0900,true
197,0,10,2025-12-20 16:55:59.257 +0900,true
198,0,10,2025-12-20 16:55:59.262 +0900,true
199,0,10,2025-12-20 16:55:59.267 +0900,true
200,0,10,2025-12-20 16:55:59.272 +0900,true
201,0,10,2025-12-20 16:55:59.278 +0900,true
202,0,10,2025-12-20 16:55:59.283 +0900,true
203,0,10,2025-12-20 16:55:59.288 +0900,true
204,0,10,2025-12-20 16:55:59.293 +0900,true
205,0,10,2025-12-20 16:55:59.298 +0900,true
206,0,10,2025-12-20 16:55:59.303 +0900,true
207,0,10,2025-12-20 16:55:59.309 +0900,true
208,0,10,2025-12-20 16:55:59.315 +0900,true
209,0,10,2025-12-20 16:55:59.321 +0900,true
210,0,10,2025-12-20 16:55:59.326 +0900,true
211,0,10,2025-12-20 16:55:59.331 +0900,true
212,0,10,2025-12-20 16:55:59.337 +0900,true
213,0,10,2025-12-20 16:55:59.344 +0900,true
214,0,10,2025-12-20 16:55:59.350 +0900,true
215,0,10,2025-12-20 16:55:59.356 +0900,true
216,0,10,2025-12-20 16:55:59.361 +0900,true
217,0,10,2025-12-20 16:55:59.368 +0900,true
218,0,10,2025-12-20 16:55:59.374 +0900,true
219,0,10,2025-12-20 16:55:59.380 +0900,true
220,0,10,2025-12-20 16:55:59.386 +0900,true
221,0,10,2025-12-20 16:55:59.392 +0900,true
222,0,10,2025-12-20 16:55:59.398 +0900,true
223,0,10,2025-12-20 16:55:59.404 +0900,true
224,0,10,2025-12-20 16:55:59.410 +0900,true
225,0,10,2025-12-20 16:55:59.416 +0900,true
226,0,10,2025-12-20 16:55:59.421 +0900,true
227,0,10,2025-12-20 16:55:59.426 +0900,true
228,0,10,2025-12-20 16:55:59.432 +0900,true
229,0,10,2025-12-20 16:55:59.438 +0900,true
230,0,10,2025-12-20 16:55:59.443 +0900,true
231,0,10,2025-12-20 16:55:59.449 +0900,true
232,0,10,2025-12-20 16:55:59.454 +0900,true
233,0,10,2025-12-20 16:55:59.459 +0900,true
234,0,10,2025-12-20 16:55:59.465 +0900,true
235,0,10,2025-12-20 16:55:59.470 +0900,true
236,0,10,2025-12-20 16:55:59.477 +0900,true
237,0,10,2025-12-20 16:55:59.482 +0900,true
238,0,10,2025-12-20 16:55:59.488 +0900,true
239,0,10,2025-12-20 16:55:59.493 +0900,true
240,0,10,2025-12-20 16:55:59.499 +0900,true
241,0,10,2025-12-20 16:55:59.504 +0900,true
242,0,10,2025-12-20 16:55:59.509 +0900,true
243,0,10,2025-12-20 16:55:59.514 +0900,true
244,0,10,2025-12-20 16:55:59.519 +0900,true
245,0,10,2025-12-20 16:55:59.525 +0900,true
246,0,10,2025-12-20 16:55:59.530 +0900,true
247,0,10,2025-12-20 16:55:59.535 +0900,true
248,0,10,2025-12-20 16:55:59.541 +0900,true
249,0,10,2025-12-20 16:55:59.546 +0900,true
250,0,10,2025-12-20 16:55:59.551 +0900,true
251,0,10,2025-12-20 16:55:59.557 +0900,true
252,0,10,2025-12-20 16:55:59.562 +0900,true
253,0,10,2025-12-20 16:55:59.568 +0900,true
254,0,10,2025-12-20 16:55:59.573 +0900,true
255,0,10,2025-12-20 16:55:59.579 +0900,true
256,0,10,2025-12-20 16:55:59.585 +0900,true
257,0,10,2025-12-20 16:55:59.590 +0900,true
258,0,10,2025-12-20 16:55:59.595 +0900,true
259,0,10,2025-12-20 16:55:59.601 +0900,true
260,0,10,2025-12-20 16:55:59.606 +0900,true
261,0,10,2025-12-20 16:55:59.611 +0900,true
262,0,10,2025-12-20 16:55:59.616 +0900,true
263,0,10,2025-12-20 16:55:59.621 +0900,true
264,0,10,2025-12-20 16:55:59.627 +0900,true
265,0,10,2025-12-20 16:55:59.632 +0900,true
266,0,10,2025-12-20 16:55:59.637 +0900,true
267,0,10,2025-12-20 16:55:59.643 +0900,true
268,0,10,2025-12-20 16:55:59.648 +0900,true
269,0,10,2025-12-20 16:55:59.653 +0900,true
270,0,10,2025-12-20 16:55:59.659 +0900,true
271,0,10,2025-12-20 16:55:59.664 +0900,true
272,0,10,2025-12-20 16:55:59.669 +0900,true
273,0,10,2025-12-20 16:55:59.675 +0900,true
274,0,10,2025-12-20 16:55:59.680 +0900,true
275,0,10,2025-12-20 16:55:59.685 +0900,true
276,0,10,2025-12-20 16:55:59.691 +0900,true
277,0,10,2025-12-20 16:55:59.696 +0900,true
278,0,10,2025-12-20 16:55:59.702 +0900,true
279,0,10,2025-12-20 16:55:59.708 +0900,true
280,0,10,2025-12-20 16:55:59.714 +0900,true
281,0,10,2025-12-20 16:55:59.719 +0900,true
282,0,10,2025-12-20 16:55:59.724 +0900,true
283,0,10,2025-12-20 16:55:59.729 +0900,true
284,0,10,2025-12-20 16:55:59.735 +0900,true
285,0,10,2025-12-20 16:55:59.740 +0900,true
286,0,10,2025-12-20 16:55:59.745 +0900,true
287,0,10,2025-12-20 16:55:59.750 +0900,true
288,0,10,2025-12-20 16:55:59.756 +0900,true
289,0,10,2025-12-20 16:55:59.761 +0900,true
290,0,10,2025-12-20 16:55:59.766 +0900,true
291,0,10,2025-12-20 16:55:59.772 +0900,true
292,0,10,2025-12-20 16:55:59.777 +0900,true
293,0,10,2025-12-20 16:55:59.782 +0900,true
294,0,10,2025-12-20 16:55:59.788 +0900,true
295,0,10,2025-12-20 16:55:59.793 +0900,true
296,0,10,2025-12-20 16:55:59.798 +0900,true
297,0,10,2025-12-20 16:55:59.804 +0900,true
298,0,10,2025-12-20 16:55:59.809 +0900,true
299,0,10,2025-12-20 16:55:59.814 +0900,true
300,0,10,2025-12-20 16:55:59.819 +0900,true
301,0,10,2025-12-20 16:55:59.825 +0900,true
302,0,10,2025-12-20 16:55:59.830 +0900,true
303,0,10,2025-12-20 16:55:59.835 +0900,true
304,0,10,2025-12-20 16:55:59.841 +0900,true
305,0,10,2025-12-20 16:55:59.847 +0900,true
306,0,10,2025-12-20 16:55:59.853 +0900,true
307,0,10,2025-12-20 16:55:59.858 +0900,true
308,0,10,2025-12-20 16:55:59.863 +0900,true
309,0,10,2025-12-20 16:55:59.868 +0900,true
310,0,10,2025-12-20 16:55:59.874 +0900,true
311,0,10,2025-12-20 16:55:59.880 +0900,true
312,0,10,2025-12-20 16:55:59.885 +0900,true
313,0,10,2025-12-20 16:55:59.891 +0900,true
314,0,10,2025-12-20 16:55:59.896 +0900,true
315,0,10,2025-12-20 16:55:59.902 +0900,true
316,0,10,2025-12-20 16:55:59.907 +0900,true
317,0,10,2025-12-20 16:55:59.912 +0900,true
318,0,10,2025-12-20 16:55:59.917 +0900,true
319,0,10,2025-12-20 16:55:59.923 +0900,true
320,0,10,2025-12-20 16:55:59.928 +0900,true
321,0,10,2025-12-20 16:55:59.934 +0900,true
322,0,10,2025-12-20 16:55:59.939 +0900,true
323,0,10,2025-12-20 16:55:59.944 +0900,true
324,0,10,2025-12-20 16:55:59.950 +0900,true
325,0,10,2025-12-20 16:55:59.955 +0900,true
326,0,10,2025-12-20 16:55:59.960 +0900,true
327,0,10,2025-12-20 16:55:59.966 +0900,true
328,0,10,2025-12-20 16:55:59.971 +0900,true
329,0,10,2025-12-20 16:55:59.976 +0900,true
330,0,10,2025-12-20 16:55:59.981 +0900,true
331,0,10,2025-12-20 16:55:59.986 +0900,true
332,0,10,2025-12-20 16:55:59.992 +0900,true
333,0,10,2025-12-20 16:55:59.997 +0900,true
334,0,10,2025-12-20 16:56:00.003 +0900,true
335,0,10,2025-12-20 16:56:00.008 +0900,true
336,0,10,2025-12-20 16:56:00.014 +0900,true
337,0,10,2025-12-20 16:56:00.019 +0900,true
338,0,10,2025-12-20 16:56:00.024 +0900,true
339,0,10,2025-12-20 16:56:00.030 +0900,true
340,0,10,2025-12-20 16:56:00.035 +0900,true
341,0,10,2025-12-20 16:56:00.040 +0900,true
342,0,10,2025-12-20 16:56:00.046 +0900,true
343,0,10,2025-12-20 16:56:00.052 +0900,true
344,0,10,2025-12-20 16:56:00.057 +0900,true
345,0,10,2025-12-20 16:56:00.062 +0900,true
346,0,10,2025-12-20 16:56:00.068 +0900,true
347,0,10,2025-12-20 16:56:00.073 +0900,true
348,0,10,2025-12-20 16:56:00.079 +0900,true
349,0,10,2025-12-20 16:56:00.085 +0900,true
350,0,10,2025-12-20 16:56:00.090 +0900,true
351,0,10,2025-12-20 16:56:00.096 +0900,true
352,0,10,2025-12-20 16:56:00.101 +0900,true
353,0,10,2025-12-20 16:56:00.107 +0900,true
354,0,10,2025-12-20 16:56:00.113 +0900,true
355,0,10,2025-12-20 16:56:00.118 +0900,true
356,0,10,2025-12-20 16:56:00.124 +0900,true
357,0,10,2025-12-20 16:56:00.129 +0900,true
358,0,10,2025-12-20 16:56:00.135 +0900,true
359,0,10,2025-12-20 16:56:00.140 +0900,true
360,0,10,2025-12-20 16:56:00.145 +0900,true
361,0,10,2025-12-20 16:56:00.151 +0900,true
362,0,10,2025-12-20 16:56:00.156 +0900,true
363,0,10,2025-12-20 16:56:00.162 +0900,true
364,0,10,2025-12-20 16:56:00.167 +0900,true
365,0,10,2025-12-20 16:56:00.172 +0900,true
366,0,10,2025-12-20 16:56:00.177 +0900,true
367,0,10,2025-12-20 16:56:00.183 +0900,true
368,0,10,2025-12-20 16:56:00.188 +0900,true
369,0,10,2025-12-20 16:56:00.194 +0900,true
370,0,10,2025-12-20 16:56:00.199 +0900,true
371,0,10,2025-12-20 16:56:00.205 +0900,true
372,0,10,2025-12-20 16:56:00.211 +0900,true
373,0,10,2025-12-20 16:56:00.216 +0900,true
374,0,10,2025-12-20 16:56:00.222 +0900,true
375,0,10,2025-12-20 16:56:00.227 +0900,true
376,0,10,2025-12-20 16:56:00.233 +0900,true
377,0,10,2025-12-20 16:56:00.239 +0900,true
378,0,10,2025-12-20 16:56:00.244 +0900,true
379,0,10,2025-12-20 16:56:00.250 +0900,true
380,0,10,2025-12-20 16:56:00.256 +0900,true
381,0,10,2025-12-20 16:56:00.261 +0900,true
382,0,10,2025-12-20 16:56:00.267 +0900,true
383,0,10,2025-12-20 16:56:00.273 +0900,true
384,0,10,2025-12-20 16:56:00.279 +0900,true
385,0,10,2025-12-20 16:56:00.285 +0900,true
386,0,10,2025-12-20 16:56:00.292 +0900,true
387,0,10,2025-12-20 16:56:00.298 +0900,true
388,0,10,2025-12-20 16:56:00.305 +0900,true
389,0,10,2025-12-20 16:56:00.311 +0900,true
390,0,10,2025-12-20 16:56:00.319 +0900,true
391,0,10,2025-12-20 16:56:00.325 +0900,true
392,0,10,2025-12-20 16:56:00.331 +0900,true
393,0,10,2025-12-20 16:56:00.338 +0900,true
394,0,10,2025-12-20 16:56:00.344 +0900,true
395,0,10,2025-12-20 16:56:00.350 +0900,true
396,0,10,2025-12-20 16:56:00.357 +0900,true
397,0,10,2025-12-20 16:56:00.363 +0900,true
398,0,10,2025-12-20 16:56:00.370 +0900,true
399,0,10,2025-12-20 16:56:00.376 +0900,true
400,0,10,2025-12-20 16:56:00.381 +0900,true
401,0,10,2025-12-20 16:56:00.387 +0900,true
402,0,10,2025-12-20 16:56:00.394 +0900,true
403,0,10,2025-12-20 16:56:00.400 +0900,true
404,0,10,2025-12-20 16:56:00.406 +0900,true
405,0,10,2025-12-20 16:56:00.412 +0900,true
406,0,10,2025-12-20 16:56:00.417 +0900,true
407,0,10,2025-12-20 16:56:00.424 +0900,true
408,0,10,2025-12-20 16:56:00.430 +0900,true
409,0,10,2025-12-20 16:56:00.436 +0900,true
410,0,10,2025-12-20 16:56:00.442 +0900,true
411,0,10,2025-12-20 16:56:00.449 +0900,true
412,0,10,2025-12-20 16:56:00.455 +0900,true
413,0,10,2025-12-20 16:56:00.461 +0900,true
414,0,10,2025-12-20 16:56:00.468 +0900,true
415,0,10,2025-12-20 16:56:00.473 +0900,true
416,0,10,2025-12-20 16:56:00.480 +0900,true
417,0,10,2025-12-20 16:56:00.487 +0900,true
418,0,10,2025-12-20 16:56:00.493 +0900,true
419,0,10,2025-12-20 16:56:00.498 +0900,true
420,0,10,2025-12-20 16:56:00.505 +0900,true
421,0,10,2025-12-20 16:56:00.511 +0900,true
422,0,10,2025-12-20 16:56:00.517 +0900,true
423,0,10,2025-12-20 16:56:00.523 +0900,true
424,0,10,2025-12-20 16:56:00.529 +0900,true
425,0,10,2025-12-20 16:56:00.536 +0900,true
426,0,10,2025-12-20 16:56:00.542 +0900,true
427,0,10,2025-12-20 16:56:00.550 +0900,true
428,0,10,2025-12-20 16:56:00.556 +0900,true
429,0,10,2025-12-20 16:56:00.563 +0900,true
430,0,10,2025-12-20 16:56:00.569 +0900,true
431,0,10,2025-12-20 16:56:00.576 +0900,true
432,0,10,2025-12-20 16:56:00.582 +0900,true
433,0,10,2025-12-20 16:56:00.588 +0900,true
434,0,10,2025-12-20 16:56:00.594 +0900,true
435,0,10,2025-12-20 16:56:00.600 +0900,true
436,0,10,2025-12-20 16:56:00.605 +0900,true
437,0,10,2025-12-20 16:56:00.612 +0900,true
438,0,10,2025-12-20 16:56:00.617 +0900,true
439,0,10,2025-12-20 16:56:00.624 +0900,true
440,0,10,2025-12-20 16:56:00.630 +0900,true
441,0,10,2025-12-20 16:56:00.636 +0900,true
442,0,10,2025-12-20 16:56:00.641 +0900,true
443,0,10,2025-12-20 16:56:00.647 +0900,true
444,0,10,2025-12-20 16:56:00.653 +0900,true
445,0,10,2025-12-20 16:56:00.659 +0900,true
446,0,10,2025-12-20 16:56:00.668 +0900,true
447,0,10,2025-12-20 16:56:00.677 +0900,true
448,0,10,2025-12-20 16:56:00.685 +0900,true
449,0,10,2025-12-20 16:56:00.692 +0900,true
450,0,10,2025-12-20 16:56:00.701 +0900,true
451,0,10,2025-12-20 16:56:00.710 +0900,true
452,0,10,2025-12-20 16:56:00.717 +0900,true
453,0,10,2025-12-20 16:56:00.722 +0900,true
454,0,10,2025-12-20 16:56:00.728 +0900,true
455,0,10,2025-12-20 16:56:00.734 +0900,true
456,0,10,2025-12-20 16:56:00.740 +0900,true
457,0,10,2025-12-20 16:56:00.746 +0900,true
458,0,10,2025-12-20 16:56:00.752 +0900,true
459,0,10,2025-12-20 16:56:00.758 +0900,true
460,0,10,2025-12-20 16:56:00.764 +0900,true
461,0,10,2025-12-20 16:56:00.769 +0900,true
462,0,10,2025-12-20 16:56:00.775 +0900,true
463,0,10,2025-12-20 16:56:00.781 +0900,true
464,0,10,2025-12-20 16:56:00.788 +0900,true
465,0,10,2025-12-20 16:56:00.794 +0900,true
466,0,10,2025-12-20 16:56:00.800 +0900,true
467,0,10,2025-12-20 16:56:00.806 +0900,true
468,0,10,2025-12-20 16:56:00.811 +0900,true
469,0,10,2025-12-20 16:56:00.817 +0900,true
470,0,10,2025-12-20 16:56:00.823 +0900,true
471,0,10,2025-12-20 16:56:00.828 +0900,true
472,0,10,2025-12-20 16:56:00.834 +0900,true
473,0,10,2025-12-20 16:56:00.841 +0900,true
474,0,10,2025-12-20 16:56:00.847 +0900,true
475,0,10,2025-12-20 16:56:00.853 +0900,true
476,0,10,2025-12-20 16:56:00.859 +0900,true
477,0,10,2025-12-20 16:56:00.865 +0900,true
478,0,10,2025-12-20 16:56:00.870 +0900,true
479,0,10,2025-12-20 16:56:00.876 +0900,true
480,0,10,2025-12-20 16:56:00.881 +0900,true
481,0,10,2025-12-20 16:56:00.887 +0900,true
482,0,10,2025-12-20 16:56:00.893 +0900,true
483,0,10,2025-12-20 16:56:00.899 +0900,true
484,0,10,2025-12-20 16:56:00.905 +0900,true
485,0,10,2025-12-20 16:56:00.911 +0900,true
486,0,10,2025-12-20 16:56:00.917 +0900,true
487,0,10,2025-12-20 16:56:00.923 +0900,true
488,0,10,2025-12-20 16:56:00.928 +0900,true
489,0,10,2025-12-20 16:56:00.935 +0900,true
490,0,10,2025-12-20 16:56:00.941 +0900,true
491,0,10,2025-12-20 16:56:00.948 +0900,true
492,0,10,2025-12-20 16:56:00.953 +0900,true
493,0,10,2025-12-20 16:56:00.959 +0900,true
494,0,10,2025-12-20 16:56:00.965 +0900,true
495,0,10,2025-12-20 16:56:00.972 +0900,true
496,0,10,2025-12-20 16:56:00.978 +0900,true
497,0,10,2025-12-20 16:56:00.985 +0900,true
498,0,10,2025-12-20 16:56:00.992 +0900,true
499,0,10,2025-12-20 16:56:00.998 +0900,true
500,0,10,2025-12-20 16:56:01.005 +0900,true
501,0,10,2025-12-20 16:56:01.011 +0900,true
502,0,10,2025-12-20 16:56:01.017 +0900,true
503,0,10,2025-12-20 16:56:01.023 +0900,true
504,0,10,2025-12-20 16:56:01.029 +0900,true
505,0,10,2025-12-20 16:56:01.035 +0900,true
506,0,10,2025-12-20 16:56:01.041 +0900,true
507,0,10,2025-12-20 16:56:01.047 +0900,true
508,0,10,2025-12-20 16:56:01.053 +0900,true
509,0,10,2025-12-20 16:56:01.059 +0900,true
510,0,10,2025-12-20 16:56:01.064 +0900,true
511,0,10,2025-12-20 16:56:01.071 +0900,true
512,0,10,2025-12-20 16:56:01.077 +0900,true
513,0,10,2025-12-20 16:56:01.082 +0900,true
514,0,10,2025-12-20 16:56:01.089 +0900,true
515,0,10,2025-12-20 16:56:01.094 +0900,true
516,0,10,2025-12-20 16:56:01.100 +0900,true
517,0,10,2025-12-20 16:56:01.107 +0900,true
518,0,10,2025-12-20 16:56:01.113 +0900,true
519,0,10,2025-12-20 16:56:01.119 +0900,true
520,0,10,2025-12-20 16:56:01.125 +0900,true
521,0,10,2025-12-20 16:56:01.131 +0900,true
522,0,10,2025-12-20 16:56:01.137 +0900,true
523,0,10,2025-12-20 16:56:01.144 +0900,true
524,0,10,2025-12-20 16:56:01.150 +0900,true
525,0,10,2025-12-20 16:56:01.156 +0900,true
526,0,10,2025-12-20 16:56:01.162 +0900,true
527,0,10,2025-12-20 16:56:01.169 +0900,true
528,0,10,2025-12-20 16:56:01.176 +0900,true
529,0,10,2025-12-20 16:56:01.182 +0900,true
530,0,10,2025-12-20 16:56:01.188 +0900,true
531,0,10,2025-12-20 16:56:01.194 +0900,true
532,0,10,2025-12-20 16:56:01.200 +0900,true
533,0,10,2025-12-20 16:56:01.207 +0900,true
534,0,10,2025-12-20 16:56:01.213 +0900,true
535,0,10,2025-12-20 16:56:01.219 +0900,true
536,0,10,2025-12-20 16:56:01.224 +0900,true
537,0,10,2025-12-20 16:56:01.230 +0900,true
538,0,10,2025-12-20 16:56:01.235 +0900,true
539,0,10,2025-12-20 16:56:01.240 +0900,true
540,0,10,2025-12-20 16:56:01.246 +0900,true
541,0,10,2025-12-20 16:56:01.252 +0900,true
542,0,10,2025-12-20 16:56:01.258 +0900,true
543,0,10,2025-12-20 16:56:01.263 +0900,true
544,0,10,2025-12-20 16:56:01.269 +0900,true
545,0,10,2025-12-20 16:56:01.275 +0900,true
546,0,10,2025-12-20 16:56:01.281 +0900,true
547,0,10,2025-12-20 16:56:01.287 +0900,true
548,0,10,2025-12-20 16:56:01.293 +0900,true
549,0,10,2025-12-20 16:56:01.299 +0900,true
550,0,10,2025-12-20 16:56:01.305 +0900,true
551,0,10,2025-12-20 16:56:01.312 +0900,true
552,0,10,2025-12-20 16:56:01.317 +0900,true
553,0,10,2025-12-20 16:56:01.323 +0900,true
554,0,10,2025-12-20 16:56:01.329 +0900,true
555,0,10,2025-12-20 16:56:01.334 +0900,true
556,0,10,2025-12-20 16:56:01.340 +0900,true
557,0,10,2025-12-20 16:56:01.346 +0900,true
558,0,10,2025-12-20 16:56:01.352 +0900,true
559,0,10,2025-12-20 16:56:01.357 +0900,true
560,0,10,2025-12-20 16:56:01.363 +0900,true
561,0,10,2025-12-20 16:56:01.368 +0900,true
562,0,10,2025-12-20 16:56:01.374 +0900,true
563,0,10,2025-12-20 16:56:01.379 +0900,true
564,0,10,2025-12-20 16:56:01.384 +0900,true
565,0,10,2025-12-20 16:56:01.391 +0900,true
566,0,10,2025-12-20 16:56:01.396 +0900,true
567,0,10,2025-12-20 16:56:01.402 +0900,true
568,0,10,2025-12-20 16:56:01.407 +0900,true
569,0,10,2025-12-20 16:56:01.412 +0900,true
570,0,10,2025-12-20 16:56:01.418 +0900,true
571,0,10,2025-12-20 16:56:01.423 +0900,true
572,0,10,2025-12-20 16:56:01.428 +0900,true
573,0,10,2025-12-20 16:56:01.433 +0900,true
574,0,10,2025-12-20 16:56:01.438 +0900,true
575,0,10,2025-12-20 16:56:01.444 +0900,true
576,0,10,2025-12-20 16:56:01.450 +0900,true
577,0,10,2025-12-20 16:56:01.455 +0900,true
578,0,10,2025-12-20 16:56:01.460 +0900,true
579,0,10,2025-12-20 16:56:01.466 +0900,true
580,0,10,2025-12-20 16:56:01.473 +0900,true
581,0,10,2025-12-20 16:56:01.479 +0900,true
582,0,10,2025-12-20 16:56:01.484 +0900,true
583,0,10,2025-12-20 16:56:01.491 +0900,true
584,0,10,2025-12-20 16:56:01.497 +0900,true
585,0,10,2025-12-20 16:56:01.504 +0900,true
586,0,10,2025-12-20 16:56:01.511 +0900,true
587,0,10,2025-12-20 16:56:01.517 +0900,true
588,0,10,2025-12-20 16:56:01.524 +0900,true
589,0,10,2025-12-20 16:56:01.530 +0900,true
590,0,10,2025-12-20 16:56:01.536 +0900,true
591,0,10,2025-12-20 16:56:01.541 +0900,true
592,0,10,2025-12-20 16:56:01.547 +0900,true
593,0,10,2025-12-20 16:56:01.553 +0900,true
594,0,10,2025-12-20 16:56:01.559 +0900,true
595,0,10,2025-12-20 16:56:01.565 +0900,true
596,0,10,2025-12-20 16:56:01.572 +0900,true
597,0,10,2025-12-20 16:56:01.578 +0900,true
598,0,10,2025-12-20 16:56:01.584 +0900,true
599,0,10,2025-12-20 16:56:01.590 +0900,true
600,0,10,2025-12-20 16:56:01.596 +0900,true
601,0,10,2025-12-20 16:56:01.603 +0900,true
602,0,10,2025-12-20 16:56:01.609 +0900,true
603,0,10,2025-12-20 16:56:01.615 +0900,true
604,0,10,2025-12-20 16:56:01.621 +0900,true
605,0,10,2025-12-20 16:56:01.627 +0900,true
606,0,10,2025-12-20 16:56:01.632 +0900,true
607,0,10,2025-12-20 16:56:01.638 +0900,true
608,0,10,2025-12-20 16:56:01.644 +0900,true
609,0,10,2025-12-20 16:56:01.649 +0900,true
610,0,10,2025-12-20 16:56:01.655 +0900,true
611,0,10,2025-12-20 16:56:01.660 +0900,true
612,0,10,2025-12-20 16:56:01.667 +0900,true
613,0,10,2025-12-20 16:56:01.673 +0900,true
614,0,10,2025-12-20 16:56:01.678 +0900,true
615,0,10,2025-12-20 16:56:01.684 +0900,true
616,0,10,2025-12-20 16:56:01.691 +0900,true
617,0,10,2025-12-20 16:56:01.696 +0900,true
618,0,10,2025-12-20 16:56:01.702 +0900,true
619,0,10,2025-12-20 16:56:01.708 +0900,true
620,0,10,2025-12-20 16:56:01.714 +0900,true
621,0,10,2025-12-20 16:56:01.720 +0900,true
622,0,10,2025-12-20 16:56:01.726 +0900,true
623,0,10,2025-12-20 16:56:01.732 +0900,true
624,0,10,2025-12-20 16:56:01.738 +0900,true
625,0,10,2025-12-20 16:56:01.744 +0900,true
626,0,10,2025-12-20 16:56:01.750 +0900,true
627,0,10,2025-12-20 16:56:01.756 +0900,true
628,0,10,2025-12-20 16:56:01.761 +0900,true
629,0,10,2025-12-20 16:56:01.768 +0900,true
630,0,10,2025-12-20 16:56:01.774 +0900,true
631,0,10,2025-12-20 16:56:01.780 +0900,true
632,0,10,2025-12-20 16:56:01.786 +0900,true
633,0,10,2025-12-20 16:56:01.792 +0900,true
634,0,10,2025-12-20 16:56:01.798 +0900,true
635,0,10,2025-12-20 16:56:01.805 +0900,true
636,0,10,2025-12-20 16:56:01.811 +0900,true
637,0,10,2025-12-20 16:56:01.817 +0900,true
638,0,10,2025-12-20 16:56:01.822 +0900,true
639,0,10,2025-12-20 16:56:01.827 +0900,true
640,0,10,2025-12-20 16:56:01.833 +0900,true
641,0,10,2025-12-20 16:56:01.839 +0900,true
642,0,10,2025-12-20 16:56:01.844 +0900,true
643,0,10,2025-12-20 16:56:01.851 +0900,true
644,0,10,2025-12-20 16:56:01.856 +0900,true
645,0,10,2025-12-20 16:56:01.861 +0900,true
646,0,10,2025-12-20 16:56:01.867 +0900,true
647,0,10,2025-12-20 16:56:01.872 +0900,true
648,0,10,2025-12-20 16:56:01.877 +0900,true
649,0,10,2025-12-20 16:56:01.884 +0900,true
650,0,10,2025-12-20 16:56:01.889 +0900,true
651,0,10,2025-12-20 16:56:01.895 +0900,true
652,0,10,2025-12-20 16:56:01.901 +0900,true
653,0,10,2025-12-20 16:56:01.906 +0900,true
654,0,10,2025-12-20 16:56:01.912 +0900,true
655,0,10,2025-12-20 16:56:01.918 +0900,true
656,0,10,2025-12-20 16:56:01.923 +0900,true
657,0,10,2025-12-20 16:56:01.928 +0900,true
658,0,10,2025-12-20 16:56:01.933 +0900,true
659,0,10,2025-12-20 16:56:01.939 +0900,true
660,0,10,2025-12-20 16:56:01.944 +0900,true
661,0,10,2025-12-20 16:56:01.950 +0900,true
662,0,10,2025-12-20 16:56:01.955 +0900,true
663,0,10,2025-12-20 16:56:01.961 +0900,true
664,0,10,2025-12-20 16:56:01.966 +0900,true
665,0,10,2025-12-20 16:56:01.972 +0900,true
666,0,10,2025-12-20 16:56:01.977 +0900,true
667,0,10,2025-12-20 16:56:01.982 +0900,true
668,0,10,2025-12-20 16:56:01.988 +0900,true
669,0,10,2025-12-20 16:56:01.994 +0900,true
670,0,10,2025-12-20 16:56:01.999 +0900,true
671,0,10,2025-12-20 16:56:02.005 +0900,true
672,0,10,2025-12-20 16:56:02.011 +0900,true
673,0,10,2025-12-20 16:56:02.016 +0900,true
674,0,10,2025-12-20 16:56:02.022 +0900,true
675,0,10,2025-12-20 16:56:02.028 +0900,true
676,0,10,2025-12-20 16:56:02.033 +0900,true
677,0,10,2025-12-20 16:56:02.039 +0900,true
678,0,10,2025-12-20 16:56:02.045 +0900,true
679,0,10,2025-12-20 16:56:02.050 +0900,true
680,0,10,2025-12-20 16:56:02.055 +0900,true
681,0,10,2025-12-20 16:56:02.061 +0900,true
682,0,10,2025-12-20 16:56:02.066 +0900,true
683,0,10,2025-12-20 16:56:02.072 +0900,true
684,0,10,2025-12-20 16:56:02.078 +0900,true
685,0,10,2025-12-20 16:56:02.083 +0900,true
686,0,10,2025-12-20 16:56:02.089 +0900,true
687,0,10,2025-12-20 16:56:02.094 +0900,true
688,0,10,2025-12-20 16:56:02.100 +0900,true
689,0,10,2025-12-20 16:56:02.106 +0900,true
690,0,10,2025-12-20 16:56:02.112 +0900,true
691,0,10,2025-12-20 16:56:02.118 +0900,true
692,0,10,2025-12-20 16:56:02.123 +0900,true
693,0,10,2025-12-20 16:56:02.129 +0900,true
694,0,10,2025-12-20 16:56:02.135 +0900,true
695,0,10,2025-12-20 16:56:02.141 +0900,true
696,0,10,2025-12-20 16:56:02.147 +0900,true
697,0,10,2025-12-20 16:56:02.153 +0900,true
698,0,10,2025-12-20 16:56:02.159 +0900,true
699,0,10,2025-12-20 16:56:02.164 +0900,true
700,0,10,2025-12-20 16:56:02.170 +0900,true
701,0,10,2025-12-20 16:56:02.176 +0900,true
702,0,10,2025-12-20 16:56:02.183 +0900,true
703,0,10,2025-12-20 16:56:02.189 +0900,true
704,0,10,2025-12-20 16:56:02.195 +0900,true
705,0,10,2025-12-20 16:56:02.201 +0900,true
706,0,10,2025-12-20 16:56:02.207 +0900,true
707,0,10,2025-12-20 16:56:02.213 +0900,true
708,0,10,2025-12-20 16:56:02.219 +0900,true
709,0,10,2025-12-20 16:56:02.225 +0900,true
710,0,10,2025-12-20 16:56:02.231 +0900,true
711,0,10,2025-12-20 16:56:02.236 +0900,true
712,0,10,2025-12-20 16:56:02.242 +0900,true
713,0,10,2025-12-20 16:56:02.248 +0900,true
714,0,10,2025-12-20 16:56:02.256 +0900,true
715,0,10,2025-12-20 16:56:02.261 +0900,true
716,0,10,2025-12-20 16:56:02.266 +0900,true
717,0,10,2025-12-20 16:56:02.272 +0900,true
718,0,10,2025-12-20 16:56:02.277 +0900,true
719,0,10,2025-12-20 16:56:02.283 +0900,true
720,0,10,2025-12-20 16:56:02.288 +0900,true
721,0,10,2025-12-20 16:56:02.294 +0900,true
722,0,10,2025-12-20 16:56:02.300 +0900,true
723,0,10,2025-12-20 16:56:02.305 +0900,true
724,0,10,2025-12-20 16:56:02.312 +0900,true
725,0,10,2025-12-20 16:56:02.317 +0900,true
726,0,10,2025-12-20 16:56:02.323 +0900,true
727,0,10,2025-12-20 16:56:02.328 +0900,true
728,0,10,2025-12-20 16:56:02.333 +0900,true
729,0,10,2025-12-20 16:56:02.340 +0900,true
730,0,10,2025-12-20 16:56:02.345 +0900,true
731,0,10,2025-12-20 16:56:02.352 +0900,true
732,0,10,2025-12-20 16:56:02.357 +0900,true
733,0,10,2025-12-20 16:56:02.363 +0900,true
734,0,10,2025-12-20 16:56:02.370 +0900,true
735,0,10,2025-12-20 16:56:02.376 +0900,true
736,0,10,2025-12-20 16:56:02.382 +0900,true
737,0,10,2025-12-20 16:56:02.387 +0900,true
738,0,10,2025-12-20 16:56:02.393 +0900,true
739,0,10,2025-12-20 16:56:02.398 +0900,true
740,0,10,2025-12-20 16:56:02.404 +0900,true
741,0,10,2025-12-20 16:56:02.409 +0900,true
742,0,10,2025-12-20 16:56:02.416 +0900,true
743,0,10,2025-12-20 16:56:02.421 +0900,true
744,0,10,2025-12-20 16:56:02.426 +0900,true
745,0,10,2025-12-20 16:56:02.432 +0900,true
746,0,10,2025-12-20 16:56:02.437 +0900,true
747,0,10,2025-12-20 16:56:02.443 +0900,true
748,0,10,2025-12-20 16:56:02.448 +0900,true
749,0,10,2025-12-20 16:56:02.453 +0900,true
750,0,10,2025-12-20 16:56:02.460 +0900,true
751,0,10,2025-12-20 16:56:02.465 +0900,true
752,0,10,2025-12-20 16:56:02.470 +0900,true
753,0,10,2025-12-20 16:56:02.477 +0900,true
754,0,10,2025-12-20 16:56:02.482 +0900,true
755,0,10,2025-12-20 16:56:02.488 +0900,true
756,0,10,2025-12-20 16:56:02.495 +0900,true
757,0,10,2025-12-20 16:56:02.500 +0900,true
758,0,10,2025-12-20 16:56:02.505 +0900,true
759,0,10,2025-12-20 16:56:02.512 +0900,true
760,0,10,2025-12-20 16:56:02.517 +0900,true
761,0,10,2025-12-20 16:56:02.523 +0900,true
762,0,10,2025-12-20 16:56:02.528 +0900,true
763,0,10,2025-12-20 16:56:02.535 +0900,true
764,0,10,2025-12-20 16:56:02.542 +0900,true
765,0,10,2025-12-20 16:56:02.547 +0900,true
766,0,10,2025-12-20 16:56:02.553 +0900,true
767,0,10,2025-12-20 16:56:02.558 +0900,true
768,0,10,2025-12-20 16:56:02.563 +0900,true
769,0,10,2025-12-20 16:56:02.569 +0900,true
770,0,10,2025-12-20 16:56:02.574 +0900,true
771,0,10,2025-12-20 16:56:02.579 +0900,true
772,0,10,2025-12-20 16:56:02.585 +0900,true
773,0,10,2025-12-20 16:56:02.590 +0900,true
774,0,10,2025-12-20 16:56:02.596 +0900,true
775,0,10,2025-12-20 16:56:02.601 +0900,true
776,0,10,2025-12-20 16:56:02.607 +0900,true
777,0,10,2025-12-20 16:56:02.612 +0900,true
778,0,10,2025-12-20 16:56:02.617 +0900,true
779,0,10,2025-12-20 16:56:02.624 +0900,true
780,0,10,2025-12-20 16:56:02.629 +0900,true
781,0,10,2025-12-20 16:56:02.634 +0900,true
782,0,10,2025-12-20 16:56:02.640 +0900,true
783,0,10,2025-12-20 16:56:02.645 +0900,true
784,0,10,2025-12-20 16:56:02.650 +0900,true
785,0,10,2025-12-20 16:56:02.656 +0900,true
786,0,10,2025-12-20 16:56:02.662 +0900,true
787,0,10,2025-12-20 16:56:02.668 +0900,true
788,0,10,2025-12-20 16:56:02.674 +0900,true
789,0,10,2025-12-20 16:56:02.679 +0900,true
790,0,10,2025-12-20 16:56:02.685 +0900,true
791,0,10,2025-12-20 16:56:02.691 +0900,true
792,0,10,2025-12-20 16:56:02.697 +0900,true
793,0,10,2025-12-20 16:56:02.702 +0900,true
794,0,10,2025-12-20 16:56:02.707 +0900,true
795,0,10,2025-12-20 16:56:02.714 +0900,true
796,0,10,2025-12-20 16:56:02.719 +0900,true
797,0,10,2025-12-20 16:56:02.724 +0900,true
798,0,10,2025-12-20 16:56:02.730 +0900,true
799,0,10,2025-12-20 16:56:02.735 +0900,true
800,0,10,2025-12-20 16:56:02.741 +0900,true
801,0,10,2025-12-20 16:56:02.746 +0900,true
802,0,10,2025-12-20 16:56:02.751 +0900,true
803,0,10,2025-12-20 16:56:02.757 +0900,true
804,0,10,2025-12-20 16:56:02.762 +0900,true
805,0,10,2025-12-20 16:56:02.768 +0900,true
806,0,10,2025-12-20 16:56:02.773 +0900,true
807,0,10,2025-12-20 16:56:02.778 +0900,true
808,0,10,2025-12-20 16:56:02.784 +0900,true
809,0,10,2025-12-20 16:56:02.789 +0900,true
810,0,10,2025-12-20 16:56:02.794 +0900,true
811,0,10,2025-12-20 16:56:02.800 +0900,true
812,0,10,2025-12-20 16:56:02.805 +0900,true
813,0,10,2025-12-20 16:56:02.810 +0900,true
814,0,10,2025-12-20 16:56:02.816 +0900,true
815,0,10,2025-12-20 16:56:02.822 +0900,true
816,0,10,2025-12-20 16:56:02.827 +0900,true
817,0,10,2025-12-20 16:56:02.833 +0900,true
818,0,10,2025-12-20 16:56:02.839 +0900,true
819,0,10,2025-12-20 16:56:02.844 +0900,true
820,0,10,2025-12-20 16:56:02.850 +0900,true
821,0,10,2025-12-20 16:56:02.855 +0900,true
822,0,10,2025-12-20 16:56:02.860 +0900,true
823,0,10,2025-12-20 16:56:02.866 +0900,true
824,0,10,2025-12-20 16:56:02.871 +0900,true
825,0,10,2025-12-20 16:56:02.877 +0900,true
826,0,10,2025-12-20 16:56:02.883 +0900,true
827,0,10,2025-12-20 16:56:02.888 +0900,true
828,0,10,2025-12-20 16:56:02.894 +0900,true
829,0,10,2025-12-20 16:56:02.899 +0900,true
830,0,10,2025-12-20 16:56:02.905 +0900,true
831,0,10,2025-12-20 16:56:02.911 +0900,true
832,0,10,2025-12-20 16:56:02.917 +0900,true
833,0,10,2025-12-20 16:56:02.923 +0900,true
834,0,10,2025-12-20 16:56:02.928 +0900,true
835,0,10,2025-12-20 16:56:02.935 +0900,true
836,0,10,2025-12-20 16:56:02.943 +0900,true
837,0,10,2025-12-20 16:56:02.949 +0900,true
838,0,10,2025-12-20 16:56:02.956 +0900,true
839,0,10,2025-12-20 16:56:02.964 +0900,true
840,0,10,2025-12-20 16:56:02.971 +0900,true
841,0,10,2025-12-20 16:56:02.978 +0900,true
842,0,10,2025-12-20 16:56:02.985 +0900,true
843,0,10,2025-12-20 16:56:02.992 +0900,true
844,0,10,2025-12-20 16:56:02.998 +0900,true
845,0,10,2025-12-20 16:56:03.004 +0900,true
846,0,10,2025-12-20 16:56:03.010 +0900,true
847,0,10,2025-12-20 16:56:03.016 +0900,true
848,0,10,2025-12-20 16:56:03.023 +0900,true
849,0,10,2025-12-20 16:56:03.030 +0900,true
850,0,10,2025-12-20 16:56:03.036 +0900,true
851,0,10,2025-12-20 16:56:03.043 +0900,true
852,0,10,2025-12-20 16:56:03.048 +0900,true
853,0,10,2025-12-20 16:56:03.054 +0900,true
854,0,10,2025-12-20 16:56:03.061 +0900,true
855,0,10,2025-12-20 16:56:03.067 +0900,true
856,0,10,2025-12-20 16:56:03.073 +0900,true
857,0,10,2025-12-20 16:56:03.080 +0900,true
858,0,10,2025-12-20 16:56:03.087 +0900,true
859,0,10,2025-12-20 16:56:03.094 +0900,true
860,0,10,2025-12-20 16:56:03.099 +0900,true
861,0,10,2025-12-20 16:56:03.106 +0900,true
862,0,10,2025-12-20 16:56:03.113 +0900,true
863,0,10,2025-12-20 16:56:03.119 +0900,true
864,0,10,2025-12-20 16:56:03.125 +0900,true
865,0,10,2025-12-20 16:56:03.131 +0900,true
866,0,10,2025-12-20 16:56:03.138 +0900,true
867,0,10,2025-12-20 16:56:03.145 +0900,true
868,0,10,2025-12-20 16:56:03.150 +0900,true
869,0,10,2025-12-20 16:56:03.156 +0900,true
870,0,10,2025-12-20 16:56:03.163 +0900,true
871,0,10,2025-12-20 16:56:03.170 +0900,true
872,0,10,2025-12-20 16:56:03.176 +0900,true
873,0,10,2025-12-20 16:56:03.183 +0900,true
874,0,10,2025-12-20 16:56:03.190 +0900,true
875,0,10,2025-12-20 16:56:03.195 +0900,true
876,0,10,2025-12-20 16:56:03.201 +0900,true
877,0,10,2025-12-20 16:56:03.207 +0900,true
878,0,10,2025-12-20 16:56:03.214 +0900,true
879,0,10,2025-12-20 16:56:03.221 +0900,true
880,0,10,2025-12-20 16:56:03.227 +0900,true
881,0,10,2025-12-20 16:56:03.233 +0900,true
882,0,10,2025-12-20 16:56:03.240 +0900,true
883,0,10,2025-12-20 16:56:03.246 +0900,true
884,0,10,2025-12-20 16:56:03.252 +0900,true
885,0,10,2025-12-20 16:56:03.257 +0900,true
886,0,10,2025-12-20 16:56:03.263 +0900,true
887,0,10,2025-12-20 16:56:03.270 +0900,true
888,0,10,2025-12-20 16:56:03.276 +0900,true
889,0,10,2025-12-20 16:56:03.282 +0900,true
890,0,10,2025-12-20 16:56:03.288 +0900,true
891,0,10,2025-12-20 16:56:03.294 +0900,true
892,0,10,2025-12-20 16:56:03.300 +0900,true
893,0,10,2025-12-20 16:56:03.307 +0900,true
894,0,10,2025-12-20 16:56:03.313 +0900,true
895,0,10,2025-12-20 16:56:03.319 +0900,true
896,0,10,2025-12-20 16:56:03.325 +0900,true
897,0,10,2025-12-20 16:56:03.330 +0900,true
898,0,10,2025-12-20 16:56:03.336 +0900,true
899,0,10,2025-12-20 16:56:03.341 +0900,true
900,0,10,2025-12-20 16:56:03.347 +0900,true
901,0,10,2025-12-20 16:56:03.353 +0900,true
902,0,10,2025-12-20 16:56:03.359 +0900,true
903,0,10,2025-12-20 16:56:03.366 +0900,true
904,0,10,2025-12-20 16:56:03.372 +0900,true
905,0,10,2025-12-20 16:56:03.378 +0900,true
906,0,10,2025-12-20 16:56:03.384 +0900,true
907,0,10,2025-12-20 16:56:03.390 +0900,true
908,0,10,2025-12-20 16:56:03.396 +0900,true
909,0,10,2025-12-20 16:56:03.402 +0900,true
910,0,10,2025-12-20 16:56:03.409 +0900,true
911,0,10,2025-12-20 16:56:03.415 +0900,true
912,0,10,2025-12-20 16:56:03.421 +0900,true
913,0,10,2025-12-20 16:56:03.427 +0900,true
914,0,10,2025-12-20 16:56:03.433 +0900,true
915,0,10,2025-12-20 16:56:03.440 +0900,true
916,0,10,2025-12-20 16:56:03.446 +0900,true
917,0,10,2025-12-20 16:56:03.453 +0900,true
918,0,10,2025-12-20 16:56:03.459 +0900,true
919,0,10,2025-12-20 16:56:03.466 +0900,true
920,0,10,2025-12-20 16:56:03.473 +0900,true
921,0,10,2025-12-20 16:56:03.479 +0900,true
922,0,10,2025-12-20 16:56:03.486 +0900,true
923,0,10,2025-12-20 16:56:03.492 +0900,true
924,0,10,2025-12-20 16:56:03.498 +0900,true
925,0,10,2025-12-20 16:56:03.505 +0900,true
926,0,10,2025-12-20 16:56:03.511 +0900,true
927,0,10,2025-12-20 16:56:03.518 +0900,true
928,0,10,2025-12-20 16:56:03.524 +0900,true
929,0,10,2025-12-20 16:56:03.529 +0900,true
930,0,10,2025-12-20 16:56:03.535 +0900,true
931,0,10,2025-12-20 16:56:03.542 +0900,true
932,0,10,2025-12-20 16:56:03.548 +0900,true
933,0,10,2025-12-20 16:56:03.555 +0900,true
934,0,10,2025-12-20 16:56:03.561 +0900,true
935,0,10,2025-12-20 16:56:03.568 +0900,true
936,0,10,2025-12-20 16:56:03.574 +0900,true
937,0,10,2025-12-20 16:56:03.581 +0900,true
938,0,10,2025-12-20 16:56:03.587 +0900,true
939,0,10,2025-12-20 16:56:03.593 +0900,true
940,0,10,2025-12-20 16:56:03.599 +0900,true
941,0,10,2025-12-20 16:56:03.606 +0900,true
942,0,10,2025-12-20 16:56:03.612 +0900,true
943,0,10,2025-12-20 16:56:03.619 +0900,true
944,0,10,2025-12-20 16:56:03.624 +0900,true
945,0,10,2025-12-20 16:56:03.630 +0900,true
946,0,10,2025-12-20 16:56:03.636 +0900,true
947,0,10,2025-12-20 16:56:03.642 +0900,true
948,0,10,2025-12-20 16:56:03.648 +0900,true
949,0,10,2025-12-20 16:56:03.653 +0900,true
950,0,10,2025-12-20 16:56:03.660 +0900,true
951,0,10,2025-12-20 16:56:03.666 +0900,true
952,0,10,2025-12-20 16:56:03.672 +0900,true
953,0,10,2025-12-20 16:56:03.678 +0900,true
954,0,10,2025-12-20 16:56:03.685 +0900,true
955,0,10,2025-12-20 16:56:03.691 +0900,true
956,0,10,2025-12-20 16:56:03.697 +0900,true
957,0,10,2025-12-20 16:56:03.703 +0900,true
958,0,10,2025-12-20 16:56:03.709 +0900,true
959,0,10,2025-12-20 16:56:03.715 +0900,true
960,0,10,2025-12-20 16:56:03.722 +0900,true
961,0,10,2025-12-20 16:56:03.728 +0900,true
962,0,10,2025-12-20 16:56:03.734 +0900,true
963,0,10,2025-12-20 16:56:03.740 +0900,true
964,0,10,2025-12-20 16:56:03.746 +0900,true
965,0,10,2025-12-20 16:56:03.753 +0900,true
966,0,10,2025-12-20 16:56:03.759 +0900,true
967,0,10,2025-12-20 16:56:03.766 +0900,true
968,0,10,2025-12-20 16:56:03.773 +0900,true
969,0,10,2025-12-20 16:56:03.780 +0900,true
970,0,10,2025-12-20 16:56:03.786 +0900,true
971,0,10,2025-12-20 16:56:03.792 +0900,true
972,0,10,2025-12-20 16:56:03.798 +0900,true
973,0,10,2025-12-20 16:56:03.804 +0900,true
974,0,10,2025-12-20 16:56:03.811 +0900,true
975,0,10,2025-12-20 16:56:03.817 +0900,true
976,0,10,2025-12-20 16:56:03.823 +0900,true
977,0,10,2025-12-20 16:56:03.830 +0900,true
978,0,10,2025-12-20 16:56:03.836 +0900,true
979,0,10,2025-12-20 16:56:03.843 +0900,true
980,0,10,2025-12-20 16:56:03.849 +0900,true
981,0,10,2025-12-20 16:56:03.856 +0900,true
982,0,10,2025-12-20 16:56:03.863 +0900,true
983,0,10,2025-12-20 16:56:03.869 +0900,true
984,0,10,2025-12-20 16:56:03.875 +0900,true
985,0,10,2025-12-20 16:56:03.882 +0900,true
986,0,10,2025-12-20 16:56:03.888 +0900,true
987,0,10,2025-12-20 16:56:03.895 +0900,true
988,0,10,2025-12-20 16:56:03.901 +0900,true
989,0,10,2025-12-20 16:56:03.908 +0900,true
990,0,10,2025-12-20 16:56:03.920 +0900,true
991,0,10,2025-12-20 16:56:03.933 +0900,true
992,0,10,2025-12-20 16:56:03.941 +0900,true
993,0,10,2025-12-20 16:56:03.948 +0900,true
994,0,10,2025-12-20 16:56:03.957 +0900,true
995,0,10,2025-12-20 16:56:03.966 +0900,true
996,0,10,2025-12-20 16:56:03.972 +0900,true
997,0,10,2025-12-20 16:56:03.978 +0900,true
998,0,10,2025-12-20 16:56:03.985 +0900,true
999,0,10,2025-12-20 16:56:03.991 +0900,true
1000,0,10,2025-12-20 16:56:03.998 +0900,true
1001,0,10,2025-12-20 16:56:04.005 +0900,true
1002,0,10,2025-12-20 16:56:04.011 +0900,true
1003,0,10,2025-12-20 16:56:04.017 +0900,true
1004,0,10,2025-12-20 16:56:04.023 +0900,true
1005,0,10,2025-12-20 16:56:04.030 +0900,true
1006,0,10,2025-12-20 16:56:04.036 +0900,true
1007,0,10,2025-12-20 16:56:04.042 +0900,true
1008,0,10,2025-12-20 16:56:04.049 +0900,true
1009,0,10,2025-12-20 16:56:04.055 +0900,true
1010,0,10,2025-12-20 16:56:04.060 +0900,true
1011,0,10,2025-12-20 16:56:04.067 +0900,true
1012,0,10,2025-12-20 16:56:04.073 +0900,true
1013,0,10,2025-12-20 16:56:04.079 +0900,true
1014,0,10,2025-12-20 16:56:04.085 +0900,true
1015,0,10,2025-12-20 16:56:04.091 +0900,true
1016,0,10,2025-12-20 16:56:04.096 +0900,true
1017,0,10,2025-12-20 16:56:04.103 +0900,true
1018,0,10,2025-12-20 16:56:04.108 +0900,true
1019,0,10,2025-12-20 16:56:04.115 +0900,true
1020,0,10,2025-12-20 16:56:04.122 +0900,true
1021,0,10,2025-12-20 16:56:04.127 +0900,true
1022,0,10,2025-12-20 16:56:04.133 +0900,true
1023,0,10,2025-12-20 16:56:04.139 +0900,true
1024,0,10,2025-12-20 16:56:04.145 +0900,true
1025,0,10,2025-12-20 16:56:04.151 +0900,true
1026,0,10,2025-12-20 16:56:04.157 +0900,true
1027,0,10,2025-12-20 16:56:04.162 +0900,true
1028,0,10,2025-12-20 16:56:04.168 +0900,true
1029,0,10,2025-12-20 16:56:04.175 +0900,true
1030,0,10,2025-12-20 16:56:04.181 +0900,true
1031,0,10,2025-12-20 16:56:04.187 +0900,true
1032,0,10,2025-12-20 16:56:04.192 +0900,true
1033,0,10,2025-12-20 16:56:04.198 +0900,true
1034,0,10,2025-12-20 16:56:04.204 +0900,true
1035,0,10,2025-12-20 16:56:04.210 +0900,true
1036,0,10,2025-12-20 16:56:04.215 +0900,true
1037,0,10,2025-12-20 16:56:04.221 +0900,true
1038,0,10,2025-12-20 16:56:04.227 +0900,true
1039,0,10,2025-12-20 16:56:04.232 +0900,true
1040,0,10,2025-12-20 16:56:04.238 +0900,true
1041,0,10,2025-12-20 16:56:04.243 +0900,true
1042,0,10,2025-12-20 16:56:04.248 +0900,true
1043,0,10,2025-12-20 16:56:04.254 +0900,true
1044,0,10,2025-12-20 16:56:04.259 +0900,true
1045,0,10,2025-12-20 16:56:04.264 +0900,true
1046,0,10,2025-12-20 16:56:04.270 +0900,true
1047,0,10,2025-12-20 16:56:04.275 +0900,true
1048,0,10,2025-12-20 16:56:04.281 +0900,true
1049,0,10,2025-12-20 16:56:04.286 +0900,true
1050,0,10,2025-12-20 16:56:04.292 +0900,true
1051,0,10,2025-12-20 16:56:04.297 +0900,true
1052,0,10,2025-12-20 16:56:04.302 +0900,true
1053,0,10,2025-12-20 16:56:04.308 +0900,true
1054,0,10,2025-12-20 16:56:04.313 +0900,true
1055,0,10,2025-12-20 16:56:04.318 +0900,true
1056,0,10,2025-12-20 16:56:04.323 +0900,true
1057,0,10,2025-12-20 16:56:04.329 +0900,true
1058,0,10,2025-12-20 16:56:04.334 +0900,true
1059,0,10,2025-12-20 16:56:04.339 +0900,true
1060,0,10,2025-12-20 16:56:04.344 +0900,true
1061,0,10,2025-12-20 16:56:04.349 +0900,true
1062,0,10,2025-12-20 16:56:04.355 +0900,true
1063,0,10,2025-12-20 16:56:04.360 +0900,true
1064,0,10,2025-12-20 16:56:04.365 +0900,true
1065,0,10,2025-12-20 16:56:04.370 +0900,true
1066,0,10,2025-12-20 16:56:04.375 +0900,true
1067,0,10,2025-12-20 16:56:04.380 +0900,true
1068,0,10,2025-12-20 16:56:04.386 +0900,true
1069,0,10,2025-12-20 16:56:04.391 +0900,true
1070,0,10,2025-12-20 16:56:04.396 +0900,true
1071,0,10,2025-12-20 16:56:04.401 +0900,true
1072,0,10,2025-12-20 16:56:04.406 +0900,true
1073,0,10,2025-12-20 16:56:04.412 +0900,true
1074,0,10,2025-12-20 16:56:04.418 +0900,true
1075,0,10,2025-12-20 16:56:04.423 +0900,true
1076,0,10,2025-12-20 16:56:04.429 +0900,true
1077,0,10,2025-12-20 16:56:04.434 +0900,true
1078,0,10,2025-12-20 16:56:04.439 +0900,true
1079,0,10,2025-12-20 16:56:04.445 +0900,true
1080,0,10,2025-12-20 16:56:04.450 +0900,true
1081,0,10,2025-12-20 16:56:04.455 +0900,true
1082,0,10,2025-12-20 16:56:04.460 +0900,true
1083,0,10,2025-12-20 16:56:04.466 +0900,true
1084,0,10,2025-12-20 16:56:04.471 +0900,true
1085,0,10,2025-12-20 16:56:04.476 +0900,true
1086,0,10,2025-12-20 16:56:04.482 +0900,true
1087,0,10,2025-12-20 16:56:04.487 +0900,true
1088,0,10,2025-12-20 16:56:04.493 +0900,true
1089,0,10,2025-12-20 16:56:04.498 +0900,true
1090,0,10,2025-12-20 16:56:04.504 +0900,true
1091,0,10,2025-12-20 16:56:04.509 +0900,true
1092,0,10,2025-12-20 16:56:04.514 +0900,true
1093,0,10,2025-12-20 16:56:04.520 +0900,true
1094,0,10,2025-12-20 16:56:04.525 +0900,true
1095,0,10,2025-12-20 16:56:04.531 +0900,true
1096,0,10,2025-12-20 16:56:04.536 +0900,true
1097,0,10,2025-12-20 16:56:04.542 +0900,true
1098,0,10,2025-12-20 16:56:04.547 +0900,true
1099,0,10,2025-12-20 16:56:04.553 +0900,true
1100,0,10,2025-12-20 16:56:04.558 +0900,true
1101,0,10,2025-12-20 16:56:04.564 +0900,true
1102,0,10,2025-12-20 16:56:04.569 +0900,true
1103,0,10,2025-12-20 16:56:04.574 +0900,true
1104,0,10,2025-12-20 16:56:04.580 +0900,true
1105,0,10,2025-12-20 16:56:04.585 +0900,true
1106,0,10,2025-12-20 16:56:04.591 +0900,true
1107,0,10,2025-12-20 16:56:04.596 +0900,true
1108,0,10,2025-12-20 16:56:04.602 +0900,true
1109,0,10,2025-12-20 16:56:04.607 +0900,true
1110,0,10,2025-12-20 16:56:04.613 +0900,true
1111,0,10,2025-12-20 16:56:04.618 +0900,true
1112,0,10,2025-12-20 16:56:04.623 +0900,true
1113,0,10,2025-12-20 16:56:04.629 +0900,true
1114,0,10,2025-12-20 16:56:04.634 +0900,true
1115,0,10,2025-12-20 16:56:04.639 +0900,true
1116,0,10,2025-12-20 16:56:04.644 +0900,true
1117,0,10,2025-12-20 16:56:04.650 +0900,true
1118,0,10,2025-12-20 16:56:04.655 +0900,true
1119,0,10,2025-12-20 16:56:04.660 +0900,true
1120,0,10,2025-12-20 16:56:04.666 +0900,true
1121,0,10,2025-12-20 16:56:04.671 +0900,true
1122,0,10,2025-12-20 16:56:04.676 +0900,true
1123,0,10,2025-12-20 16:56:04.682 +0900,true
1124,0,10,2025-12-20 16:56:04.687 +0900,true
1125,0,10,2025-12-20 16:56:04.692 +0900,true
1126,0,10,2025-12-20 16:56:04.698 +0900,true
1127,0,10,2025-12-20 16:56:04.703 +0900,true
1128,0,10,2025-12-20 16:56:04.708 +0900,true
1129,0,10,2025-12-20 16:56:04.713 +0900,true
1130,0,10,2025-12-20 16:56:04.718 +0900,true
1131,0,10,2025-12-20 16:56:04.724 +0900,true
1132,0,10,2025-12-20 16:56:04.729 +0900,true
1133,0,10,2025-12-20 16:56:04.734 +0900,true
1134,0,10,2025-12-20 16:56:04.740 +0900,true
1135,0,10,2025-12-20 16:56:04.745 +0900,true
1136,0,10,2025-12-20 16:56:04.750 +0900,true
1137,0,10,2025-12-20 16:56:04.757 +0900,true
1138,0,10,2025-12-20 16:56:04.762 +0900,true
1139,0,10,2025-12-20 16:56:04.768 +0900,true
1140,0,10,2025-12-20 16:56:04.773 +0900,true
1141,0,10,2025-12-20 16:56:04.779 +0900,true
1142,0,10,2025-12-20 16:56:04.785 +0900,true
1143,0,10,2025-12-20 16:56:04.790 +0900,true
1144,0,10,2025-12-20 16:56:04.795 +0900,true
1145,0,10,2025-12-20 16:56:04.801 +0900,true
1146,0,10,2025-12-20 16:56:04.807 +0900,true
1147,0,10,2025-12-20 16:56:04.812 +0900,true
1148,0,10,2025-12-20 16:56:04.817 +0900,true
1149,0,10,2025-12-20 16:56:04.823 +0900,true
1150,0,10,2025-12-20 16:56:04.828 +0900,true
1151,0,10,2025-12-20 16:56:04.834 +0900,true
1152,0,10,2025-12-20 16:56:04.839 +0900,true
1153,0,10,2025-12-20 16:56:04.845 +0900,true
1154,0,10,2025-12-20 16:56:04.850 +0900,true
1155,0,10,2025-12-20 16:56:04.856 +0900,true
1156,0,10,2025-12-20 16:56:04.861 +0900,true
1157,0,10,2025-12-20 16:56:04.867 +0900,true
1158,0,10,2025-12-20 16:56:04.873 +0900,true
1159,0,10,2025-12-20 16:56:04.878 +0900,true
1160,0,10,2025-12-20 16:56:04.884 +0900,true
1161,0,10,2025-12-20 16:56:04.889 +0900,true
1162,0,10,2025-12-20 16:56:04.895 +0900,true
1163,0,10,2025-12-20 16:56:04.900 +0900,true
1164,0,10,2025-12-20 16:56:04.905 +0900,true
1165,0,10,2025-12-20 16:56:04.912 +0900,true
1166,0,10,2025-12-20 16:56:04.917 +0900,true
1167,0,10,2025-12-20 16:56:04.923 +0900,true
1168,0,10,2025-12-20 16:56:04.928 +0900,true
1169,0,10,2025-12-20 16:56:04.933 +0900,true
1170,0,10,2025-12-20 16:56:04.939 +0900,true
1171,0,10,2025-12-20 16:56:04.944 +0900,true
1172,0,10,2025-12-20 16:56:04.949 +0900,true
1173,0,10,2025-12-20 16:56:04.955 +0900,true
1174,0,10,2025-12-20 16:56:04.960 +0900,true
1175,0,10,2025-12-20 16:56:04.967 +0900,true
1176,0,10,2025-12-20 16:56:04.972 +0900,true
1177,0,10,2025-12-20 16:56:04.977 +0900,true
1178,0,10,2025-12-20 16:56:04.983 +0900,true
1179,0,10,2025-12-20 16:56:04.988 +0900,true
1180,0,10,2025-12-20 16:56:04.993 +0900,true
1181,0,10,2025-12-20 16:56:04.999 +0900,true
1182,0,10,2025-12-20 16:56:05.004 +0900,true
1183,0,10,2025-12-20 16:56:05.010 +0900,true
1184,0,10,2025-12-20 16:56:05.015 +0900,true
1185,0,10,2025-12-20 16:56:05.021 +0900,true
1186,0,10,2025-12-20 16:56:05.027 +0900,true
1187,0,10,2025-12-20 16:56:05.032 +0900,true
1188,0,10,2025-12-20 16:56:05.038 +0900,true
1189,0,10,2025-12-20 16:56:05.043 +0900,true
1190,0,10,2025-12-20 16:56:05.049 +0900,true
1191,0,10,2025-12-20 16:56:05.054 +0900,true
1192,0,10,2025-12-20 16:56:05.060 +0900,true
1193,0,10,2025-12-20 16:56:05.065 +0900,true
1194,0,10,2025-12-20 16:56:05.071 +0900,true
1195,0,10,2025-12-20 16:56:05.077 +0900,true
1196,0,10,2025-12-20 16:56:05.082 +0900,true
1197,0,10,2025-12-20 16:56:05.088 +0900,true
1198,0,10,2025-12-20 16:56:05.094 +0900,true
1199,0,10,2025-12-20 16:56:05.100 +0900,true
1200,0,10,2025-12-20 16:56:05.105 +0900,true
1201,0,10,2025-12-20 16:56:05.111 +0900,true
1202,0,10,2025-12-20 16:56:05.117 +0900,true
1203,0,10,2025-12-20 16:56:05.122 +0900,true
1204,0,10,2025-12-20 16:56:05.128 +0900,true
1205,0,10,2025-12-20 16:56:05.135 +0900,true
1206,0,10,2025-12-20 16:56:05.142 +0900,true
1207,0,10,2025-12-20 16:56:05.147 +0900,true
1208,0,10,2025-12-20 16:56:05.153 +0900,true
1209,0,10,2025-12-20 16:56:05.158 +0900,true
1210,0,10,2025-12-20 16:56:05.164 +0900,true
1211,0,10,2025-12-20 16:56:05.170 +0900,true
1212,0,10,2025-12-20 16:56:05.176 +0900,true
1213,0,10,2025-12-20 16:56:05.181 +0900,true
1214,0,10,2025-12-20 16:56:05.187 +0900,true
1215,0,10,2025-12-20 16:56:05.193 +0900,true
1216,0,10,2025-12-20 16:56:05.199 +0900,true
1217,0,10,2025-12-20 16:56:05.205 +0900,true
1218,0,10,2025-12-20 16:56:05.210 +0900,true
1219,0,10,2025-12-20 16:56:05.216 +0900,true
1220,0,10,2025-12-20 16:56:05.222 +0900,true
1221,0,10,2025-12-20 16:56:05.228 +0900,true
1222,0,10,2025-12-20 16:56:05.234 +0900,true
1223,0,10,2025-12-20 16:56:05.240 +0900,true
1224,0,10,2025-12-20 16:56:05.245 +0900,true
1225,0,10,2025-12-20 16:56:05.252 +0900,true
1226,0,10,2025-12-20 16:56:05.258 +0900,true
1227,0,10,2025-12-20 16:56:05.264 +0900,true
1228,0,10,2025-12-20 16:56:05.270 +0900,true
1229,0,10,2025-12-20 16:56:05.275 +0900,true
1230,0,10,2025-12-20 16:56:05.282 +0900,true
1231,0,10,2025-12-20 16:56:05.288 +0900,true
1232,0,10,2025-12-20 16:56:05.293 +0900,true
1233,0,10,2025-12-20 16:56:05.299 +0900,true
1234,0,10,2025-12-20 16:56:05.304 +0900,true
1235,0,10,2025-12-20 16:56:05.310 +0900,true
1236,0,10,2025-12-20 16:56:05.315 +0900,true
1237,0,10,2025-12-20 16:56:05.321 +0900,true
1238,0,10,2025-12-20 16:56:05.326 +0900,true
1239,0,10,2025-12-20 16:56:05.332 +0900,true
1240,0,10,2025-12-20 16:56:05.338 +0900,true
1241,0,10,2025-12-20 16:56:05.346 +0900,true
1242,0,10,2025-12-20 16:56:05.351 +0900,true
1243,0,10,2025-12-20 16:56:05.357 +0900,true
1244,0,10,2025-12-20 16:56:05.363 +0900,true
1245,0,10,2025-12-20 16:56:05.369 +0900,true
1246,0,10,2025-12-20 16:56:05.374 +0900,true
1247,0,10,2025-12-20 16:56:05.380 +0900,true
1248,0,10,2025-12-20 16:56:05.386 +0900,true
1249,0,10,2025-12-20 16:56:05.391 +0900,true
1250,0,10,2025-12-20 16:56:05.397 +0900,true
1251,0,10,2025-12-20 16:56:05.402 +0900,true
1252,0,10,2025-12-20 16:56:05.408 +0900,true
1253,0,10,2025-12-20 16:56:05.413 +0900,true
1254,0,10,2025-12-20 16:56:05.418 +0900,true
1255,0,10,2025-12-20 16:56:05.424 +0900,true
1256,0,10,2025-12-20 16:56:05.429 +0900,true
1257,0,10,2025-12-20 16:56:05.435 +0900,true
1258,0,10,2025-12-20 16:56:05.441 +0900,true
1259,0,10,2025-12-20 16:56:05.446 +0900,true
1260,0,10,2025-12-20 16:56:05.451 +0900,true
1261,0,10,2025-12-20 16:56:05.457 +0900,true
1262,0,10,2025-12-20 16:56:05.462 +0900,true
1263,0,10,2025-12-20 16:56:05.467 +0900,true
1264,0,10,2025-12-20 16:56:05.473 +0900,true
1265,0,10,2025-12-20 16:56:05.478 +0900,true
1266,0,10,2025-12-20 16:56:05.484 +0900,true
1267,0,10,2025-12-20 16:56:05.489 +0900,true
1268,0,10,2025-12-20 16:56:05.495 +0900,true
1269,0,10,2025-12-20 16:56:05.500 +0900,true
1270,0,10,2025-12-20 16:56:05.507 +0900,true
1271,0,10,2025-12-20 16:56:05.512 +0900,true
1272,0,10,2025-12-20 16:56:05.518 +0900,true
1273,0,10,2025-12-20 16:56:05.524 +0900,true
1274,0,10,2025-12-20 16:56:05.530 +0900,true
1275,0,10,2025-12-20 16:56:05.535 +0900,true
1276,0,10,2025-12-20 16:56:05.541 +0900,true
1277,0,10,2025-12-20 16:56:05.546 +0900,true
1278,0,10,2025-12-20 16:56:05.553 +0900,true
1279,0,10,2025-12-20 16:56:05.558 +0900,true
1280,0,10,2025-12-20 16:56:05.564 +0900,true
1281,0,10,2025-12-20 16:56:05.570 +0900,true
1282,0,10,2025-12-20 16:56:05.575 +0900,true
1283,0,10,2025-12-20 16:56:05.581 +0900,true
1284,0,10,2025-12-20 16:56:05.586 +0900,true
1285,0,10,2025-12-20 16:56:05.592 +0900,true
1286,0,10,2025-12-20 16:56:05.597 +0900,true
1287,0,10,2025-12-20 16:56:05.602 +0900,true
1288,0,10,2025-12-20 16:56:05.608 +0900,true
1289,0,10,2025-12-20 16:56:05.613 +0900,true
1290,0,10,2025-12-20 16:56:05.619 +0900,true
1291,0,10,2025-12-20 16:56:05.624 +0900,true
1292,0,10,2025-12-20 16:56:05.629 +0900,true
1293,0,10,2025-12-20 16:56:05.635 +0900,true
1294,0,10,2025-12-20 16:56:05.640 +0900,true
1295,0,10,2025-12-20 16:56:05.646 +0900,true
1296,0,10,2025-12-20 16:56:05.652 +0900,true
1297,0,10,2025-12-20 16:56:05.657 +0900,true
1298,0,10,2025-12-20 16:56:05.663 +0900,true
1299,0,10,2025-12-20 16:56:05.668 +0900,true
1300,0,10,2025-12-20 16:56:05.674 +0900,true
1301,0,10,2025-12-20 16:56:05.679 +0900,true
1302,0,10,2025-12-20 16:56:05.684 +0900,true
1303,0,10,2025-12-20 16:56:05.690 +0900,true
1304,0,10,2025-12-20 16:56:05.695 +0900,true
1305,0,10,2025-12-20 16:56:05.701 +0900,true
1306,0,10,2025-12-20 16:56:05.706 +0900,true
1307,0,10,2025-12-20 16:56:05.714 +0900,true
1308,0,10,2025-12-20 16:56:05.722 +0900,true
1309,0,10,2025-12-20 16:56:05.730 +0900,true
1310,0,10,2025-12-20 16:56:05.737 +0900,true
1311,0,10,2025-12-20 16:56:05.744 +0900,true
1312,0,10,2025-12-20 16:56:05.752 +0900,true
1313,0,10,2025-12-20 16:56:05.761 +0900,true
1314,0,10,2025-12-20 16:56:05.767 +0900,true
1315,0,10,2025-12-20 16:56:05.772 +0900,true
1316,0,10,2025-12-20 16:56:05.778 +0900,true
1317,0,10,2025-12-20 16:56:05.783 +0900,true
1318,0,10,2025-12-20 16:56:05.789 +0900,true
1319,0,10,2025-12-20 16:56:05.794 +0900,true
1320,0,10,2025-12-20 16:56:05.800 +0900,true
1321,0,10,2025-12-20 16:56:05.805 +0900,true
1322,0,10,2025-12-20 16:56:05.811 +0900,true
1323,0,10,2025-12-20 16:56:05.816 +0900,true
1324,0,10,2025-12-20 16:56:05.822 +0900,true
1325,0,10,2025-12-20 16:56:05.827 +0900,true
1326,0,10,2025-12-20 16:56:05.832 +0900,true
1327,0,10,2025-12-20 16:56:05.838 +0900,true
1328,0,10,2025-12-20 16:56:05.843 +0900,true
1329,0,10,2025-12-20 16:56:05.849 +0900,true
1330,0,10,2025-12-20 16:56:05.854 +0900,true
1331,0,10,2025-12-20 16:56:05.860 +0900,true
1332,0,10,2025-12-20 16:56:05.866 +0900,true
1333,0,10,2025-12-20 16:56:05.871 +0900,true
1334,0,10,2025-12-20 16:56:05.876 +0900,true
1335,0,10,2025-12-20 16:56:05.882 +0900,true
1336,0,10,2025-12-20 16:56:05.887 +0900,true
1337,0,10,2025-12-20 16:56:05.893 +0900,true
1338,0,10,2025-12-20 16:56:05.899 +0900,true
1339,0,10,2025-12-20 16:56:05.904 +0900,true
1340,0,10,2025-12-20 16:56:05.910 +0900,true
1341,0,10,2025-12-20 16:56:05.915 +0900,true
1342,0,10,2025-12-20 16:56:05.921 +0900,true
1343,0,10,2025-12-20 16:56:05.927 +0900,true
1344,0,10,2025-12-20 16:56:05.932 +0900,true
1345,0,10,2025-12-20 16:56:05.937 +0900,true
1346,0,10,2025-12-20 16:56:05.943 +0900,true
1347,0,10,2025-12-20 16:56:05.948 +0900,true
1348,0,10,2025-12-20 16:56:05.954 +0900,true
1349,0,10,2025-12-20 16:56:05.959 +0900,true
1350,0,10,2025-12-20 16:56:05.965 +0900,true
1351,0,10,2025-12-20 16:56:05.971 +0900,true
1352,0,10,2025-12-20 16:56:05.976 +0900,true
1353,0,10,2025-12-20 16:56:05.982 +0900,true
1354,0,10,2025-12-20 16:56:05.988 +0900,true
1355,0,10,2025-12-20 16:56:05.993 +0900,true
1356,0,10,2025-12-20 16:56:05.999 +0900,true
1357,0,10,2025-12-20 16:56:06.004 +0900,true
1358,0,10,2025-12-20 16:56:06.010 +0900,true
1359,0,10,2025-12-20 16:56:06.016 +0900,true
1360,0,10,2025-12-20 16:56:06.021 +0900,true
1361,0,10,2025-12-20 16:56:06.027 +0900,true
1362,0,10,2025-12-20 16:56:06.033 +0900,true
1363,0,10,2025-12-20 16:56:06.039 +0900,true
1364,0,10,2025-12-20 16:56:06.044 +0900,true
1365,0,10,2025-12-20 16:56:06.050 +0900,true
1366,0,10,2025-12-20 16:56:06.055 +0900,true
1367,0,10,2025-12-20 16:56:06.061 +0900,true
1368,0,10,2025-12-20 16:56:06.067 +0900,true
1369,0,10,2025-12-20 16:56:06.072 +0900,true
1370,0,10,2025-12-20 16:56:06.078 +0900,true
1371,0,10,2025-12-20 16:56:06.084 +0900,true
1372,0,10,2025-12-20 16:56:06.089 +0900,true
1373,0,10,2025-12-20 16:56:06.095 +0900,true
1374,0,10,2025-12-20 16:56:06.101 +0900,true
1375,0,10,2025-12-20 16:56:06.106 +0900,true
1376,0,10,2025-12-20 16:56:06.112 +0900,true
1377,0,10,2025-12-20 16:56:06.117 +0900,true
1378,0,10,2025-12-20 16:56:06.123 +0900,true
1379,0,10,2025-12-20 16:56:06.128 +0900,true
1380,0,10,2025-12-20 16:56:06.134 +0900,true
1381,0,10,2025-12-20 16:56:06.140 +0900,true
1382,0,10,2025-12-20 16:56:06.145 +0900,true
1383,0,10,2025-12-20 16:56:06.150 +0900,true
1384,0,10,2025-12-20 16:56:06.156 +0900,true
1385,0,10,2025-12-20 16:56:06.161 +0900,true
1386,0,10,2025-12-20 16:56:06.167 +0900,true
1387,0,10,2025-12-20 16:56:06.173 +0900,true
1388,0,10,2025-12-20 16:56:06.178 +0900,true
1389,0,10,2025-12-20 16:56:06.184 +0900,true
1390,0,10,2025-12-20 16:56:06.189 +0900,true
1391,0,10,2025-12-20 16:56:06.195 +0900,true
1392,0,10,2025-12-20 16:56:06.201 +0900,true
1393,0,10,2025-12-20 16:56:06.207 +0900,true
1394,0,10,2025-12-20 16:56:06.212 +0900,true
1395,0,10,2025-12-20 16:56:06.218 +0900,true
1396,0,10,2025-12-20 16:56:06.224 +0900,true
1397,0,10,2025-12-20 16:56:06.229 +0900,true
1398,0,10,2025-12-20 16:56:06.235 +0900,true
1399,0,10,2025-12-20 16:56:06.240 +0900,true
1400,0,10,2025-12-20 16:56:06.246 +0900,true
1401,0,10,2025-12-20 16:56:06.252 +0900,true
1402,0,10,2025-12-20 16:56:06.257 +0900,true
1403,0,10,2025-12-20 16:56:06.263 +0900,true
1404,0,10,2025-12-20 16:56:06.269 +0900,true
1405,0,10,2025-12-20 16:56:06.275 +0900,true
1406,0,10,2025-12-20 16:56:06.280 +0900,true
1407,0,10,2025-12-20 16:56:06.285 +0900,true
1408,0,10,2025-12-20 16:56:06.291 +0900,true
1409,0,10,2025-12-20 16:56:06.296 +0900,true
1410,0,10,2025-12-20 16:56:06.301 +0900,true
1411,0,10,2025-12-20 16:56:06.307 +0900,true
1412,0,10,2025-12-20 16:56:06.312 +0900,true
1413,0,10,2025-12-20 16:56:06.318 +0900,true
1414,0,10,2025-12-20 16:56:06.323 +0900,true
1415,0,10,2025-12-20 16:56:06.328 +0900,true
1416,0,10,2025-12-20 16:56:06.334 +0900,true
1417,0,10,2025-12-20 16:56:06.339 +0900,true
1418,0,10,2025-12-20 16:56:06.345 +0900,true
1419,0,10,2025-12-20 16:56:06.350 +0900,true
1420,0,10,2025-12-20 16:56:06.356 +0900,true
1421,0,10,2025-12-20 16:56:06.361 +0900,true
1422,0,10,2025-12-20 16:56:06.367 +0900,true
1423,0,10,2025-12-20 16:56:06.372 +0900,true
1424,0,10,2025-12-20 16:56:06.377 +0900,true
1425,0,10,2025-12-20 16:56:06.383 +0900,true
1426,0,10,2025-12-20 16:56:06.389 +0900,true
1427,0,10,2025-12-20 16:56:06.394 +0900,true
1428,0,10,2025-12-20 16:56:06.400 +0900,true
1429,0,10,2025-12-20 16:56:06.405 +0900,true
1430,0,10,2025-12-20 16:56:06.411 +0900,true
1431,0,10,2025-12-20 16:56:06.416 +0900,true
1432,0,10,2025-12-20 16:56:06.421 +0900,true
1433,0,10,2025-12-20 16:56:06.427 +0900,true
1434,0,10,2025-12-20 16:56:06.432 +0900,true
1435,0,10,2025-12-20 16:56:06.437 +0900,true
1436,0,10,2025-12-20 16:56:06.443 +0900,true
1437,0,10,2025-12-20 16:56:06.448 +0900,true
1438,0,10,2025-12-20 16:56:06.454 +0900,true
1439,0,10,2025-12-20 16:56:06.460 +0900,true
1440,0,10,2025-12-20 16:56:06.465 +0900,true
1441,0,10,2025-12-20 16:56:06.471 +0900,true
1442,0,10,2025-12-20 16:56:06.476 +0900,true
1443,0,10,2025-12-20 16:56:06.482 +0900,true
1444,0,10,2025-12-20 16:56:06.487 +0900,true
1445,0,10,2025-12-20 16:56:06.492 +0900,true
1446,0,10,2025-12-20 16:56:06.498 +0900,true
1447,0,10,2025-12-20 16:56:06.503 +0900,true
1448,0,10,2025-12-20 16:56:06.509 +0900,true
1449,0,10,2025-12-20 16:56:06.515 +0900,true
1450,0,10,2025-12-20 16:56:06.520 +0900,true
1451,0,10,2025-12-20 16:56:06.525 +0900,true
1452,0,10,2025-12-20 16:56:06.531 +0900,true
1453,0,10,2025-12-20 16:56:06.573 +0900,true
1454,0,10,2025-12-20 16:56:06.579 +0900,true
1455,0,10,2025-12-20 16:56:06.585 +0900,true
1456,0,10,2025-12-20 16:56:06.591 +0900,true
1457,0,10,2025-12-20 16:56:06.596 +0900,true
1458,0,10,2025-12-20 16:56:06.602 +0900,true
1459,0,10,2025-12-20 16:56:06.607 +0900,true
1460,0,10,2025-12-20 16:56:06.612 +0900,true
1461,0,10,2025-12-20 16:56:06.618 +0900,true
1462,0,10,2025-12-20 16:56:06.623 +0900,true
1463,0,10,2025-12-20 16:56:06.629 +0900,true
1464,0,10,2025-12-20 16:56:06.635 +0900,true
1465,0,10,2025-12-20 16:56:06.640 +0900,true
1466,0,10,2025-12-20 16:56:06.646 +0900,true
1467,0,10,2025-12-20 16:56:06.652 +0900,true
1468,0,10,2025-12-20 16:56:06.657 +0900,true
1469,0,10,2025-12-20 16:56:06.663 +0900,true
1470,0,10,2025-12-20 16:56:06.668 +0900,true
1471,0,10,2025-12-20 16:56:06.674 +0900,true
1472,0,10,2025-12-20 16:56:06.679 +0900,true
1473,0,10,2025-12-20 16:56:06.685 +0900,true
1474,0,10,2025-12-20 16:56:06.690 +0900,true
1475,0,10,2025-12-20 16:56:06.696 +0900,true
1476,0,10,2025-12-20 16:56:06.701 +0900,true
1477,0,10,2025-12-20 16:56:06.706 +0900,true
1478,0,10,2025-12-20 16:56:06.712 +0900,true
1479,0,10,2025-12-20 16:56:06.717 +0900,true
1480,0,10,2025-12-20 16:56:06.723 +0900,true
1481,0,10,2025-12-20 16:56:06.728 +0900,true
1482,0,10,2025-12-20 16:56:06.734 +0900,true
1483,0,10,2025-12-20 16:56:06.740 +0900,true
1484,0,10,2025-12-20 16:56:06.745 +0900,true
1485,0,10,2025-12-20 16:56:06.751 +0900,true
1486,0,10,2025-12-20 16:56:06.757 +0900,true
1487,0,10,2025-12-20 16:56:06.762 +0900,true
1488,0,10,2025-12-20 16:56:06.768 +0900,true
1489,0,10,2025-12-20 16:56:06.773 +0900,true
1490,0,10,2025-12-20 16:56:06.779 +0900,true
1491,0,10,2025-12-20 16:56:06.784 +0900,true
1492,0,10,2025-12-20 16:56:06.790 +0900,true
1493,0,10,2025-12-20 16:56:06.796 +0900,true
1494,0,10,2025-12-20 16:56:06.801 +0900,true
1495,0,10,2025-12-20 16:56:06.807 +0900,true
1496,0,10,2025-12-20 16:56:06.812 +0900,true
1497,0,10,2025-12-20 16:56:06.818 +0900,true
1498,0,10,2025-12-20 16:56:06.824 +0900,true
1499,0,10,2025-12-20 16:56:06.829 +0900,true
1500,0,10,2025-12-20 16:56:06.835 +0900,true
1501,0,10,2025-12-20 16:56:06.841 +0900,true
1502,0,10,2025-12-20 16:56:06.847 +0900,true
1503,0,10,2025-12-20 16:56:06.852 +0900,true
1504,0,10,2025-12-20 16:56:06.858 +0900,true
1505,0,10,2025-12-20 16:56:06.864 +0900,true
1506,0,10,2025-12-20 16:56:06.870 +0900,true
1507,0,10,2025-12-20 16:56:06.876 +0900,true
1508,0,10,2025-12-20 16:56:06.881 +0900,true
1509,0,10,2025-12-20 16:56:06.887 +0900,true
1510,0,10,2025-12-20 16:56:06.892 +0900,true
1511,0,10,2025-12-20 16:56:06.898 +0900,true
1512,0,10,2025-12-20 16:56:06.904 +0900,true
1513,0,10,2025-12-20 16:56:06.909 +0900,true
1514,0,10,2025-12-20 16:56:06.915 +0900,true
1515,0,10,2025-12-20 16:56:06.920 +0900,true
1516,0,10,2025-12-20 16:56:06.926 +0900,true
1517,0,10,2025-12-20 16:56:06.932 +0900,true
1518,0,10,2025-12-20 16:56:06.938 +0900,true
1519,0,10,2025-12-20 16:56:06.944 +0900,true
1520,0,10,2025-12-20 16:56:06.949 +0900,true
1521,0,10,2025-12-20 16:56:06.955 +0900,true
1522,0,10,2025-12-20 16:56:06.961 +0900,true
1523,0,10,2025-12-20 16:56:06.967 +0900,true
1524,0,10,2025-12-20 16:56:06.972 +0900,true
1525,0,10,2025-12-20 16:56:06.978 +0900,true
1526,0,10,2025-12-20 16:56:06.984 +0900,true
1527,0,10,2025-12-20 16:56:06.989 +0900,true
1528,0,10,2025-12-20 16:56:06.995 +0900,true
1529,0,10,2025-12-20 16:56:07.001 +0900,true
1530,0,10,2025-12-20 16:56:07.006 +0900,true
1531,0,10,2025-12-20 16:56:07.013 +0900,true
1532,0,10,2025-12-20 16:56:07.019 +0900,true
1533,0,10,2025-12-20 16:56:07.024 +0900,true
1534,0,10,2025-12-20 16:56:07.030 +0900,true
1535,0,10,2025-12-20 16:56:07.036 +0900,true
1536,0,10,2025-12-20 16:56:07.041 +0900,true
1537,0,10,2025-12-20 16:56:07.047 +0900,true
1538,0,10,2025-12-20 16:56:07.052 +0900,true
1539,0,10,2025-12-20 16:56:07.059 +0900,true
1540,0,10,2025-12-20 16:56:07.065 +0900,true
1541,0,10,2025-12-20 16:56:07.071 +0900,true
1542,0,10,2025-12-20 16:56:07.076 +0900,true
1543,0,10,2025-12-20 16:56:07.082 +0900,true
1544,0,10,2025-12-20 16:56:07.088 +0900,true
1545,0,10,2025-12-20 16:56:07.093 +0900,true
1546,0,10,2025-12-20 16:56:07.099 +0900,true
1547,0,10,2025-12-20 16:56:07.104 +0900,true
1548,0,10,2025-12-20 16:56:07.110 +0900,true
1549,0,10,2025-12-20 16:56:07.115 +0900,true
1550,0,10,2025-12-20 16:56:07.121 +0900,true
1551,0,10,2025-12-20 16:56:07.127 +0900,true
1552,0,10,2025-12-20 16:56:07.132 +0900,true
1553,0,10,2025-12-20 16:56:07.138 +0900,true
1554,0,10,2025-12-20 16:56:07.143 +0900,true
1555,0,10,2025-12-20 16:56:07.149 +0900,true
1556,0,10,2025-12-20 16:56:07.154 +0900,true
1557,0,10,2025-12-20 16:56:07.160 +0900,true
1558,0,10,2025-12-20 16:56:07.165 +0900,true
1559,0,10,2025-12-20 16:56:07.171 +0900,true
1560,0,10,2025-12-20 16:56:07.176 +0900,true
1561,0,10,2025-12-20 16:56:07.182 +0900,true
1562,0,10,2025-12-20 16:56:07.187 +0900,true
1563,0,10,2025-12-20 16:56:07.193 +0900,true
1564,0,10,2025-12-20 16:56:07.198 +0900,true
1565,0,10,2025-12-20 16:56:07.203 +0900,true
1566,0,10,2025-12-20 16:56:07.209 +0900,true
1567,0,10,2025-12-20 16:56:07.214 +0900,true
1568,0,10,2025-12-20 16:56:07.220 +0900,true
1569,0,10,2025-12-20 16:56:07.226 +0900,true
1570,0,10,2025-12-20 16:56:07.232 +0900,true
1571,0,10,2025-12-20 16:56:07.237 +0900,true
1572,0,10,2025-12-20 16:56:07.243 +0900,true
1573,0,10,2025-12-20 16:56:07.249 +0900,true
1574,0,10,2025-12-20 16:56:07.254 +0900,true
1575,0,10,2025-12-20 16:56:07.260 +0900,true
1576,0,10,2025-12-20 16:56:07.266 +0900,true
1577,0,10,2025-12-20 16:56:07.271 +0900,true
1578,0,10,2025-12-20 16:56:07.277 +0900,true
1579,0,10,2025-12-20 16:56:07.282 +0900,true
1580,0,10,2025-12-20 16:56:07.288 +0900,true
1581,0,10,2025-12-20 16:56:07.293 +0900,true
1582,0,10,2025-12-20 16:56:07.298 +0900,true
1583,0,10,2025-12-20 16:56:07.304 +0900,true
1584,0,10,2025-12-20 16:56:07.309 +0900,true
1585,0,10,2025-12-20 16:56:07.315 +0900,true
1586,0,10,2025-12-20 16:56:07.320 +0900,true
1587,0,10,2025-12-20 16:56:07.326 +0900,true
1588,0,10,2025-12-20 16:56:07.331 +0900,true
1589,0,10,2025-12-20 16:56:07.337 +0900,true
1590,0,10,2025-12-20 16:56:07.343 +0900,true
1591,0,10,2025-12-20 16:56:07.348 +0900,true
1592,0,10,2025-12-20 16:56:07.353 +0900,true
1593,0,10,2025-12-20 16:56:07.359 +0900,true
1594,0,10,2025-12-20 16:56:07.364 +0900,true
1595,0,10,2025-12-20 16:56:07.370 +0900,true
1596,0,10,2025-12-20 16:56:07.375 +0900,true
1597,0,10,2025-12-20 16:56:07.380 +0900,true
1598,0,10,2025-12-20 16:56:07.386 +0900,true
1599,0,10,2025-12-20 16:56:07.392 +0900,true
1600,0,10,2025-12-20 16:56:07.397 +0900,true
1601,0,10,2025-12-20 16:56:07.403 +0900,true
1602,0,10,2025-12-20 16:56:07.408 +0900,true
1603,0,10,2025-12-20 16:56:07.413 +0900,true
1604,0,10,2025-12-20 16:56:07.418 +0900,true
1605,0,10,2025-12-20 16:56:07.424 +0900,true
1606,0,10,2025-12-20 16:56:07.429 +0900,true
1607,0,10,2025-12-20 16:56:07.434 +0900,true
1608,0,10,2025-12-20 16:56:07.439 +0900,true
1609,0,10,2025-12-20 16:56:07.445 +0900,true
1610,0,10,2025-12-20 16:56:07.450 +0900,true
1611,0,10,2025-12-20 16:56:07.455 +0900,true
1612,0,10,2025-12-20 16:56:07.461 +0900,true
1613,0,10,2025-12-20 16:56:07.466 +0900,true
1614,0,10,2025-12-20 16:56:07.472 +0900,true
1615,0,10,2025-12-20 16:56:07.477 +0900,true
1616,0,10,2025-12-20 16:56:07.483 +0900,true
1617,0,10,2025-12-20 16:56:07.488 +0900,true
1618,0,10,2025-12-20 16:56:07.494 +0900,true
1619,0,10,2025-12-20 16:56:07.500 +0900,true
1620,0,10,2025-12-20 16:56:07.505 +0900,true
1621,0,10,2025-12-20 16:56:07.510 +0900,true
1622,0,10,2025-12-20 16:56:07.516 +0900,true
1623,0,10,2025-12-20 16:56:07.521 +0900,true
1624,0,10,2025-12-20 16:56:07.527 +0900,true
1625,0,10,2025-12-20 16:56:07.533 +0900,true
1626,0,10,2025-12-20 16:56:07.538 +0900,true
1627,0,10,2025-12-20 16:56:07.544 +0900,true
1628,0,10,2025-12-20 16:56:07.550 +0900,true
1629,0,10,2025-12-20 16:56:07.556 +0900,true
1630,0,10,2025-12-20 16:56:07.561 +0900,true
1631,0,10,2025-12-20 16:56:07.567 +0900,true
1632,0,10,2025-12-20 16:56:07.572 +0900,true
1633,0,10,2025-12-20 16:56:07.578 +0900,true
1634,0,10,2025-12-20 16:56:07.583 +0900,true
1635,0,10,2025-12-20 16:56:07.589 +0900,true
1636,0,10,2025-12-20 16:56:07.594 +0900,true
1637,0,10,2025-12-20 16:56:07.600 +0900,true
1638,0,10,2025-12-20 16:56:07.605 +0900,true
1639,0,10,2025-12-20 16:56:07.610 +0900,true
1640,0,10,2025-12-20 16:56:07.616 +0900,true
1641,0,10,2025-12-20 16:56:07.621 +0900,true
1642,0,10,2025-12-20 16:56:07.627 +0900,true
1643,0,10,2025-12-20 16:56:07.632 +0900,true
1644,0,10,2025-12-20 16:56:07.637 +0900,true
1645,0,10,2025-12-20 16:56:07.643 +0900,true
1646,0,10,2025-12-20 16:56:07.649 +0900,true
1647,0,10,2025-12-20 16:56:07.654 +0900,true
1648,0,10,2025-12-20 16:56:07.660 +0900,true
1649,0,10,2025-12-20 16:56:07.665 +0900,true
1650,0,10,2025-12-20 16:56:07.671 +0900,true
1651,0,10,2025-12-20 16:56:07.676 +0900,true
1652,0,10,2025-12-20 16:56:07.681 +0900,true
1653,0,10,2025-12-20 16:56:07.687 +0900,true
1654,0,10,2025-12-20 16:56:07.693 +0900,true
1655,0,10,2025-12-20 16:56:07.698 +0900,true
1656,0,10,2025-12-20 16:56:07.704 +0900,true
1657,0,10,2025-12-20 16:56:07.709 +0900,true
1658,0,10,2025-12-20 16:56:07.714 +0900,true
1659,0,10,2025-12-20 16:56:07.720 +0900,true
1660,0,10,2025-12-20 16:56:07.726 +0900,true
1661,0,10,2025-12-20 16:56:07.731 +0900,true
1662,0,10,2025-12-20 16:56:07.736 +0900,true
1663,0,10,2025-12-20 16:56:07.742 +0900,true
1664,0,10,2025-12-20 16:56:07.747 +0900,true
1665,0,10,2025-12-20 16:56:07.753 +0900,true
1666,0,10,2025-12-20 16:56:07.758 +0900,true
1667,0,10,2025-12-20 16:56:07.764 +0900,true
1668,0,10,2025-12-20 16:56:07.769 +0900,true
1669,0,10,2025-12-20 16:56:07.775 +0900,true
1670,0,10,2025-12-20 16:56:07.780 +0900,true
1671,0,10,2025-12-20 16:56:07.785 +0900,true
1672,0,10,2025-12-20 16:56:07.791 +0900,true
1673,0,10,2025-12-20 16:56:07.797 +0900,true
1674,0,10,2025-12-20 16:56:07.802 +0900,true
1675,0,10,2025-12-20 16:56:07.808 +0900,true
1676,0,10,2025-12-20 16:56:07.813 +0900,true
1677,0,10,2025-12-20 16:56:07.818 +0900,true
1678,0,10,2025-12-20 16:56:07.824 +0900,true
1679,0,10,2025-12-20 16:56:07.829 +0900,true
1680,0,10,2025-12-20 16:56:07.835 +0900,true
1681,0,10,2025-12-20 16:56:07.840 +0900,true
1682,0,10,2025-12-20 16:56:07.845 +0900,true
1683,0,10,2025-12-20 16:56:07.851 +0900,true
1684,0,10,2025-12-20 16:56:07.857 +0900,true
1685,0,10,2025-12-20 16:56:07.862 +0900,true
1686,0,10,2025-12-20 16:56:07.868 +0900,true
1687,0,10,2025-12-20 16:56:07.874 +0900,true
1688,0,10,2025-12-20 16:56:07.879 +0900,true
1689,0,10,2025-12-20 16:56:07.885 +0900,true
1690,0,10,2025-12-20 16:56:07.890 +0900,true
1691,0,10,2025-12-20 16:56:07.895 +0900,true
1692,0,10,2025-12-20 16:56:07.901 +0900,true
1693,0,10,2025-12-20 16:56:07.906 +0900,true
1694,0,10,2025-12-20 16:56:07.912 +0900,true
1695,0,10,2025-12-20 16:56:07.917 +0900,true
1696,0,10,2025-12-20 16:56:07.923 +0900,true
1697,0,10,2025-12-20 16:56:07.928 +0900,true
1698,0,10,2025-12-20 16:56:07.934 +0900,true
1699,0,10,2025-12-20 16:56:07.939 +0900,true
1700,0,10,2025-12-20 16:56:07.944 +0900,true
1701,0,10,2025-12-20 16:56:07.950 +0900,true
1702,0,10,2025-12-20 16:56:07.955 +0900,true
1703,0,10,2025-12-20 16:56:07.960 +0900,true
1704,0,10,2025-12-20 16:56:07.966 +0900,true
1705,0,10,2025-12-20 16:56:07.971 +0900,true
1706,0,10,2025-12-20 16:56:07.977 +0900,true
1707,0,10,2025-12-20 16:56:07.982 +0900,true
1708,0,10,2025-12-20 16:56:07.988 +0900,true
1709,0,10,2025-12-20 16:56:07.994 +0900,true
1710,0,10,2025-12-20 16:56:07.999 +0900,true
1711,0,10,2025-12-20 16:56:08.004 +0900,true
1712,0,10,2025-12-20 16:56:08.011 +0900,true
1713,0,10,2025-12-20 16:56:08.016 +0900,true
1714,0,10,2025-12-20 16:56:08.021 +0900,true
1715,0,10,2025-12-20 16:56:08.028 +0900,true
1716,0,10,2025-12-20 16:56:08.033 +0900,true
1717,0,10,2025-12-20 16:56:08.039 +0900,true
1718,0,10,2025-12-20 16:56:08.044 +0900,true
1719,0,10,2025-12-20 16:56:08.050 +0900,true
1720,0,10,2025-12-20 16:56:08.055 +0900,true
1721,0,10,2025-12-20 16:56:08.061 +0900,true
1722,0,10,2025-12-20 16:56:08.066 +0900,true
1723,0,10,2025-12-20 16:56:08.072 +0900,true
1724,0,10,2025-12-20 16:56:08.077 +0900,true
1725,0,10,2025-12-20 16:56:08.083 +0900,true
1726,0,10,2025-12-20 16:56:08.089 +0900,true
1727,0,10,2025-12-20 16:56:08.095 +0900,true
1728,0,10,2025-12-20 16:56:08.100 +0900,true
1729,0,10,2025-12-20 16:56:08.106 +0900,true
1730,0,10,2025-12-20 16:56:08.112 +0900,true
1731,0,10,2025-12-20 16:56:08.117 +0900,true
1732,0,10,2025-12-20 16:56:08.123 +0900,true
1733,0,10,2025-12-20 16:56:08.128 +0900,true
1734,0,10,2025-12-20 16:56:08.134 +0900,true
1735,0,10,2025-12-20 16:56:08.139 +0900,true
1736,0,10,2025-12-20 16:56:08.145 +0900,true
1737,0,10,2025-12-20 16:56:08.150 +0900,true
1738,0,10,2025-12-20 16:56:08.156 +0900,true
1739,0,10,2025-12-20 16:56:08.161 +0900,true
1740,0,10,2025-12-20 16:56:08.167 +0900,true
1741,0,10,2025-12-20 16:56:08.172 +0900,true
1742,0,10,2025-12-20 16:56:08.178 +0900,true
1743,0,10,2025-12-20 16:56:08.184 +0900,true
1744,0,10,2025-12-20 16:56:08.189 +0900,true
1745,0,10,2025-12-20 16:56:08.195 +0900,true
1746,0,10,2025-12-20 16:56:08.200 +0900,true
1747,0,10,2025-12-20 16:56:08.206 +0900,true
1748,0,10,2025-12-20 16:56:08.211 +0900,true
1749,0,10,2025-12-20 16:56:08.217 +0900,true
1750,0,10,2025-12-20 16:56:08.222 +0900,true
1751,0,10,2025-12-20 16:56:08.228 +0900,true
1752,0,10,2025-12-20 16:56:08.233 +0900,true
1753,0,10,2025-12-20 16:56:08.239 +0900,true
1754,0,10,2025-12-20 16:56:08.244 +0900,true
1755,0,10,2025-12-20 16:56:08.250 +0900,true
1756,0,10,2025-12-20 16:56:08.255 +0900,true
1757,0,10,2025-12-20 16:56:08.261 +0900,true
1758,0,10,2025-12-20 16:56:08.266 +0900,true
1759,0,10,2025-12-20 16:56:08.272 +0900,true
1760,0,10,2025-12-20 16:56:08.279 +0900,true
1761,0,10,2025-12-20 16:56:08.285 +0900,true
1762,0,10,2025-12-20 16:56:08.292 +0900,true
1763,0,10,2025-12-20 16:56:08.298 +0900,true
1764,0,10,2025-12-20 16:56:08.305 +0900,true
1765,0,10,2025-12-20 16:56:08.311 +0900,true
1766,0,10,2025-12-20 16:56:08.316 +0900,true
1767,0,10,2025-12-20 16:56:08.323 +0900,true
1768,0,10,2025-12-20 16:56:08.328 +0900,true
1769,0,10,2025-12-20 16:56:08.334 +0900,true
1770,0,10,2025-12-20 16:56:08.339 +0900,true
1771,0,10,2025-12-20 16:56:08.345 +0900,true
1772,0,10,2025-12-20 16:56:08.352 +0900,true
1773,0,10,2025-12-20 16:56:08.357 +0900,true
1774,0,10,2025-12-20 16:56:08.363 +0900,true
1775,0,10,2025-12-20 16:56:08.368 +0900,true
1776,0,10,2025-12-20 16:56:08.375 +0900,true
1777,0,10,2025-12-20 16:56:08.381 +0900,true
1778,0,10,2025-12-20 16:56:08.387 +0900,true
1779,0,10,2025-12-20 16:56:08.393 +0900,true
1780,0,10,2025-12-20 16:56:08.398 +0900,true
1781,0,10,2025-12-20 16:56:08.404 +0900,true
1782,0,10,2025-12-20 16:56:08.409 +0900,true
1783,0,10,2025-12-20 16:56:08.415 +0900,true
1784,0,10,2025-12-20 16:56:08.420 +0900,true
1785,0,10,2025-12-20 16:56:08.425 +0900,true
1786,0,10,2025-12-20 16:56:08.431 +0900,true
1787,0,10,2025-12-20 16:56:08.437 +0900,true
1788,0,10,2025-12-20 16:56:08.443 +0900,true
1789,0,10,2025-12-20 16:56:08.448 +0900,true
1790,0,10,2025-12-20 16:56:08.453 +0900,true
1791,0,10,2025-12-20 16:56:08.459 +0900,true
1792,0,10,2025-12-20 16:56:08.466 +0900,true
1793,0,10,2025-12-20 16:56:08.472 +0900,true
1794,0,10,2025-12-20 16:56:08.477 +0900,true
1795,0,10,2025-12-20 16:56:08.484 +0900,true
1796,0,10,2025-12-20 16:56:08.489 +0900,true
1797,0,10,2025-12-20 16:56:08.496 +0900,true
1798,0,10,2025-12-20 16:56:08.502 +0900,true
1799,0,10,2025-12-20 16:56:08.508 +0900,true
1800,0,10,2025-12-20 16:56:08.513 +0900,true
1801,0,10,2025-12-20 16:56:08.520 +0900,true
1802,0,10,2025-12-20 16:56:08.526 +0900,true
1803,0,10,2025-12-20 16:56:08.531 +0900,true
1804,0,10,2025-12-20 16:56:08.537 +0900,true
1805,0,10,2025-12-20 16:56:08.542 +0900,true
1806,0,10,2025-12-20 16:56:08.548 +0900,true
1807,0,10,2025-12-20 16:56:08.554 +0900,true
1808,0,10,2025-12-20 16:56:08.559 +0900,true
1809,0,10,2025-12-20 16:56:08.565 +0900,true
1810,0,10,2025-12-20 16:56:08.571 +0900,true
1811,0,10,2025-12-20 16:56:08.576 +0900,true
1812,0,10,2025-12-20 16:56:08.582 +0900,true
1813,0,10,2025-12-20 16:56:08.587 +0900,true
1814,0,10,2025-12-20 16:56:08.593 +0900,true
1815,0,10,2025-12-20 16:56:08.598 +0900,true
1816,0,10,2025-12-20 16:56:08.604 +0900,true
1817,0,10,2025-12-20 16:56:08.609 +0900,true
1818,0,10,2025-12-20 16:56:08.614 +0900,true
1819,0,10,2025-12-20 16:56:08.620 +0900,true
1820,0,10,2025-12-20 16:56:08.625 +0900,true
1821,0,10,2025-12-20 16:56:08.630 +0900,true
1822,0,10,2025-12-20 16:56:08.636 +0900,true
1823,0,10,2025-12-20 16:56:08.641 +0900,true
1824,0,10,2025-12-20 16:56:08.647 +0900,true
1825,0,10,2025-12-20 16:56:08.652 +0900,true
1826,0,10,2025-12-20 16:56:08.658 +0900,true
1827,0,10,2025-12-20 16:56:08.663 +0900,true
1828,0,10,2025-12-20 16:56:08.668 +0900,true
1829,0,10,2025-12-20 16:56:08.674 +0900,true
1830,0,10,2025-12-20 16:56:08.680 +0900,true
1831,0,10,2025-12-20 16:56:08.685 +0900,true
1832,0,10,2025-12-20 16:56:08.691 +0900,true
1833,0,10,2025-12-20 16:56:08.696 +0900,true
1834,0,10,2025-12-20 16:56:08.702 +0900,true
1835,0,10,2025-12-20 16:56:08.708 +0900,true
1836,0,10,2025-12-20 16:56:08.714 +0900,true
1837,0,10,2025-12-20 16:56:08.719 +0900,true
1838,0,10,2025-12-20 16:56:08.724 +0900,true
1839,0,10,2025-12-20 16:56:08.730 +0900,true
1840,0,10,2025-12-20 16:56:08.736 +0900,true
1841,0,10,2025-12-20 16:56:08.741 +0900,true
1842,0,10,2025-12-20 16:56:08.747 +0900,true
1843,0,10,2025-12-20 16:56:08.752 +0900,true
1844,0,10,2025-12-20 16:56:08.758 +0900,true
1845,0,10,2025-12-20 16:56:08.763 +0900,true
1846,0,10,2025-12-20 16:56:08.769 +0900,true
1847,0,10,2025-12-20 16:56:08.774 +0900,true
1848,0,10,2025-12-20 16:56:08.780 +0900,true
1849,0,10,2025-12-20 16:56:08.786 +0900,true
1850,0,10,2025-12-20 16:56:08.791 +0900,true
1851,0,10,2025-12-20 16:56:08.797 +0900,true
1852,0,10,2025-12-20 16:56:08.802 +0900,true
1853,0,10,2025-12-20 16:56:08.809 +0900,true
1854,0,10,2025-12-20 16:56:08.814 +0900,true
1855,0,10,2025-12-20 16:56:08.819 +0900,true
1856,0,10,2025-12-20 16:56:08.825 +0900,true
1857,0,10,2025-12-20 16:56:08.830 +0900,true
1858,0,10,2025-12-20 16:56:08.836 +0900,true
1859,0,10,2025-12-20 16:56:08.841 +0900,true
1860,0,10,2025-12-20 16:56:08.847 +0900,true
1861,0,10,2025-12-20 16:56:08.852 +0900,true
1862,0,10,2025-12-20 16:56:08.858 +0900,true
1863,0,10,2025-12-20 16:56:08.863 +0900,true
1864,0,10,2025-12-20 16:56:08.870 +0900,true
1865,0,10,2025-12-20 16:56:08.875 +0900,true
1866,0,10,2025-12-20 16:56:08.881 +0900,true
1867,0,10,2025-12-20 16:56:08.887 +0900,true
1868,0,10,2025-12-20 16:56:08.892 +0900,true
1869,0,10,2025-12-20 16:56:08.898 +0900,true
1870,0,10,2025-12-20 16:56:08.904 +0900,true
1871,0,10,2025-12-20 16:56:08.909 +0900,true
1872,0,10,2025-12-20 16:56:08.915 +0900,true
1873,0,10,2025-12-20 16:56:08.921 +0900,true
1874,0,10,2025-12-20 16:56:08.927 +0900,true
1875,0,10,2025-12-20 16:56:08.933 +0900,true
1876,0,10,2025-12-20 16:56:08.939 +0900,true
1877,0,10,2025-12-20 16:56:08.944 +0900,true
1878,0,10,2025-12-20 16:56:08.950 +0900,true
1879,0,10,2025-12-20 16:56:08.955 +0900,true
1880,0,10,2025-12-20 16:56:08.961 +0900,true
1881,0,10,2025-12-20 16:56:08.969 +0900,true
1882,0,10,2025-12-20 16:56:08.977 +0900,true
1883,0,10,2025-12-20 16:56:08.984 +0900,true
1884,0,10,2025-12-20 16:56:08.991 +0900,true
1885,0,10,2025-12-20 16:56:08.997 +0900,true
1886,0,10,2025-12-20 16:56:09.006 +0900,true
1887,0,10,2025-12-20 16:56:09.012 +0900,true
1888,0,10,2025-12-20 16:56:09.017 +0900,true
1889,0,10,2025-12-20 16:56:09.024 +0900,true
1890,0,10,2025-12-20 16:56:09.030 +0900,true
1891,0,10,2025-12-20 16:56:09.036 +0900,true
1892,0,10,2025-12-20 16:56:09.041 +0900,true
1893,0,10,2025-12-20 16:56:09.047 +0900,true
1894,0,10,2025-12-20 16:56:09.053 +0900,true
1895,0,10,2025-12-20 16:56:09.058 +0900,true
1896,0,10,2025-12-20 16:56:09.064 +0900,true
1897,0,10,2025-12-20 16:56:09.070 +0900,true
1898,0,10,2025-12-20 16:56:09.076 +0900,true
1899,0,10,2025-12-20 16:56:09.081 +0900,true
1900,0,10,2025-12-20 16:56:09.087 +0900,true
1901,0,10,2025-12-20 16:56:09.092 +0900,true
1902,0,10,2025-12-20 16:56:09.098 +0900,true
1903,0,10,2025-12-20 16:56:09.103 +0900,true
1904,0,10,2025-12-20 16:56:09.109 +0900,true
1905,0,10,2025-12-20 16:56:09.115 +0900,true
1906,0,10,2025-12-20 16:56:09.121 +0900,true
1907,0,10,2025-12-20 16:56:09.126 +0900,true
1908,0,10,2025-12-20 16:56:09.132 +0900,true
1909,0,10,2025-12-20 16:56:09.137 +0900,true
1910,0,10,2025-12-20 16:56:09.142 +0900,true
1911,0,10,2025-12-20 16:56:09.148 +0900,true
1912,0,10,2025-12-20 16:56:09.153 +0900,true
1913,0,10,2025-12-20 16:56:09.159 +0900,true
1914,0,10,2025-12-20 16:56:09.165 +0900,true
1915,0,10,2025-12-20 16:56:09.171 +0900,true
1916,0,10,2025-12-20 16:56:09.176 +0900,true
1917,0,10,2025-12-20 16:56:09.182 +0900,true
1918,0,10,2025-12-20 16:56:09.188 +0900,true
1919,0,10,2025-12-20 16:56:09.193 +0900,true
1920,0,10,2025-12-20 16:56:09.199 +0900,true
1921,0,10,2025-12-20 16:56:09.204 +0900,true
1922,0,10,2025-12-20 16:56:09.210 +0900,true
1923,0,10,2025-12-20 16:56:09.216 +0900,true
1924,0,10,2025-12-20 16:56:09.221 +0900,true
1925,0,10,2025-12-20 16:56:09.227 +0900,true
1926,0,10,2025-12-20 16:56:09.232 +0900,true
1927,0,10,2025-12-20 16:56:09.238 +0900,true
1928,0,10,2025-12-20 16:56:09.243 +0900,true
1929,0,10,2025-12-20 16:56:09.249 +0900,true
1930,0,10,2025-12-20 16:56:09.255 +0900,true
1931,0,10,2025-12-20 16:56:09.260 +0900,true
1932,0,10,2025-12-20 16:56:09.266 +0900,true
1933,0,10,2025-12-20 16:56:09.271 +0900,true
1934,0,10,2025-12-20 16:56:09.277 +0900,true
1935,0,10,2025-12-20 16:56:09.282 +0900,true
1936,0,10,2025-12-20 16:56:09.288 +0900,true
1937,0,10,2025-12-20 16:56:09.293 +0900,true
1938,0,10,2025-12-20 16:56:09.299 +0900,true
1939,0,10,2025-12-20 16:56:09.304 +0900,true
1940,0,10,2025-12-20 16:56:09.310 +0900,true
1941,0,10,2025-12-20 16:56:09.315 +0900,true
1942,0,10,2025-12-20 16:56:09.321 +0900,true
1943,0,10,2025-12-20 16:56:09.328 +0900,true
1944,0,10,2025-12-20 16:56:09.334 +0900,true
1945,0,10,2025-12-20 16:56:09.339 +0900,true
1946,0,10,2025-12-20 16:56:09.345 +0900,true
1947,0,10,2025-12-20 16:56:09.350 +0900,true
1948,0,10,2025-12-20 16:56:09.355 +0900,true
1949,0,10,2025-12-20 16:56:09.361 +0900,true
1950,0,10,2025-12-20 16:56:09.366 +0900,true
1951,0,10,2025-12-20 16:56:09.372 +0900,true
1952,0,10,2025-12-20 16:56:09.377 +0900,true
1953,0,10,2025-12-20 16:56:09.383 +0900,true
1954,0,10,2025-12-20 16:56:09.389 +0900,true
1955,0,10,2025-12-20 16:56:09.394 +0900,true
1956,0,10,2025-12-20 16:56:09.400 +0900,true
1957,0,10,2025-12-20 16:56:09.405 +0900,true
1958,0,10,2025-12-20 16:56:09.411 +0900,true
1959,0,10,2025-12-20 16:56:09.416 +0900,true
1960,0,10,2025-12-20 16:56:09.422 +0900,true
1961,0,10,2025-12-20 16:56:09.427 +0900,true
1962,0,10,2025-12-20 16:56:09.432 +0900,true
1963,0,10,2025-12-20 16:56:09.438 +0900,true
1964,0,10,2025-12-20 16:56:09.443 +0900,true
1965,0,10,2025-12-20 16:56:09.448 +0900,true
1966,0,10,2025-12-20 16:56:09.454 +0900,true
1967,0,10,2025-12-20 16:56:09.459 +0900,true
1968,0,10,2025-12-20 16:56:09.465 +0900,true
1969,0,10,2025-12-20 16:56:09.470 +0900,true
1970,0,10,2025-12-20 16:56:09.476 +0900,true
1971,0,10,2025-12-20 16:56:09.482 +0900,true
1972,0,10,2025-12-20 16:56:09.487 +0900,true
1973,0,10,2025-12-20 16:56:09.493 +0900,true
1974,0,10,2025-12-20 16:56:09.499 +0900,true
1975,0,10,2025-12-20 16:56:09.504 +0900,true
1976,0,10,2025-12-20 16:56:09.510 +0900,true
1977,0,10,2025-12-20 16:56:09.516 +0900,true
1978,0,10,2025-12-20 16:56:09.521 +0900,true
1979,0,10,2025-12-20 16:56:09.527 +0900,true
1980,0,10,2025-12-20 16:56:09.532 +0900,true
1981,0,10,2025-12-20 16:56:09.538 +0900,true
1982,0,10,2025-12-20 16:56:09.543 +0900,true
1983,0,10,2025-12-20 16:56:09.548 +0900,true
1984,0,10,2025-12-20 16:56:09.554 +0900,true
1985,0,10,2025-12-20 16:56:09.560 +0900,true
1986,0,10,2025-12-20 16:56:09.565 +0900,true
1987,0,10,2025-12-20 16:56:09.571 +0900,true
1988,0,10,2025-12-20 16:56:09.576 +0900,true
1989,0,10,2025-12-20 16:56:09.582 +0900,true
1990,0,10,2025-12-20 16:56:09.587 +0900,true
1991,0,10,2025-12-20 16:56:09.593 +0900,true
1992,0,10,2025-12-20 16:56:09.598 +0900,true
1993,0,10,2025-12-20 16:56:09.604 +0900,true
1994,0,10,2025-12-20 16:56:09.610 +0900,true
1995,0,10,2025-12-20 16:56:09.615 +0900,true
1996,0,10,2025-12-20 16:56:09.621 +0900,true
1997,0,10,2025-12-20 16:56:09.626 +0900,true
1998,0,10,2025-12-20 16:56:09.632 +0900,true
1999,0,10,2025-12-20 16:56:09.637 +0900,true
2000,0,10,2025-12-20 16:56:09.643 +0900,true
2001,0,10,2025-12-20 16:56:09.648 +0900,true
2002,0,10,2025-12-20 16:56:09.655 +0900,true
2003,0,10,2025-12-20 16:56:09.660 +0900,true
2004,0,10,2025-12-20 16:56:09.667 +0900,true
2005,0,10,2025-12-20 16:56:09.672 +0900,true
2006,0,10,2025-12-20 16:56:09.678 +0900,true
2007,0,10,2025-12-20 16:56:09.683 +0900,true
2008,0,10,2025-12-20 16:56:09.689 +0900,true
2009,0,10,2025-12-20 16:56:09.694 +0900,true
2010,0,10,2025-12-20 16:56:09.700 +0900,true
2011,0,10,2025-12-20 16:56:09.705 +0900,true
2012,0,10,2025-12-20 16:56:09.711 +0900,true
2013,0,10,2025-12-20 16:56:09.716 +0900,true
2014,0,10,2025-12-20 16:56:09.722 +0900,true
2015,0,10,2025-12-20 16:56:09.727 +0900,true
2016,0,10,2025-12-20 16:56:09.732 +0900,true
2017,0,10,2025-12-20 16:56:09.738 +0900,true
2018,0,10,2025-12-20 16:56:09.743 +0900,true
2019,0,10,2025-12-20 16:56:09.748 +0900,true
2020,0,10,2025-12-20 16:56:09.754 +0900,true
2021,0,10,2025-12-20 16:56:09.759 +0900,true
2022,0,10,2025-12-20 16:56:09.766 +0900,true
2023,0,10,2025-12-20 16:56:09.771 +0900,true
2024,0,10,2025-12-20 16:56:09.777 +0900,true
2025,0,10,2025-12-20 16:56:09.782 +0900,true
2026,0,10,2025-12-20 16:56:09.787 +0900,true
2027,0,10,2025-12-20 16:56:09.793 +0900,true
2028,0,10,2025-12-20 16:56:09.798 +0900,true
2029,0,10,2025-12-20 16:56:09.803 +0900,true
2030,0,10,2025-12-20 16:56:09.809 +0900,true
2031,0,10,2025-12-20 16:56:09.814 +0900,true
2032,0,10,2025-12-20 16:56:09.820 +0900,true
2033,0,10,2025-12-20 16:56:09.825 +0900,true
2034,0,10,2025-12-20 16:56:09.830 +0900,true
2035,0,10,2025-12-20 16:56:09.836 +0900,true
2036,0,10,2025-12-20 16:56:09.841 +0900,true
2037,0,10,2025-12-20 16:56:09.847 +0900,true
2038,0,10,2025-12-20 16:56:09.853 +0900,true
2039,0,10,2025-12-20 16:56:09.858 +0900,true
2040,0,10,2025-12-20 16:56:09.864 +0900,true
2041,0,10,2025-12-20 16:56:09.869 +0900,true
2042,0,10,2025-12-20 16:56:09.875 +0900,true
2043,0,10,2025-12-20 16:56:09.881 +0900,true
2044,0,10,2025-12-20 16:56:09.887 +0900,true
2045,0,10,2025-12-20 16:56:09.892 +0900,true
2046,0,10,2025-12-20 16:56:09.898 +0900,true
2047,0,10,2025-12-20 16:56:09.904 +0900,true
2048,0,10,2025-12-20 16:56:09.909 +0900,true
2049,0,10,2025-12-20 16:56:09.915 +0900,true
2050,0,10,2025-12-20 16:56:09.921 +0900,true
2051,0,10,2025-12-20 16:56:09.926 +0900,true
2052,0,10,2025-12-20 16:56:09.932 +0900,true
2053,0,10,2025-12-20 16:56:09.938 +0900,true
2054,0,10,2025-12-20 16:56:09.944 +0900,true
2055,0,10,2025-12-20 16:56:09.950 +0900,true
2056,0,10,2025-12-20 16:56:09.958 +0900,true
2057,0,10,2025-12-20 16:56:09.964 +0900,true
2058,0,10,2025-12-20 16:56:09.969 +0900,true
2059,0,10,2025-12-20 16:56:09.974 +0900,true
2060,0,10,2025-12-20 16:56:09.979 +0900,true
2061,0,10,2025-12-20 16:56:09.984 +0900,true
2062,0,10,2025-12-20 16:56:09.989 +0900,true
2063,0,10,2025-12-20 16:56:09.993 +0900,true
2064,0,10,2025-12-20 16:56:09.997 +0900,true
2065,0,10,2025-12-20 16:56:10.003 +0900,true
2066,0,10,2025-12-20 16:56:10.008 +0900,true
2067,0,10,2025-12-20 16:56:10.014 +0900,true
2068,0,10,2025-12-20 16:56:10.018 +0900,true
2069,0,10,2025-12-20 16:56:10.024 +0900,true
2070,0,10,2025-12-20 16:56:10.029 +0900,true
2071,0,10,2025-12-20 16:56:10.037 +0900,true
2072,0,10,2025-12-20 16:56:10.045 +0900,true
2073,0,10,2025-12-20 16:56:10.049 +0900,true
2074,0,10,2025-12-20 16:56:10.055 +0900,true
2075,0,10,2025-12-20 16:56:10.060 +0900,true
2076,0,10,2025-12-20 16:56:10.065 +0900,true
2077,0,10,2025-12-20 16:56:10.070 +0900,true
2078,0,10,2025-12-20 16:56:10.075 +0900,true
2079,0,10,2025-12-20 16:56:10.082 +0900,true
2080,0,10,2025-12-20 16:56:10.090 +0900,true
2081,0,10,2025-12-20 16:56:10.098 +0900,true
2082,0,10,2025-12-20 16:56:10.105 +0900,true
2083,0,10,2025-12-20 16:56:10.113 +0900,true
2084,0,10,2025-12-20 16:56:10.120 +0900,true
2085,0,10,2025-12-20 16:56:10.130 +0900,true
2086,0,10,2025-12-20 16:56:10.138 +0900,true
2087,0,10,2025-12-20 16:56:10.145 +0900,true
2088,0,10,2025-12-20 16:56:10.151 +0900,true
2089,0,10,2025-12-20 16:56:10.158 +0900,true
2090,0,10,2025-12-20 16:56:10.164 +0900,true
2091,0,10,2025-12-20 16:56:10.172 +0900,true
2092,0,10,2025-12-20 16:56:10.181 +0900,true
2093,0,10,2025-12-20 16:56:10.189 +0900,true
2094,0,10,2025-12-20 16:56:10.198 +0900,true
2095,0,10,2025-12-20 16:56:10.208 +0900,true
2096,0,10,2025-12-20 16:56:10.216 +0900,true
2097,0,10,2025-12-20 16:56:10.223 +0900,true
2098,0,10,2025-12-20 16:56:10.231 +0900,true
2099,0,10,2025-12-20 16:56:10.237 +0900,true
2100,0,10,2025-12-20 16:56:10.243 +0900,true
2101,0,10,2025-12-20 16:56:10.250 +0900,true
2102,0,10,2025-12-20 16:56:10.256 +0900,true
2103,0,10,2025-12-20 16:56:10.262 +0900,true
2104,0,10,2025-12-20 16:56:10.268 +0900,true
2105,0,10,2025-12-20 16:56:10.274 +0900,true
2106,0,10,2025-12-20 16:56:10.280 +0900,true
2107,0,10,2025-12-20 16:56:10.286 +0900,true
2108,0,10,2025-12-20 16:56:10.292 +0900,true
2109,0,10,2025-12-20 16:56:10.298 +0900,true
2110,0,10,2025-12-20 16:56:10.305 +0900,true
2111,0,10,2025-12-20 16:56:10.312 +0900,true
2112,0,10,2025-12-20 16:56:10.319 +0900,true
2113,0,10,2025-12-20 16:56:10.325 +0900,true
2114,0,10,2025-12-20 16:56:10.332 +0900,true
2115,0,10,2025-12-20 16:56:10.337 +0900,true
2116,0,10,2025-12-20 16:56:10.343 +0900,true
2117,0,10,2025-12-20 16:56:10.349 +0900,true
2118,0,10,2025-12-20 16:56:10.355 +0900,true
2119,0,10,2025-12-20 16:56:10.361 +0900,true
2120,0,10,2025-12-20 16:56:10.367 +0900,true
2121,0,10,2025-12-20 16:56:10.373 +0900,true
2122,0,10,2025-12-20 16:56:10.379 +0900,true
2123,0,10,2025-12-20 16:56:10.386 +0900,true
2124,0,10,2025-12-20 16:56:10.392 +0900,true
2125,0,10,2025-12-20 16:56:10.398 +0900,true
2126,0,10,2025-12-20 16:56:10.405 +0900,true
2127,0,10,2025-12-20 16:56:10.412 +0900,true
2128,0,10,2025-12-20 16:56:10.418 +0900,true
2129,0,10,2025-12-20 16:56:10.424 +0900,true
2130,0,10,2025-12-20 16:56:10.430 +0900,true
2131,0,10,2025-12-20 16:56:10.435 +0900,true
2132,0,10,2025-12-20 16:56:10.441 +0900,true
2133,0,10,2025-12-20 16:56:10.447 +0900,true
2134,0,10,2025-12-20 16:56:10.452 +0900,true
2135,0,10,2025-12-20 16:56:10.458 +0900,true
2136,0,10,2025-12-20 16:56:10.464 +0900,true
2137,0,10,2025-12-20 16:56:10.470 +0900,true
2138,0,10,2025-12-20 16:56:10.476 +0900,true
2139,0,10,2025-12-20 16:56:10.483 +0900,true
2140,0,10,2025-12-20 16:56:10.488 +0900,true
2141,0,10,2025-12-20 16:56:10.495 +0900,true
2142,0,10,2025-12-20 16:56:10.502 +0900,true
2143,0,10,2025-12-20 16:56:10.509 +0900,true
2144,0,10,2025-12-20 16:56:10.516 +0900,true
2145,0,10,2025-12-20 16:56:10.522 +0900,true
2146,0,10,2025-12-20 16:56:10.529 +0900,true
2147,0,10,2025-12-20 16:56:10.536 +0900,true
2148,0,10,2025-12-20 16:56:10.543 +0900,true
2149,0,10,2025-12-20 16:56:10.550 +0900,true
2150,0,10,2025-12-20 16:56:10.557 +0900,true
2151,0,10,2025-12-20 16:56:10.564 +0900,true
2152,0,10,2025-12-20 16:56:10.572 +0900,true
2153,0,10,2025-12-20 16:56:10.578 +0900,true
2154,0,10,2025-12-20 16:56:10.586 +0900,true
2155,0,10,2025-12-20 16:56:10.593 +0900,true
2156,0,10,2025-12-20 16:56:10.600 +0900,true
2157,0,10,2025-12-20 16:56:10.607 +0900,true
2158,0,10,2025-12-20 16:56:10.614 +0900,true
2159,0,10,2025-12-20 16:56:10.621 +0900,true
2160,0,10,2025-12-20 16:56:10.628 +0900,true
2161,0,10,2025-12-20 16:56:10.635 +0900,true
2162,0,10,2025-12-20 16:56:10.642 +0900,true
2163,0,10,2025-12-20 16:56:10.649 +0900,true
2164,0,10,2025-12-20 16:56:10.656 +0900,true
2165,0,10,2025-12-20 16:56:10.662 +0900,true
2166,0,10,2025-12-20 16:56:10.669 +0900,true
2167,0,10,2025-12-20 16:56:10.676 +0900,true
2168,0,10,2025-12-20 16:56:10.683 +0900,true
2169,0,10,2025-12-20 16:56:10.690 +0900,true
2170,0,10,2025-12-20 16:56:10.697 +0900,true
2171,0,10,2025-12-20 16:56:10.702 +0900,true
2172,0,10,2025-12-20 16:56:10.708 +0900,true
2173,0,10,2025-12-20 16:56:10.714 +0900,true
2174,0,10,2025-12-20 16:56:10.719 +0900,true
2175,0,10,2025-12-20 16:56:10.725 +0900,true
2176,0,10,2025-12-20 16:56:10.731 +0900,true
2177,0,10,2025-12-20 16:56:10.737 +0900,true
2178,0,10,2025-12-20 16:56:10.743 +0900,true
2179,0,10,2025-12-20 16:56:10.749 +0900,true
2180,0,10,2025-12-20 16:56:10.754 +0900,true
2181,0,10,2025-12-20 16:56:10.762 +0900,true
2182,0,10,2025-12-20 16:56:10.771 +0900,true
2183,0,10,2025-12-20 16:56:10.778 +0900,true
2184,0,10,2025-12-20 16:56:10.785 +0900,true
2185,0,10,2025-12-20 16:56:10.793 +0900,true
2186,0,10,2025-12-20 16:56:10.803 +0900,true
2187,0,10,2025-12-20 16:56:10.813 +0900,true
2188,0,10,2025-12-20 16:56:10.819 +0900,true
2189,0,10,2025-12-20 16:56:10.824 +0900,true
2190,0,10,2025-12-20 16:56:10.830 +0900,true
2191,0,10,2025-12-20 16:56:10.836 +0900,true
2192,0,10,2025-12-20 16:56:10.842 +0900,true
2193,0,10,2025-12-20 16:56:10.847 +0900,true
2194,0,10,2025-12-20 16:56:10.853 +0900,true
2195,0,10,2025-12-20 16:56:10.859 +0900,true
2196,0,10,2025-12-20 16:56:10.865 +0900,true
2197,0,10,2025-12-20 16:56:10.870 +0900,true
2198,0,10,2025-12-20 16:56:10.876 +0900,true
2199,0,10,2025-12-20 16:56:10.881 +0900,true
2200,0,10,2025-12-20 16:56:10.887 +0900,true
2201,0,10,2025-12-20 16:56:10.893 +0900,true
2202,0,10,2025-12-20 16:56:10.899 +0900,true
2203,0,10,2025-12-20 16:56:10.904 +0900,true
2204,0,10,2025-12-20 16:56:10.910 +0900,true
2205,0,10,2025-12-20 16:56:10.916 +0900,true
2206,0,10,2025-12-20 16:56:10.922 +0900,true
2207,0,10,2025-12-20 16:56:10.928 +0900,true
2208,0,10,2025-12-20 16:56:10.935 +0900,true
2209,0,10,2025-12-20 16:56:10.941 +0900,true
2210,0,10,2025-12-20 16:56:10.947 +0900,true
2211,0,10,2025-12-20 16:56:10.955 +0900,true
2212,0,10,2025-12-20 16:56:10.962 +0900,true
2213,0,10,2025-12-20 16:56:10.969 +0900,true
2214,0,10,2025-12-20 16:56:10.976 +0900,true
2215,0,10,2025-12-20 16:56:10.983 +0900,true
2216,0,10,2025-12-20 16:56:10.989 +0900,true
2217,0,10,2025-12-20 16:56:10.995 +0900,true
2218,0,10,2025-12-20 16:56:11.001 +0900,true
2219,0,10,2025-12-20 16:56:11.009 +0900,true
2220,0,10,2025-12-20 16:56:11.015 +0900,true
2221,0,10,2025-12-20 16:56:11.021 +0900,true
2222,0,10,2025-12-20 16:56:11.027 +0900,true
2223,0,10,2025-12-20 16:56:11.033 +0900,true
2224,0,10,2025-12-20 16:56:11.041 +0900,true
2225,0,10,2025-12-20 16:56:11.047 +0900,true
2226,0,10,2025-12-20 16:56:11.053 +0900,true
2227,0,10,2025-12-20 16:56:11.059 +0900,true
2228,0,10,2025-12-20 16:56:11.065 +0900,true
2229,0,10,2025-12-20 16:56:11.071 +0900,true
2230,0,10,2025-12-20 16:56:11.076 +0900,true
2231,0,10,2025-12-20 16:56:11.082 +0900,true
2232,0,10,2025-12-20 16:56:11.089 +0900,true
2233,0,10,2025-12-20 16:56:11.095 +0900,true
2234,0,10,2025-12-20 16:56:11.101 +0900,true
2235,0,10,2025-12-20 16:56:11.107 +0900,true
2236,0,10,2025-12-20 16:56:11.114 +0900,true
2237,0,10,2025-12-20 16:56:11.119 +0900,true
2238,0,10,2025-12-20 16:56:11.125 +0900,true
2239,0,10,2025-12-20 16:56:11.132 +0900,true
2240,0,10,2025-12-20 16:56:11.138 +0900,true
2241,0,10,2025-12-20 16:56:11.143 +0900,true
2242,0,10,2025-12-20 16:56:11.149 +0900,true
2243,0,10,2025-12-20 16:56:11.156 +0900,true
2244,0,10,2025-12-20 16:56:11.162 +0900,true
2245,0,10,2025-12-20 16:56:11.168 +0900,true
2246,0,10,2025-12-20 16:56:11.175 +0900,true
2247,0,10,2025-12-20 16:56:11.182 +0900,true
2248,0,10,2025-12-20 16:56:11.188 +0900,true
2249,0,10,2025-12-20 16:56:11.195 +0900,true
2250,0,10,2025-12-20 16:56:11.201 +0900,true
2251,0,10,2025-12-20 16:56:11.207 +0900,true
2252,0,10,2025-12-20 16:56:11.213 +0900,true
2253,0,10,2025-12-20 16:56:11.219 +0900,true
2254,0,10,2025-12-20 16:56:11.225 +0900,true
2255,0,10,2025-12-20 16:56:11.232 +0900,true
2256,0,10,2025-12-20 16:56:11.238 +0900,true
2257,0,10,2025-12-20 16:56:11.244 +0900,true
2258,0,10,2025-12-20 16:56:11.251 +0900,true
2259,0,10,2025-12-20 16:56:11.258 +0900,true
2260,0,10,2025-12-20 16:56:11.264 +0900,true
2261,0,10,2025-12-20 16:56:11.270 +0900,true
2262,0,10,2025-12-20 16:56:11.276 +0900,true
2263,0,10,2025-12-20 16:56:11.282 +0900,true
2264,0,10,2025-12-20 16:56:11.288 +0900,true
2265,0,10,2025-12-20 16:56:11.294 +0900,true
2266,0,10,2025-12-20 16:56:11.299 +0900,true
2267,0,10,2025-12-20 16:56:11.305 +0900,true
2268,0,10,2025-12-20 16:56:11.311 +0900,true
2269,0,10,2025-12-20 16:56:11.317 +0900,true
2270,0,10,2025-12-20 16:56:11.323 +0900,true
2271,0,10,2025-12-20 16:56:11.328 +0900,true
2272,0,10,2025-12-20 16:56:11.334 +0900,true
2273,0,10,2025-12-20 16:56:11.340 +0900,true
2274,0,10,2025-12-20 16:56:11.347 +0900,true
2275,0,10,2025-12-20 16:56:11.353 +0900,true
2276,0,10,2025-12-20 16:56:11.359 +0900,true
2277,0,10,2025-12-20 16:56:11.366 +0900,true
2278,0,10,2025-12-20 16:56:11.373 +0900,true
2279,0,10,2025-12-20 16:56:11.379 +0900,true
2280,0,10,2025-12-20 16:56:11.385 +0900,true
2281,0,10,2025-12-20 16:56:11.392 +0900,true
2282,0,10,2025-12-20 16:56:11.398 +0900,true
2283,0,10,2025-12-20 16:56:11.405 +0900,true
2284,0,10,2025-12-20 16:56:11.411 +0900,true
2285,0,10,2025-12-20 16:56:11.417 +0900,true
2286,0,10,2025-12-20 16:56:11.423 +0900,true
2287,0,10,2025-12-20 16:56:11.429 +0900,true
2288,0,10,2025-12-20 16:56:11.435 +0900,true
2289,0,10,2025-12-20 16:56:11.442 +0900,true
2290,0,10,2025-12-20 16:56:11.448 +0900,true
2291,0,10,2025-12-20 16:56:11.453 +0900,true
2292,0,10,2025-12-20 16:56:11.460 +0900,true
2293,0,10,2025-12-20 16:56:11.466 +0900,true
2294,0,10,2025-12-20 16:56:11.473 +0900,true
2295,0,10,2025-12-20 16:56:11.479 +0900,true
2296,0,10,2025-12-20 16:56:11.485 +0900,true
2297,0,10,2025-12-20 16:56:11.492 +0900,true
2298,0,10,2025-12-20 16:56:11.498 +0900,true
2299,0,10,2025-12-20 16:56:11.505 +0900,true
2300,0,10,2025-12-20 16:56:11.512 +0900,true
2301,0,10,2025-12-20 16:56:11.518 +0900,true
2302,0,10,2025-12-20 16:56:11.525 +0900,true
2303,0,10,2025-12-20 16:56:11.533 +0900,true
2304,0,10,2025-12-20 16:56:11.539 +0900,true
2305,0,10,2025-12-20 16:56:11.546 +0900,true
2306,0,10,2025-12-20 16:56:11.553 +0900,true
2307,0,10,2025-12-20 16:56:11.560 +0900,true
2308,0,10,2025-12-20 16:56:11.567 +0900,true
2309,0,10,2025-12-20 16:56:11.573 +0900,true
2310,0,10,2025-12-20 16:56:11.580 +0900,true
2311,0,10,2025-12-20 16:56:11.587 +0900,true
2312,0,10,2025-12-20 16:56:11.594 +0900,true
2313,0,10,2025-12-20 16:56:11.599 +0900,true
2314,0,10,2025-12-20 16:56:11.606 +0900,true
2315,0,10,2025-12-20 16:56:11.612 +0900,true
2316,0,10,2025-12-20 16:56:11.618 +0900,true
2317,0,10,2025-12-20 16:56:11.624 +0900,true
2318,0,10,2025-12-20 16:56:11.630 +0900,true
2319,0,10,2025-12-20 16:56:11.636 +0900,true
2320,0,10,2025-12-20 16:56:11.642 +0900,true
2321,0,10,2025-12-20 16:56:11.648 +0900,true
2322,0,10,2025-12-20 16:56:11.655 +0900,true
2323,0,10,2025-12-20 16:56:11.662 +0900,true
2324,0,10,2025-12-20 16:56:11.668 +0900,true
2325,0,10,2025-12-20 16:56:11.675 +0900,true
2326,0,10,2025-12-20 16:56:11.682 +0900,true
2327,0,10,2025-12-20 16:56:11.688 +0900,true
2328,0,10,2025-12-20 16:56:11.695 +0900,true
2329,0,10,2025-12-20 16:56:11.701 +0900,true
2330,0,10,2025-12-20 16:56:11.707 +0900,true
2331,0,10,2025-12-20 16:56:11.713 +0900,true
2332,0,10,2025-12-20 16:56:11.720 +0900,true
2333,0,10,2025-12-20 16:56:11.726 +0900,true
2334,0,10,2025-12-20 16:56:11.732 +0900,true
2335,0,10,2025-12-20 16:56:11.738 +0900,true
2336,0,10,2025-12-20 16:56:11.744 +0900,true
2337,0,10,2025-12-20 16:56:11.751 +0900,true
2338,0,10,2025-12-20 16:56:11.756 +0900,true
2339,0,10,2025-12-20 16:56:11.762 +0900,true
2340,0,10,2025-12-20 16:56:11.769 +0900,true
2341,0,10,2025-12-20 16:56:11.775 +0900,true
2342,0,10,2025-12-20 16:56:11.782 +0900,true
2343,0,10,2025-12-20 16:56:11.789 +0900,true
2344,0,10,2025-12-20 16:56:11.795 +0900,true
2345,0,10,2025-12-20 16:56:11.805 +0900,true
2346,0,10,2025-12-20 16:56:11.812 +0900,true
2347,0,10,2025-12-20 16:56:11.819 +0900,true
2348,0,10,2025-12-20 16:56:11.824 +0900,true
2349,0,10,2025-12-20 16:56:11.828 +0900,true
2350,0,10,2025-12-20 16:56:11.835 +0900,true
2351,0,10,2025-12-20 16:56:11.841 +0900,true
2352,0,10,2025-12-20 16:56:11.850 +0900,true
2353,0,10,2025-12-20 16:56:11.855 +0900,true
2354,0,10,2025-12-20 16:56:11.862 +0900,true
2355,0,10,2025-12-20 16:56:11.870 +0900,true
2356,0,10,2025-12-20 16:56:11.875 +0900,true
2357,0,10,2025-12-20 16:56:11.880 +0900,true
2358,0,10,2025-12-20 16:56:11.888 +0900,true
2359,0,10,2025-12-20 16:56:11.893 +0900,true
2360,0,10,2025-12-20 16:56:11.899 +0900,true
2361,0,10,2025-12-20 16:56:11.908 +0900,true
2362,0,10,2025-12-20 16:56:11.915 +0900,true
2363,0,10,2025-12-20 16:56:11.921 +0900,true
2364,0,10,2025-12-20 16:56:11.929 +0900,true
2365,0,10,2025-12-20 16:56:11.937 +0900,true
2366,0,10,2025-12-20 16:56:11.944 +0900,true
2367,0,10,2025-12-20 16:56:11.950 +0900,true
2368,0,10,2025-12-20 16:56:11.955 +0900,true
2369,0,10,2025-12-20 16:56:11.961 +0900,true
2370,0,10,2025-12-20 16:56:11.968 +0900,true
2371,0,10,2025-12-20 16:56:11.973 +0900,true
2372,0,10,2025-12-20 16:56:11.980 +0900,true
2373,0,10,2025-12-20 16:56:11.989 +0900,true
2374,0,10,2025-12-20 16:56:11.999 +0900,true
2375,0,10,2025-12-20 16:56:12.006 +0900,true
2376,0,10,2025-12-20 16:56:12.012 +0900,true
2377,0,10,2025-12-20 16:56:12.017 +0900,true
2378,0,10,2025-12-20 16:56:12.023 +0900,true
2379,0,10,2025-12-20 16:56:12.029 +0900,true
2380,0,10,2025-12-20 16:56:12.035 +0900,true
2381,0,10,2025-12-20 16:56:12.044 +0900,true
2382,0,10,2025-12-20 16:56:12.052 +0900,true
2383,0,10,2025-12-20 16:56:12.057 +0900,true
2384,0,10,2025-12-20 16:56:12.063 +0900,true
2385,0,10,2025-12-20 16:56:12.070 +0900,true
2386,0,10,2025-12-20 16:56:12.076 +0900,true
2387,0,10,2025-12-20 16:56:12.082 +0900,true
2388,0,10,2025-12-20 16:56:12.092 +0900,true
2389,0,10,2025-12-20 16:56:12.105 +0900,true
2390,0,10,2025-12-20 16:56:12.114 +0900,true
2391,0,10,2025-12-20 16:56:12.122 +0900,true
2392,0,10,2025-12-20 16:56:12.134 +0900,true
2393,0,10,2025-12-20 16:56:12.142 +0900,true
2394,0,10,2025-12-20 16:56:12.148 +0900,true
2395,0,10,2025-12-20 16:56:12.154 +0900,true
2396,0,10,2025-12-20 16:56:12.158 +0900,true
2397,0,10,2025-12-20 16:56:12.164 +0900,true
2398,0,10,2025-12-20 16:56:12.170 +0900,true
2399,0,10,2025-12-20 16:56:12.176 +0900,true
2400,0,10,2025-12-20 16:56:12.182 +0900,true
2401,0,10,2025-12-20 16:56:12.187 +0900,true
2402,0,10,2025-12-20 16:56:12.195 +0900,true
2403,0,10,2025-12-20 16:56:12.206 +0900,true
2404,0,10,2025-12-20 16:56:12.212 +0900,true
2405,0,10,2025-12-20 16:56:12.218 +0900,true
2406,0,10,2025-12-20 16:56:12.223 +0900,true
2407,0,10,2025-12-20 16:56:12.229 +0900,true
2408,0,10,2025-12-20 16:56:12.238 +0900,true
2409,0,10,2025-12-20 16:56:12.243 +0900,true
2410,0,10,2025-12-20 16:56:12.249 +0900,true
2411,0,10,2025-12-20 16:56:12.255 +0900,true
2412,0,10,2025-12-20 16:56:12.262 +0900,true
2413,0,10,2025-12-20 16:56:12.267 +0900,true
2414,0,10,2025-12-20 16:56:12.272 +0900,true
2415,0,10,2025-12-20 16:56:12.279 +0900,true
2416,0,10,2025-12-20 16:56:12.286 +0900,true
2417,0,10,2025-12-20 16:56:12.292 +0900,true
2418,0,10,2025-12-20 16:56:12.298 +0900,true
2419,0,10,2025-12-20 16:56:12.304 +0900,true
2420,0,10,2025-12-20 16:56:12.309 +0900,true
2421,0,10,2025-12-20 16:56:12.315 +0900,true
2422,0,10,2025-12-20 16:56:12.321 +0900,true
2423,0,10,2025-12-20 16:56:12.326 +0900,true
2424,0,10,2025-12-20 16:56:12.332 +0900,true
2425,0,10,2025-12-20 16:56:12.338 +0900,true
2426,0,10,2025-12-20 16:56:12.344 +0900,true
2427,0,10,2025-12-20 16:56:12.350 +0900,true
2428,0,10,2025-12-20 16:56:12.357 +0900,true
2429,0,10,2025-12-20 16:56:12.363 +0900,true
2430,0,10,2025-12-20 16:56:12.369 +0900,true
2431,0,10,2025-12-20 16:56:12.375 +0900,true
2432,0,10,2025-12-20 16:56:12.380 +0900,true
2433,0,10,2025-12-20 16:56:12.386 +0900,true
2434,0,10,2025-12-20 16:56:12.391 +0900,true
2435,0,10,2025-12-20 16:56:12.397 +0900,true
2436,0,10,2025-12-20 16:56:12.402 +0900,true
2437,0,10,2025-12-20 16:56:12.408 +0900,true
2438,0,10,2025-12-20 16:56:12.414 +0900,true
2439,0,10,2025-12-20 16:56:12.421 +0900,true
2440,0,10,2025-12-20 16:56:12.426 +0900,true
2441,0,10,2025-12-20 16:56:12.432 +0900,true
2442,0,10,2025-12-20 16:56:12.437 +0900,true
2443,0,10,2025-12-20 16:56:12.443 +0900,true
2444,0,10,2025-12-20 16:56:12.448 +0900,true
2445,0,10,2025-12-20 16:56:12.453 +0900,true
2446,0,10,2025-12-20 16:56:12.459 +0900,true
2447,0,10,2025-12-20 16:56:12.464 +0900,true
2448,0,10,2025-12-20 16:56:12.470 +0900,true
2449,0,10,2025-12-20 16:56:12.476 +0900,true
2450,0,10,2025-12-20 16:56:12.482 +0900,true
2451,0,10,2025-12-20 16:56:12.489 +0900,true
2452,0,10,2025-12-20 16:56:12.495 +0900,true
2453,0,10,2025-12-20 16:56:12.500 +0900,true
2454,0,10,2025-12-20 16:56:12.507 +0900,true
2455,0,10,2025-12-20 16:56:12.513 +0900,true
2456,0,10,2025-12-20 16:56:12.518 +0900,true
2457,0,10,2025-12-20 16:56:12.525 +0900,true
2458,0,10,2025-12-20 16:56:12.531 +0900,true
2459,0,10,2025-12-20 16:56:12.536 +0900,true
2460,0,10,2025-12-20 16:56:12.542 +0900,true
2461,0,10,2025-12-20 16:56:12.549 +0900,true
2462,0,10,2025-12-20 16:56:12.555 +0900,true
2463,0,10,2025-12-20 16:56:12.561 +0900,true
2464,0,10,2025-12-20 16:56:12.567 +0900,true
2465,0,10,2025-12-20 16:56:12.574 +0900,true
2466,0,10,2025-12-20 16:56:12.581 +0900,true
2467,0,10,2025-12-20 16:56:12.587 +0900,true
2468,0,10,2025-12-20 16:56:12.593 +0900,true
2469,0,10,2025-12-20 16:56:12.599 +0900,true
2470,0,10,2025-12-20 16:56:12.604 +0900,true
2471,0,10,2025-12-20 16:56:12.610 +0900,true
2472,0,10,2025-12-20 16:56:12.616 +0900,true
2473,0,10,2025-12-20 16:56:12.622 +0900,true
2474,0,10,2025-12-20 16:56:12.628 +0900,true
2475,0,10,2025-12-20 16:56:12.634 +0900,true
2476,0,10,2025-12-20 16:56:12.641 +0900,true
2477,0,10,2025-12-20 16:56:12.647 +0900,true
2478,0,10,2025-12-20 16:56:12.653 +0900,true
2479,0,10,2025-12-20 16:56:12.659 +0900,true
2480,0,10,2025-12-20 16:56:12.666 +0900,true
2481,0,10,2025-12-20 16:56:12.672 +0900,true
2482,0,10,2025-12-20 16:56:12.678 +0900,true
2483,0,10,2025-12-20 16:56:12.684 +0900,true
2484,0,10,2025-12-20 16:56:12.689 +0900,true
2485,0,10,2025-12-20 16:56:12.696 +0900,true
2486,0,10,2025-12-20 16:56:12.702 +0900,true
2487,0,10,2025-12-20 16:56:12.708 +0900,true
2488,0,10,2025-12-20 16:56:12.713 +0900,true
2489,0,10,2025-12-20 16:56:12.719 +0900,true
2490,0,10,2025-12-20 16:56:12.724 +0900,true
2491,0,10,2025-12-20 16:56:12.730 +0900,true
2492,0,10,2025-12-20 16:56:12.735 +0900,true
2493,0,10,2025-12-20 16:56:12.741 +0900,true
2494,0,10,2025-12-20 16:56:12.748 +0900,true
2495,0,10,2025-12-20 16:56:12.754 +0900,true
2496,0,10,2025-12-20 16:56:12.760 +0900,true
2497,0,10,2025-12-20 16:56:12.766 +0900,true
2498,0,10,2025-12-20 16:56:12.772 +0900,true
2499,0,10,2025-12-20 16:56:12.778 +0900,true
2500,0,10,2025-12-20 16:56:12.784 +0900,true
2501,0,10,2025-12-20 16:56:12.790 +0900,true
2502,0,10,2025-12-20 16:56:12.797 +0900,true
2503,0,10,2025-12-20 16:56:12.803 +0900,true
2504,0,10,2025-12-20 16:56:12.808 +0900,true
2505,0,10,2025-12-20 16:56:12.814 +0900,true
2506,0,10,2025-12-20 16:56:12.820 +0900,true
2507,0,10,2025-12-20 16:56:12.825 +0900,true
2508,0,10,2025-12-20 16:56:12.831 +0900,true
2509,0,10,2025-12-20 16:56:12.837 +0900,true
2510,0,10,2025-12-20 16:56:12.843 +0900,true
2511,0,10,2025-12-20 16:56:12.849 +0900,true
2512,0,10,2025-12-20 16:56:12.855 +0900,true
2513,0,10,2025-12-20 16:56:12.861 +0900,true
2514,0,10,2025-12-20 16:56:12.866 +0900,true
2515,0,10,2025-12-20 16:56:12.872 +0900,true
2516,0,10,2025-12-20 16:56:12.878 +0900,true
2517,0,10,2025-12-20 16:56:12.884 +0900,true
2518,0,10,2025-12-20 16:56:12.890 +0900,true
2519,0,10,2025-12-20 16:56:12.896 +0900,true
2520,0,10,2025-12-20 16:56:12.902 +0900,true
2521,0,10,2025-12-20 16:56:12.907 +0900,true
2522,0,10,2025-12-20 16:56:12.914 +0900,true
2523,0,10,2025-12-20 16:56:12.919 +0900,true
2524,0,10,2025-12-20 16:56:12.926 +0900,true
2525,0,10,2025-12-20 16:56:12.932 +0900,true
2526,0,10,2025-12-20 16:56:12.938 +0900,true
2527,0,10,2025-12-20 16:56:12.945 +0900,true
2528,0,10,2025-12-20 16:56:12.952 +0900,true
2529,0,10,2025-12-20 16:56:12.959 +0900,true
2530,0,10,2025-12-20 16:56:12.964 +0900,true
2531,0,10,2025-12-20 16:56:12.970 +0900,true
2532,0,10,2025-12-20 16:56:12.976 +0900,true
2533,0,10,2025-12-20 16:56:12.981 +0900,true
2534,0,10,2025-12-20 16:56:12.988 +0900,true
2535,0,10,2025-12-20 16:56:12.994 +0900,true
2536,0,10,2025-12-20 16:56:13.001 +0900,true
2537,0,10,2025-12-20 16:56:13.007 +0900,true
2538,0,10,2025-12-20 16:56:13.014 +0900,true
2539,0,10,2025-12-20 16:56:13.020 +0900,true
2540,0,10,2025-12-20 16:56:13.027 +0900,true
2541,0,10,2025-12-20 16:56:13.033 +0900,true
2542,0,10,2025-12-20 16:56:13.041 +0900,true
2543,0,10,2025-12-20 16:56:13.047 +0900,true
2544,0,10,2025-12-20 16:56:13.053 +0900,true
2545,0,10,2025-12-20 16:56:13.060 +0900,true
2546,0,10,2025-12-20 16:56:13.066 +0900,true
2547,0,10,2025-12-20 16:56:13.073 +0900,true
2548,0,10,2025-12-20 16:56:13.079 +0900,true
2549,0,10,2025-12-20 16:56:13.086 +0900,true
2550,0,10,2025-12-20 16:56:13.092 +0900,true
2551,0,10,2025-12-20 16:56:13.099 +0900,true
2552,0,10,2025-12-20 16:56:13.105 +0900,true
2553,0,10,2025-12-20 16:56:13.112 +0900,true
2554,0,10,2025-12-20 16:56:13.119 +0900,true
2555,0,10,2025-12-20 16:56:13.126 +0900,true
2556,0,10,2025-12-20 16:56:13.132 +0900,true
2557,0,10,2025-12-20 16:56:13.138 +0900,true
2558,0,10,2025-12-20 16:56:13.145 +0900,true
2559,0,10,2025-12-20 16:56:13.152 +0900,true
2560,0,10,2025-12-20 16:56:13.158 +0900,true
2561,0,10,2025-12-20 16:56:13.164 +0900,true
2562,0,10,2025-12-20 16:56:13.171 +0900,true
2563,0,10,2025-12-20 16:56:13.178 +0900,true
2564,0,10,2025-12-20 16:56:13.184 +0900,true
2565,0,10,2025-12-20 16:56:13.191 +0900,true
2566,0,10,2025-12-20 16:56:13.197 +0900,true
2567,0,10,2025-12-20 16:56:13.204 +0900,true
2568,0,10,2025-12-20 16:56:13.211 +0900,true
2569,0,10,2025-12-20 16:56:13.217 +0900,true
2570,0,10,2025-12-20 16:56:13.223 +0900,true
2571,0,10,2025-12-20 16:56:13.229 +0900,true
2572,0,10,2025-12-20 16:56:13.235 +0900,true
2573,0,10,2025-12-20 16:56:13.241 +0900,true
2574,0,10,2025-12-20 16:56:13.247 +0900,true
2575,0,10,2025-12-20 16:56:13.254 +0900,true
2576,0,10,2025-12-20 16:56:13.261 +0900,true
2577,0,10,2025-12-20 16:56:13.267 +0900,true
2578,0,10,2025-12-20 16:56:13.274 +0900,true
2579,0,10,2025-12-20 16:56:13.280 +0900,true
2580,0,10,2025-12-20 16:56:13.286 +0900,true
2581,0,10,2025-12-20 16:56:13.292 +0900,true
2582,0,10,2025-12-20 16:56:13.298 +0900,true
2583,0,10,2025-12-20 16:56:13.304 +0900,true
2584,0,10,2025-12-20 16:56:13.310 +0900,true
2585,0,10,2025-12-20 16:56:13.316 +0900,true
2586,0,10,2025-12-20 16:56:13.322 +0900,true
2587,0,10,2025-12-20 16:56:13.329 +0900,true
2588,0,10,2025-12-20 16:56:13.334 +0900,true
2589,0,10,2025-12-20 16:56:13.340 +0900,true
2590,0,10,2025-12-20 16:56:13.346 +0900,true
2591,0,10,2025-12-20 16:56:13.352 +0900,true
2592,0,10,2025-12-20 16:56:13.358 +0900,true
2593,0,10,2025-12-20 16:56:13.364 +0900,true
2594,0,10,2025-12-20 16:56:13.369 +0900,true
2595,0,10,2025-12-20 16:56:13.375 +0900,true
2596,0,10,2025-12-20 16:56:13.382 +0900,true
2597,0,10,2025-12-20 16:56:13.387 +0900,true
2598,0,10,2025-12-20 16:56:13.393 +0900,true
2599,0,10,2025-12-20 16:56:13.399 +0900,true
2600,0,10,2025-12-20 16:56:13.405 +0900,true
2601,0,10,2025-12-20 16:56:13.411 +0900,true
2602,0,10,2025-12-20 16:56:13.417 +0900,true
2603,0,10,2025-12-20 16:56:13.422 +0900,true
2604,0,10,2025-12-20 16:56:13.428 +0900,true
2605,0,10,2025-12-20 16:56:13.434 +0900,true
2606,0,10,2025-12-20 16:56:13.439 +0900,true
2607,0,10,2025-12-20 16:56:13.445 +0900,true
2608,0,10,2025-12-20 16:56:13.450 +0900,true
2609,0,10,2025-12-20 16:56:13.456 +0900,true
2610,0,10,2025-12-20 16:56:13.461 +0900,true
2611,0,10,2025-12-20 16:56:13.467 +0900,true
2612,0,10,2025-12-20 16:56:13.472 +0900,true
2613,0,10,2025-12-20 16:56:13.478 +0900,true
2614,0,10,2025-12-20 16:56:13.484 +0900,true
2615,0,10,2025-12-20 16:56:13.489 +0900,true
2616,0,10,2025-12-20 16:56:13.495 +0900,true
2617,0,10,2025-12-20 16:56:13.500 +0900,true
2618,0,10,2025-12-20 16:56:13.505 +0900,true
2619,0,10,2025-12-20 16:56:13.511 +0900,true
2620,0,10,2025-12-20 16:56:13.517 +0900,true
2621,0,10,2025-12-20 16:56:13.523 +0900,true
2622,0,10,2025-12-20 16:56:13.528 +0900,true
2623,0,10,2025-12-20 16:56:13.534 +0900,true
2624,0,10,2025-12-20 16:56:13.540 +0900,true
2625,0,10,2025-12-20 16:56:13.546 +0900,true
2626,0,10,2025-12-20 16:56:13.551 +0900,true
2627,0,10,2025-12-20 16:56:13.557 +0900,true
2628,0,10,2025-12-20 16:56:13.563 +0900,true
2629,0,10,2025-12-20 16:56:13.568 +0900,true
2630,0,10,2025-12-20 16:56:13.574 +0900,true
2631,0,10,2025-12-20 16:56:13.580 +0900,true
2632,0,10,2025-12-20 16:56:13.586 +0900,true
2633,0,10,2025-12-20 16:56:13.592 +0900,true
2634,0,10,2025-12-20 16:56:13.597 +0900,true
2635,0,10,2025-12-20 16:56:13.603 +0900,true
2636,0,10,2025-12-20 16:56:13.608 +0900,true
2637,0,10,2025-12-20 16:56:13.614 +0900,true
2638,0,10,2025-12-20 16:56:13.620 +0900,true
2639,0,10,2025-12-20 16:56:13.625 +0900,true
2640,0,10,2025-12-20 16:56:13.631 +0900,true
2641,0,10,2025-12-20 16:56:13.636 +0900,true
2642,0,10,2025-12-20 16:56:13.642 +0900,true
2643,0,10,2025-12-20 16:56:13.648 +0900,true
2644,0,10,2025-12-20 16:56:13.654 +0900,true
2645,0,10,2025-12-20 16:56:13.660 +0900,true
2646,0,10,2025-12-20 16:56:13.665 +0900,true
2647,0,10,2025-12-20 16:56:13.671 +0900,true
2648,0,10,2025-12-20 16:56:13.677 +0900,true
2649,0,10,2025-12-20 16:56:13.682 +0900,true
2650,0,10,2025-12-20 16:56:13.688 +0900,true
2651,0,10,2025-12-20 16:56:13.693 +0900,true
2652,0,10,2025-12-20 16:56:13.699 +0900,true
2653,0,10,2025-12-20 16:56:13.704 +0900,true
2654,0,10,2025-12-20 16:56:13.710 +0900,true
2655,0,10,2025-12-20 16:56:13.715 +0900,true
2656,0,10,2025-12-20 16:56:13.721 +0900,true
2657,0,10,2025-12-20 16:56:13.727 +0900,true
2658,0,10,2025-12-20 16:56:13.733 +0900,true
2659,0,10,2025-12-20 16:56:13.740 +0900,true
2660,0,10,2025-12-20 16:56:13.745 +0900,true
2661,0,10,2025-12-20 16:56:13.751 +0900,true
2662,0,10,2025-12-20 16:56:13.756 +0900,true
2663,0,10,2025-12-20 16:56:13.762 +0900,true
2664,0,10,2025-12-20 16:56:13.768 +0900,true
2665,0,10,2025-12-20 16:56:13.773 +0900,true
2666,0,10,2025-12-20 16:56:13.779 +0900,true
2667,0,10,2025-12-20 16:56:13.785 +0900,true
2668,0,10,2025-12-20 16:56:13.790 +0900,true
2669,0,10,2025-12-20 16:56:13.797 +0900,true
2670,0,10,2025-12-20 16:56:13.802 +0900,true
2671,0,10,2025-12-20 16:56:13.808 +0900,true
2672,0,10,2025-12-20 16:56:13.814 +0900,true
2673,0,10,2025-12-20 16:56:13.820 +0900,true
2674,0,10,2025-12-20 16:56:13.825 +0900,true
2675,0,10,2025-12-20 16:56:13.831 +0900,true
2676,0,10,2025-12-20 16:56:13.836 +0900,true
2677,0,10,2025-12-20 16:56:13.842 +0900,true
2678,0,10,2025-12-20 16:56:13.847 +0900,true
2679,0,10,2025-12-20 16:56:13.853 +0900,true
2680,0,10,2025-12-20 16:56:13.859 +0900,true
2681,0,10,2025-12-20 16:56:13.864 +0900,true
2682,0,10,2025-12-20 16:56:13.870 +0900,true
2683,0,10,2025-12-20 16:56:13.876 +0900,true
2684,0,10,2025-12-20 16:56:13.882 +0900,true
2685,0,10,2025-12-20 16:56:13.887 +0900,true
2686,0,10,2025-12-20 16:56:13.893 +0900,true
2687,0,10,2025-12-20 16:56:13.899 +0900,true
2688,0,10,2025-12-20 16:56:13.904 +0900,true
2689,0,10,2025-12-20 16:56:13.910 +0900,true
2690,0,10,2025-12-20 16:56:13.916 +0900,true
2691,0,10,2025-12-20 16:56:13.921 +0900,true
2692,0,10,2025-12-20 16:56:13.928 +0900,true
2693,0,10,2025-12-20 16:56:13.934 +0900,true
2694,0,10,2025-12-20 16:56:13.939 +0900,true
2695,0,10,2025-12-20 16:56:13.945 +0900,true
2696,0,10,2025-12-20 16:56:13.951 +0900,true
2697,0,10,2025-12-20 16:56:13.957 +0900,true
2698,0,10,2025-12-20 16:56:13.963 +0900,true
2699,0,10,2025-12-20 16:56:13.968 +0900,true
2700,0,10,2025-12-20 16:56:13.974 +0900,true
2701,0,10,2025-12-20 16:56:13.980 +0900,true
2702,0,10,2025-12-20 16:56:13.986 +0900,true
2703,0,10,2025-12-20 16:56:13.991 +0900,true
2704,0,10,2025-12-20 16:56:13.997 +0900,true
2705,0,10,2025-12-20 16:56:14.003 +0900,true
2706,0,10,2025-12-20 16:56:14.011 +0900,true
2707,0,10,2025-12-20 16:56:14.019 +0900,true
2708,0,10,2025-12-20 16:56:14.027 +0900,true
2709,0,10,2025-12-20 16:56:14.035 +0900,true
2710,0,10,2025-12-20 16:56:14.042 +0900,true
2711,0,10,2025-12-20 16:56:14.050 +0900,true
2712,0,10,2025-12-20 16:56:14.056 +0900,true
2713,0,10,2025-12-20 16:56:14.062 +0900,true
2714,0,10,2025-12-20 16:56:14.067 +0900,true
2715,0,10,2025-12-20 16:56:14.073 +0900,true
2716,0,10,2025-12-20 16:56:14.079 +0900,true
2717,0,10,2025-12-20 16:56:14.085 +0900,true
2718,0,10,2025-12-20 16:56:14.090 +0900,true
2719,0,10,2025-12-20 16:56:14.096 +0900,true
2720,0,10,2025-12-20 16:56:14.101 +0900,true
2721,0,10,2025-12-20 16:56:14.107 +0900,true
2722,0,10,2025-12-20 16:56:14.113 +0900,true
2723,0,10,2025-12-20 16:56:14.118 +0900,true
2724,0,10,2025-12-20 16:56:14.124 +0900,true
2725,0,10,2025-12-20 16:56:14.130 +0900,true
2726,0,10,2025-12-20 16:56:14.136 +0900,true
2727,0,10,2025-12-20 16:56:14.141 +0900,true
2728,0,10,2025-12-20 16:56:14.147 +0900,true
2729,0,10,2025-12-20 16:56:14.152 +0900,true
2730,0,10,2025-12-20 16:56:14.158 +0900,true
2731,0,10,2025-12-20 16:56:14.164 +0900,true
2732,0,10,2025-12-20 16:56:14.169 +0900,true
2733,0,10,2025-12-20 16:56:14.175 +0900,true
2734,0,10,2025-12-20 16:56:14.180 +0900,true
2735,0,10,2025-12-20 16:56:14.186 +0900,true
2736,0,10,2025-12-20 16:56:14.192 +0900,true
2737,0,10,2025-12-20 16:56:14.197 +0900,true
2738,0,10,2025-12-20 16:56:14.204 +0900,true
2739,0,10,2025-12-20 16:56:14.210 +0900,true
2740,0,10,2025-12-20 16:56:14.216 +0900,true
2741,0,10,2025-12-20 16:56:14.221 +0900,true
2742,0,10,2025-12-20 16:56:14.227 +0900,true
2743,0,10,2025-12-20 16:56:14.232 +0900,true
2744,0,10,2025-12-20 16:56:14.238 +0900,true
2745,0,10,2025-12-20 16:56:14.244 +0900,true
2746,0,10,2025-12-20 16:56:14.249 +0900,true
2747,0,10,2025-12-20 16:56:14.256 +0900,true
2748,0,10,2025-12-20 16:56:14.261 +0900,true
2749,0,10,2025-12-20 16:56:14.267 +0900,true
2750,0,10,2025-12-20 16:56:14.273 +0900,true
2751,0,10,2025-12-20 16:56:14.280 +0900,true
2752,0,10,2025-12-20 16:56:14.285 +0900,true
2753,0,10,2025-12-20 16:56:14.291 +0900,true
2754,0,10,2025-12-20 16:56:14.297 +0900,true
2755,0,10,2025-12-20 16:56:14.303 +0900,true
2756,0,10,2025-12-20 16:56:14.309 +0900,true
2757,0,10,2025-12-20 16:56:14.314 +0900,true
2758,0,10,2025-12-20 16:56:14.320 +0900,true
2759,0,10,2025-12-20 16:56:14.325 +0900,true
2760,0,10,2025-12-20 16:56:14.332 +0900,true
2761,0,10,2025-12-20 16:56:14.339 +0900,true
2762,0,10,2025-12-20 16:56:14.346 +0900,true
2763,0,10,2025-12-20 16:56:14.351 +0900,true
2764,0,10,2025-12-20 16:56:14.358 +0900,true
2765,0,10,2025-12-20 16:56:14.363 +0900,true
2766,0,10,2025-12-20 16:56:14.370 +0900,true
2767,0,10,2025-12-20 16:56:14.375 +0900,true
2768,0,10,2025-12-20 16:56:14.379 +0900,true
2769,0,10,2025-12-20 16:56:14.386 +0900,true
2770,0,10,2025-12-20 16:56:14.394 +0900,true
2771,0,10,2025-12-20 16:56:14.400 +0900,true
2772,0,10,2025-12-20 16:56:14.405 +0900,true
2773,0,10,2025-12-20 16:56:14.411 +0900,true
2774,0,10,2025-12-20 16:56:14.420 +0900,true
2775,0,10,2025-12-20 16:56:14.427 +0900,true
2776,0,10,2025-12-20 16:56:14.432 +0900,true
2777,0,10,2025-12-20 16:56:14.437 +0900,true
2778,0,10,2025-12-20 16:56:14.443 +0900,true
2779,0,10,2025-12-20 16:56:14.448 +0900,true
2780,0,10,2025-12-20 16:56:14.453 +0900,true
2781,0,10,2025-12-20 16:56:14.458 +0900,true
2782,0,10,2025-12-20 16:56:14.463 +0900,true
2783,0,10,2025-12-20 16:56:14.468 +0900,true
2784,0,10,2025-12-20 16:56:14.473 +0900,true
2785,0,10,2025-12-20 16:56:14.479 +0900,true
2786,0,10,2025-12-20 16:56:14.486 +0900,true
2787,0,10,2025-12-20 16:56:14.492 +0900,true
2788,0,10,2025-12-20 16:56:14.497 +0900,true
2789,0,10,2025-12-20 16:56:14.503 +0900,true
2790,0,10,2025-12-20 16:56:14.508 +0900,true
2791,0,10,2025-12-20 16:56:14.514 +0900,true
2792,0,10,2025-12-20 16:56:14.520 +0900,true
2793,0,10,2025-12-20 16:56:14.525 +0900,true
2794,0,10,2025-12-20 16:56:14.531 +0900,true
2795,0,10,2025-12-20 16:56:14.537 +0900,true
2796,0,10,2025-12-20 16:56:14.543 +0900,true
2797,0,10,2025-12-20 16:56:14.550 +0900,true
2798,0,10,2025-12-20 16:56:14.555 +0900,true
2799,0,10,2025-12-20 16:56:14.561 +0900,true
2800,0,10,2025-12-20 16:56:14.567 +0900,true
2801,0,10,2025-12-20 16:56:14.572 +0900,true
2802,0,10,2025-12-20 16:56:14.578 +0900,true
2803,0,10,2025-12-20 16:56:14.584 +0900,true
2804,0,10,2025-12-20 16:56:14.589 +0900,true
2805,0,10,2025-12-20 16:56:14.595 +0900,true
2806,0,10,2025-12-20 16:56:14.601 +0900,true
2807,0,10,2025-12-20 16:56:14.606 +0900,true
2808,0,10,2025-12-20 16:56:14.612 +0900,true
2809,0,10,2025-12-20 16:56:14.618 +0900,true
2810,0,10,2025-12-20 16:56:14.623 +0900,true
2811,0,10,2025-12-20 16:56:14.629 +0900,true
2812,0,10,2025-12-20 16:56:14.635 +0900,true
2813,0,10,2025-12-20 16:56:14.641 +0900,true
2814,0,10,2025-12-20 16:56:14.646 +0900,true
2815,0,10,2025-12-20 16:56:14.652 +0900,true
2816,0,10,2025-12-20 16:56:14.658 +0900,true
2817,0,10,2025-12-20 16:56:14.664 +0900,true
2818,0,10,2025-12-20 16:56:14.670 +0900,true
2819,0,10,2025-12-20 16:56:14.676 +0900,true
2820,0,10,2025-12-20 16:56:14.682 +0900,true
2821,0,10,2025-12-20 16:56:14.688 +0900,true
2822,0,10,2025-12-20 16:56:14.694 +0900,true
2823,0,10,2025-12-20 16:56:14.700 +0900,true
2824,0,10,2025-12-20 16:56:14.706 +0900,true
2825,0,10,2025-12-20 16:56:14.712 +0900,true
2826,0,10,2025-12-20 16:56:14.717 +0900,true
2827,0,10,2025-12-20 16:56:14.723 +0900,true
2828,0,10,2025-12-20 16:56:14.729 +0900,true
2829,0,10,2025-12-20 16:56:14.734 +0900,true
2830,0,10,2025-12-20 16:56:14.740 +0900,true
2831,0,10,2025-12-20 16:56:14.746 +0900,true
2832,0,10,2025-12-20 16:56:14.751 +0900,true
2833,0,10,2025-12-20 16:56:14.757 +0900,true
2834,0,10,2025-12-20 16:56:14.763 +0900,true
2835,0,10,2025-12-20 16:56:14.769 +0900,true
2836,0,10,2025-12-20 16:56:14.775 +0900,true
2837,0,10,2025-12-20 16:56:14.780 +0900,true
2838,0,10,2025-12-20 16:56:14.786 +0900,true
2839,0,10,2025-12-20 16:56:14.792 +0900,true
2840,0,10,2025-12-20 16:56:14.798 +0900,true
2841,0,10,2025-12-20 16:56:14.804 +0900,true
2842,0,10,2025-12-20 16:56:14.809 +0900,true
2843,0,10,2025-12-20 16:56:14.815 +0900,true
2844,0,10,2025-12-20 16:56:14.821 +0900,true
2845,0,10,2025-12-20 16:56:14.827 +0900,true
2846,0,10,2025-12-20 16:56:14.832 +0900,true
2847,0,10,2025-12-20 16:56:14.838 +0900,true
2848,0,10,2025-12-20 16:56:14.844 +0900,true
2849,0,10,2025-12-20 16:56:14.850 +0900,true
2850,0,10,2025-12-20 16:56:14.856 +0900,true
2851,0,10,2025-12-20 16:56:14.861 +0900,true
2852,0,10,2025-12-20 16:56:14.867 +0900,true
2853,0,10,2025-12-20 16:56:14.873 +0900,true
2854,0,10,2025-12-20 16:56:14.878 +0900,true
2855,0,10,2025-12-20 16:56:14.884 +0900,true
2856,0,10,2025-12-20 16:56:14.890 +0900,true
2857,0,10,2025-12-20 16:56:14.895 +0900,true
2858,0,10,2025-12-20 16:56:14.901 +0900,true
2859,0,10,2025-12-20 16:56:14.907 +0900,true
2860,0,10,2025-12-20 16:56:14.913 +0900,true
2861,0,10,2025-12-20 16:56:14.918 +0900,true
2862,0,10,2025-12-20 16:56:14.924 +0900,true
2863,0,10,2025-12-20 16:56:14.930 +0900,true
2864,0,10,2025-12-20 16:56:14.936 +0900,true
2865,0,10,2025-12-20 16:56:14.942 +0900,true
2866,0,10,2025-12-20 16:56:14.947 +0900,true
2867,0,10,2025-12-20 16:56:14.953 +0900,true
2868,0,10,2025-12-20 16:56:14.959 +0900,true
2869,0,10,2025-12-20 16:56:14.965 +0900,true
2870,0,10,2025-12-20 16:56:14.972 +0900,true
2871,0,10,2025-12-20 16:56:14.977 +0900,true
2872,0,10,2025-12-20 16:56:14.984 +0900,true
2873,0,10,2025-12-20 16:56:14.989 +0900,true
2874,0,10,2025-12-20 16:56:14.996 +0900,true
2875,0,10,2025-12-20 16:56:15.002 +0900,true
2876,0,10,2025-12-20 16:56:15.008 +0900,true
2877,0,10,2025-12-20 16:56:15.014 +0900,true
2878,0,10,2025-12-20 16:56:15.020 +0900,true
2879,0,10,2025-12-20 16:56:15.026 +0900,true
2880,0,10,2025-12-20 16:56:15.032 +0900,true
2881,0,10,2025-12-20 16:56:15.038 +0900,true
2882,0,10,2025-12-20 16:56:15.044 +0900,true
2883,0,10,2025-12-20 16:56:15.050 +0900,true
2884,0,10,2025-12-20 16:56:15.056 +0900,true
2885,0,10,2025-12-20 16:56:15.062 +0900,true
2886,0,10,2025-12-20 16:56:15.068 +0900,true
2887,0,10,2025-12-20 16:56:15.074 +0900,true
2888,0,10,2025-12-20 16:56:15.080 +0900,true
2889,0,10,2025-12-20 16:56:15.087 +0900,true
2890,0,10,2025-12-20 16:56:15.093 +0900,true
2891,0,10,2025-12-20 16:56:15.099 +0900,true
2892,0,10,2025-12-20 16:56:15.105 +0900,true
2893,0,10,2025-12-20 16:56:15.111 +0900,true
2894,0,10,2025-12-20 16:56:15.117 +0900,true
2895,0,10,2025-12-20 16:56:15.124 +0900,true
2896,0,10,2025-12-20 16:56:15.130 +0900,true
2897,0,10,2025-12-20 16:56:15.136 +0900,true
2898,0,10,2025-12-20 16:56:15.142 +0900,true
2899,0,10,2025-12-20 16:56:15.148 +0900,true
2900,0,10,2025-12-20 16:56:15.154 +0900,true
2901,0,10,2025-12-20 16:56:15.161 +0900,true
2902,0,10,2025-12-20 16:56:15.166 +0900,true
2903,0,10,2025-12-20 16:56:15.173 +0900,true
2904,0,10,2025-12-20 16:56:15.179 +0900,true
2905,0,10,2025-12-20 16:56:15.185 +0900,true
2906,0,10,2025-12-20 16:56:15.190 +0900,true
2907,0,10,2025-12-20 16:56:15.198 +0900,true
2908,0,10,2025-12-20 16:56:15.204 +0900,true
2909,0,10,2025-12-20 16:56:15.209 +0900,true
2910,0,10,2025-12-20 16:56:15.216 +0900,true
2911,0,10,2025-12-20 16:56:15.222 +0900,true
2912,0,10,2025-12-20 16:56:15.227 +0900,true
2913,0,10,2025-12-20 16:56:15.234 +0900,true
2914,0,10,2025-12-20 16:56:15.240 +0900,true
2915,0,10,2025-12-20 16:56:15.245 +0900,true
2916,0,10,2025-12-20 16:56:15.251 +0900,true
2917,0,10,2025-12-20 16:56:15.257 +0900,true
2918,0,10,2025-12-20 16:56:15.263 +0900,true
2919,0,10,2025-12-20 16:56:15.269 +0900,true
2920,0,10,2025-12-20 16:56:15.275 +0900,true
2921,0,10,2025-12-20 16:56:15.281 +0900,true
2922,0,10,2025-12-20 16:56:15.287 +0900,true
2923,0,10,2025-12-20 16:56:15.293 +0900,true
2924,0,10,2025-12-20 16:56:15.299 +0900,true
2925,0,10,2025-12-20 16:56:15.305 +0900,true
2926,0,10,2025-12-20 16:56:15.311 +0900,true
2927,0,10,2025-12-20 16:56:15.317 +0900,true
2928,0,10,2025-12-20 16:56:15.323 +0900,true
2929,0,10,2025-12-20 16:56:15.329 +0900,true
2930,0,10,2025-12-20 16:56:15.335 +0900,true
2931,0,10,2025-12-20 16:56:15.341 +0900,true
2932,0,10,2025-12-20 16:56:15.347 +0900,true
2933,0,10,2025-12-20 16:56:15.353 +0900,true
2934,0,10,2025-12-20 16:56:15.360 +0900,true
2935,0,10,2025-12-20 16:56:15.366 +0900,true
2936,0,10,2025-12-20 16:56:15.372 +0900,true
2937,0,10,2025-12-20 16:56:15.378 +0900,true
2938,0,10,2025-12-20 16:56:15.384 +0900,true
2939,0,10,2025-12-20 16:56:15.391 +0900,true
2940,0,10,2025-12-20 16:56:15.397 +0900,true
2941,0,10,2025-12-20 16:56:15.403 +0900,true
2942,0,10,2025-12-20 16:56:15.409 +0900,true
2943,0,10,2025-12-20 16:56:15.415 +0900,true
2944,0,10,2025-12-20 16:56:15.422 +0900,true
2945,0,10,2025-12-20 16:56:15.428 +0900,true
2946,0,10,2025-12-20 16:56:15.434 +0900,true
2947,0,10,2025-12-20 16:56:15.440 +0900,true
2948,0,10,2025-12-20 16:56:15.446 +0900,true
2949,0,10,2025-12-20 16:56:15.452 +0900,true
2950,0,10,2025-12-20 16:56:15.457 +0900,true
2951,0,10,2025-12-20 16:56:15.463 +0900,true
2952,0,10,2025-12-20 16:56:15.469 +0900,true
2953,0,10,2025-12-20 16:56:15.475 +0900,true
2954,0,10,2025-12-20 16:56:15.480 +0900,true
2955,0,10,2025-12-20 16:56:15.487 +0900,true
2956,0,10,2025-12-20 16:56:15.493 +0900,true
2957,0,10,2025-12-20 16:56:15.499 +0900,true
2958,0,10,2025-12-20 16:56:15.505 +0900,true
2959,0,10,2025-12-20 16:56:15.511 +0900,true
2960,0,10,2025-12-20 16:56:15.517 +0900,true
2961,0,10,2025-12-20 16:56:15.523 +0900,true
2962,0,10,2025-12-20 16:56:15.531 +0900,true
2963,0,10,2025-12-20 16:56:15.537 +0900,true
2964,0,10,2025-12-20 16:56:15.543 +0900,true
2965,0,10,2025-12-20 16:56:15.549 +0900,true
2966,0,10,2025-12-20 16:56:15.555 +0900,true
2967,0,10,2025-12-20 16:56:15.561 +0900,true
2968,0,10,2025-12-20 16:56:15.567 +0900,true
2969,0,10,2025-12-20 16:56:15.573 +0900,true
2970,0,10,2025-12-20 16:56:15.579 +0900,true
2971,0,10,2025-12-20 16:56:15.586 +0900,true
2972,0,10,2025-12-20 16:56:15.592 +0900,true
2973,0,10,2025-12-20 16:56:15.599 +0900,true
2974,0,10,2025-12-20 16:56:15.605 +0900,true
2975,0,10,2025-12-20 16:56:15.611 +0900,true
2976,0,10,2025-12-20 16:56:15.617 +0900,true
2977,0,10,2025-12-20 16:56:15.623 +0900,true
2978,0,10,2025-12-20 16:56:15.629 +0900,true
2979,0,10,2025-12-20 16:56:15.635 +0900,true
2980,0,10,2025-12-20 16:56:15.641 +0900,true
2981,0,10,2025-12-20 16:56:15.648 +0900,true
2982,0,10,2025-12-20 16:56:15.654 +0900,true
2983,0,10,2025-12-20 16:56:15.660 +0900,true
2984,0,10,2025-12-20 16:56:15.666 +0900,true
2985,0,10,2025-12-20 16:56:15.672 +0900,true
2986,0,10,2025-12-20 16:56:15.678 +0900,true
2987,0,10,2025-12-20 16:56:15.684 +0900,true
2988,0,10,2025-12-20 16:56:15.692 +0900,true
2989,0,10,2025-12-20 16:56:15.697 +0900,true
2990,0,10,2025-12-20 16:56:15.703 +0900,true
2991,0,10,2025-12-20 16:56:15.709 +0900,true
2992,0,10,2025-12-20 16:56:15.716 +0900,true
2993,0,10,2025-12-20 16:56:15.723 +0900,true
2994,0,10,2025-12-20 16:56:15.729 +0900,true
2995,0,10,2025-12-20 16:56:15.736 +0900,true
2996,0,10,2025-12-20 16:56:15.742 +0900,true
2997,0,10,2025-12-20 16:56:15.748 +0900,true
2998,0,10,2025-12-20 16:56:15.754 +0900,true
2999,0,10,2025-12-20 16:56:15.761 +0900,true
3000,0,10,2025-12-20 16:56:15.767 +0900,true
3001,0,10,2025-12-20 16:56:15.774 +0900,true
3002,0,10,2025-12-20 16:56:15.779 +0900,true
3003,0,10,2025-12-20 16:56:15.785 +0900,true
3004,0,10,2025-12-20 16:56:15.791 +0900,true
3005,0,10,2025-12-20 16:56:15.797 +0900,true
3006,0,10,2025-12-20 16:56:15.803 +0900,true
3007,0,10,2025-12-20 16:56:15.809 +0900,true
3008,0,10,2025-12-20 16:56:15.817 +0900,true
3009,0,10,2025-12-20 16:56:15.825 +0900,true
3010,0,10,2025-12-20 16:56:15.833 +0900,true
3011,0,10,2025-12-20 16:56:15.841 +0900,true
3012,0,10,2025-12-20 16:56:15.848 +0900,true
3013,0,10,2025-12-20 16:56:15.857 +0900,true
3014,0,10,2025-12-20 16:56:15.866 +0900,true
3015,0,10,2025-12-20 16:56:15.872 +0900,true
3016,0,10,2025-12-20 16:56:15.878 +0900,true
3017,0,10,2025-12-20 16:56:15.884 +0900,true
3018,0,10,2025-12-20 16:56:15.890 +0900,true
3019,0,10,2025-12-20 16:56:15.896 +0900,true
3020,0,10,2025-12-20 16:56:15.902 +0900,true
3021,0,10,2025-12-20 16:56:15.908 +0900,true
3022,0,10,2025-12-20 16:56:15.914 +0900,true
3023,0,10,2025-12-20 16:56:15.920 +0900,true
3024,0,10,2025-12-20 16:56:15.926 +0900,true
3025,0,10,2025-12-20 16:56:15.932 +0900,true
3026,0,10,2025-12-20 16:56:15.937 +0900,true
3027,0,10,2025-12-20 16:56:15.943 +0900,true
3028,0,10,2025-12-20 16:56:15.950 +0900,true
3029,0,10,2025-12-20 16:56:15.956 +0900,true
3030,0,10,2025-12-20 16:56:15.962 +0900,true
3031,0,10,2025-12-20 16:56:15.968 +0900,true
3032,0,10,2025-12-20 16:56:15.973 +0900,true
3033,0,10,2025-12-20 16:56:15.979 +0900,true
3034,0,10,2025-12-20 16:56:15.985 +0900,true
3035,0,10,2025-12-20 16:56:15.991 +0900,true
3036,0,10,2025-12-20 16:56:15.997 +0900,true
3037,0,10,2025-12-20 16:56:16.003 +0900,true
3038,0,10,2025-12-20 16:56:16.009 +0900,true
3039,0,10,2025-12-20 16:56:16.015 +0900,true
3040,0,10,2025-12-20 16:56:16.022 +0900,true
3041,0,10,2025-12-20 16:56:16.028 +0900,true
3042,0,10,2025-12-20 16:56:16.034 +0900,true
3043,0,10,2025-12-20 16:56:16.040 +0900,true
3044,0,10,2025-12-20 16:56:16.046 +0900,true
3045,0,10,2025-12-20 16:56:16.053 +0900,true
3046,0,10,2025-12-20 16:56:16.060 +0900,true
3047,0,10,2025-12-20 16:56:16.066 +0900,true
3048,0,10,2025-12-20 16:56:16.072 +0900,true
3049,0,10,2025-12-20 16:56:16.078 +0900,true
3050,0,10,2025-12-20 16:56:16.084 +0900,true
3051,0,10,2025-12-20 16:56:16.091 +0900,true
3052,0,10,2025-12-20 16:56:16.097 +0900,true
3053,0,10,2025-12-20 16:56:16.103 +0900,true
3054,0,10,2025-12-20 16:56:16.109 +0900,true
3055,0,10,2025-12-20 16:56:16.115 +0900,true
3056,0,10,2025-12-20 16:56:16.121 +0900,true
3057,0,10,2025-12-20 16:56:16.127 +0900,true
3058,0,10,2025-12-20 16:56:16.133 +0900,true
3059,0,10,2025-12-20 16:56:16.139 +0900,true
3060,0,10,2025-12-20 16:56:16.145 +0900,true
3061,0,10,2025-12-20 16:56:16.151 +0900,true
3062,0,10,2025-12-20 16:56:16.158 +0900,true
3063,0,10,2025-12-20 16:56:16.164 +0900,true
3064,0,10,2025-12-20 16:56:16.171 +0900,true
3065,0,10,2025-12-20 16:56:16.179 +0900,true
3066,0,10,2025-12-20 16:56:16.185 +0900,true
3067,0,10,2025-12-20 16:56:16.191 +0900,true
3068,0,10,2025-12-20 16:56:16.197 +0900,true
3069,0,10,2025-12-20 16:56:16.204 +0900,true
3070,0,10,2025-12-20 16:56:16.210 +0900,true
3071,0,10,2025-12-20 16:56:16.216 +0900,true
3072,0,10,2025-12-20 16:56:16.222 +0900,true
3073,0,10,2025-12-20 16:56:16.229 +0900,true
3074,0,10,2025-12-20 16:56:16.235 +0900,true
3075,0,10,2025-12-20 16:56:16.240 +0900,true
3076,0,10,2025-12-20 16:56:16.247 +0900,true
3077,0,10,2025-12-20 16:56:16.253 +0900,true
3078,0,10,2025-12-20 16:56:16.259 +0900,true
3079,0,10,2025-12-20 16:56:16.265 +0900,true
3080,0,10,2025-12-20 16:56:16.271 +0900,true
3081,0,10,2025-12-20 16:56:16.277 +0900,true
3082,0,10,2025-12-20 16:56:16.283 +0900,true
3083,0,10,2025-12-20 16:56:16.290 +0900,true
3084,0,10,2025-12-20 16:56:16.297 +0900,true
3085,0,10,2025-12-20 16:56:16.303 +0900,true
3086,0,10,2025-12-20 16:56:16.310 +0900,true
3087,0,10,2025-12-20 16:56:16.316 +0900,true
3088,0,10,2025-12-20 16:56:16.322 +0900,true
3089,0,10,2025-12-20 16:56:16.329 +0900,true
3090,0,10,2025-12-20 16:56:16.335 +0900,true
3091,0,10,2025-12-20 16:56:16.342 +0900,true
3092,0,10,2025-12-20 16:56:16.348 +0900,true
3093,0,10,2025-12-20 16:56:16.353 +0900,true
3094,0,10,2025-12-20 16:56:16.360 +0900,true
3095,0,10,2025-12-20 16:56:16.366 +0900,true
3096,0,10,2025-12-20 16:56:16.372 +0900,true
3097,0,10,2025-12-20 16:56:16.378 +0900,true
3098,0,10,2025-12-20 16:56:16.384 +0900,true
3099,0,10,2025-12-20 16:56:16.390 +0900,true
3100,0,10,2025-12-20 16:56:16.396 +0900,true
3101,0,10,2025-12-20 16:56:16.403 +0900,true
3102,0,10,2025-12-20 16:56:16.409 +0900,true
3103,0,10,2025-12-20 16:56:16.415 +0900,true
3104,0,10,2025-12-20 16:56:16.421 +0900,true
3105,0,10,2025-12-20 16:56:16.427 +0900,true
3106,0,10,2025-12-20 16:56:16.433 +0900,true
3107,0,10,2025-12-20 16:56:16.440 +0900,true
3108,0,10,2025-12-20 16:56:16.447 +0900,true
3109,0,10,2025-12-20 16:56:16.453 +0900,true
3110,0,10,2025-12-20 16:56:16.459 +0900,true
3111,0,10,2025-12-20 16:56:16.467 +0900,true
3112,0,10,2025-12-20 16:56:16.473 +0900,true
3113,0,10,2025-12-20 16:56:16.479 +0900,true
3114,0,10,2025-12-20 16:56:16.485 +0900,true
3115,0,10,2025-12-20 16:56:16.491 +0900,true
3116,0,10,2025-12-20 16:56:16.497 +0900,true
3117,0,10,2025-12-20 16:56:16.504 +0900,true
3118,0,10,2025-12-20 16:56:16.510 +0900,true
3119,0,10,2025-12-20 16:56:16.517 +0900,true
3120,0,10,2025-12-20 16:56:16.523 +0900,true
3121,0,10,2025-12-20 16:56:16.529 +0900,true
3122,0,10,2025-12-20 16:56:16.535 +0900,true
3123,0,10,2025-12-20 16:56:16.541 +0900,true
3124,0,10,2025-12-20 16:56:16.548 +0900,true
3125,0,10,2025-12-20 16:56:16.554 +0900,true
3126,0,10,2025-12-20 16:56:16.560 +0900,true
3127,0,10,2025-12-20 16:56:16.567 +0900,true
3128,0,10,2025-12-20 16:56:16.573 +0900,true
3129,0,10,2025-12-20 16:56:16.579 +0900,true
3130,0,10,2025-12-20 16:56:16.585 +0900,true
3131,0,10,2025-12-20 16:56:16.591 +0900,true
3132,0,10,2025-12-20 16:56:16.597 +0900,true
3133,0,10,2025-12-20 16:56:16.603 +0900,true
3134,0,10,2025-12-20 16:56:16.609 +0900,true
3135,0,10,2025-12-20 16:56:16.615 +0900,true
3136,0,10,2025-12-20 16:56:16.621 +0900,true
3137,0,10,2025-12-20 16:56:16.627 +0900,true
3138,0,10,2025-12-20 16:56:16.633 +0900,true
3139,0,10,2025-12-20 16:56:16.639 +0900,true
3140,0,10,2025-12-20 16:56:16.645 +0900,true
3141,0,10,2025-12-20 16:56:16.651 +0900,true
3142,0,10,2025-12-20 16:56:16.657 +0900,true
3143,0,10,2025-12-20 16:56:16.663 +0900,true
3144,0,10,2025-12-20 16:56:16.669 +0900,true
3145,0,10,2025-12-20 16:56:16.675 +0900,true
3146,0,10,2025-12-20 16:56:16.681 +0900,true
3147,0,10,2025-12-20 16:56:16.688 +0900,true
3148,0,10,2025-12-20 16:56:16.695 +0900,true
3149,0,10,2025-12-20 16:56:16.702 +0900,true
3150,0,10,2025-12-20 16:56:16.708 +0900,true
3151,0,10,2025-12-20 16:56:16.714 +0900,true
3152,0,10,2025-12-20 16:56:16.720 +0900,true
3153,0,10,2025-12-20 16:56:16.726 +0900,true
3154,0,10,2025-12-20 16:56:16.733 +0900,true
3155,0,10,2025-12-20 16:56:16.739 +0900,true
3156,0,10,2025-12-20 16:56:16.745 +0900,true
3157,0,10,2025-12-20 16:56:16.751 +0900,true
3158,0,10,2025-12-20 16:56:16.757 +0900,true
3159,0,10,2025-12-20 16:56:16.763 +0900,true
3160,0,10,2025-12-20 16:56:16.770 +0900,true
3161,0,10,2025-12-20 16:56:16.776 +0900,true
3162,0,10,2025-12-20 16:56:16.782 +0900,true
3163,0,10,2025-12-20 16:56:16.788 +0900,true
3164,0,10,2025-12-20 16:56:16.794 +0900,true
3165,0,10,2025-12-20 16:56:16.800 +0900,true
3166,0,10,2025-12-20 16:56:16.806 +0900,true
3167,0,10,2025-12-20 16:56:16.812 +0900,true
3168,0,10,2025-12-20 16:56:16.818 +0900,true
3169,0,10,2025-12-20 16:56:16.824 +0900,true
3170,0,10,2025-12-20 16:56:16.830 +0900,true
3171,0,10,2025-12-20 16:56:16.837 +0900,true
3172,0,10,2025-12-20 16:56:16.843 +0900,true
3173,0,10,2025-12-20 16:56:16.849 +0900,true
3174,0,10,2025-12-20 16:56:16.855 +0900,true
3175,0,10,2025-12-20 16:56:16.861 +0900,true
3176,0,10,2025-12-20 16:56:16.867 +0900,true
3177,0,10,2025-12-20 16:56:16.874 +0900,true
3178,0,10,2025-12-20 16:56:16.880 +0900,true
3179,0,10,2025-12-20 16:56:16.887 +0900,true
3180,0,10,2025-12-20 16:56:16.893 +0900,true
3181,0,10,2025-12-20 16:56:16.899 +0900,true
3182,0,10,2025-12-20 16:56:16.906 +0900,true
3183,0,10,2025-12-20 16:56:16.912 +0900,true
3184,0,10,2025-12-20 16:56:16.918 +0900,true
3185,0,10,2025-12-20 16:56:16.924 +0900,true
3186,0,10,2025-12-20 16:56:16.930 +0900,true
3187,0,10,2025-12-20 16:56:16.936 +0900,true
3188,0,10,2025-12-20 16:56:16.942 +0900,true
3189,0,10,2025-12-20 16:56:16.948 +0900,true
3190,0,10,2025-12-20 16:56:16.954 +0900,true
3191,0,10,2025-12-20 16:56:16.960 +0900,true
3192,0,10,2025-12-20 16:56:16.966 +0900,true
3193,0,10,2025-12-20 16:56:16.972 +0900,true
3194,0,10,2025-12-20 16:56:16.977 +0900,true
3195,0,10,2025-12-20 16:56:16.983 +0900,true
3196,0,10,2025-12-20 16:56:16.989 +0900,true
3197,0,10,2025-12-20 16:56:16.995 +0900,true
3198,0,10,2025-12-20 16:56:17.001 +0900,true
3199,0,10,2025-12-20 16:56:17.007 +0900,true
3200,0,10,2025-12-20 16:56:17.012 +0900,true
3201,0,10,2025-12-20 16:56:17.019 +0900,true
3202,0,10,2025-12-20 16:56:17.025 +0900,true
3203,0,10,2025-12-20 16:56:17.030 +0900,true
3204,0,10,2025-12-20 16:56:17.036 +0900,true
3205,0,10,2025-12-20 16:56:17.042 +0900,true
3206,0,10,2025-12-20 16:56:17.048 +0900,true
3207,0,10,2025-12-20 16:56:17.054 +0900,true
3208,0,10,2025-12-20 16:56:17.060 +0900,true
3209,0,10,2025-12-20 16:56:17.066 +0900,true
3210,0,10,2025-12-20 16:56:17.073 +0900,true
3211,0,10,2025-12-20 16:56:17.079 +0900,true
3212,0,10,2025-12-20 16:56:17.085 +0900,true
3213,0,10,2025-12-20 16:56:17.092 +0900,true
3214,0,10,2025-12-20 16:56:17.098 +0900,true
3215,0,10,2025-12-20 16:56:17.104 +0900,true
3216,0,10,2025-12-20 16:56:17.110 +0900,true
3217,0,10,2025-12-20 16:56:17.116 +0900,true
3218,0,10,2025-12-20 16:56:17.122 +0900,true
3219,0,10,2025-12-20 16:56:17.128 +0900,true
3220,0,10,2025-12-20 16:56:17.134 +0900,true
3221,0,10,2025-12-20 16:56:17.140 +0900,true
3222,0,10,2025-12-20 16:56:17.145 +0900,true
3223,0,10,2025-12-20 16:56:17.151 +0900,true
3224,0,10,2025-12-20 16:56:17.156 +0900,true
3225,0,10,2025-12-20 16:56:17.162 +0900,true
3226,0,10,2025-12-20 16:56:17.168 +0900,true
3227,0,10,2025-12-20 16:56:17.173 +0900,true
3228,0,10,2025-12-20 16:56:17.179 +0900,true
3229,0,10,2025-12-20 16:56:17.185 +0900,true
3230,0,10,2025-12-20 16:56:17.191 +0900,true
3231,0,10,2025-12-20 16:56:17.197 +0900,true
3232,0,10,2025-12-20 16:56:17.202 +0900,true
3233,0,10,2025-12-20 16:56:17.208 +0900,true
3234,0,10,2025-12-20 16:56:17.214 +0900,true
3235,0,10,2025-12-20 16:56:17.221 +0900,true
3236,0,10,2025-12-20 16:56:17.226 +0900,true
3237,0,10,2025-12-20 16:56:17.232 +0900,true
3238,0,10,2025-12-20 16:56:17.238 +0900,true
3239,0,10,2025-12-20 16:56:17.244 +0900,true
3240,0,10,2025-12-20 16:56:17.250 +0900,true
3241,0,10,2025-12-20 16:56:17.256 +0900,true
3242,0,10,2025-12-20 16:56:17.261 +0900,true
3243,0,10,2025-12-20 16:56:17.268 +0900,true
3244,0,10,2025-12-20 16:56:17.273 +0900,true
3245,0,10,2025-12-20 16:56:17.279 +0900,true
3246,0,10,2025-12-20 16:56:17.285 +0900,true
3247,0,10,2025-12-20 16:56:17.291 +0900,true
3248,0,10,2025-12-20 16:56:17.297 +0900,true
3249,0,10,2025-12-20 16:56:17.302 +0900,true
3250,0,10,2025-12-20 16:56:17.308 +0900,true
3251,0,10,2025-12-20 16:56:17.313 +0900,true
3252,0,10,2025-12-20 16:56:17.319 +0900,true
3253,0,10,2025-12-20 16:56:17.325 +0900,true
3254,0,10,2025-12-20 16:56:17.331 +0900,true
3255,0,10,2025-12-20 16:56:17.337 +0900,true
3256,0,10,2025-12-20 16:56:17.343 +0900,true
3257,0,10,2025-12-20 16:56:17.349 +0900,true
3258,0,10,2025-12-20 16:56:17.355 +0900,true
3259,0,10,2025-12-20 16:56:17.361 +0900,true
3260,0,10,2025-12-20 16:56:17.367 +0900,true
3261,0,10,2025-12-20 16:56:17.373 +0900,true
3262,0,10,2025-12-20 16:56:17.378 +0900,true
3263,0,10,2025-12-20 16:56:17.384 +0900,true
3264,0,10,2025-12-20 16:56:17.390 +0900,true
3265,0,10,2025-12-20 16:56:17.395 +0900,true
3266,0,10,2025-12-20 16:56:17.401 +0900,true
3267,0,10,2025-12-20 16:56:17.407 +0900,true
3268,0,10,2025-12-20 16:56:17.414 +0900,true
3269,0,10,2025-12-20 16:56:17.420 +0900,true
3270,0,10,2025-12-20 16:56:17.426 +0900,true
3271,0,10,2025-12-20 16:56:17.431 +0900,true
3272,0,10,2025-12-20 16:56:17.437 +0900,true
3273,0,10,2025-12-20 16:56:17.442 +0900,true
3274,0,10,2025-12-20 16:56:17.448 +0900,true
3275,0,10,2025-12-20 16:56:17.453 +0900,true
3276,0,10,2025-12-20 16:56:17.459 +0900,true
3277,0,10,2025-12-20 16:56:17.464 +0900,true
3278,0,10,2025-12-20 16:56:17.470 +0900,true
3279,0,10,2025-12-20 16:56:17.476 +0900,true
3280,0,10,2025-12-20 16:56:17.481 +0900,true
3281,0,10,2025-12-20 16:56:17.487 +0900,true
3282,0,10,2025-12-20 16:56:17.493 +0900,true
3283,0,10,2025-12-20 16:56:17.499 +0900,true
3284,0,10,2025-12-20 16:56:17.504 +0900,true
3285,0,10,2025-12-20 16:56:17.510 +0900,true
3286,0,10,2025-12-20 16:56:17.515 +0900,true
3287,0,10,2025-12-20 16:56:17.521 +0900,true
3288,0,10,2025-12-20 16:56:17.527 +0900,true
3289,0,10,2025-12-20 16:56:17.533 +0900,true
3290,0,10,2025-12-20 16:56:17.539 +0900,true
3291,0,10,2025-12-20 16:56:17.545 +0900,true
3292,0,10,2025-12-20 16:56:17.550 +0900,true
3293,0,10,2025-12-20 16:56:17.556 +0900,true
3294,0,10,2025-12-20 16:56:17.563 +0900,true
3295,0,10,2025-12-20 16:56:17.570 +0900,true
3296,0,10,2025-12-20 16:56:17.576 +0900,true
3297,0,10,2025-12-20 16:56:17.582 +0900,true
3298,0,10,2025-12-20 16:56:17.587 +0900,true
3299,0,10,2025-12-20 16:56:17.593 +0900,true
3300,0,10,2025-12-20 16:56:17.599 +0900,true
3301,0,10,2025-12-20 16:56:17.605 +0900,true
3302,0,10,2025-12-20 16:56:17.611 +0900,true
3303,0,10,2025-12-20 16:56:17.617 +0900,true
3304,0,10,2025-12-20 16:56:17.623 +0900,true
3305,0,10,2025-12-20 16:56:17.628 +0900,true
3306,0,10,2025-12-20 16:56:17.634 +0900,true
3307,0,10,2025-12-20 16:56:17.640 +0900,true
3308,0,10,2025-12-20 16:56:17.646 +0900,true
3309,0,10,2025-12-20 16:56:17.652 +0900,true
3310,0,10,2025-12-20 16:56:17.657 +0900,true
3311,0,10,2025-12-20 16:56:17.663 +0900,true
3312,0,10,2025-12-20 16:56:17.669 +0900,true
3313,0,10,2025-12-20 16:56:17.674 +0900,true
3314,0,10,2025-12-20 16:56:17.680 +0900,true
3315,0,10,2025-12-20 16:56:17.686 +0900,true
3316,0,10,2025-12-20 16:56:17.692 +0900,true
3317,0,10,2025-12-20 16:56:17.698 +0900,true
3318,0,10,2025-12-20 16:56:17.704 +0900,true
3319,0,10,2025-12-20 16:56:17.709 +0900,true
3320,0,10,2025-12-20 16:56:17.715 +0900,true
3321,0,10,2025-12-20 16:56:17.721 +0900,true
3322,0,10,2025-12-20 16:56:17.726 +0900,true
3323,0,10,2025-12-20 16:56:17.732 +0900,true
3324,0,10,2025-12-20 16:56:17.738 +0900,true
3325,0,10,2025-12-20 16:56:17.744 +0900,true
3326,0,10,2025-12-20 16:56:17.750 +0900,true
3327,0,10,2025-12-20 16:56:17.756 +0900,true
3328,0,10,2025-12-20 16:56:17.761 +0900,true
3329,0,10,2025-12-20 16:56:17.767 +0900,true
3330,0,10,2025-12-20 16:56:17.772 +0900,true
3331,0,10,2025-12-20 16:56:17.778 +0900,true
3332,0,10,2025-12-20 16:56:17.784 +0900,true
3333,0,10,2025-12-20 16:56:17.790 +0900,true
3334,0,10,2025-12-20 16:56:17.795 +0900,true
3335,0,10,2025-12-20 16:56:17.801 +0900,true
3336,0,10,2025-12-20 16:56:17.807 +0900,true
3337,0,10,2025-12-20 16:56:17.813 +0900,true
3338,0,10,2025-12-20 16:56:17.818 +0900,true
3339,0,10,2025-12-20 16:56:17.824 +0900,true
3340,0,10,2025-12-20 16:56:17.830 +0900,true
3341,0,10,2025-12-20 16:56:17.835 +0900,true
3342,0,10,2025-12-20 16:56:17.841 +0900,true
3343,0,10,2025-12-20 16:56:17.846 +0900,true
3344,0,10,2025-12-20 16:56:17.852 +0900,true
3345,0,10,2025-12-20 16:56:17.858 +0900,true
3346,0,10,2025-12-20 16:56:17.864 +0900,true
3347,0,10,2025-12-20 16:56:17.869 +0900,true
3348,0,10,2025-12-20 16:56:17.875 +0900,true
3349,0,10,2025-12-20 16:56:17.881 +0900,true
3350,0,10,2025-12-20 16:56:17.887 +0900,true
3351,0,10,2025-12-20 16:56:17.893 +0900,true
3352,0,10,2025-12-20 16:56:17.900 +0900,true
3353,0,10,2025-12-20 16:56:17.906 +0900,true
3354,0,10,2025-12-20 16:56:17.913 +0900,true
3355,0,10,2025-12-20 16:56:17.918 +0900,true
3356,0,10,2025-12-20 16:56:17.924 +0900,true
3357,0,10,2025-12-20 16:56:17.930 +0900,true
3358,0,10,2025-12-20 16:56:17.935 +0900,true
3359,0,10,2025-12-20 16:56:17.941 +0900,true
3360,0,10,2025-12-20 16:56:17.947 +0900,true
3361,0,10,2025-12-20 16:56:17.953 +0900,true
3362,0,10,2025-12-20 16:56:17.959 +0900,true
3363,0,10,2025-12-20 16:56:17.965 +0900,true
3364,0,10,2025-12-20 16:56:17.971 +0900,true
3365,0,10,2025-12-20 16:56:17.977 +0900,true
3366,0,10,2025-12-20 16:56:17.983 +0900,true
3367,0,10,2025-12-20 16:56:17.989 +0900,true
3368,0,10,2025-12-20 16:56:17.995 +0900,true
3369,0,10,2025-12-20 16:56:18.001 +0900,true
3370,0,10,2025-12-20 16:56:18.006 +0900,true
3371,0,10,2025-12-20 16:56:18.012 +0900,true
3372,0,10,2025-12-20 16:56:18.018 +0900,true
3373,0,10,2025-12-20 16:56:18.024 +0900,true
3374,0,10,2025-12-20 16:56:18.030 +0900,true
3375,0,10,2025-12-20 16:56:18.036 +0900,true
3376,0,10,2025-12-20 16:56:18.041 +0900,true
3377,0,10,2025-12-20 16:56:18.048 +0900,true
3378,0,10,2025-12-20 16:56:18.053 +0900,true
3379,0,10,2025-12-20 16:56:18.059 +0900,true
3380,0,10,2025-12-20 16:56:18.065 +0900,true
3381,0,10,2025-12-20 16:56:18.070 +0900,true
3382,0,10,2025-12-20 16:56:18.076 +0900,true
3383,0,10,2025-12-20 16:56:18.082 +0900,true
3384,0,10,2025-12-20 16:56:18.088 +0900,true
3385,0,10,2025-12-20 16:56:18.094 +0900,true
3386,0,10,2025-12-20 16:56:18.099 +0900,true
3387,0,10,2025-12-20 16:56:18.105 +0900,true
3388,0,10,2025-12-20 16:56:18.111 +0900,true
3389,0,10,2025-12-20 16:56:18.117 +0900,true
3390,0,10,2025-12-20 16:56:18.123 +0900,true
3391,0,10,2025-12-20 16:56:18.129 +0900,true
3392,0,10,2025-12-20 16:56:18.135 +0900,true
3393,0,10,2025-12-20 16:56:18.141 +0900,true
3394,0,10,2025-12-20 16:56:18.147 +0900,true
3395,0,10,2025-12-20 16:56:18.153 +0900,true
3396,0,10,2025-12-20 16:56:18.159 +0900,true
3397,0,10,2025-12-20 16:56:18.165 +0900,true
3398,0,10,2025-12-20 16:56:18.171 +0900,true
3399,0,10,2025-12-20 16:56:18.177 +0900,true
3400,0,10,2025-12-20 16:56:18.183 +0900,true
3401,0,10,2025-12-20 16:56:18.189 +0900,true
3402,0,10,2025-12-20 16:56:18.195 +0900,true
3403,0,10,2025-12-20 16:56:18.201 +0900,true
3404,0,10,2025-12-20 16:56:18.207 +0900,true
3405,0,10,2025-12-20 16:56:18.213 +0900,true
3406,0,10,2025-12-20 16:56:18.219 +0900,true
3407,0,10,2025-12-20 16:56:18.226 +0900,true
3408,0,10,2025-12-20 16:56:18.231 +0900,true
3409,0,10,2025-12-20 16:56:18.237 +0900,true
3410,0,10,2025-12-20 16:56:18.243 +0900,true
3411,0,10,2025-12-20 16:56:18.249 +0900,true
3412,0,10,2025-12-20 16:56:18.255 +0900,true
3413,0,10,2025-12-20 16:56:18.261 +0900,true
3414,0,10,2025-12-20 16:56:18.267 +0900,true
3415,0,10,2025-12-20 16:56:18.273 +0900,true
3416,0,10,2025-12-20 16:56:18.279 +0900,true
3417,0,10,2025-12-20 16:56:18.285 +0900,true
3418,0,10,2025-12-20 16:56:18.291 +0900,true
3419,0,10,2025-12-20 16:56:18.298 +0900,true
3420,0,10,2025-12-20 16:56:18.304 +0900,true
3421,0,10,2025-12-20 16:56:18.310 +0900,true
3422,0,10,2025-12-20 16:56:18.316 +0900,true
3423,0,10,2025-12-20 16:56:18.322 +0900,true
3424,0,10,2025-12-20 16:56:18.328 +0900,true
3425,0,10,2025-12-20 16:56:18.334 +0900,true
3426,0,10,2025-12-20 16:56:18.340 +0900,true
3427,0,10,2025-12-20 16:56:18.346 +0900,true
3428,0,10,2025-12-20 16:56:18.352 +0900,true
3429,0,10,2025-12-20 16:56:18.358 +0900,true
3430,0,10,2025-12-20 16:56:18.364 +0900,true
3431,0,10,2025-12-20 16:56:18.370 +0900,true
3432,0,10,2025-12-20 16:56:18.376 +0900,true
3433,0,10,2025-12-20 16:56:18.382 +0900,true
3434,0,10,2025-12-20 16:56:18.388 +0900,true
3435,0,10,2025-12-20 16:56:18.394 +0900,true
3436,0,10,2025-12-20 16:56:18.401 +0900,true
3437,0,10,2025-12-20 16:56:18.406 +0900,true
3438,0,10,2025-12-20 16:56:18.413 +0900,true
3439,0,10,2025-12-20 16:56:18.419 +0900,true
3440,0,10,2025-12-20 16:56:18.424 +0900,true
3441,0,10,2025-12-20 16:56:18.430 +0900,true
3442,0,10,2025-12-20 16:56:18.436 +0900,true
3443,0,10,2025-12-20 16:56:18.442 +0900,true
3444,0,10,2025-12-20 16:56:18.448 +0900,true
3445,0,10,2025-12-20 16:56:18.453 +0900,true
3446,0,10,2025-12-20 16:56:18.459 +0900,true
3447,0,10,2025-12-20 16:56:18.466 +0900,true
3448,0,10,2025-12-20 16:56:18.472 +0900,true
3449,0,10,2025-12-20 16:56:18.478 +0900,true
3450,0,10,2025-12-20 16:56:18.484 +0900,true
3451,0,10,2025-12-20 16:56:18.490 +0900,true
3452,0,10,2025-12-20 16:56:18.496 +0900,true
3453,0,10,2025-12-20 16:56:18.502 +0900,true
3454,0,10,2025-12-20 16:56:18.508 +0900,true
3455,0,10,2025-12-20 16:56:18.514 +0900,true
3456,0,10,2025-12-20 16:56:18.520 +0900,true
3457,0,10,2025-12-20 16:56:18.527 +0900,true
3458,0,10,2025-12-20 16:56:18.532 +0900,true
3459,0,10,2025-12-20 16:56:18.538 +0900,true
3460,0,10,2025-12-20 16:56:18.544 +0900,true
3461,0,10,2025-12-20 16:56:18.550 +0900,true
3462,0,10,2025-12-20 16:56:18.556 +0900,true
3463,0,10,2025-12-20 16:56:18.563 +0900,true
3464,0,10,2025-12-20 16:56:18.568 +0900,true
3465,0,10,2025-12-20 16:56:18.575 +0900,true
3466,0,10,2025-12-20 16:56:18.581 +0900,true
3467,0,10,2025-12-20 16:56:18.587 +0900,true
3468,0,10,2025-12-20 16:56:18.594 +0900,true
3469,0,10,2025-12-20 16:56:18.599 +0900,true
3470,0,10,2025-12-20 16:56:18.605 +0900,true
3471,0,10,2025-12-20 16:56:18.612 +0900,true
3472,0,10,2025-12-20 16:56:18.618 +0900,true
3473,0,10,2025-12-20 16:56:18.623 +0900,true
3474,0,10,2025-12-20 16:56:18.630 +0900,true
3475,0,10,2025-12-20 16:56:18.636 +0900,true
3476,0,10,2025-12-20 16:56:18.642 +0900,true
3477,0,10,2025-12-20 16:56:18.647 +0900,true
3478,0,10,2025-12-20 16:56:18.653 +0900,true
3479,0,10,2025-12-20 16:56:18.660 +0900,true
3480,0,10,2025-12-20 16:56:18.666 +0900,true
3481,0,10,2025-12-20 16:56:18.672 +0900,true
3482,0,10,2025-12-20 16:56:18.678 +0900,true
3483,0,10,2025-12-20 16:56:18.684 +0900,true
3484,0,10,2025-12-20 16:56:18.690 +0900,true
3485,0,10,2025-12-20 16:56:18.696 +0900,true
3486,0,10,2025-12-20 16:56:18.701 +0900,true
3487,0,10,2025-12-20 16:56:18.707 +0900,true
3488,0,10,2025-12-20 16:56:18.713 +0900,true
3489,0,10,2025-12-20 16:56:18.719 +0900,true
3490,0,10,2025-12-20 16:56:18.724 +0900,true
3491,0,10,2025-12-20 16:56:18.730 +0900,true
3492,0,10,2025-12-20 16:56:18.736 +0900,true
3493,0,10,2025-12-20 16:56:18.742 +0900,true
3494,0,10,2025-12-20 16:56:18.748 +0900,true
3495,0,10,2025-12-20 16:56:18.754 +0900,true
3496,0,10,2025-12-20 16:56:18.760 +0900,true
3497,0,10,2025-12-20 16:56:18.766 +0900,true
3498,0,10,2025-12-20 16:56:18.772 +0900,true
3499,0,10,2025-12-20 16:56:18.778 +0900,true
3500,0,10,2025-12-20 16:56:18.784 +0900,true
3501,0,10,2025-12-20 16:56:18.790 +0900,true
3502,0,10,2025-12-20 16:56:18.796 +0900,true
3503,0,10,2025-12-20 16:56:18.802 +0900,true
3504,0,10,2025-12-20 16:56:18.808 +0900,true
3505,0,10,2025-12-20 16:56:18.814 +0900,true
3506,0,10,2025-12-20 16:56:18.820 +0900,true
3507,0,10,2025-12-20 16:56:18.825 +0900,true
3508,0,10,2025-12-20 16:56:18.832 +0900,true
3509,0,10,2025-12-20 16:56:18.837 +0900,true
3510,0,10,2025-12-20 16:56:18.843 +0900,true
3511,0,10,2025-12-20 16:56:18.849 +0900,true
3512,0,10,2025-12-20 16:56:18.855 +0900,true
3513,0,10,2025-12-20 16:56:18.861 +0900,true
3514,0,10,2025-12-20 16:56:18.867 +0900,true
3515,0,10,2025-12-20 16:56:18.873 +0900,true
3516,0,10,2025-12-20 16:56:18.879 +0900,true
3517,0,10,2025-12-20 16:56:18.885 +0900,true
3518,0,10,2025-12-20 16:56:18.891 +0900,true
3519,0,10,2025-12-20 16:56:18.897 +0900,true
3520,0,10,2025-12-20 16:56:18.903 +0900,true
3521,0,10,2025-12-20 16:56:18.910 +0900,true
3522,0,10,2025-12-20 16:56:18.916 +0900,true
3523,0,10,2025-12-20 16:56:18.922 +0900,true
3524,0,10,2025-12-20 16:56:18.928 +0900,true
3525,0,10,2025-12-20 16:56:18.933 +0900,true
3526,0,10,2025-12-20 16:56:18.940 +0900,true
3527,0,10,2025-12-20 16:56:18.946 +0900,true
3528,0,10,2025-12-20 16:56:18.952 +0900,true
3529,0,10,2025-12-20 16:56:18.959 +0900,true
3530,0,10,2025-12-20 16:56:18.966 +0900,true
3531,0,10,2025-12-20 16:56:18.972 +0900,true
3532,0,10,2025-12-20 16:56:18.979 +0900,true
3533,0,10,2025-12-20 16:56:18.985 +0900,true
3534,0,10,2025-12-20 16:56:18.991 +0900,true
3535,0,10,2025-12-20 16:56:18.998 +0900,true
3536,0,10,2025-12-20 16:56:19.004 +0900,true
3537,0,10,2025-12-20 16:56:19.010 +0900,true
3538,0,10,2025-12-20 16:56:19.016 +0900,true
3539,0,10,2025-12-20 16:56:19.022 +0900,true
3540,0,10,2025-12-20 16:56:19.028 +0900,true
3541,0,10,2025-12-20 16:56:19.034 +0900,true
3542,0,10,2025-12-20 16:56:19.040 +0900,true
3543,0,10,2025-12-20 16:56:19.047 +0900,true
3544,0,10,2025-12-20 16:56:19.054 +0900,true
3545,0,10,2025-12-20 16:56:19.063 +0900,true
3546,0,10,2025-12-20 16:56:19.070 +0900,true
3547,0,10,2025-12-20 16:56:19.080 +0900,true
3548,0,10,2025-12-20 16:56:19.087 +0900,true
3549,0,10,2025-12-20 16:56:19.096 +0900,true
3550,0,10,2025-12-20 16:56:19.104 +0900,true
3551,0,10,2025-12-20 16:56:19.110 +0900,true
3552,0,10,2025-12-20 16:56:19.116 +0900,true
3553,0,10,2025-12-20 16:56:19.122 +0900,true
3554,0,10,2025-12-20 16:56:19.129 +0900,true
3555,0,10,2025-12-20 16:56:19.134 +0900,true
3556,0,10,2025-12-20 16:56:19.141 +0900,true
3557,0,10,2025-12-20 16:56:19.146 +0900,true
3558,0,10,2025-12-20 16:56:19.153 +0900,true
3559,0,10,2025-12-20 16:56:19.159 +0900,true
3560,0,10,2025-12-20 16:56:19.165 +0900,true
3561,0,10,2025-12-20 16:56:19.171 +0900,true
3562,0,10,2025-12-20 16:56:19.177 +0900,true
3563,0,10,2025-12-20 16:56:19.183 +0900,true
3564,0,10,2025-12-20 16:56:19.189 +0900,true
3565,0,10,2025-12-20 16:56:19.195 +0900,true
3566,0,10,2025-12-20 16:56:19.202 +0900,true
3567,0,10,2025-12-20 16:56:19.208 +0900,true
3568,0,10,2025-12-20 16:56:19.214 +0900,true
3569,0,10,2025-12-20 16:56:19.220 +0900,true
3570,0,10,2025-12-20 16:56:19.226 +0900,true
3571,0,10,2025-12-20 16:56:19.232 +0900,true
3572,0,10,2025-12-20 16:56:19.238 +0900,true
3573,0,10,2025-12-20 16:56:19.244 +0900,true
3574,0,10,2025-12-20 16:56:19.251 +0900,true
3575,0,10,2025-12-20 16:56:19.257 +0900,true
3576,0,10,2025-12-20 16:56:19.263 +0900,true
3577,0,10,2025-12-20 16:56:19.269 +0900,true
3578,0,10,2025-12-20 16:56:19.275 +0900,true
3579,0,10,2025-12-20 16:56:19.281 +0900,true
3580,0,10,2025-12-20 16:56:19.287 +0900,true
3581,0,10,2025-12-20 16:56:19.293 +0900,true
3582,0,10,2025-12-20 16:56:19.299 +0900,true
3583,0,10,2025-12-20 16:56:19.305 +0900,true
3584,0,10,2025-12-20 16:56:19.311 +0900,true
3585,0,10,2025-12-20 16:56:19.317 +0900,true
3586,0,10,2025-12-20 16:56:19.323 +0900,true
3587,0,10,2025-12-20 16:56:19.329 +0900,true
3588,0,10,2025-12-20 16:56:19.335 +0900,true
3589,0,10,2025-12-20 16:56:19.341 +0900,true
3590,0,10,2025-12-20 16:56:19.347 +0900,true
3591,0,10,2025-12-20 16:56:19.353 +0900,true
3592,0,10,2025-12-20 16:56:19.359 +0900,true
3593,0,10,2025-12-20 16:56:19.365 +0900,true
3594,0,10,2025-12-20 16:56:19.371 +0900,true
3595,0,10,2025-12-20 16:56:19.377 +0900,true
3596,0,10,2025-12-20 16:56:19.383 +0900,true
3597,0,10,2025-12-20 16:56:19.389 +0900,true
3598,0,10,2025-12-20 16:56:19.395 +0900,true
3599,0,10,2025-12-20 16:56:19.401 +0900,true
3600,0,10,2025-12-20 16:56:19.407 +0900,true
3601,0,10,2025-12-20 16:56:19.413 +0900,true
3602,0,10,2025-12-20 16:56:19.419 +0900,true
3603,0,10,2025-12-20 16:56:19.425 +0900,true
3604,0,10,2025-12-20 16:56:19.431 +0900,true
3605,0,10,2025-12-20 16:56:19.437 +0900,true
3606,0,10,2025-12-20 16:56:19.443 +0900,true
3607,0,10,2025-12-20 16:56:19.449 +0900,true
3608,0,10,2025-12-20 16:56:19.455 +0900,true
3609,0,10,2025-12-20 16:56:19.461 +0900,true
3610,0,10,2025-12-20 16:56:19.467 +0900,true
3611,0,10,2025-12-20 16:56:19.473 +0900,true
3612,0,10,2025-12-20 16:56:19.479 +0900,true
3613,0,10,2025-12-20 16:56:19.485 +0900,true
3614,0,10,2025-12-20 16:56:19.491 +0900,true
3615,0,10,2025-12-20 16:56:19.497 +0900,true
3616,0,10,2025-12-20 16:56:19.503 +0900,true
3617,0,10,2025-12-20 16:56:19.509 +0900,true
3618,0,10,2025-12-20 16:56:19.515 +0900,true
3619,0,10,2025-12-20 16:56:19.522 +0900,true
3620,0,10,2025-12-20 16:56:19.528 +0900,true
3621,0,10,2025-12-20 16:56:19.534 +0900,true
3622,0,10,2025-12-20 16:56:19.541 +0900,true
3623,0,10,2025-12-20 16:56:19.547 +0900,true
3624,0,10,2025-12-20 16:56:19.553 +0900,true
3625,0,10,2025-12-20 16:56:19.559 +0900,true
3626,0,10,2025-12-20 16:56:19.565 +0900,true
3627,0,10,2025-12-20 16:56:19.571 +0900,true
3628,0,10,2025-12-20 16:56:19.577 +0900,true
3629,0,10,2025-12-20 16:56:19.583 +0900,true
3630,0,10,2025-12-20 16:56:19.589 +0900,true
3631,0,10,2025-12-20 16:56:19.596 +0900,true
3632,0,10,2025-12-20 16:56:19.602 +0900,true
3633,0,10,2025-12-20 16:56:19.608 +0900,true
3634,0,10,2025-12-20 16:56:19.614 +0900,true
3635,0,10,2025-12-20 16:56:19.620 +0900,true
3636,0,10,2025-12-20 16:56:19.626 +0900,true
3637,0,10,2025-12-20 16:56:19.631 +0900,true
3638,0,10,2025-12-20 16:56:19.638 +0900,true
3639,0,10,2025-12-20 16:56:19.644 +0900,true
3640,0,10,2025-12-20 16:56:19.650 +0900,true
3641,0,10,2025-12-20 16:56:19.656 +0900,true
3642,0,10,2025-12-20 16:56:19.662 +0900,true
3643,0,10,2025-12-20 16:56:19.668 +0900,true
3644,0,10,2025-12-20 16:56:19.674 +0900,true
3645,0,10,2025-12-20 16:56:19.680 +0900,true
3646,0,10,2025-12-20 16:56:19.685 +0900,true
3647,0,10,2025-12-20 16:56:19.691 +0900,true
3648,0,10,2025-12-20 16:56:19.697 +0900,true
3649,0,10,2025-12-20 16:56:19.703 +0900,true
3650,0,10,2025-12-20 16:56:19.709 +0900,true
3651,0,10,2025-12-20 16:56:19.715 +0900,true
3652,0,10,2025-12-20 16:56:19.721 +0900,true
3653,0,10,2025-12-20 16:56:19.727 +0900,true
3654,0,10,2025-12-20 16:56:19.733 +0900,true
3655,0,10,2025-12-20 16:56:19.739 +0900,true
3656,0,10,2025-12-20 16:56:19.745 +0900,true
3657,0,10,2025-12-20 16:56:19.751 +0900,true
3658,0,10,2025-12-20 16:56:19.757 +0900,true
3659,0,10,2025-12-20 16:56:19.763 +0900,true
3660,0,10,2025-12-20 16:56:19.769 +0900,true
3661,0,10,2025-12-20 16:56:19.775 +0900,true
3662,0,10,2025-12-20 16:56:19.780 +0900,true
3663,0,10,2025-12-20 16:56:19.786 +0900,true
3664,0,10,2025-12-20 16:56:19.792 +0900,true
3665,0,10,2025-12-20 16:56:19.799 +0900,true
3666,0,10,2025-12-20 16:56:19.804 +0900,true
3667,0,10,2025-12-20 16:56:19.810 +0900,true
3668,0,10,2025-12-20 16:56:19.817 +0900,true
3669,0,10,2025-12-20 16:56:19.823 +0900,true
3670,0,10,2025-12-20 16:56:19.828 +0900,true
3671,0,10,2025-12-20 16:56:19.834 +0900,true
3672,0,10,2025-12-20 16:56:19.840 +0900,true
3673,0,10,2025-12-20 16:56:19.847 +0900,true
3674,0,10,2025-12-20 16:56:19.853 +0900,true
3675,0,10,2025-12-20 16:56:19.859 +0900,true
3676,0,10,2025-12-20 16:56:19.864 +0900,true
3677,0,10,2025-12-20 16:56:19.871 +0900,true
3678,0,10,2025-12-20 16:56:19.877 +0900,true
3679,0,10,2025-12-20 16:56:19.883 +0900,true
3680,0,10,2025-12-20 16:56:19.890 +0900,true
3681,0,10,2025-12-20 16:56:19.895 +0900,true
3682,0,10,2025-12-20 16:56:19.901 +0900,true
3683,0,10,2025-12-20 16:56:19.907 +0900,true
3684,0,10,2025-12-20 16:56:19.913 +0900,true
3685,0,10,2025-12-20 16:56:19.919 +0900,true
3686,0,10,2025-12-20 16:56:19.925 +0900,true
3687,0,10,2025-12-20 16:56:19.931 +0900,true
3688,0,10,2025-12-20 16:56:19.937 +0900,true
3689,0,10,2025-12-20 16:56:19.943 +0900,true
3690,0,10,2025-12-20 16:56:19.949 +0900,true
3691,0,10,2025-12-20 16:56:19.955 +0900,true
3692,0,10,2025-12-20 16:56:19.960 +0900,true
3693,0,10,2025-12-20 16:56:19.966 +0900,true
3694,0,10,2025-12-20 16:56:19.972 +0900,true
3695,0,10,2025-12-20 16:56:19.978 +0900,true
3696,0,10,2025-12-20 16:56:19.984 +0900,true
3697,0,10,2025-12-20 16:56:19.990 +0900,true
3698,0,10,2025-12-20 16:56:19.996 +0900,true
3699,0,10,2025-12-20 16:56:20.002 +0900,true
3700,0,10,2025-12-20 16:56:20.008 +0900,true
3701,0,10,2025-12-20 16:56:20.014 +0900,true
3702,0,10,2025-12-20 16:56:20.020 +0900,true
3703,0,10,2025-12-20 16:56:20.026 +0900,true
3704,0,10,2025-12-20 16:56:20.032 +0900,true
3705,0,10,2025-12-20 16:56:20.038 +0900,true
3706,0,10,2025-12-20 16:56:20.045 +0900,true
3707,0,10,2025-12-20 16:56:20.051 +0900,true
3708,0,10,2025-12-20 16:56:20.058 +0900,true
3709,0,10,2025-12-20 16:56:20.064 +0900,true
3710,0,10,2025-12-20 16:56:20.071 +0900,true
3711,0,10,2025-12-20 16:56:20.076 +0900,true
3712,0,10,2025-12-20 16:56:20.082 +0900,true
3713,0,10,2025-12-20 16:56:20.088 +0900,true
3714,0,10,2025-12-20 16:56:20.094 +0900,true
3715,0,10,2025-12-20 16:56:20.100 +0900,true
3716,0,10,2025-12-20 16:56:20.106 +0900,true
3717,0,10,2025-12-20 16:56:20.112 +0900,true
3718,0,10,2025-12-20 16:56:20.118 +0900,true
3719,0,10,2025-12-20 16:56:20.124 +0900,true
3720,0,10,2025-12-20 16:56:20.130 +0900,true
3721,0,10,2025-12-20 16:56:20.136 +0900,true
3722,0,10,2025-12-20 16:56:20.142 +0900,true
3723,0,10,2025-12-20 16:56:20.148 +0900,true
3724,0,10,2025-12-20 16:56:20.154 +0900,true
3725,0,10,2025-12-20 16:56:20.161 +0900,true
3726,0,10,2025-12-20 16:56:20.168 +0900,true
3727,0,10,2025-12-20 16:56:20.174 +0900,true
3728,0,10,2025-12-20 16:56:20.180 +0900,true
3729,0,10,2025-12-20 16:56:20.188 +0900,true
3730,0,10,2025-12-20 16:56:20.194 +0900,true
3731,0,10,2025-12-20 16:56:20.200 +0900,true
3732,0,10,2025-12-20 16:56:20.206 +0900,true
3733,0,10,2025-12-20 16:56:20.212 +0900,true
3734,0,10,2025-12-20 16:56:20.219 +0900,true
3735,0,10,2025-12-20 16:56:20.225 +0900,true
3736,0,10,2025-12-20 16:56:20.232 +0900,true
3737,0,10,2025-12-20 16:56:20.239 +0900,true
3738,0,10,2025-12-20 16:56:20.246 +0900,true
3739,0,10,2025-12-20 16:56:20.252 +0900,true
3740,0,10,2025-12-20 16:56:20.258 +0900,true
3741,0,10,2025-12-20 16:56:20.265 +0900,true
3742,0,10,2025-12-20 16:56:20.271 +0900,true
3743,0,10,2025-12-20 16:56:20.277 +0900,true
3744,0,10,2025-12-20 16:56:20.284 +0900,true
3745,0,10,2025-12-20 16:56:20.290 +0900,true
3746,0,10,2025-12-20 16:56:20.296 +0900,true
3747,0,10,2025-12-20 16:56:20.304 +0900,true
3748,0,10,2025-12-20 16:56:20.310 +0900,true
3749,0,10,2025-12-20 16:56:20.316 +0900,true
3750,0,10,2025-12-20 16:56:20.322 +0900,true
3751,0,10,2025-12-20 16:56:20.328 +0900,true
3752,0,10,2025-12-20 16:56:20.335 +0900,true
3753,0,10,2025-12-20 16:56:20.341 +0900,true
3754,0,10,2025-12-20 16:56:20.347 +0900,true
3755,0,10,2025-12-20 16:56:20.354 +0900,true
3756,0,10,2025-12-20 16:56:20.360 +0900,true
3757,0,10,2025-12-20 16:56:20.367 +0900,true
3758,0,10,2025-12-20 16:56:20.373 +0900,true
3759,0,10,2025-12-20 16:56:20.379 +0900,true
3760,0,10,2025-12-20 16:56:20.385 +0900,true
3761,0,10,2025-12-20 16:56:20.392 +0900,true
3762,0,10,2025-12-20 16:56:20.398 +0900,true
3763,0,10,2025-12-20 16:56:20.404 +0900,true
3764,0,10,2025-12-20 16:56:20.411 +0900,true
3765,0,10,2025-12-20 16:56:20.417 +0900,true
3766,0,10,2025-12-20 16:56:20.423 +0900,true
3767,0,10,2025-12-20 16:56:20.429 +0900,true
3768,0,10,2025-12-20 16:56:20.435 +0900,true
3769,0,10,2025-12-20 16:56:20.441 +0900,true
3770,0,10,2025-12-20 16:56:20.447 +0900,true
3771,0,10,2025-12-20 16:56:20.454 +0900,true
3772,0,10,2025-12-20 16:56:20.460 +0900,true
3773,0,10,2025-12-20 16:56:20.467 +0900,true
3774,0,10,2025-12-20 16:56:20.473 +0900,true
3775,0,10,2025-12-20 16:56:20.480 +0900,true
3776,0,10,2025-12-20 16:56:20.486 +0900,true
3777,0,10,2025-12-20 16:56:20.492 +0900,true
3778,0,10,2025-12-20 16:56:20.498 +0900,true
3779,0,10,2025-12-20 16:56:20.504 +0900,true
3780,0,10,2025-12-20 16:56:20.509 +0900,true
3781,0,10,2025-12-20 16:56:20.515 +0900,true
3782,0,10,2025-12-20 16:56:20.521 +0900,true
3783,0,10,2025-12-20 16:56:20.528 +0900,true
3784,0,10,2025-12-20 16:56:20.534 +0900,true
3785,0,10,2025-12-20 16:56:20.540 +0900,true
3786,0,10,2025-12-20 16:56:20.546 +0900,true
3787,0,10,2025-12-20 16:56:20.552 +0900,true
3788,0,10,2025-12-20 16:56:20.558 +0900,true
3789,0,10,2025-12-20 16:56:20.564 +0900,true
3790,0,10,2025-12-20 16:56:20.571 +0900,true
3791,0,10,2025-12-20 16:56:20.579 +0900,true
3792,0,10,2025-12-20 16:56:20.586 +0900,true
3793,0,10,2025-12-20 16:56:20.592 +0900,true
3794,0,10,2025-12-20 16:56:20.599 +0900,true
3795,0,10,2025-12-20 16:56:20.605 +0900,true
3796,0,10,2025-12-20 16:56:20.612 +0900,true
3797,0,10,2025-12-20 16:56:20.619 +0900,true
3798,0,10,2025-12-20 16:56:20.626 +0900,true
3799,0,10,2025-12-20 16:56:20.633 +0900,true
3800,0,10,2025-12-20 16:56:20.640 +0900,true
3801,0,10,2025-12-20 16:56:20.647 +0900,true
3802,0,10,2025-12-20 16:56:20.653 +0900,true
3803,0,10,2025-12-20 16:56:20.659 +0900,true
3804,0,10,2025-12-20 16:56:20.666 +0900,true
3805,0,10,2025-12-20 16:56:20.672 +0900,true
3806,0,10,2025-12-20 16:56:20.680 +0900,true
3807,0,10,2025-12-20 16:56:20.686 +0900,true
3808,0,10,2025-12-20 16:56:20.693 +0900,true
3809,0,10,2025-12-20 16:56:20.699 +0900,true
3810,0,10,2025-12-20 16:56:20.705 +0900,true
3811,0,10,2025-12-20 16:56:20.712 +0900,true
3812,0,10,2025-12-20 16:56:20.718 +0900,true
3813,0,10,2025-12-20 16:56:20.725 +0900,true
3814,0,10,2025-12-20 16:56:20.732 +0900,true
3815,0,10,2025-12-20 16:56:20.738 +0900,true
3816,0,10,2025-12-20 16:56:20.744 +0900,true
3817,0,10,2025-12-20 16:56:20.749 +0900,true
3818,0,10,2025-12-20 16:56:20.756 +0900,true
3819,0,10,2025-12-20 16:56:20.762 +0900,true
3820,0,10,2025-12-20 16:56:20.769 +0900,true
3821,0,10,2025-12-20 16:56:20.775 +0900,true
3822,0,10,2025-12-20 16:56:20.782 +0900,true
3823,0,10,2025-12-20 16:56:20.789 +0900,true
3824,0,10,2025-12-20 16:56:20.795 +0900,true
3825,0,10,2025-12-20 16:56:20.800 +0900,true
3826,0,10,2025-12-20 16:56:20.806 +0900,true
3827,0,10,2025-12-20 16:56:20.813 +0900,true
3828,0,10,2025-12-20 16:56:20.819 +0900,true
3829,0,10,2025-12-20 16:56:20.825 +0900,true
3830,0,10,2025-12-20 16:56:20.831 +0900,true
3831,0,10,2025-12-20 16:56:20.837 +0900,true
3832,0,10,2025-12-20 16:56:20.843 +0900,true
3833,0,10,2025-12-20 16:56:20.849 +0900,true
3834,0,10,2025-12-20 16:56:20.855 +0900,true
3835,0,10,2025-12-20 16:56:20.861 +0900,true
3836,0,10,2025-12-20 16:56:20.868 +0900,true
3837,0,10,2025-12-20 16:56:20.877 +0900,true
3838,0,10,2025-12-20 16:56:20.884 +0900,true
3839,0,10,2025-12-20 16:56:20.892 +0900,true
3840,0,10,2025-12-20 16:56:20.901 +0900,true
3841,0,10,2025-12-20 16:56:20.911 +0900,true
3842,0,10,2025-12-20 16:56:20.919 +0900,true
3843,0,10,2025-12-20 16:56:20.925 +0900,true
3844,0,10,2025-12-20 16:56:20.931 +0900,true
3845,0,10,2025-12-20 16:56:20.937 +0900,true
3846,0,10,2025-12-20 16:56:20.943 +0900,true
3847,0,10,2025-12-20 16:56:20.949 +0900,true
3848,0,10,2025-12-20 16:56:20.955 +0900,true
3849,0,10,2025-12-20 16:56:20.961 +0900,true
3850,0,10,2025-12-20 16:56:20.967 +0900,true
3851,0,10,2025-12-20 16:56:20.973 +0900,true
3852,0,10,2025-12-20 16:56:20.979 +0900,true
3853,0,10,2025-12-20 16:56:20.985 +0900,true
3854,0,10,2025-12-20 16:56:20.991 +0900,true
3855,0,10,2025-12-20 16:56:20.997 +0900,true
3856,0,10,2025-12-20 16:56:21.004 +0900,true
3857,0,10,2025-12-20 16:56:21.010 +0900,true
3858,0,10,2025-12-20 16:56:21.016 +0900,true
3859,0,10,2025-12-20 16:56:21.023 +0900,true
3860,0,10,2025-12-20 16:56:21.029 +0900,true
3861,0,10,2025-12-20 16:56:21.036 +0900,true
3862,0,10,2025-12-20 16:56:21.042 +0900,true
3863,0,10,2025-12-20 16:56:21.048 +0900,true
3864,0,10,2025-12-20 16:56:21.055 +0900,true
3865,0,10,2025-12-20 16:56:21.061 +0900,true
3866,0,10,2025-12-20 16:56:21.068 +0900,true
3867,0,10,2025-12-20 16:56:21.074 +0900,true
3868,0,10,2025-12-20 16:56:21.080 +0900,true
3869,0,10,2025-12-20 16:56:21.087 +0900,true
3870,0,10,2025-12-20 16:56:21.094 +0900,true
3871,0,10,2025-12-20 16:56:21.100 +0900,true
3872,0,10,2025-12-20 16:56:21.106 +0900,true
3873,0,10,2025-12-20 16:56:21.112 +0900,true
3874,0,10,2025-12-20 16:56:21.119 +0900,true
3875,0,10,2025-12-20 16:56:21.125 +0900,true
3876,0,10,2025-12-20 16:56:21.131 +0900,true
3877,0,10,2025-12-20 16:56:21.138 +0900,true
3878,0,10,2025-12-20 16:56:21.144 +0900,true
3879,0,10,2025-12-20 16:56:21.150 +0900,true
3880,0,10,2025-12-20 16:56:21.156 +0900,true
3881,0,10,2025-12-20 16:56:21.162 +0900,true
3882,0,10,2025-12-20 16:56:21.168 +0900,true
3883,0,10,2025-12-20 16:56:21.175 +0900,true
3884,0,10,2025-12-20 16:56:21.181 +0900,true
3885,0,10,2025-12-20 16:56:21.188 +0900,true
3886,0,10,2025-12-20 16:56:21.194 +0900,true
3887,0,10,2025-12-20 16:56:21.201 +0900,true
3888,0,10,2025-12-20 16:56:21.207 +0900,true
3889,0,10,2025-12-20 16:56:21.214 +0900,true
3890,0,10,2025-12-20 16:56:21.220 +0900,true
3891,0,10,2025-12-20 16:56:21.227 +0900,true
3892,0,10,2025-12-20 16:56:21.233 +0900,true
3893,0,10,2025-12-20 16:56:21.240 +0900,true
3894,0,10,2025-12-20 16:56:21.246 +0900,true
3895,0,10,2025-12-20 16:56:21.252 +0900,true
3896,0,10,2025-12-20 16:56:21.259 +0900,true
3897,0,10,2025-12-20 16:56:21.265 +0900,true
3898,0,10,2025-12-20 16:56:21.271 +0900,true
3899,0,10,2025-12-20 16:56:21.278 +0900,true
3900,0,10,2025-12-20 16:56:21.284 +0900,true
3901,0,10,2025-12-20 16:56:21.291 +0900,true
3902,0,10,2025-12-20 16:56:21.298 +0900,true
3903,0,10,2025-12-20 16:56:21.304 +0900,true
3904,0,10,2025-12-20 16:56:21.310 +0900,true
3905,0,10,2025-12-20 16:56:21.316 +0900,true
3906,0,10,2025-12-20 16:56:21.322 +0900,true
3907,0,10,2025-12-20 16:56:21.329 +0900,true
3908,0,10,2025-12-20 16:56:21.335 +0900,true
3909,0,10,2025-12-20 16:56:21.341 +0900,true
3910,0,10,2025-12-20 16:56:21.348 +0900,true
3911,0,10,2025-12-20 16:56:21.355 +0900,true
3912,0,10,2025-12-20 16:56:21.361 +0900,true
3913,0,10,2025-12-20 16:56:21.366 +0900,true
3914,0,10,2025-12-20 16:56:21.372 +0900,true
3915,0,10,2025-12-20 16:56:21.379 +0900,true
3916,0,10,2025-12-20 16:56:21.385 +0900,true
3917,0,10,2025-12-20 16:56:21.391 +0900,true
3918,0,10,2025-12-20 16:56:21.398 +0900,true
3919,0,10,2025-12-20 16:56:21.403 +0900,true
3920,0,10,2025-12-20 16:56:21.409 +0900,true
3921,0,10,2025-12-20 16:56:21.415 +0900,true
3922,0,10,2025-12-20 16:56:21.421 +0900,true
3923,0,10,2025-12-20 16:56:21.427 +0900,true
3924,0,10,2025-12-20 16:56:21.433 +0900,true
3925,0,10,2025-12-20 16:56:21.439 +0900,true
3926,0,10,2025-12-20 16:56:21.445 +0900,true
3927,0,10,2025-12-20 16:56:21.451 +0900,true
3928,0,10,2025-12-20 16:56:21.457 +0900,true
3929,0,10,2025-12-20 16:56:21.463 +0900,true
3930,0,10,2025-12-20 16:56:21.469 +0900,true
3931,0,10,2025-12-20 16:56:21.475 +0900,true
3932,0,10,2025-12-20 16:56:21.481 +0900,true
3933,0,10,2025-12-20 16:56:21.488 +0900,true
3934,0,10,2025-12-20 16:56:21.494 +0900,true
3935,0,10,2025-12-20 16:56:21.500 +0900,true
3936,0,10,2025-12-20 16:56:21.507 +0900,true
3937,0,10,2025-12-20 16:56:21.513 +0900,true
3938,0,10,2025-12-20 16:56:21.520 +0900,true
3939,0,10,2025-12-20 16:56:21.526 +0900,true
3940,0,10,2025-12-20 16:56:21.533 +0900,true
3941,0,10,2025-12-20 16:56:21.539 +0900,true
3942,0,10,2025-12-20 16:56:21.545 +0900,true
3943,0,10,2025-12-20 16:56:21.552 +0900,true
3944,0,10,2025-12-20 16:56:21.558 +0900,true
3945,0,10,2025-12-20 16:56:21.564 +0900,true
3946,0,10,2025-12-20 16:56:21.570 +0900,true
3947,0,10,2025-12-20 16:56:21.576 +0900,true
3948,0,10,2025-12-20 16:56:21.581 +0900,true
3949,0,10,2025-12-20 16:56:21.587 +0900,true
3950,0,10,2025-12-20 16:56:21.593 +0900,true
3951,0,10,2025-12-20 16:56:21.600 +0900,true
3952,0,10,2025-12-20 16:56:21.606 +0900,true
3953,0,10,2025-12-20 16:56:21.613 +0900,true
3954,0,10,2025-12-20 16:56:21.619 +0900,true
3955,0,10,2025-12-20 16:56:21.626 +0900,true
3956,0,10,2025-12-20 16:56:21.631 +0900,true
3957,0,10,2025-12-20 16:56:21.637 +0900,true
3958,0,10,2025-12-20 16:56:21.643 +0900,true
3959,0,10,2025-12-20 16:56:21.649 +0900,true
3960,0,10,2025-12-20 16:56:21.656 +0900,true
3961,0,10,2025-12-20 16:56:21.663 +0900,true
3962,0,10,2025-12-20 16:56:21.668 +0900,true
3963,0,10,2025-12-20 16:56:21.674 +0900,true
3964,0,10,2025-12-20 16:56:21.681 +0900,true
3965,0,10,2025-12-20 16:56:21.687 +0900,true
3966,0,10,2025-12-20 16:56:21.693 +0900,true
3967,0,10,2025-12-20 16:56:21.699 +0900,true
3968,0,10,2025-12-20 16:56:21.705 +0900,true
3969,0,10,2025-12-20 16:56:21.711 +0900,true
3970,0,10,2025-12-20 16:56:21.717 +0900,true
3971,0,10,2025-12-20 16:56:21.723 +0900,true
3972,0,10,2025-12-20 16:56:21.729 +0900,true
3973,0,10,2025-12-20 16:56:21.736 +0900,true
3974,0,10,2025-12-20 16:56:21.742 +0900,true
3975,0,10,2025-12-20 16:56:21.748 +0900,true
3976,0,10,2025-12-20 16:56:21.754 +0900,true
3977,0,10,2025-12-20 16:56:21.761 +0900,true
3978,0,10,2025-12-20 16:56:21.767 +0900,true
3979,0,10,2025-12-20 16:56:21.774 +0900,true
3980,0,10,2025-12-20 16:56:21.780 +0900,true
3981,0,10,2025-12-20 16:56:21.786 +0900,true
3982,0,10,2025-12-20 16:56:21.792 +0900,true
3983,0,10,2025-12-20 16:56:21.798 +0900,true
3984,0,10,2025-12-20 16:56:21.805 +0900,true
3985,0,10,2025-12-20 16:56:21.811 +0900,true
3986,0,10,2025-12-20 16:56:21.817 +0900,true
3987,0,10,2025-12-20 16:56:21.824 +0900,true
3988,0,10,2025-12-20 16:56:21.831 +0900,true
3989,0,10,2025-12-20 16:56:21.838 +0900,true
3990,0,10,2025-12-20 16:56:21.844 +0900,true
3991,0,10,2025-12-20 16:56:21.850 +0900,true
3992,0,10,2025-12-20 16:56:21.857 +0900,true
3993,0,10,2025-12-20 16:56:21.863 +0900,true
3994,0,10,2025-12-20 16:56:21.869 +0900,true
3995,0,10,2025-12-20 16:56:21.875 +0900,true
3996,0,10,2025-12-20 16:56:21.881 +0900,true
3997,0,10,2025-12-20 16:56:21.887 +0900,true
3998,0,10,2025-12-20 16:56:21.895 +0900,true
3999,0,10,2025-12-20 16:56:21.902 +0900,true
4000,0,10,2025-12-20 16:56:21.908 +0900,true
4001,0,10,2025-12-20 16:56:21.914 +0900,true
4002,0,10,2025-12-20 16:56:21.920 +0900,true
4003,0,10,2025-12-20 16:56:21.927 +0900,true
4004,0,10,2025-12-20 16:56:21.933 +0900,true
4005,0,10,2025-12-20 16:56:21.939 +0900,true
4006,0,10,2025-12-20 16:56:21.945 +0900,true
4007,0,10,2025-12-20 16:56:21.952 +0900,true
4008,0,10,2025-12-20 16:56:21.958 +0900,true
4009,0,10,2025-12-20 16:56:21.965 +0900,true
4010,0,10,2025-12-20 16:56:21.971 +0900,true
4011,0,10,2025-12-20 16:56:21.978 +0900,true
4012,0,10,2025-12-20 16:56:21.984 +0900,true
4013,0,10,2025-12-20 16:56:21.990 +0900,true
4014,0,10,2025-12-20 16:56:21.996 +0900,true
4015,0,10,2025-12-20 16:56:22.002 +0900,true
4016,0,10,2025-12-20 16:56:22.008 +0900,true
4017,0,10,2025-12-20 16:56:22.014 +0900,true
4018,0,10,2025-12-20 16:56:22.020 +0900,true
4019,0,10,2025-12-20 16:56:22.026 +0900,true
4020,0,10,2025-12-20 16:56:22.033 +0900,true
4021,0,10,2025-12-20 16:56:22.039 +0900,true
4022,0,10,2025-12-20 16:56:22.045 +0900,true
4023,0,10,2025-12-20 16:56:22.051 +0900,true
4024,0,10,2025-12-20 16:56:22.057 +0900,true
4025,0,10,2025-12-20 16:56:22.063 +0900,true
4026,0,10,2025-12-20 16:56:22.070 +0900,true
4027,0,10,2025-12-20 16:56:22.076 +0900,true
4028,0,10,2025-12-20 16:56:22.082 +0900,true
4029,0,10,2025-12-20 16:56:22.090 +0900,true
4030,0,10,2025-12-20 16:56:22.096 +0900,true
4031,0,10,2025-12-20 16:56:22.102 +0900,true
4032,0,10,2025-12-20 16:56:22.109 +0900,true
4033,0,10,2025-12-20 16:56:22.115 +0900,true
4034,0,10,2025-12-20 16:56:22.121 +0900,true
4035,0,10,2025-12-20 16:56:22.127 +0900,true
4036,0,10,2025-12-20 16:56:22.134 +0900,true
4037,0,10,2025-12-20 16:56:22.140 +0900,true
4038,0,10,2025-12-20 16:56:22.147 +0900,true
4039,0,10,2025-12-20 16:56:22.154 +0900,true
4040,0,10,2025-12-20 16:56:22.160 +0900,true
4041,0,10,2025-12-20 16:56:22.166 +0900,true
4042,0,10,2025-12-20 16:56:22.172 +0900,true
4043,0,10,2025-12-20 16:56:22.178 +0900,true
4044,0,10,2025-12-20 16:56:22.184 +0900,true
4045,0,10,2025-12-20 16:56:22.190 +0900,true
4046,0,10,2025-12-20 16:56:22.197 +0900,true
4047,0,10,2025-12-20 16:56:22.202 +0900,true
4048,0,10,2025-12-20 16:56:22.209 +0900,true
4049,0,10,2025-12-20 16:56:22.215 +0900,true
4050,0,10,2025-12-20 16:56:22.221 +0900,true
4051,0,10,2025-12-20 16:56:22.227 +0900,true
4052,0,10,2025-12-20 16:56:22.234 +0900,true
4053,0,10,2025-12-20 16:56:22.240 +0900,true
4054,0,10,2025-12-20 16:56:22.246 +0900,true
4055,0,10,2025-12-20 16:56:22.253 +0900,true
4056,0,10,2025-12-20 16:56:22.259 +0900,true
4057,0,10,2025-12-20 16:56:22.266 +0900,true
4058,0,10,2025-12-20 16:56:22.272 +0900,true
4059,0,10,2025-12-20 16:56:22.279 +0900,true
4060,0,10,2025-12-20 16:56:22.285 +0900,true
4061,0,10,2025-12-20 16:56:22.292 +0900,true
4062,0,10,2025-12-20 16:56:22.298 +0900,true
4063,0,10,2025-12-20 16:56:22.304 +0900,true
4064,0,10,2025-12-20 16:56:22.310 +0900,true
4065,0,10,2025-12-20 16:56:22.316 +0900,true
4066,0,10,2025-12-20 16:56:22.322 +0900,true
4067,0,10,2025-12-20 16:56:22.328 +0900,true
4068,0,10,2025-12-20 16:56:22.334 +0900,true
4069,0,10,2025-12-20 16:56:22.341 +0900,true
4070,0,10,2025-12-20 16:56:22.347 +0900,true
4071,0,10,2025-12-20 16:56:22.354 +0900,true
4072,0,10,2025-12-20 16:56:22.360 +0900,true
4073,0,10,2025-12-20 16:56:22.366 +0900,true
4074,0,10,2025-12-20 16:56:22.373 +0900,true
4075,0,10,2025-12-20 16:56:22.379 +0900,true
4076,0,10,2025-12-20 16:56:22.386 +0900,true
4077,0,10,2025-12-20 16:56:22.392 +0900,true
4078,0,10,2025-12-20 16:56:22.398 +0900,true
4079,0,10,2025-12-20 16:56:22.405 +0900,true
4080,0,10,2025-12-20 16:56:22.411 +0900,true
4081,0,10,2025-12-20 16:56:22.417 +0900,true
4082,0,10,2025-12-20 16:56:22.423 +0900,true
4083,0,10,2025-12-20 16:56:22.429 +0900,true
4084,0,10,2025-12-20 16:56:22.435 +0900,true
4085,0,10,2025-12-20 16:56:22.442 +0900,true
4086,0,10,2025-12-20 16:56:22.448 +0900,true
4087,0,10,2025-12-20 16:56:22.454 +0900,true
4088,0,10,2025-12-20 16:56:22.460 +0900,true
4089,0,10,2025-12-20 16:56:22.466 +0900,true
4090,0,10,2025-12-20 16:56:22.473 +0900,true
4091,0,10,2025-12-20 16:56:22.480 +0900,true
4092,0,10,2025-12-20 16:56:22.486 +0900,true
4093,0,10,2025-12-20 16:56:22.491 +0900,true
4094,0,10,2025-12-20 16:56:22.498 +0900,true
4095,0,10,2025-12-20 16:56:22.504 +0900,true
4096,0,10,2025-12-20 16:56:22.510 +0900,true
4097,0,10,2025-12-20 16:56:22.516 +0900,true
4098,0,10,2025-12-20 16:56:22.522 +0900,true
4099,0,10,2025-12-20 16:56:22.529 +0900,true
4100,0,10,2025-12-20 16:56:22.536 +0900,true
4101,0,10,2025-12-20 16:56:22.541 +0900,true
4102,0,10,2025-12-20 16:56:22.548 +0900,true
4103,0,10,2025-12-20 16:56:22.555 +0900,true
4104,0,10,2025-12-20 16:56:22.561 +0900,true
4105,0,10,2025-12-20 16:56:22.568 +0900,true
4106,0,10,2025-12-20 16:56:22.574 +0900,true
4107,0,10,2025-12-20 16:56:22.580 +0900,true
4108,0,10,2025-12-20 16:56:22.586 +0900,true
4109,0,10,2025-12-20 16:56:22.593 +0900,true
4110,0,10,2025-12-20 16:56:22.599 +0900,true
4111,0,10,2025-12-20 16:56:22.605 +0900,true
4112,0,10,2025-12-20 16:56:22.612 +0900,true
4113,0,10,2025-12-20 16:56:22.618 +0900,true
4114,0,10,2025-12-20 16:56:22.625 +0900,true
4115,0,10,2025-12-20 16:56:22.631 +0900,true
4116,0,10,2025-12-20 16:56:22.637 +0900,true
4117,0,10,2025-12-20 16:56:22.644 +0900,true
4118,0,10,2025-12-20 16:56:22.649 +0900,true
4119,0,10,2025-12-20 16:56:22.656 +0900,true
4120,0,10,2025-12-20 16:56:22.662 +0900,true
4121,0,10,2025-12-20 16:56:22.668 +0900,true
4122,0,10,2025-12-20 16:56:22.674 +0900,true
4123,0,10,2025-12-20 16:56:22.681 +0900,true
4124,0,10,2025-12-20 16:56:22.687 +0900,true
4125,0,10,2025-12-20 16:56:22.693 +0900,true
4126,0,10,2025-12-20 16:56:22.699 +0900,true
4127,0,10,2025-12-20 16:56:22.705 +0900,true
4128,0,10,2025-12-20 16:56:22.712 +0900,true
4129,0,10,2025-12-20 16:56:22.718 +0900,true
4130,0,10,2025-12-20 16:56:22.723 +0900,true
4131,0,10,2025-12-20 16:56:22.729 +0900,true
4132,0,10,2025-12-20 16:56:22.735 +0900,true
4133,0,10,2025-12-20 16:56:22.741 +0900,true
4134,0,10,2025-12-20 16:56:22.747 +0900,true
4135,0,10,2025-12-20 16:56:22.753 +0900,true
4136,0,10,2025-12-20 16:56:22.760 +0900,true
4137,0,10,2025-12-20 16:56:22.766 +0900,true
4138,0,10,2025-12-20 16:56:22.773 +0900,true
4139,0,10,2025-12-20 16:56:22.779 +0900,true
4140,0,10,2025-12-20 16:56:22.785 +0900,true
4141,0,10,2025-12-20 16:56:22.791 +0900,true
4142,0,10,2025-12-20 16:56:22.797 +0900,true
4143,0,10,2025-12-20 16:56:22.802 +0900,true
4144,0,10,2025-12-20 16:56:22.808 +0900,true
4145,0,10,2025-12-20 16:56:22.814 +0900,true
4146,0,10,2025-12-20 16:56:22.820 +0900,true
4147,0,10,2025-12-20 16:56:22.826 +0900,true
4148,0,10,2025-12-20 16:56:22.832 +0900,true
4149,0,10,2025-12-20 16:56:22.838 +0900,true
4150,0,10,2025-12-20 16:56:22.844 +0900,true
4151,0,10,2025-12-20 16:56:22.850 +0900,true
4152,0,10,2025-12-20 16:56:22.856 +0900,true
4153,0,10,2025-12-20 16:56:22.862 +0900,true
4154,0,10,2025-12-20 16:56:22.868 +0900,true
4155,0,10,2025-12-20 16:56:22.874 +0900,true
4156,0,10,2025-12-20 16:56:22.879 +0900,true
4157,0,10,2025-12-20 16:56:22.886 +0900,true
4158,0,10,2025-12-20 16:56:22.892 +0900,true
4159,0,10,2025-12-20 16:56:22.898 +0900,true
4160,0,10,2025-12-20 16:56:22.904 +0900,true
4161,0,10,2025-12-20 16:56:22.910 +0900,true
4162,0,10,2025-12-20 16:56:22.917 +0900,true
4163,0,10,2025-12-20 16:56:22.923 +0900,true
4164,0,10,2025-12-20 16:56:22.930 +0900,true
4165,0,10,2025-12-20 16:56:22.936 +0900,true
4166,0,10,2025-12-20 16:56:22.942 +0900,true
4167,0,10,2025-12-20 16:56:22.948 +0900,true
4168,0,10,2025-12-20 16:56:22.954 +0900,true
4169,0,10,2025-12-20 16:56:22.960 +0900,true
4170,0,10,2025-12-20 16:56:22.966 +0900,true
4171,0,10,2025-12-20 16:56:22.972 +0900,true
4172,0,10,2025-12-20 16:56:22.978 +0900,true
4173,0,10,2025-12-20 16:56:22.984 +0900,true
4174,0,10,2025-12-20 16:56:22.989 +0900,true
4175,0,10,2025-12-20 16:56:22.995 +0900,true
4176,0,10,2025-12-20 16:56:23.001 +0900,true
4177,0,10,2025-12-20 16:56:23.008 +0900,true
4178,0,10,2025-12-20 16:56:23.014 +0900,true
4179,0,10,2025-12-20 16:56:23.020 +0900,true
4180,0,10,2025-12-20 16:56:23.026 +0900,true
4181,0,10,2025-12-20 16:56:23.032 +0900,true
4182,0,10,2025-12-20 16:56:23.038 +0900,true
4183,0,10,2025-12-20 16:56:23.045 +0900,true
4184,0,10,2025-12-20 16:56:23.051 +0900,true
4185,0,10,2025-12-20 16:56:23.057 +0900,true
4186,0,10,2025-12-20 16:56:23.063 +0900,true
4187,0,10,2025-12-20 16:56:23.069 +0900,true
4188,0,10,2025-12-20 16:56:23.076 +0900,true
4189,0,10,2025-12-20 16:56:23.082 +0900,true
4190,0,10,2025-12-20 16:56:23.088 +0900,true
4191,0,10,2025-12-20 16:56:23.095 +0900,true
4192,0,10,2025-12-20 16:56:23.101 +0900,true
4193,0,10,2025-12-20 16:56:23.107 +0900,true
4194,0,10,2025-12-20 16:56:23.112 +0900,true
4195,0,10,2025-12-20 16:56:23.118 +0900,true
4196,0,10,2025-12-20 16:56:23.125 +0900,true
4197,0,10,2025-12-20 16:56:23.130 +0900,true
4198,0,10,2025-12-20 16:56:23.137 +0900,true
4199,0,10,2025-12-20 16:56:23.143 +0900,true
4200,0,10,2025-12-20 16:56:23.149 +0900,true
4201,0,10,2025-12-20 16:56:23.155 +0900,true
4202,0,10,2025-12-20 16:56:23.161 +0900,true
4203,0,10,2025-12-20 16:56:23.167 +0900,true
4204,0,10,2025-12-20 16:56:23.173 +0900,true
4205,0,10,2025-12-20 16:56:23.179 +0900,true
4206,0,10,2025-12-20 16:56:23.185 +0900,true
4207,0,10,2025-12-20 16:56:23.191 +0900,true
4208,0,10,2025-12-20 16:56:23.197 +0900,true
4209,0,10,2025-12-20 16:56:23.204 +0900,true
4210,0,10,2025-12-20 16:56:23.210 +0900,true
4211,0,10,2025-12-20 16:56:23.216 +0900,true
4212,0,10,2025-12-20 16:56:23.222 +0900,true
4213,0,10,2025-12-20 16:56:23.228 +0900,true
4214,0,10,2025-12-20 16:56:23.234 +0900,true
4215,0,10,2025-12-20 16:56:23.240 +0900,true
4216,0,10,2025-12-20 16:56:23.246 +0900,true
4217,0,10,2025-12-20 16:56:23.252 +0900,true
4218,0,10,2025-12-20 16:56:23.259 +0900,true
4219,0,10,2025-12-20 16:56:23.265 +0900,true
4220,0,10,2025-12-20 16:56:23.271 +0900,true
4221,0,10,2025-12-20 16:56:23.277 +0900,true
4222,0,10,2025-12-20 16:56:23.283 +0900,true
4223,0,10,2025-12-20 16:56:23.289 +0900,true
4224,0,10,2025-12-20 16:56:23.295 +0900,true
4225,0,10,2025-12-20 16:56:23.301 +0900,true
4226,0,10,2025-12-20 16:56:23.307 +0900,true
4227,0,10,2025-12-20 16:56:23.313 +0900,true
4228,0,10,2025-12-20 16:56:23.319 +0900,true
4229,0,10,2025-12-20 16:56:23.325 +0900,true
4230,0,10,2025-12-20 16:56:23.332 +0900,true
4231,0,10,2025-12-20 16:56:23.338 +0900,true
4232,0,10,2025-12-20 16:56:23.344 +0900,true
4233,0,10,2025-12-20 16:56:23.350 +0900,true
4234,0,10,2025-12-20 16:56:23.356 +0900,true
4235,0,10,2025-12-20 16:56:23.362 +0900,true
4236,0,10,2025-12-20 16:56:23.368 +0900,true
4237,0,10,2025-12-20 16:56:23.373 +0900,true
4238,0,10,2025-12-20 16:56:23.379 +0900,true
4239,0,10,2025-12-20 16:56:23.386 +0900,true
4240,0,10,2025-12-20 16:56:23.392 +0900,true
4241,0,10,2025-12-20 16:56:23.398 +0900,true
4242,0,10,2025-12-20 16:56:23.404 +0900,true
4243,0,10,2025-12-20 16:56:23.410 +0900,true
4244,0,10,2025-12-20 16:56:23.416 +0900,true
4245,0,10,2025-12-20 16:56:23.422 +0900,true
4246,0,10,2025-12-20 16:56:23.428 +0900,true
4247,0,10,2025-12-20 16:56:23.434 +0900,true
4248,0,10,2025-12-20 16:56:23.439 +0900,true
4249,0,10,2025-12-20 16:56:23.445 +0900,true
4250,0,10,2025-12-20 16:56:23.451 +0900,true
4251,0,10,2025-12-20 16:56:23.458 +0900,true
4252,0,10,2025-12-20 16:56:23.464 +0900,true
4253,0,10,2025-12-20 16:56:23.469 +0900,true
4254,0,10,2025-12-20 16:56:23.475 +0900,true
4255,0,10,2025-12-20 16:56:23.481 +0900,true
4256,0,10,2025-12-20 16:56:23.487 +0900,true
4257,0,10,2025-12-20 16:56:23.493 +0900,true
4258,0,10,2025-12-20 16:56:23.500 +0900,true
4259,0,10,2025-12-20 16:56:23.506 +0900,true
4260,0,10,2025-12-20 16:56:23.512 +0900,true
4261,0,10,2025-12-20 16:56:23.518 +0900,true
4262,0,10,2025-12-20 16:56:23.524 +0900,true
4263,0,10,2025-12-20 16:56:23.531 +0900,true
4264,0,10,2025-12-20 16:56:23.538 +0900,true
4265,0,10,2025-12-20 16:56:23.544 +0900,true
4266,0,10,2025-12-20 16:56:23.550 +0900,true
4267,0,10,2025-12-20 16:56:23.556 +0900,true
4268,0,10,2025-12-20 16:56:23.562 +0900,true
4269,0,10,2025-12-20 16:56:23.568 +0900,true
4270,0,10,2025-12-20 16:56:23.575 +0900,true
4271,0,10,2025-12-20 16:56:23.581 +0900,true
4272,0,10,2025-12-20 16:56:23.588 +0900,true
4273,0,10,2025-12-20 16:56:23.595 +0900,true
4274,0,10,2025-12-20 16:56:23.601 +0900,true
4275,0,10,2025-12-20 16:56:23.607 +0900,true
4276,0,10,2025-12-20 16:56:23.613 +0900,true
4277,0,10,2025-12-20 16:56:23.619 +0900,true
4278,0,10,2025-12-20 16:56:23.625 +0900,true
4279,0,10,2025-12-20 16:56:23.631 +0900,true
4280,0,10,2025-12-20 16:56:23.637 +0900,true
4281,0,10,2025-12-20 16:56:23.643 +0900,true
4282,0,10,2025-12-20 16:56:23.650 +0900,true
4283,0,10,2025-12-20 16:56:23.656 +0900,true
4284,0,10,2025-12-20 16:56:23.662 +0900,true
4285,0,10,2025-12-20 16:56:23.668 +0900,true
4286,0,10,2025-12-20 16:56:23.674 +0900,true
4287,0,10,2025-12-20 16:56:23.680 +0900,true
4288,0,10,2025-12-20 16:56:23.687 +0900,true
4289,0,10,2025-12-20 16:56:23.693 +0900,true
4290,0,10,2025-12-20 16:56:23.699 +0900,true
4291,0,10,2025-12-20 16:56:23.705 +0900,true
4292,0,10,2025-12-20 16:56:23.711 +0900,true
4293,0,10,2025-12-20 16:56:23.717 +0900,true
4294,0,10,2025-12-20 16:56:23.723 +0900,true
4295,0,10,2025-12-20 16:56:23.729 +0900,true
4296,0,10,2025-12-20 16:56:23.735 +0900,true
4297,0,10,2025-12-20 16:56:23.740 +0900,true
4298,0,10,2025-12-20 16:56:23.746 +0900,true
4299,0,10,2025-12-20 16:56:23.752 +0900,true
4300,0,10,2025-12-20 16:56:23.758 +0900,true
4301,0,10,2025-12-20 16:56:23.764 +0900,true
4302,0,10,2025-12-20 16:56:23.770 +0900,true
4303,0,10,2025-12-20 16:56:23.777 +0900,true
4304,0,10,2025-12-20 16:56:23.783 +0900,true
4305,0,10,2025-12-20 16:56:23.789 +0900,true
4306,0,10,2025-12-20 16:56:23.795 +0900,true
4307,0,10,2025-12-20 16:56:23.801 +0900,true
4308,0,10,2025-12-20 16:56:23.807 +0900,true
4309,0,10,2025-12-20 16:56:23.813 +0900,true
4310,0,10,2025-12-20 16:56:23.819 +0900,true
4311,0,10,2025-12-20 16:56:23.825 +0900,true
4312,0,10,2025-12-20 16:56:23.831 +0900,true
4313,0,10,2025-12-20 16:56:23.837 +0900,true
4314,0,10,2025-12-20 16:56:23.844 +0900,true
4315,0,10,2025-12-20 16:56:23.850 +0900,true
4316,0,10,2025-12-20 16:56:23.856 +0900,true
4317,0,10,2025-12-20 16:56:23.862 +0900,true
4318,0,10,2025-12-20 16:56:23.868 +0900,true
4319,0,10,2025-12-20 16:56:23.873 +0900,true
4320,0,10,2025-12-20 16:56:23.879 +0900,true
4321,0,10,2025-12-20 16:56:23.885 +0900,true
4322,0,10,2025-12-20 16:56:23.891 +0900,true
4323,0,10,2025-12-20 16:56:23.898 +0900,true
4324,0,10,2025-12-20 16:56:23.903 +0900,true
4325,0,10,2025-12-20 16:56:23.909 +0900,true
4326,0,10,2025-12-20 16:56:23.915 +0900,true
4327,0,10,2025-12-20 16:56:23.921 +0900,true
4328,0,10,2025-12-20 16:56:23.927 +0900,true
4329,0,10,2025-12-20 16:56:23.933 +0900,true
4330,0,10,2025-12-20 16:56:23.939 +0900,true
4331,0,10,2025-12-20 16:56:23.946 +0900,true
4332,0,10,2025-12-20 16:56:23.952 +0900,true
4333,0,10,2025-12-20 16:56:23.958 +0900,true
4334,0,10,2025-12-20 16:56:23.965 +0900,true
4335,0,10,2025-12-20 16:56:23.971 +0900,true
4336,0,10,2025-12-20 16:56:23.977 +0900,true
4337,0,10,2025-12-20 16:56:23.984 +0900,true
4338,0,10,2025-12-20 16:56:23.990 +0900,true
4339,0,10,2025-12-20 16:56:23.996 +0900,true
4340,0,10,2025-12-20 16:56:24.003 +0900,true
4341,0,10,2025-12-20 16:56:24.009 +0900,true
4342,0,10,2025-12-20 16:56:24.015 +0900,true
4343,0,10,2025-12-20 16:56:24.021 +0900,true
4344,0,10,2025-12-20 16:56:24.028 +0900,true
4345,0,10,2025-12-20 16:56:24.034 +0900,true
4346,0,10,2025-12-20 16:56:24.040 +0900,true
4347,0,10,2025-12-20 16:56:24.046 +0900,true
4348,0,10,2025-12-20 16:56:24.053 +0900,true
4349,0,10,2025-12-20 16:56:24.059 +0900,true
4350,0,10,2025-12-20 16:56:24.065 +0900,true
4351,0,10,2025-12-20 16:56:24.071 +0900,true
4352,0,10,2025-12-20 16:56:24.077 +0900,true
4353,0,10,2025-12-20 16:56:24.083 +0900,true
4354,0,10,2025-12-20 16:56:24.090 +0900,true
4355,0,10,2025-12-20 16:56:24.096 +0900,true
4356,0,10,2025-12-20 16:56:24.104 +0900,true
4357,0,10,2025-12-20 16:56:24.114 +0900,true
4358,0,10,2025-12-20 16:56:24.122 +0900,true
4359,0,10,2025-12-20 16:56:24.131 +0900,true
4360,0,10,2025-12-20 16:56:24.141 +0900,true
4361,0,10,2025-12-20 16:56:24.149 +0900,true
4362,0,10,2025-12-20 16:56:24.155 +0900,true
4363,0,10,2025-12-20 16:56:24.162 +0900,true
4364,0,10,2025-12-20 16:56:24.169 +0900,true
4365,0,10,2025-12-20 16:56:24.175 +0900,true
4366,0,10,2025-12-20 16:56:24.181 +0900,true
4367,0,10,2025-12-20 16:56:24.188 +0900,true
4368,0,10,2025-12-20 16:56:24.195 +0900,true
4369,0,10,2025-12-20 16:56:24.201 +0900,true
4370,0,10,2025-12-20 16:56:24.208 +0900,true
4371,0,10,2025-12-20 16:56:24.214 +0900,true
4372,0,10,2025-12-20 16:56:24.220 +0900,true
4373,0,10,2025-12-20 16:56:24.227 +0900,true
4374,0,10,2025-12-20 16:56:24.233 +0900,true
4375,0,10,2025-12-20 16:56:24.240 +0900,true
4376,0,10,2025-12-20 16:56:24.246 +0900,true
4377,0,10,2025-12-20 16:56:24.253 +0900,true
4378,0,10,2025-12-20 16:56:24.259 +0900,true
4379,0,10,2025-12-20 16:56:24.265 +0900,true
4380,0,10,2025-12-20 16:56:24.271 +0900,true
4381,0,10,2025-12-20 16:56:24.277 +0900,true
4382,0,10,2025-12-20 16:56:24.283 +0900,true
4383,0,10,2025-12-20 16:56:24.290 +0900,true
4384,0,10,2025-12-20 16:56:24.296 +0900,true
4385,0,10,2025-12-20 16:56:24.302 +0900,true
4386,0,10,2025-12-20 16:56:24.309 +0900,true
4387,0,10,2025-12-20 16:56:24.315 +0900,true
4388,0,10,2025-12-20 16:56:24.321 +0900,true
4389,0,10,2025-12-20 16:56:24.327 +0900,true
4390,0,10,2025-12-20 16:56:24.333 +0900,true
4391,0,10,2025-12-20 16:56:24.339 +0900,true
4392,0,10,2025-12-20 16:56:24.345 +0900,true
4393,0,10,2025-12-20 16:56:24.351 +0900,true
4394,0,10,2025-12-20 16:56:24.357 +0900,true
4395,0,10,2025-12-20 16:56:24.363 +0900,true
4396,0,10,2025-12-20 16:56:24.369 +0900,true
4397,0,10,2025-12-20 16:56:24.375 +0900,true
4398,0,10,2025-12-20 16:56:24.382 +0900,true
4399,0,10,2025-12-20 16:56:24.388 +0900,true
4400,0,10,2025-12-20 16:56:24.394 +0900,true
4401,0,10,2025-12-20 16:56:24.400 +0900,true
4402,0,10,2025-12-20 16:56:24.407 +0900,true
4403,0,10,2025-12-20 16:56:24.413 +0900,true
4404,0,10,2025-12-20 16:56:24.419 +0900,true
4405,0,10,2025-12-20 16:56:24.425 +0900,true
4406,0,10,2025-12-20 16:56:24.431 +0900,true
4407,0,10,2025-12-20 16:56:24.437 +0900,true
4408,0,10,2025-12-20 16:56:24.443 +0900,true
4409,0,10,2025-12-20 16:56:24.449 +0900,true
4410,0,10,2025-12-20 16:56:24.456 +0900,true
4411,0,10,2025-12-20 16:56:24.462 +0900,true
4412,0,10,2025-12-20 16:56:24.468 +0900,true
4413,0,10,2025-12-20 16:56:24.475 +0900,true
4414,0,10,2025-12-20 16:56:24.481 +0900,true
4415,0,10,2025-12-20 16:56:24.488 +0900,true
4416,0,10,2025-12-20 16:56:24.495 +0900,true
4417,0,10,2025-12-20 16:56:24.501 +0900,true
4418,0,10,2025-12-20 16:56:24.507 +0900,true
4419,0,10,2025-12-20 16:56:24.514 +0900,true
4420,0,10,2025-12-20 16:56:24.520 +0900,true
4421,0,10,2025-12-20 16:56:24.527 +0900,true
4422,0,10,2025-12-20 16:56:24.534 +0900,true
4423,0,10,2025-12-20 16:56:24.540 +0900,true
4424,0,10,2025-12-20 16:56:24.547 +0900,true
4425,0,10,2025-12-20 16:56:24.554 +0900,true
4426,0,10,2025-12-20 16:56:24.560 +0900,true
4427,0,10,2025-12-20 16:56:24.566 +0900,true
4428,0,10,2025-12-20 16:56:24.573 +0900,true
4429,0,10,2025-12-20 16:56:24.579 +0900,true
4430,0,10,2025-12-20 16:56:24.586 +0900,true
4431,0,10,2025-12-20 16:56:24.593 +0900,true
4432,0,10,2025-12-20 16:56:24.599 +0900,true
4433,0,10,2025-12-20 16:56:24.605 +0900,true
4434,0,10,2025-12-20 16:56:24.612 +0900,true
4435,0,10,2025-12-20 16:56:24.618 +0900,true
4436,0,10,2025-12-20 16:56:24.624 +0900,true
4437,0,10,2025-12-20 16:56:24.630 +0900,true
4438,0,10,2025-12-20 16:56:24.636 +0900,true
4439,0,10,2025-12-20 16:56:24.643 +0900,true
4440,0,10,2025-12-20 16:56:24.649 +0900,true
4441,0,10,2025-12-20 16:56:24.655 +0900,true
4442,0,10,2025-12-20 16:56:24.661 +0900,true
4443,0,10,2025-12-20 16:56:24.667 +0900,true
4444,0,10,2025-12-20 16:56:24.673 +0900,true
4445,0,10,2025-12-20 16:56:24.680 +0900,true
4446,0,10,2025-12-20 16:56:24.686 +0900,true
4447,0,10,2025-12-20 16:56:24.692 +0900,true
4448,0,10,2025-12-20 16:56:24.698 +0900,true
4449,0,10,2025-12-20 16:56:24.704 +0900,true
4450,0,10,2025-12-20 16:56:24.711 +0900,true
4451,0,10,2025-12-20 16:56:24.717 +0900,true
4452,0,10,2025-12-20 16:56:24.723 +0900,true
4453,0,10,2025-12-20 16:56:24.730 +0900,true
4454,0,10,2025-12-20 16:56:24.735 +0900,true
4455,0,10,2025-12-20 16:56:24.741 +0900,true
4456,0,10,2025-12-20 16:56:24.747 +0900,true
4457,0,10,2025-12-20 16:56:24.753 +0900,true
4458,0,10,2025-12-20 16:56:24.760 +0900,true
4459,0,10,2025-12-20 16:56:24.766 +0900,true
4460,0,10,2025-12-20 16:56:24.772 +0900,true
4461,0,10,2025-12-20 16:56:24.778 +0900,true
4462,0,10,2025-12-20 16:56:24.784 +0900,true
4463,0,10,2025-12-20 16:56:24.791 +0900,true
4464,0,10,2025-12-20 16:56:24.797 +0900,true
4465,0,10,2025-12-20 16:56:24.804 +0900,true
4466,0,10,2025-12-20 16:56:24.810 +0900,true
4467,0,10,2025-12-20 16:56:24.816 +0900,true
4468,0,10,2025-12-20 16:56:24.822 +0900,true
4469,0,10,2025-12-20 16:56:24.829 +0900,true
4470,0,10,2025-12-20 16:56:24.836 +0900,true
4471,0,10,2025-12-20 16:56:24.842 +0900,true
4472,0,10,2025-12-20 16:56:24.849 +0900,true
4473,0,10,2025-12-20 16:56:24.855 +0900,true
4474,0,10,2025-12-20 16:56:24.861 +0900,true
4475,0,10,2025-12-20 16:56:24.867 +0900,true
4476,0,10,2025-12-20 16:56:24.873 +0900,true
4477,0,10,2025-12-20 16:56:24.880 +0900,true
4478,0,10,2025-12-20 16:56:24.886 +0900,true
4479,0,10,2025-12-20 16:56:24.893 +0900,true
4480,0,10,2025-12-20 16:56:24.899 +0900,true
4481,0,10,2025-12-20 16:56:24.905 +0900,true
4482,0,10,2025-12-20 16:56:24.912 +0900,true
4483,0,10,2025-12-20 16:56:24.918 +0900,true
4484,0,10,2025-12-20 16:56:24.924 +0900,true
4485,0,10,2025-12-20 16:56:24.930 +0900,true
4486,0,10,2025-12-20 16:56:24.937 +0900,true
4487,0,10,2025-12-20 16:56:24.943 +0900,true
4488,0,10,2025-12-20 16:56:24.949 +0900,true
4489,0,10,2025-12-20 16:56:24.955 +0900,true
4490,0,10,2025-12-20 16:56:24.961 +0900,true
4491,0,10,2025-12-20 16:56:24.968 +0900,true
4492,0,10,2025-12-20 16:56:24.975 +0900,true
4493,0,10,2025-12-20 16:56:24.982 +0900,true
4494,0,10,2025-12-20 16:56:24.988 +0900,true
4495,0,10,2025-12-20 16:56:24.994 +0900,true
4496,0,10,2025-12-20 16:56:25.001 +0900,true
4497,0,10,2025-12-20 16:56:25.007 +0900,true
4498,0,10,2025-12-20 16:56:25.014 +0900,true
4499,0,10,2025-12-20 16:56:25.021 +0900,true
4500,0,10,2025-12-20 16:56:25.027 +0900,true
4501,0,10,2025-12-20 16:56:25.033 +0900,true
4502,0,10,2025-12-20 16:56:25.040 +0900,true
4503,0,10,2025-12-20 16:56:25.046 +0900,true
4504,0,10,2025-12-20 16:56:25.053 +0900,true
4505,0,10,2025-12-20 16:56:25.059 +0900,true
4506,0,10,2025-12-20 16:56:25.065 +0900,true
4507,0,10,2025-12-20 16:56:25.071 +0900,true
4508,0,10,2025-12-20 16:56:25.078 +0900,true
4509,0,10,2025-12-20 16:56:25.084 +0900,true
4510,0,10,2025-12-20 16:56:25.091 +0900,true
4511,0,10,2025-12-20 16:56:25.097 +0900,true
4512,0,10,2025-12-20 16:56:25.105 +0900,true
4513,0,10,2025-12-20 16:56:25.112 +0900,true
4514,0,10,2025-12-20 16:56:25.118 +0900,true
4515,0,10,2025-12-20 16:56:25.125 +0900,true
4516,0,10,2025-12-20 16:56:25.131 +0900,true
4517,0,10,2025-12-20 16:56:25.137 +0900,true
4518,0,10,2025-12-20 16:56:25.144 +0900,true
4519,0,10,2025-12-20 16:56:25.150 +0900,true
4520,0,10,2025-12-20 16:56:25.156 +0900,true
4521,0,10,2025-12-20 16:56:25.163 +0900,true
4522,0,10,2025-12-20 16:56:25.169 +0900,true
4523,0,10,2025-12-20 16:56:25.175 +0900,true
4524,0,10,2025-12-20 16:56:25.181 +0900,true
4525,0,10,2025-12-20 16:56:25.188 +0900,true
4526,0,10,2025-12-20 16:56:25.194 +0900,true
4527,0,10,2025-12-20 16:56:25.201 +0900,true
4528,0,10,2025-12-20 16:56:25.207 +0900,true
4529,0,10,2025-12-20 16:56:25.213 +0900,true
4530,0,10,2025-12-20 16:56:25.220 +0900,true
4531,0,10,2025-12-20 16:56:25.226 +0900,true
4532,0,10,2025-12-20 16:56:25.232 +0900,true
4533,0,10,2025-12-20 16:56:25.239 +0900,true
4534,0,10,2025-12-20 16:56:25.245 +0900,true
4535,0,10,2025-12-20 16:56:25.251 +0900,true
4536,0,10,2025-12-20 16:56:25.258 +0900,true
4537,0,10,2025-12-20 16:56:25.264 +0900,true
4538,0,10,2025-12-20 16:56:25.270 +0900,true
4539,0,10,2025-12-20 16:56:25.277 +0900,true
4540,0,10,2025-12-20 16:56:25.283 +0900,true
4541,0,10,2025-12-20 16:56:25.290 +0900,true
4542,0,10,2025-12-20 16:56:25.296 +0900,true
4543,0,10,2025-12-20 16:56:25.302 +0900,true
4544,0,10,2025-12-20 16:56:25.309 +0900,true
4545,0,10,2025-12-20 16:56:25.315 +0900,true
4546,0,10,2025-12-20 16:56:25.322 +0900,true
4547,0,10,2025-12-20 16:56:25.329 +0900,true
4548,0,10,2025-12-20 16:56:25.335 +0900,true
4549,0,10,2025-12-20 16:56:25.341 +0900,true
4550,0,10,2025-12-20 16:56:25.347 +0900,true
4551,0,10,2025-12-20 16:56:25.353 +0900,true
4552,0,10,2025-12-20 16:56:25.360 +0900,true
4553,0,10,2025-12-20 16:56:25.366 +0900,true
4554,0,10,2025-12-20 16:56:25.372 +0900,true
4555,0,10,2025-12-20 16:56:25.379 +0900,true
4556,0,10,2025-12-20 16:56:25.385 +0900,true
4557,0,10,2025-12-20 16:56:25.392 +0900,true
4558,0,10,2025-12-20 16:56:25.398 +0900,true
4559,0,10,2025-12-20 16:56:25.405 +0900,true
4560,0,10,2025-12-20 16:56:25.411 +0900,true
4561,0,10,2025-12-20 16:56:25.417 +0900,true
4562,0,10,2025-12-20 16:56:25.424 +0900,true
4563,0,10,2025-12-20 16:56:25.430 +0900,true
4564,0,10,2025-12-20 16:56:25.436 +0900,true
4565,0,10,2025-12-20 16:56:25.442 +0900,true
4566,0,10,2025-12-20 16:56:25.449 +0900,true
4567,0,10,2025-12-20 16:56:25.455 +0900,true
4568,0,10,2025-12-20 16:56:25.461 +0900,true
4569,0,10,2025-12-20 16:56:25.468 +0900,true
4570,0,10,2025-12-20 16:56:25.475 +0900,true
4571,0,10,2025-12-20 16:56:25.481 +0900,true
4572,0,10,2025-12-20 16:56:25.488 +0900,true
4573,0,10,2025-12-20 16:56:25.494 +0900,true
4574,0,10,2025-12-20 16:56:25.501 +0900,true
4575,0,10,2025-12-20 16:56:25.507 +0900,true
4576,0,10,2025-12-20 16:56:25.513 +0900,true
4577,0,10,2025-12-20 16:56:25.519 +0900,true
4578,0,10,2025-12-20 16:56:25.526 +0900,true
4579,0,10,2025-12-20 16:56:25.532 +0900,true
4580,0,10,2025-12-20 16:56:25.539 +0900,true
4581,0,10,2025-12-20 16:56:25.545 +0900,true
4582,0,10,2025-12-20 16:56:25.551 +0900,true
4583,0,10,2025-12-20 16:56:25.558 +0900,true
4584,0,10,2025-12-20 16:56:25.565 +0900,true
4585,0,10,2025-12-20 16:56:25.571 +0900,true
4586,0,10,2025-12-20 16:56:25.577 +0900,true
4587,0,10,2025-12-20 16:56:25.583 +0900,true
4588,0,10,2025-12-20 16:56:25.590 +0900,true
4589,0,10,2025-12-20 16:56:25.596 +0900,true
4590,0,10,2025-12-20 16:56:25.602 +0900,true
4591,0,10,2025-12-20 16:56:25.609 +0900,true
4592,0,10,2025-12-20 16:56:25.616 +0900,true
4593,0,10,2025-12-20 16:56:25.622 +0900,true
4594,0,10,2025-12-20 16:56:25.628 +0900,true
4595,0,10,2025-12-20 16:56:25.634 +0900,true
4596,0,10,2025-12-20 16:56:25.640 +0900,true
4597,0,10,2025-12-20 16:56:25.646 +0900,true
4598,0,10,2025-12-20 16:56:25.653 +0900,true
4599,0,10,2025-12-20 16:56:25.659 +0900,true
4600,0,10,2025-12-20 16:56:25.665 +0900,true
4601,0,10,2025-12-20 16:56:25.672 +0900,true
4602,0,10,2025-12-20 16:56:25.678 +0900,true
4603,0,10,2025-12-20 16:56:25.685 +0900,true
4604,0,10,2025-12-20 16:56:25.691 +0900,true
4605,0,10,2025-12-20 16:56:25.697 +0900,true
4606,0,10,2025-12-20 16:56:25.704 +0900,true
4607,0,10,2025-12-20 16:56:25.710 +0900,true
4608,0,10,2025-12-20 16:56:25.717 +0900,true
4609,0,10,2025-12-20 16:56:25.723 +0900,true
4610,0,10,2025-12-20 16:56:25.730 +0900,true
4611,0,10,2025-12-20 16:56:25.736 +0900,true
4612,0,10,2025-12-20 16:56:25.742 +0900,true
4613,0,10,2025-12-20 16:56:25.749 +0900,true
4614,0,10,2025-12-20 16:56:25.755 +0900,true
4615,0,10,2025-12-20 16:56:25.761 +0900,true
4616,0,10,2025-12-20 16:56:25.768 +0900,true
4617,0,10,2025-12-20 16:56:25.774 +0900,true
4618,0,10,2025-12-20 16:56:25.780 +0900,true
4619,0,10,2025-12-20 16:56:25.786 +0900,true
4620,0,10,2025-12-20 16:56:25.793 +0900,true
4621,0,10,2025-12-20 16:56:25.799 +0900,true
4622,0,10,2025-12-20 16:56:25.805 +0900,true
4623,0,10,2025-12-20 16:56:25.811 +0900,true
4624,0,10,2025-12-20 16:56:25.817 +0900,true
4625,0,10,2025-12-20 16:56:25.823 +0900,true
4626,0,10,2025-12-20 16:56:25.830 +0900,true
4627,0,10,2025-12-20 16:56:25.836 +0900,true
4628,0,10,2025-12-20 16:56:25.842 +0900,true
4629,0,10,2025-12-20 16:56:25.848 +0900,true
4630,0,10,2025-12-20 16:56:25.855 +0900,true
4631,0,10,2025-12-20 16:56:25.861 +0900,true
4632,0,10,2025-12-20 16:56:25.867 +0900,true
4633,0,10,2025-12-20 16:56:25.874 +0900,true
4634,0,10,2025-12-20 16:56:25.880 +0900,true
4635,0,10,2025-12-20 16:56:25.887 +0900,true
4636,0,10,2025-12-20 16:56:25.893 +0900,true
4637,0,10,2025-12-20 16:56:25.899 +0900,true
4638,0,10,2025-12-20 16:56:25.906 +0900,true
4639,0,10,2025-12-20 16:56:25.912 +0900,true
4640,0,10,2025-12-20 16:56:25.919 +0900,true
4641,0,10,2025-12-20 16:56:25.928 +0900,true
4642,0,10,2025-12-20 16:56:25.936 +0900,true
4643,0,10,2025-12-20 16:56:25.944 +0900,true
4644,0,10,2025-12-20 16:56:25.952 +0900,true
4645,0,10,2025-12-20 16:56:25.960 +0900,true
4646,0,10,2025-12-20 16:56:25.970 +0900,true
4647,0,10,2025-12-20 16:56:25.976 +0900,true
4648,0,10,2025-12-20 16:56:25.983 +0900,true
4649,0,10,2025-12-20 16:56:25.989 +0900,true
4650,0,10,2025-12-20 16:56:25.996 +0900,true
4651,0,10,2025-12-20 16:56:26.002 +0900,true
4652,0,10,2025-12-20 16:56:26.008 +0900,true
4653,0,10,2025-12-20 16:56:26.014 +0900,true
4654,0,10,2025-12-20 16:56:26.020 +0900,true
4655,0,10,2025-12-20 16:56:26.027 +0900,true
4656,0,10,2025-12-20 16:56:26.034 +0900,true
4657,0,10,2025-12-20 16:56:26.040 +0900,true
4658,0,10,2025-12-20 16:56:26.046 +0900,true
4659,0,10,2025-12-20 16:56:26.053 +0900,true
4660,0,10,2025-12-20 16:56:26.059 +0900,true
4661,0,10,2025-12-20 16:56:26.065 +0900,true
4662,0,10,2025-12-20 16:56:26.071 +0900,true
4663,0,10,2025-12-20 16:56:26.077 +0900,true
4664,0,10,2025-12-20 16:56:26.083 +0900,true
4665,0,10,2025-12-20 16:56:26.089 +0900,true
4666,0,10,2025-12-20 16:56:26.095 +0900,true
4667,0,10,2025-12-20 16:56:26.102 +0900,true
4668,0,10,2025-12-20 16:56:26.108 +0900,true
4669,0,10,2025-12-20 16:56:26.114 +0900,true
4670,0,10,2025-12-20 16:56:26.120 +0900,true
4671,0,10,2025-12-20 16:56:26.126 +0900,true
4672,0,10,2025-12-20 16:56:26.132 +0900,true
4673,0,10,2025-12-20 16:56:26.138 +0900,true
4674,0,10,2025-12-20 16:56:26.147 +0900,true
4675,0,10,2025-12-20 16:56:26.153 +0900,true
4676,0,10,2025-12-20 16:56:26.159 +0900,true
4677,0,10,2025-12-20 16:56:26.166 +0900,true
4678,0,10,2025-12-20 16:56:26.172 +0900,true
4679,0,10,2025-12-20 16:56:26.178 +0900,true
4680,0,10,2025-12-20 16:56:26.184 +0900,true
4681,0,10,2025-12-20 16:56:26.190 +0900,true
4682,0,10,2025-12-20 16:56:26.197 +0900,true
4683,0,10,2025-12-20 16:56:26.203 +0900,true
4684,0,10,2025-12-20 16:56:26.209 +0900,true
4685,0,10,2025-12-20 16:56:26.215 +0900,true
4686,0,10,2025-12-20 16:56:26.221 +0900,true
4687,0,10,2025-12-20 16:56:26.227 +0900,true
4688,0,10,2025-12-20 16:56:26.233 +0900,true
4689,0,10,2025-12-20 16:56:26.240 +0900,true
4690,0,10,2025-12-20 16:56:26.245 +0900,true
4691,0,10,2025-12-20 16:56:26.252 +0900,true
4692,0,10,2025-12-20 16:56:26.258 +0900,true
4693,0,10,2025-12-20 16:56:26.264 +0900,true
4694,0,10,2025-12-20 16:56:26.270 +0900,true
4695,0,10,2025-12-20 16:56:26.276 +0900,true
4696,0,10,2025-12-20 16:56:26.282 +0900,true
4697,0,10,2025-12-20 16:56:26.288 +0900,true
4698,0,10,2025-12-20 16:56:26.295 +0900,true
4699,0,10,2025-12-20 16:56:26.301 +0900,true
4700,0,10,2025-12-20 16:56:26.307 +0900,true
4701,0,10,2025-12-20 16:56:26.313 +0900,true
4702,0,10,2025-12-20 16:56:26.319 +0900,true
4703,0,10,2025-12-20 16:56:26.325 +0900,true
4704,0,10,2025-12-20 16:56:26.331 +0900,true
4705,0,10,2025-12-20 16:56:26.337 +0900,true
4706,0,10,2025-12-20 16:56:26.344 +0900,true
4707,0,10,2025-12-20 16:56:26.350 +0900,true
4708,0,10,2025-12-20 16:56:26.356 +0900,true
4709,0,10,2025-12-20 16:56:26.362 +0900,true
4710,0,10,2025-12-20 16:56:26.369 +0900,true
4711,0,10,2025-12-20 16:56:26.375 +0900,true
4712,0,10,2025-12-20 16:56:26.381 +0900,true
4713,0,10,2025-12-20 16:56:26.387 +0900,true
4714,0,10,2025-12-20 16:56:26.394 +0900,true
4715,0,10,2025-12-20 16:56:26.400 +0900,true
4716,0,10,2025-12-20 16:56:26.406 +0900,true
4717,0,10,2025-12-20 16:56:26.412 +0900,true
4718,0,10,2025-12-20 16:56:26.419 +0900,true
4719,0,10,2025-12-20 16:56:26.425 +0900,true
4720,0,10,2025-12-20 16:56:26.431 +0900,true
4721,0,10,2025-12-20 16:56:26.438 +0900,true
4722,0,10,2025-12-20 16:56:26.445 +0900,true
4723,0,10,2025-12-20 16:56:26.452 +0900,true
4724,0,10,2025-12-20 16:56:26.458 +0900,true
4725,0,10,2025-12-20 16:56:26.465 +0900,true
4726,0,10,2025-12-20 16:56:26.471 +0900,true
4727,0,10,2025-12-20 16:56:26.477 +0900,true
4728,0,10,2025-12-20 16:56:26.484 +0900,true
4729,0,10,2025-12-20 16:56:26.490 +0900,true
4730,0,10,2025-12-20 16:56:26.497 +0900,true
4731,0,10,2025-12-20 16:56:26.504 +0900,true
4732,0,10,2025-12-20 16:56:26.510 +0900,true
4733,0,10,2025-12-20 16:56:26.517 +0900,true
4734,0,10,2025-12-20 16:56:26.523 +0900,true
4735,0,10,2025-12-20 16:56:26.530 +0900,true
4736,0,10,2025-12-20 16:56:26.537 +0900,true
4737,0,10,2025-12-20 16:56:26.543 +0900,true
4738,0,10,2025-12-20 16:56:26.550 +0900,true
4739,0,10,2025-12-20 16:56:26.557 +0900,true
4740,0,10,2025-12-20 16:56:26.563 +0900,true
4741,0,10,2025-12-20 16:56:26.570 +0900,true
4742,0,10,2025-12-20 16:56:26.576 +0900,true
4743,0,10,2025-12-20 16:56:26.583 +0900,true
4744,0,10,2025-12-20 16:56:26.589 +0900,true
4745,0,10,2025-12-20 16:56:26.596 +0900,true
4746,0,10,2025-12-20 16:56:26.602 +0900,true
4747,0,10,2025-12-20 16:56:26.610 +0900,true
4748,0,10,2025-12-20 16:56:26.617 +0900,true
4749,0,10,2025-12-20 16:56:26.623 +0900,true
4750,0,10,2025-12-20 16:56:26.630 +0900,true
4751,0,10,2025-12-20 16:56:26.636 +0900,true
4752,0,10,2025-12-20 16:56:26.643 +0900,true
4753,0,10,2025-12-20 16:56:26.649 +0900,true
4754,0,10,2025-12-20 16:56:26.656 +0900,true
4755,0,10,2025-12-20 16:56:26.662 +0900,true
4756,0,10,2025-12-20 16:56:26.669 +0900,true
4757,0,10,2025-12-20 16:56:26.675 +0900,true
4758,0,10,2025-12-20 16:56:26.682 +0900,true
4759,0,10,2025-12-20 16:56:26.689 +0900,true
4760,0,10,2025-12-20 16:56:26.695 +0900,true
4761,0,10,2025-12-20 16:56:26.702 +0900,true
4762,0,10,2025-12-20 16:56:26.708 +0900,true
4763,0,10,2025-12-20 16:56:26.714 +0900,true
4764,0,10,2025-12-20 16:56:26.720 +0900,true
4765,0,10,2025-12-20 16:56:26.727 +0900,true
4766,0,10,2025-12-20 16:56:26.733 +0900,true
4767,0,10,2025-12-20 16:56:26.739 +0900,true
4768,0,10,2025-12-20 16:56:26.746 +0900,true
4769,0,10,2025-12-20 16:56:26.752 +0900,true
4770,0,10,2025-12-20 16:56:26.758 +0900,true
4771,0,10,2025-12-20 16:56:26.764 +0900,true
4772,0,10,2025-12-20 16:56:26.770 +0900,true
4773,0,10,2025-12-20 16:56:26.776 +0900,true
4774,0,10,2025-12-20 16:56:26.783 +0900,true
4775,0,10,2025-12-20 16:56:26.789 +0900,true
4776,0,10,2025-12-20 16:56:26.795 +0900,true
4777,0,10,2025-12-20 16:56:26.802 +0900,true
4778,0,10,2025-12-20 16:56:26.808 +0900,true
4779,0,10,2025-12-20 16:56:26.814 +0900,true
4780,0,10,2025-12-20 16:56:26.821 +0900,true
4781,0,10,2025-12-20 16:56:26.827 +0900,true
4782,0,10,2025-12-20 16:56:26.833 +0900,true
4783,0,10,2025-12-20 16:56:26.840 +0900,true
4784,0,10,2025-12-20 16:56:26.846 +0900,true
4785,0,10,2025-12-20 16:56:26.852 +0900,true
4786,0,10,2025-12-20 16:56:26.858 +0900,true
4787,0,10,2025-12-20 16:56:26.864 +0900,true
4788,0,10,2025-12-20 16:56:26.870 +0900,true
4789,0,10,2025-12-20 16:56:26.875 +0900,true
4790,0,10,2025-12-20 16:56:26.881 +0900,true
4791,0,10,2025-12-20 16:56:26.888 +0900,true
4792,0,10,2025-12-20 16:56:26.894 +0900,true
4793,0,10,2025-12-20 16:56:26.900 +0900,true
4794,0,10,2025-12-20 16:56:26.906 +0900,true
4795,0,10,2025-12-20 16:56:26.912 +0900,true
4796,0,10,2025-12-20 16:56:26.918 +0900,true
4797,0,10,2025-12-20 16:56:26.924 +0900,true
4798,0,10,2025-12-20 16:56:26.931 +0900,true
4799,0,10,2025-12-20 16:56:26.937 +0900,true
4800,0,10,2025-12-20 16:56:26.943 +0900,true
4801,0,10,2025-12-20 16:56:26.951 +0900,true
4802,0,10,2025-12-20 16:56:26.957 +0900,true
4803,0,10,2025-12-20 16:56:26.963 +0900,true
4804,0,10,2025-12-20 16:56:26.969 +0900,true
4805,0,10,2025-12-20 16:56:26.975 +0900,true
4806,0,10,2025-12-20 16:56:26.981 +0900,true
4807,0,10,2025-12-20 16:56:26.987 +0900,true
4808,0,10,2025-12-20 16:56:26.993 +0900,true
4809,0,10,2025-12-20 16:56:26.999 +0900,true
4810,0,10,2025-12-20 16:56:27.005 +0900,true
4811,0,10,2025-12-20 16:56:27.011 +0900,true
4812,0,10,2025-12-20 16:56:27.017 +0900,true
4813,0,10,2025-12-20 16:56:27.023 +0900,true
4814,0,10,2025-12-20 16:56:27.028 +0900,true
4815,0,10,2025-12-20 16:56:27.034 +0900,true
4816,0,10,2025-12-20 16:56:27.040 +0900,true
4817,0,10,2025-12-20 16:56:27.046 +0900,true
4818,0,10,2025-12-20 16:56:27.052 +0900,true
4819,0,10,2025-12-20 16:56:27.058 +0900,true
4820,0,10,2025-12-20 16:56:27.064 +0900,true
4821,0,10,2025-12-20 16:56:27.070 +0900,true
4822,0,10,2025-12-20 16:56:27.076 +0900,true
4823,0,10,2025-12-20 16:56:27.082 +0900,true
4824,0,10,2025-12-20 16:56:27.088 +0900,true
4825,0,10,2025-12-20 16:56:27.094 +0900,true
4826,0,10,2025-12-20 16:56:27.099 +0900,true
4827,0,10,2025-12-20 16:56:27.106 +0900,true
4828,0,10,2025-12-20 16:56:27.111 +0900,true
4829,0,10,2025-12-20 16:56:27.117 +0900,true
4830,0,10,2025-12-20 16:56:27.123 +0900,true
4831,0,10,2025-12-20 16:56:27.129 +0900,true
4832,0,10,2025-12-20 16:56:27.135 +0900,true
4833,0,10,2025-12-20 16:56:27.141 +0900,true
4834,0,10,2025-12-20 16:56:27.147 +0900,true
4835,0,10,2025-12-20 16:56:27.153 +0900,true
4836,0,10,2025-12-20 16:56:27.159 +0900,true
4837,0,10,2025-12-20 16:56:27.165 +0900,true
4838,0,10,2025-12-20 16:56:27.171 +0900,true
4839,0,10,2025-12-20 16:56:27.177 +0900,true
4840,0,10,2025-12-20 16:56:27.183 +0900,true
4841,0,10,2025-12-20 16:56:27.189 +0900,true
4842,0,10,2025-12-20 16:56:27.195 +0900,true
4843,0,10,2025-12-20 16:56:27.201 +0900,true
4844,0,10,2025-12-20 16:56:27.207 +0900,true
4845,0,10,2025-12-20 16:56:27.213 +0900,true
4846,0,10,2025-12-20 16:56:27.219 +0900,true
4847,0,10,2025-12-20 16:56:27.225 +0900,true
4848,0,10,2025-12-20 16:56:27.231 +0900,true
4849,0,10,2025-12-20 16:56:27.237 +0900,true
4850,0,10,2025-12-20 16:56:27.244 +0900,true
4851,0,10,2025-12-20 16:56:27.250 +0900,true
4852,0,10,2025-12-20 16:56:27.256 +0900,true
4853,0,10,2025-12-20 16:56:27.262 +0900,true
4854,0,10,2025-12-20 16:56:27.268 +0900,true
4855,0,10,2025-12-20 16:56:27.274 +0900,true
4856,0,10,2025-12-20 16:56:27.279 +0900,true
4857,0,10,2025-12-20 16:56:27.285 +0900,true
4858,0,10,2025-12-20 16:56:27.291 +0900,true
4859,0,10,2025-12-20 16:56:27.297 +0900,true
4860,0,10,2025-12-20 16:56:27.303 +0900,true
4861,0,10,2025-12-20 16:56:27.309 +0900,true
4862,0,10,2025-12-20 16:56:27.315 +0900,true
4863,0,10,2025-12-20 16:56:27.321 +0900,true
4864,0,10,2025-12-20 16:56:27.327 +0900,true
4865,0,10,2025-12-20 16:56:27.333 +0900,true
4866,0,10,2025-12-20 16:56:27.339 +0900,true
4867,0,10,2025-12-20 16:56:27.345 +0900,true
4868,0,10,2025-12-20 16:56:27.352 +0900,true
4869,0,10,2025-12-20 16:56:27.358 +0900,true
4870,0,10,2025-12-20 16:56:27.364 +0900,true
4871,0,10,2025-12-20 16:56:27.369 +0900,true
4872,0,10,2025-12-20 16:56:27.376 +0900,true
4873,0,10,2025-12-20 16:56:27.382 +0900,true
4874,0,10,2025-12-20 16:56:27.388 +0900,true
4875,0,10,2025-12-20 16:56:27.394 +0900,true
4876,0,10,2025-12-20 16:56:27.400 +0900,true
4877,0,10,2025-12-20 16:56:27.406 +0900,true
4878,0,10,2025-12-20 16:56:27.412 +0900,true
4879,0,10,2025-12-20 16:56:27.418 +0900,true
4880,0,10,2025-12-20 16:56:27.424 +0900,true
4881,0,10,2025-12-20 16:56:27.430 +0900,true
4882,0,10,2025-12-20 16:56:27.435 +0900,true
4883,0,10,2025-12-20 16:56:27.441 +0900,true
4884,0,10,2025-12-20 16:56:27.447 +0900,true
4885,0,10,2025-12-20 16:56:27.453 +0900,true
4886,0,10,2025-12-20 16:56:27.459 +0900,true
4887,0,10,2025-12-20 16:56:27.465 +0900,true
4888,0,10,2025-12-20 16:56:27.471 +0900,true
4889,0,10,2025-12-20 16:56:27.476 +0900,true
4890,0,10,2025-12-20 16:56:27.483 +0900,true
4891,0,10,2025-12-20 16:56:27.489 +0900,true
4892,0,10,2025-12-20 16:56:27.495 +0900,true
4893,0,10,2025-12-20 16:56:27.501 +0900,true
4894,0,10,2025-12-20 16:56:27.507 +0900,true
4895,0,10,2025-12-20 16:56:27.513 +0900,true
4896,0,10,2025-12-20 16:56:27.519 +0900,true
4897,0,10,2025-12-20 16:56:27.525 +0900,true
4898,0,10,2025-12-20 16:56:27.531 +0900,true
4899,0,10,2025-12-20 16:56:27.537 +0900,true
4900,0,10,2025-12-20 16:56:27.544 +0900,true
4901,0,10,2025-12-20 16:56:27.550 +0900,true
4902,0,10,2025-12-20 16:56:27.556 +0900,true
4903,0,10,2025-12-20 16:56:27.562 +0900,true
4904,0,10,2025-12-20 16:56:27.568 +0900,true
4905,0,10,2025-12-20 16:56:27.574 +0900,true
4906,0,10,2025-12-20 16:56:27.581 +0900,true
4907,0,10,2025-12-20 16:56:27.588 +0900,true
4908,0,10,2025-12-20 16:56:27.594 +0900,true
4909,0,10,2025-12-20 16:56:27.600 +0900,true
4910,0,10,2025-12-20 16:56:27.606 +0900,true
4911,0,10,2025-12-20 16:56:27.613 +0900,true
4912,0,10,2025-12-20 16:56:27.620 +0900,true
4913,0,10,2025-12-20 16:56:27.627 +0900,true
4914,0,10,2025-12-20 16:56:27.634 +0900,true
4915,0,10,2025-12-20 16:56:27.640 +0900,true
4916,0,10,2025-12-20 16:56:27.646 +0900,true
4917,0,10,2025-12-20 16:56:27.652 +0900,true
4918,0,10,2025-12-20 16:56:27.659 +0900,true
4919,0,10,2025-12-20 16:56:27.666 +0900,true
4920,0,10,2025-12-20 16:56:27.673 +0900,true
4921,0,10,2025-12-20 16:56:27.679 +0900,true
4922,0,10,2025-12-20 16:56:27.687 +0900,true
4923,0,10,2025-12-20 16:56:27.694 +0900,true
4924,0,10,2025-12-20 16:56:27.701 +0900,true
4925,0,10,2025-12-20 16:56:27.707 +0900,true
4926,0,10,2025-12-20 16:56:27.713 +0900,true
4927,0,10,2025-12-20 16:56:27.720 +0900,true
4928,0,10,2025-12-20 16:56:27.726 +0900,true
4929,0,10,2025-12-20 16:56:27.732 +0900,true
4930,0,10,2025-12-20 16:56:27.739 +0900,true
4931,0,10,2025-12-20 16:56:27.746 +0900,true
4932,0,10,2025-12-20 16:56:27.752 +0900,true
4933,0,10,2025-12-20 16:56:27.758 +0900,true
4934,0,10,2025-12-20 16:56:27.765 +0900,true
4935,0,10,2025-12-20 16:56:27.771 +0900,true
4936,0,10,2025-12-20 16:56:27.777 +0900,true
4937,0,10,2025-12-20 16:56:27.783 +0900,true
4938,0,10,2025-12-20 16:56:27.789 +0900,true
4939,0,10,2025-12-20 16:56:27.796 +0900,true
4940,0,10,2025-12-20 16:56:27.802 +0900,true
4941,0,10,2025-12-20 16:56:27.808 +0900,true
4942,0,10,2025-12-20 16:56:27.821 +0900,true
4943,0,10,2025-12-20 16:56:27.863 +0900,true
4944,0,10,2025-12-20 16:56:27.957 +0900,true
4945,0,10,2025-12-20 16:56:27.978 +0900,true
4946,0,10,2025-12-20 16:56:27.985 +0900,true
4947,0,10,2025-12-20 16:56:27.992 +0900,true
4948,0,10,2025-12-20 16:56:27.998 +0900,true
4949,0,10,2025-12-20 16:56:28.004 +0900,true
4950,0,10,2025-12-20 16:56:28.011 +0900,true
4951,0,10,2025-12-20 16:56:28.017 +0900,true
4952,0,10,2025-12-20 16:56:28.023 +0900,true
4953,0,10,2025-12-20 16:56:28.030 +0900,true
4954,0,10,2025-12-20 16:56:28.037 +0900,true
4955,0,10,2025-12-20 16:56:28.043 +0900,true
4956,0,10,2025-12-20 16:56:28.049 +0900,true
4957,0,10,2025-12-20 16:56:28.055 +0900,true
4958,0,10,2025-12-20 16:56:28.062 +0900,true
4959,0,10,2025-12-20 16:56:28.068 +0900,true
4960,0,10,2025-12-20 16:56:28.074 +0900,true
4961,0,10,2025-12-20 16:56:28.080 +0900,true
4962,0,10,2025-12-20 16:56:28.086 +0900,true
4963,0,10,2025-12-20 16:56:28.093 +0900,true
4964,0,10,2025-12-20 16:56:28.099 +0900,true
4965,0,10,2025-12-20 16:56:28.106 +0900,true
4966,0,10,2025-12-20 16:56:28.112 +0900,true
4967,0,10,2025-12-20 16:56:28.120 +0900,true
4968,0,10,2025-12-20 16:56:28.127 +0900,true
4969,0,10,2025-12-20 16:56:28.133 +0900,true
4970,0,10,2025-12-20 16:56:28.139 +0900,true
4971,0,10,2025-12-20 16:56:28.145 +0900,true
4972,0,10,2025-12-20 16:56:28.151 +0900,true
4973,0,10,2025-12-20 16:56:28.158 +0900,true
4974,0,10,2025-12-20 16:56:28.164 +0900,true
4975,0,10,2025-12-20 16:56:28.170 +0900,true
4976,0,10,2025-12-20 16:56:28.176 +0900,true
4977,0,10,2025-12-20 16:56:28.182 +0900,true
4978,0,10,2025-12-20 16:56:28.188 +0900,true
4979,0,10,2025-12-20 16:56:28.194 +0900,true
4980,0,10,2025-12-20 16:56:28.201 +0900,true
4981,0,10,2025-12-20 16:56:28.207 +0900,true
4982,0,10,2025-12-20 16:56:28.213 +0900,true
4983,0,10,2025-12-20 16:56:28.219 +0900,true
4984,0,10,2025-12-20 16:56:28.226 +0900,true
4985,0,10,2025-12-20 16:56:28.232 +0900,true
4986,0,10,2025-12-20 16:56:28.238 +0900,true
4987,0,10,2025-12-20 16:56:28.245 +0900,true
4988,0,10,2025-12-20 16:56:28.251 +0900,true
4989,0,10,2025-12-20 16:56:28.257 +0900,true
4990,0,10,2025-12-20 16:56:28.264 +0900,true
4991,0,10,2025-12-20 16:56:28.270 +0900,true
4992,0,10,2025-12-20 16:56:28.277 +0900,true
4993,0,10,2025-12-20 16:56:28.283 +0900,true
4994,0,10,2025-12-20 16:56:28.289 +0900,true
4995,0,10,2025-12-20 16:56:28.295 +0900,true
4996,0,10,2025-12-20 16:56:28.302 +0900,true
4997,0,10,2025-12-20 16:56:28.309 +0900,true
4998,0,10,2025-12-20 16:56:28.315 +0900,true
4999,0,10,2025-12-20 16:56:28.321 +0900,true
5000,0,10,2025-12-20 16:56:28.327 +0900,true
5001,0,10,2025-12-20 16:56:28.333 +0900,true
5002,0,10,2025-12-20 16:56:28.340 +0900,true
5003,0,10,2025-12-20 16:56:28.346 +0900,true
5004,0,10,2025-12-20 16:56:28.352 +0900,true
5005,0,10,2025-12-20 16:56:28.358 +0900,true
5006,0,10,2025-12-20 16:56:28.364 +0900,true
5007,0,10,2025-12-20 16:56:28.370 +0900,true
5008,0,10,2025-12-20 16:56:28.376 +0900,true
5009,0,10,2025-12-20 16:56:28.383 +0900,true
5010,0,10,2025-12-20 16:56:28.389 +0900,true
5011,0,10,2025-12-20 16:56:28.395 +0900,true
5012,0,10,2025-12-20 16:56:28.401 +0900,true
5013,0,10,2025-12-20 16:56:28.407 +0900,true
5014,0,10,2025-12-20 16:56:28.413 +0900,true
5015,0,10,2025-12-20 16:56:28.419 +0900,true
5016,0,10,2025-12-20 16:56:28.425 +0900,true
5017,0,10,2025-12-20 16:56:28.431 +0900,true
5018,0,10,2025-12-20 16:56:28.439 +0900,true
5019,0,10,2025-12-20 16:56:28.446 +0900,true
5020,0,10,2025-12-20 16:56:28.453 +0900,true
5021,0,10,2025-12-20 16:56:28.459 +0900,true
5022,0,10,2025-12-20 16:56:28.466 +0900,true
5023,0,10,2025-12-20 16:56:28.472 +0900,true
5024,0,10,2025-12-20 16:56:28.478 +0900,true
5025,0,10,2025-12-20 16:56:28.484 +0900,true
5026,0,10,2025-12-20 16:56:28.490 +0900,true
5027,0,10,2025-12-20 16:56:28.496 +0900,true
5028,0,10,2025-12-20 16:56:28.502 +0900,true
5029,0,10,2025-12-20 16:56:28.508 +0900,true
5030,0,10,2025-12-20 16:56:28.514 +0900,true
5031,0,10,2025-12-20 16:56:28.520 +0900,true
5032,0,10,2025-12-20 16:56:28.527 +0900,true
5033,0,10,2025-12-20 16:56:28.533 +0900,true
5034,0,10,2025-12-20 16:56:28.540 +0900,true
5035,0,10,2025-12-20 16:56:28.546 +0900,true
5036,0,10,2025-12-20 16:56:28.553 +0900,true
5037,0,10,2025-12-20 16:56:28.559 +0900,true
5038,0,10,2025-12-20 16:56:28.566 +0900,true
5039,0,10,2025-12-20 16:56:28.572 +0900,true
5040,0,10,2025-12-20 16:56:28.579 +0900,true
5041,0,10,2025-12-20 16:56:28.585 +0900,true
5042,0,10,2025-12-20 16:56:28.591 +0900,true
5043,0,10,2025-12-20 16:56:28.597 +0900,true
5044,0,10,2025-12-20 16:56:28.604 +0900,true
5045,0,10,2025-12-20 16:56:28.610 +0900,true
5046,0,10,2025-12-20 16:56:28.616 +0900,true
5047,0,10,2025-12-20 16:56:28.623 +0900,true
5048,0,10,2025-12-20 16:56:28.629 +0900,true
5049,0,10,2025-12-20 16:56:28.635 +0900,true
5050,0,10,2025-12-20 16:56:28.641 +0900,true
5051,0,10,2025-12-20 16:56:28.647 +0900,true
5052,0,10,2025-12-20 16:56:28.653 +0900,true
5053,0,10,2025-12-20 16:56:28.659 +0900,true
5054,0,10,2025-12-20 16:56:28.666 +0900,true
5055,0,10,2025-12-20 16:56:28.672 +0900,true
5056,0,10,2025-12-20 16:56:28.678 +0900,true
5057,0,10,2025-12-20 16:56:28.685 +0900,true
5058,0,10,2025-12-20 16:56:28.691 +0900,true
5059,0,10,2025-12-20 16:56:28.697 +0900,true
5060,0,10,2025-12-20 16:56:28.704 +0900,true
5061,0,10,2025-12-20 16:56:28.710 +0900,true
5062,0,10,2025-12-20 16:56:28.716 +0900,true
5063,0,10,2025-12-20 16:56:28.722 +0900,true
5064,0,10,2025-12-20 16:56:28.729 +0900,true
5065,0,10,2025-12-20 16:56:28.735 +0900,true
5066,0,10,2025-12-20 16:56:28.741 +0900,true
5067,0,10,2025-12-20 16:56:28.747 +0900,true
5068,0,10,2025-12-20 16:56:28.753 +0900,true
5069,0,10,2025-12-20 16:56:28.760 +0900,true
5070,0,10,2025-12-20 16:56:28.767 +0900,true
5071,0,10,2025-12-20 16:56:28.774 +0900,true
5072,0,10,2025-12-20 16:56:28.780 +0900,true
5073,0,10,2025-12-20 16:56:28.786 +0900,true
5074,0,10,2025-12-20 16:56:28.792 +0900,true
5075,0,10,2025-12-20 16:56:28.802 +0900,true
5076,0,10,2025-12-20 16:56:28.808 +0900,true
5077,0,10,2025-12-20 16:56:28.815 +0900,true
5078,0,10,2025-12-20 16:56:28.821 +0900,true
5079,0,10,2025-12-20 16:56:28.828 +0900,true
5080,0,10,2025-12-20 16:56:28.834 +0900,true
5081,0,10,2025-12-20 16:56:28.840 +0900,true
5082,0,10,2025-12-20 16:56:28.846 +0900,true
5083,0,10,2025-12-20 16:56:28.853 +0900,true
5084,0,10,2025-12-20 16:56:28.859 +0900,true
5085,0,10,2025-12-20 16:56:28.865 +0900,true
5086,0,10,2025-12-20 16:56:28.871 +0900,true
5087,0,10,2025-12-20 16:56:28.877 +0900,true
5088,0,10,2025-12-20 16:56:28.883 +0900,true
5089,0,10,2025-12-20 16:56:28.889 +0900,true
5090,0,10,2025-12-20 16:56:28.895 +0900,true
5091,0,10,2025-12-20 16:56:28.901 +0900,true
5092,0,10,2025-12-20 16:56:28.908 +0900,true
5093,0,10,2025-12-20 16:56:28.914 +0900,true
5094,0,10,2025-12-20 16:56:28.920 +0900,true
5095,0,10,2025-12-20 16:56:28.926 +0900,true
5096,0,10,2025-12-20 16:56:28.932 +0900,true
5097,0,10,2025-12-20 16:56:28.938 +0900,true
5098,0,10,2025-12-20 16:56:28.945 +0900,true
5099,0,10,2025-12-20 16:56:28.951 +0900,true
5100,0,10,2025-12-20 16:56:28.957 +0900,true
5101,0,10,2025-12-20 16:56:28.964 +0900,true
5102,0,10,2025-12-20 16:56:28.970 +0900,true
5103,0,10,2025-12-20 16:56:29.021 +0900,true
5104,0,10,2025-12-20 16:56:29.028 +0900,true
5105,0,10,2025-12-20 16:56:29.034 +0900,true
5106,0,10,2025-12-20 16:56:29.041 +0900,true
5107,0,10,2025-12-20 16:56:29.047 +0900,true
5108,0,10,2025-12-20 16:56:29.054 +0900,true
5109,0,10,2025-12-20 16:56:29.061 +0900,true
5110,0,10,2025-12-20 16:56:29.067 +0900,true
5111,0,10,2025-12-20 16:56:29.074 +0900,true
5112,0,10,2025-12-20 16:56:29.080 +0900,true
5113,0,10,2025-12-20 16:56:29.087 +0900,true
5114,0,10,2025-12-20 16:56:29.093 +0900,true
5115,0,10,2025-12-20 16:56:29.099 +0900,true
5116,0,10,2025-12-20 16:56:29.105 +0900,true
5117,0,10,2025-12-20 16:56:29.111 +0900,true
5118,0,10,2025-12-20 16:56:29.118 +0900,true
5119,0,10,2025-12-20 16:56:29.124 +0900,true
5120,0,10,2025-12-20 16:56:29.130 +0900,true
5121,0,10,2025-12-20 16:56:29.137 +0900,true
5122,0,10,2025-12-20 16:56:29.143 +0900,true
5123,0,10,2025-12-20 16:56:29.151 +0900,true
5124,0,10,2025-12-20 16:56:29.160 +0900,true
5125,0,10,2025-12-20 16:56:29.167 +0900,true
5126,0,10,2025-12-20 16:56:29.175 +0900,true
5127,0,10,2025-12-20 16:56:29.183 +0900,true
5128,0,10,2025-12-20 16:56:29.192 +0900,true
5129,0,10,2025-12-20 16:56:29.199 +0900,true
5130,0,10,2025-12-20 16:56:29.205 +0900,true
5131,0,10,2025-12-20 16:56:29.212 +0900,true
5132,0,10,2025-12-20 16:56:29.218 +0900,true
5133,0,10,2025-12-20 16:56:29.224 +0900,true
5134,0,10,2025-12-20 16:56:29.230 +0900,true
5135,0,10,2025-12-20 16:56:29.236 +0900,true
5136,0,10,2025-12-20 16:56:29.242 +0900,true
5137,0,10,2025-12-20 16:56:29.248 +0900,true
5138,0,10,2025-12-20 16:56:29.255 +0900,true
5139,0,10,2025-12-20 16:56:29.261 +0900,true
5140,0,10,2025-12-20 16:56:29.267 +0900,true
5141,0,10,2025-12-20 16:56:29.273 +0900,true
5142,0,10,2025-12-20 16:56:29.280 +0900,true
5143,0,10,2025-12-20 16:56:29.286 +0900,true
5144,0,10,2025-12-20 16:56:29.292 +0900,true
5145,0,10,2025-12-20 16:56:29.298 +0900,true
5146,0,10,2025-12-20 16:56:29.304 +0900,true
5147,0,10,2025-12-20 16:56:29.310 +0900,true
5148,0,10,2025-12-20 16:56:29.317 +0900,true
5149,0,10,2025-12-20 16:56:29.323 +0900,true
5150,0,10,2025-12-20 16:56:29.329 +0900,true
5151,0,10,2025-12-20 16:56:29.335 +0900,true
5152,0,10,2025-12-20 16:56:29.341 +0900,true
5153,0,10,2025-12-20 16:56:29.347 +0900,true
5154,0,10,2025-12-20 16:56:29.353 +0900,true
5155,0,10,2025-12-20 16:56:29.359 +0900,true
5156,0,10,2025-12-20 16:56:29.365 +0900,true
5157,0,10,2025-12-20 16:56:29.372 +0900,true
5158,0,10,2025-12-20 16:56:29.378 +0900,true
5159,0,10,2025-12-20 16:56:29.384 +0900,true
5160,0,10,2025-12-20 16:56:29.390 +0900,true
5161,0,10,2025-12-20 16:56:29.396 +0900,true
5162,0,10,2025-12-20 16:56:29.403 +0900,true
5163,0,10,2025-12-20 16:56:29.409 +0900,true
5164,0,10,2025-12-20 16:56:29.415 +0900,true
5165,0,10,2025-12-20 16:56:29.421 +0900,true
5166,0,10,2025-12-20 16:56:29.428 +0900,true
5167,0,10,2025-12-20 16:56:29.434 +0900,true
5168,0,10,2025-12-20 16:56:29.440 +0900,true
5169,0,10,2025-12-20 16:56:29.446 +0900,true
5170,0,10,2025-12-20 16:56:29.453 +0900,true
5171,0,10,2025-12-20 16:56:29.459 +0900,true
5172,0,10,2025-12-20 16:56:29.465 +0900,true
5173,0,10,2025-12-20 16:56:29.471 +0900,true
5174,0,10,2025-12-20 16:56:29.477 +0900,true
5175,0,10,2025-12-20 16:56:29.484 +0900,true
5176,0,10,2025-12-20 16:56:29.489 +0900,true
5177,0,10,2025-12-20 16:56:29.496 +0900,true
5178,0,10,2025-12-20 16:56:29.502 +0900,true
5179,0,10,2025-12-20 16:56:29.508 +0900,true
5180,0,10,2025-12-20 16:56:29.514 +0900,true
5181,0,10,2025-12-20 16:56:29.520 +0900,true
5182,0,10,2025-12-20 16:56:29.526 +0900,true
5183,0,10,2025-12-20 16:56:29.533 +0900,true
5184,0,10,2025-12-20 16:56:29.539 +0900,true
5185,0,10,2025-12-20 16:56:29.546 +0900,true
5186,0,10,2025-12-20 16:56:29.552 +0900,true
5187,0,10,2025-12-20 16:56:29.559 +0900,true
5188,0,10,2025-12-20 16:56:29.565 +0900,true
5189,0,10,2025-12-20 16:56:29.571 +0900,true
5190,0,10,2025-12-20 16:56:29.577 +0900,true
5191,0,10,2025-12-20 16:56:29.584 +0900,true
5192,0,10,2025-12-20 16:56:29.590 +0900,true
5193,0,10,2025-12-20 16:56:29.596 +0900,true
5194,0,10,2025-12-20 16:56:29.602 +0900,true
5195,0,10,2025-12-20 16:56:29.609 +0900,true
5196,0,10,2025-12-20 16:56:29.615 +0900,true
5197,0,10,2025-12-20 16:56:29.622 +0900,true
5198,0,10,2025-12-20 16:56:29.629 +0900,true
5199,0,10,2025-12-20 16:56:29.635 +0900,true
5200,0,10,2025-12-20 16:56:29.641 +0900,true
5201,0,10,2025-12-20 16:56:29.647 +0900,true
5202,0,10,2025-12-20 16:56:29.653 +0900,true
5203,0,10,2025-12-20 16:56:29.659 +0900,true
5204,0,10,2025-12-20 16:56:29.665 +0900,true
5205,0,10,2025-12-20 16:56:29.672 +0900,true
5206,0,10,2025-12-20 16:56:29.678 +0900,true
5207,0,10,2025-12-20 16:56:29.684 +0900,true
5208,0,10,2025-12-20 16:56:29.692 +0900,true
5209,0,10,2025-12-20 16:56:29.698 +0900,true
5210,0,10,2025-12-20 16:56:29.704 +0900,true
5211,0,10,2025-12-20 16:56:29.711 +0900,true
5212,0,10,2025-12-20 16:56:29.717 +0900,true
5213,0,10,2025-12-20 16:56:29.723 +0900,true
5214,0,10,2025-12-20 16:56:29.729 +0900,true
5215,0,10,2025-12-20 16:56:29.735 +0900,true
5216,0,10,2025-12-20 16:56:29.741 +0900,true
5217,0,10,2025-12-20 16:56:29.747 +0900,true
5218,0,10,2025-12-20 16:56:29.754 +0900,true
5219,0,10,2025-12-20 16:56:29.760 +0900,true
5220,0,10,2025-12-20 16:56:29.766 +0900,true
5221,0,10,2025-12-20 16:56:29.772 +0900,true
5222,0,10,2025-12-20 16:56:29.778 +0900,true
5223,0,10,2025-12-20 16:56:29.785 +0900,true
5224,0,10,2025-12-20 16:56:29.791 +0900,true
5225,0,10,2025-12-20 16:56:29.798 +0900,true
5226,0,10,2025-12-20 16:56:29.805 +0900,true
5227,0,10,2025-12-20 16:56:29.812 +0900,true
5228,0,10,2025-12-20 16:56:29.820 +0900,true
5229,0,10,2025-12-20 16:56:29.827 +0900,true
5230,0,10,2025-12-20 16:56:29.833 +0900,true
5231,0,10,2025-12-20 16:56:29.839 +0900,true
5232,0,10,2025-12-20 16:56:29.845 +0900,true
5233,0,10,2025-12-20 16:56:29.852 +0900,true
5234,0,10,2025-12-20 16:56:29.858 +0900,true
5235,0,10,2025-12-20 16:56:29.864 +0900,true
5236,0,10,2025-12-20 16:56:29.870 +0900,true
5237,0,10,2025-12-20 16:56:29.876 +0900,true
5238,0,10,2025-12-20 16:56:29.882 +0900,true
5239,0,10,2025-12-20 16:56:29.888 +0900,true
5240,0,10,2025-12-20 16:56:29.894 +0900,true
5241,0,10,2025-12-20 16:56:29.901 +0900,true
5242,0,10,2025-12-20 16:56:29.907 +0900,true
5243,0,10,2025-12-20 16:56:29.913 +0900,true
5244,0,10,2025-12-20 16:56:29.920 +0900,true
5245,0,10,2025-12-20 16:56:29.926 +0900,true
5246,0,10,2025-12-20 16:56:29.932 +0900,true
5247,0,10,2025-12-20 16:56:29.938 +0900,true
5248,0,10,2025-12-20 16:56:29.944 +0900,true
5249,0,10,2025-12-20 16:56:29.950 +0900,true
5250,0,10,2025-12-20 16:56:29.956 +0900,true
5251,0,10,2025-12-20 16:56:29.963 +0900,true
5252,0,10,2025-12-20 16:56:29.969 +0900,true
5253,0,10,2025-12-20 16:56:29.976 +0900,true
5254,0,10,2025-12-20 16:56:29.982 +0900,true
5255,0,10,2025-12-20 16:56:29.988 +0900,true
5256,0,10,2025-12-20 16:56:29.994 +0900,true
5257,0,10,2025-12-20 16:56:30.000 +0900,true
5258,0,10,2025-12-20 16:56:30.006 +0900,true
5259,0,10,2025-12-20 16:56:30.012 +0900,true
5260,0,10,2025-12-20 16:56:30.018 +0900,true
5261,0,10,2025-12-20 16:56:30.024 +0900,true
5262,0,10,2025-12-20 16:56:30.030 +0900,true
5263,0,10,2025-12-20 16:56:30.036 +0900,true
5264,0,10,2025-12-20 16:56:30.043 +0900,true
5265,0,10,2025-12-20 16:56:30.049 +0900,true
5266,0,10,2025-12-20 16:56:30.055 +0900,true
5267,0,10,2025-12-20 16:56:30.062 +0900,true
5268,0,10,2025-12-20 16:56:30.068 +0900,true
5269,0,10,2025-12-20 16:56:30.074 +0900,true
5270,0,10,2025-12-20 16:56:30.081 +0900,true
5271,0,10,2025-12-20 16:56:30.087 +0900,true
5272,0,10,2025-12-20 16:56:30.094 +0900,true
5273,0,10,2025-12-20 16:56:30.101 +0900,true
5274,0,10,2025-12-20 16:56:30.107 +0900,true
5275,0,10,2025-12-20 16:56:30.113 +0900,true
5276,0,10,2025-12-20 16:56:30.119 +0900,true
5277,0,10,2025-12-20 16:56:30.125 +0900,true
5278,0,10,2025-12-20 16:56:30.131 +0900,true
5279,0,10,2025-12-20 16:56:30.138 +0900,true
5280,0,10,2025-12-20 16:56:30.144 +0900,true
5281,0,10,2025-12-20 16:56:30.150 +0900,true
5282,0,10,2025-12-20 16:56:30.156 +0900,true
5283,0,10,2025-12-20 16:56:30.162 +0900,true
5284,0,10,2025-12-20 16:56:30.169 +0900,true
5285,0,10,2025-12-20 16:56:30.177 +0900,true
5286,0,10,2025-12-20 16:56:30.183 +0900,true
5287,0,10,2025-12-20 16:56:30.189 +0900,true
5288,0,10,2025-12-20 16:56:30.195 +0900,true
5289,0,10,2025-12-20 16:56:30.201 +0900,true
5290,0,10,2025-12-20 16:56:30.208 +0900,true
5291,0,10,2025-12-20 16:56:30.214 +0900,true
5292,0,10,2025-12-20 16:56:30.221 +0900,true
5293,0,10,2025-12-20 16:56:30.228 +0900,true
5294,0,10,2025-12-20 16:56:30.235 +0900,true
5295,0,10,2025-12-20 16:56:30.241 +0900,true
5296,0,10,2025-12-20 16:56:30.247 +0900,true
5297,0,10,2025-12-20 16:56:30.254 +0900,true
5298,0,10,2025-12-20 16:56:30.260 +0900,true
5299,0,10,2025-12-20 16:56:30.267 +0900,true
5300,0,10,2025-12-20 16:56:30.273 +0900,true
5301,0,10,2025-12-20 16:56:30.280 +0900,true
5302,0,10,2025-12-20 16:56:30.286 +0900,true
5303,0,10,2025-12-20 16:56:30.293 +0900,true
5304,0,10,2025-12-20 16:56:30.300 +0900,true
5305,0,10,2025-12-20 16:56:30.306 +0900,true
5306,0,10,2025-12-20 16:56:30.313 +0900,true
5307,0,10,2025-12-20 16:56:30.319 +0900,true
5308,0,10,2025-12-20 16:56:30.326 +0900,true
5309,0,10,2025-12-20 16:56:30.332 +0900,true
5310,0,10,2025-12-20 16:56:30.339 +0900,true
5311,0,10,2025-12-20 16:56:30.346 +0900,true
5312,0,10,2025-12-20 16:56:30.352 +0900,true
5313,0,10,2025-12-20 16:56:30.359 +0900,true
5314,0,10,2025-12-20 16:56:30.366 +0900,true
5315,0,10,2025-12-20 16:56:30.372 +0900,true
5316,0,10,2025-12-20 16:56:30.379 +0900,true
5317,0,10,2025-12-20 16:56:30.385 +0900,true
5318,0,10,2025-12-20 16:56:30.391 +0900,true
5319,0,10,2025-12-20 16:56:30.398 +0900,true
5320,0,10,2025-12-20 16:56:30.404 +0900,true
5321,0,10,2025-12-20 16:56:30.410 +0900,true
5322,0,10,2025-12-20 16:56:30.417 +0900,true
5323,0,10,2025-12-20 16:56:30.423 +0900,true
5324,0,10,2025-12-20 16:56:30.429 +0900,true
5325,0,10,2025-12-20 16:56:30.435 +0900,true
5326,0,10,2025-12-20 16:56:30.442 +0900,true
5327,0,10,2025-12-20 16:56:30.448 +0900,true
5328,0,10,2025-12-20 16:56:30.454 +0900,true
5329,0,10,2025-12-20 16:56:30.460 +0900,true
5330,0,10,2025-12-20 16:56:30.466 +0900,true
5331,0,10,2025-12-20 16:56:30.473 +0900,true
5332,0,10,2025-12-20 16:56:30.479 +0900,true
5333,0,10,2025-12-20 16:56:30.485 +0900,true
5334,0,10,2025-12-20 16:56:30.491 +0900,true
5335,0,10,2025-12-20 16:56:30.497 +0900,true
5336,0,10,2025-12-20 16:56:30.503 +0900,true
5337,0,10,2025-12-20 16:56:30.509 +0900,true
5338,0,10,2025-12-20 16:56:30.516 +0900,true
5339,0,10,2025-12-20 16:56:30.522 +0900,true
5340,0,10,2025-12-20 16:56:30.529 +0900,true
5341,0,10,2025-12-20 16:56:30.536 +0900,true
5342,0,10,2025-12-20 16:56:30.543 +0900,true
5343,0,10,2025-12-20 16:56:30.549 +0900,true
5344,0,10,2025-12-20 16:56:30.556 +0900,true
5345,0,10,2025-12-20 16:56:30.563 +0900,true
5346,0,10,2025-12-20 16:56:30.570 +0900,true
5347,0,10,2025-12-20 16:56:30.576 +0900,true
5348,0,10,2025-12-20 16:56:30.583 +0900,true
5349,0,10,2025-12-20 16:56:30.590 +0900,true
5350,0,10,2025-12-20 16:56:30.596 +0900,true
5351,0,10,2025-12-20 16:56:30.603 +0900,true
5352,0,10,2025-12-20 16:56:30.609 +0900,true
5353,0,10,2025-12-20 16:56:30.615 +0900,true
5354,0,10,2025-12-20 16:56:30.622 +0900,true
5355,0,10,2025-12-20 16:56:30.628 +0900,true
5356,0,10,2025-12-20 16:56:30.635 +0900,true
5357,0,10,2025-12-20 16:56:30.641 +0900,true
5358,0,10,2025-12-20 16:56:30.647 +0900,true
5359,0,10,2025-12-20 16:56:30.654 +0900,true
5360,0,10,2025-12-20 16:56:30.660 +0900,true
5361,0,10,2025-12-20 16:56:30.666 +0900,true
5362,0,10,2025-12-20 16:56:30.673 +0900,true
5363,0,10,2025-12-20 16:56:30.679 +0900,true
5364,0,10,2025-12-20 16:56:30.685 +0900,true
5365,0,10,2025-12-20 16:56:30.692 +0900,true
5366,0,10,2025-12-20 16:56:30.698 +0900,true
5367,0,10,2025-12-20 16:56:30.705 +0900,true
5368,0,10,2025-12-20 16:56:30.711 +0900,true
5369,0,10,2025-12-20 16:56:30.717 +0900,true
5370,0,10,2025-12-20 16:56:30.723 +0900,true
5371,0,10,2025-12-20 16:56:30.730 +0900,true
5372,0,10,2025-12-20 16:56:30.736 +0900,true
5373,0,10,2025-12-20 16:56:30.742 +0900,true
5374,0,10,2025-12-20 16:56:30.748 +0900,true
5375,0,10,2025-12-20 16:56:30.755 +0900,true
5376,0,10,2025-12-20 16:56:30.762 +0900,true
5377,0,10,2025-12-20 16:56:30.768 +0900,true
5378,0,10,2025-12-20 16:56:30.775 +0900,true
5379,0,10,2025-12-20 16:56:30.782 +0900,true
5380,0,10,2025-12-20 16:56:30.788 +0900,true
5381,0,10,2025-12-20 16:56:30.794 +0900,true
5382,0,10,2025-12-20 16:56:30.801 +0900,true
5383,0,10,2025-12-20 16:56:30.807 +0900,true
5384,0,10,2025-12-20 16:56:30.813 +0900,true
5385,0,10,2025-12-20 16:56:30.819 +0900,true
5386,0,10,2025-12-20 16:56:30.825 +0900,true
5387,0,10,2025-12-20 16:56:30.832 +0900,true
5388,0,10,2025-12-20 16:56:30.838 +0900,true
5389,0,10,2025-12-20 16:56:30.844 +0900,true
5390,0,10,2025-12-20 16:56:30.850 +0900,true
5391,0,10,2025-12-20 16:56:30.856 +0900,true
5392,0,10,2025-12-20 16:56:30.862 +0900,true
5393,0,10,2025-12-20 16:56:30.869 +0900,true
5394,0,10,2025-12-20 16:56:30.875 +0900,true
5395,0,10,2025-12-20 16:56:30.881 +0900,true
5396,0,10,2025-12-20 16:56:30.887 +0900,true
5397,0,10,2025-12-20 16:56:30.893 +0900,true
5398,0,10,2025-12-20 16:56:30.900 +0900,true
5399,0,10,2025-12-20 16:56:30.906 +0900,true
5400,0,10,2025-12-20 16:56:30.912 +0900,true
5401,0,10,2025-12-20 16:56:30.919 +0900,true
5402,0,10,2025-12-20 16:56:30.925 +0900,true
5403,0,10,2025-12-20 16:56:30.931 +0900,true
5404,0,10,2025-12-20 16:56:30.937 +0900,true
5405,0,10,2025-12-20 16:56:30.943 +0900,true
5406,0,10,2025-12-20 16:56:30.950 +0900,true
5407,0,10,2025-12-20 16:56:30.956 +0900,true
5408,0,10,2025-12-20 16:56:30.962 +0900,true
5409,0,10,2025-12-20 16:56:30.971 +0900,true
5410,0,10,2025-12-20 16:56:30.981 +0900,true
5411,0,10,2025-12-20 16:56:30.993 +0900,true
5412,0,10,2025-12-20 16:56:31.002 +0900,true
5413,0,10,2025-12-20 16:56:31.010 +0900,true
5414,0,10,2025-12-20 16:56:31.019 +0900,true
5415,0,10,2025-12-20 16:56:31.027 +0900,true
5416,0,10,2025-12-20 16:56:31.034 +0900,true
5417,0,10,2025-12-20 16:56:31.040 +0900,true
5418,0,10,2025-12-20 16:56:31.047 +0900,true
5419,0,10,2025-12-20 16:56:31.053 +0900,true
5420,0,10,2025-12-20 16:56:31.059 +0900,true
5421,0,10,2025-12-20 16:56:31.066 +0900,true
5422,0,10,2025-12-20 16:56:31.072 +0900,true
5423,0,10,2025-12-20 16:56:31.078 +0900,true
5424,0,10,2025-12-20 16:56:31.085 +0900,true
5425,0,10,2025-12-20 16:56:31.091 +0900,true
5426,0,10,2025-12-20 16:56:31.097 +0900,true
5427,0,10,2025-12-20 16:56:31.103 +0900,true
5428,0,10,2025-12-20 16:56:31.110 +0900,true
5429,0,10,2025-12-20 16:56:31.117 +0900,true
5430,0,10,2025-12-20 16:56:31.123 +0900,true
5431,0,10,2025-12-20 16:56:31.131 +0900,true
5432,0,10,2025-12-20 16:56:31.138 +0900,true
5433,0,10,2025-12-20 16:56:31.144 +0900,true
5434,0,10,2025-12-20 16:56:31.151 +0900,true
5435,0,10,2025-12-20 16:56:31.157 +0900,true
5436,0,10,2025-12-20 16:56:31.164 +0900,true
5437,0,10,2025-12-20 16:56:31.170 +0900,true
5438,0,10,2025-12-20 16:56:31.176 +0900,true
5439,0,10,2025-12-20 16:56:31.183 +0900,true
5440,0,10,2025-12-20 16:56:31.189 +0900,true
5441,0,10,2025-12-20 16:56:31.196 +0900,true
5442,0,10,2025-12-20 16:56:31.203 +0900,true
5443,0,10,2025-12-20 16:56:31.209 +0900,true
5444,0,10,2025-12-20 16:56:31.215 +0900,true
5445,0,10,2025-12-20 16:56:31.223 +0900,true
5446,0,10,2025-12-20 16:56:31.230 +0900,true
5447,0,10,2025-12-20 16:56:31.236 +0900,true
5448,0,10,2025-12-20 16:56:31.243 +0900,true
5449,0,10,2025-12-20 16:56:31.249 +0900,true
5450,0,10,2025-12-20 16:56:31.255 +0900,true
5451,0,10,2025-12-20 16:56:31.262 +0900,true
5452,0,10,2025-12-20 16:56:31.268 +0900,true
5453,0,10,2025-12-20 16:56:31.275 +0900,true
5454,0,10,2025-12-20 16:56:31.281 +0900,true
5455,0,10,2025-12-20 16:56:31.288 +0900,true
5456,0,10,2025-12-20 16:56:31.294 +0900,true
5457,0,10,2025-12-20 16:56:31.301 +0900,true
5458,0,10,2025-12-20 16:56:31.307 +0900,true
5459,0,10,2025-12-20 16:56:31.313 +0900,true
5460,0,10,2025-12-20 16:56:31.320 +0900,true
5461,0,10,2025-12-20 16:56:31.326 +0900,true
5462,0,10,2025-12-20 16:56:31.332 +0900,true
5463,0,10,2025-12-20 16:56:31.338 +0900,true
5464,0,10,2025-12-20 16:56:31.345 +0900,true
5465,0,10,2025-12-20 16:56:31.351 +0900,true
5466,0,10,2025-12-20 16:56:31.357 +0900,true
5467,0,10,2025-12-20 16:56:31.364 +0900,true
5468,0,10,2025-12-20 16:56:31.370 +0900,true
5469,0,10,2025-12-20 16:56:31.376 +0900,true
5470,0,10,2025-12-20 16:56:31.383 +0900,true
5471,0,10,2025-12-20 16:56:31.389 +0900,true
5472,0,10,2025-12-20 16:56:31.395 +0900,true
5473,0,10,2025-12-20 16:56:31.402 +0900,true
5474,0,10,2025-12-20 16:56:31.408 +0900,true
5475,0,10,2025-12-20 16:56:31.414 +0900,true
5476,0,10,2025-12-20 16:56:31.421 +0900,true
5477,0,10,2025-12-20 16:56:31.427 +0900,true
5478,0,10,2025-12-20 16:56:31.433 +0900,true
5479,0,10,2025-12-20 16:56:31.440 +0900,true
5480,0,10,2025-12-20 16:56:31.446 +0900,true
5481,0,10,2025-12-20 16:56:31.453 +0900,true
5482,0,10,2025-12-20 16:56:31.459 +0900,true
5483,0,10,2025-12-20 16:56:31.465 +0900,true
5484,0,10,2025-12-20 16:56:31.471 +0900,true
5485,0,10,2025-12-20 16:56:31.477 +0900,true
5486,0,10,2025-12-20 16:56:31.483 +0900,true
5487,0,10,2025-12-20 16:56:31.490 +0900,true
5488,0,10,2025-12-20 16:56:31.496 +0900,true
5489,0,10,2025-12-20 16:56:31.502 +0900,true
5490,0,10,2025-12-20 16:56:31.508 +0900,true
5491,0,10,2025-12-20 16:56:31.515 +0900,true
5492,0,10,2025-12-20 16:56:31.521 +0900,true
5493,0,10,2025-12-20 16:56:31.528 +0900,true
5494,0,10,2025-12-20 16:56:31.534 +0900,true
5495,0,10,2025-12-20 16:56:31.541 +0900,true
5496,0,10,2025-12-20 16:56:31.547 +0900,true
5497,0,10,2025-12-20 16:56:31.554 +0900,true
5498,0,10,2025-12-20 16:56:31.560 +0900,true
5499,0,10,2025-12-20 16:56:31.567 +0900,true
5500,0,10,2025-12-20 16:56:31.573 +0900,true
5501,0,10,2025-12-20 16:56:31.580 +0900,true
5502,0,10,2025-12-20 16:56:31.586 +0900,true
5503,0,10,2025-12-20 16:56:31.592 +0900,true
5504,0,10,2025-12-20 16:56:31.599 +0900,true
5505,0,10,2025-12-20 16:56:31.605 +0900,true
5506,0,10,2025-12-20 16:56:31.611 +0900,true
5507,0,10,2025-12-20 16:56:31.618 +0900,true
5508,0,10,2025-12-20 16:56:31.624 +0900,true
5509,0,10,2025-12-20 16:56:31.630 +0900,true
5510,0,10,2025-12-20 16:56:31.636 +0900,true
5511,0,10,2025-12-20 16:56:31.643 +0900,true
5512,0,10,2025-12-20 16:56:31.649 +0900,true
5513,0,10,2025-12-20 16:56:31.656 +0900,true
5514,0,10,2025-12-20 16:56:31.663 +0900,true
5515,0,10,2025-12-20 16:56:31.670 +0900,true
5516,0,10,2025-12-20 16:56:31.677 +0900,true
5517,0,10,2025-12-20 16:56:31.684 +0900,true
5518,0,10,2025-12-20 16:56:31.690 +0900,true
5519,0,10,2025-12-20 16:56:31.696 +0900,true
5520,0,10,2025-12-20 16:56:31.702 +0900,true
5521,0,10,2025-12-20 16:56:31.709 +0900,true
5522,0,10,2025-12-20 16:56:31.716 +0900,true
5523,0,10,2025-12-20 16:56:31.722 +0900,true
5524,0,10,2025-12-20 16:56:31.728 +0900,true
5525,0,10,2025-12-20 16:56:31.734 +0900,true
5526,0,10,2025-12-20 16:56:31.740 +0900,true
5527,0,10,2025-12-20 16:56:31.746 +0900,true
5528,0,10,2025-12-20 16:56:31.753 +0900,true
5529,0,10,2025-12-20 16:56:31.759 +0900,true
5530,0,10,2025-12-20 16:56:31.765 +0900,true
5531,0,10,2025-12-20 16:56:31.771 +0900,true
5532,0,10,2025-12-20 16:56:31.778 +0900,true
5533,0,10,2025-12-20 16:56:31.784 +0900,true
5534,0,10,2025-12-20 16:56:31.791 +0900,true
5535,0,10,2025-12-20 16:56:31.797 +0900,true
5536,0,10,2025-12-20 16:56:31.803 +0900,true
5537,0,10,2025-12-20 16:56:31.809 +0900,true
5538,0,10,2025-12-20 16:56:31.815 +0900,true
5539,0,10,2025-12-20 16:56:31.821 +0900,true
5540,0,10,2025-12-20 16:56:31.828 +0900,true
5541,0,10,2025-12-20 16:56:31.834 +0900,true
5542,0,10,2025-12-20 16:56:31.840 +0900,true
5543,0,10,2025-12-20 16:56:31.846 +0900,true
5544,0,10,2025-12-20 16:56:31.852 +0900,true
5545,0,10,2025-12-20 16:56:31.858 +0900,true
5546,0,10,2025-12-20 16:56:31.865 +0900,true
5547,0,10,2025-12-20 16:56:31.871 +0900,true
5548,0,10,2025-12-20 16:56:31.877 +0900,true
5549,0,10,2025-12-20 16:56:31.884 +0900,true
5550,0,10,2025-12-20 16:56:31.891 +0900,true
5551,0,10,2025-12-20 16:56:31.897 +0900,true
5552,0,10,2025-12-20 16:56:31.903 +0900,true
5553,0,10,2025-12-20 16:56:31.910 +0900,true
5554,0,10,2025-12-20 16:56:31.917 +0900,true
5555,0,10,2025-12-20 16:56:31.923 +0900,true
5556,0,10,2025-12-20 16:56:31.930 +0900,true
5557,0,10,2025-12-20 16:56:31.936 +0900,true
5558,0,10,2025-12-20 16:56:31.942 +0900,true
5559,0,10,2025-12-20 16:56:31.948 +0900,true
5560,0,10,2025-12-20 16:56:31.954 +0900,true
5561,0,10,2025-12-20 16:56:31.961 +0900,true
5562,0,10,2025-12-20 16:56:31.967 +0900,true
5563,0,10,2025-12-20 16:56:31.973 +0900,true
5564,0,10,2025-12-20 16:56:31.979 +0900,true
5565,0,10,2025-12-20 16:56:31.985 +0900,true
5566,0,10,2025-12-20 16:56:31.991 +0900,true
5567,0,10,2025-12-20 16:56:31.998 +0900,true
5568,0,10,2025-12-20 16:56:32.005 +0900,true
5569,0,10,2025-12-20 16:56:32.012 +0900,true
5570,0,10,2025-12-20 16:56:32.018 +0900,true
5571,0,10,2025-12-20 16:56:32.025 +0900,true
5572,0,10,2025-12-20 16:56:32.033 +0900,true
5573,0,10,2025-12-20 16:56:32.039 +0900,true
5574,0,10,2025-12-20 16:56:32.046 +0900,true
5575,0,10,2025-12-20 16:56:32.053 +0900,true
5576,0,10,2025-12-20 16:56:32.059 +0900,true
5577,0,10,2025-12-20 16:56:32.066 +0900,true
5578,0,10,2025-12-20 16:56:32.073 +0900,true
5579,0,10,2025-12-20 16:56:32.079 +0900,true
5580,0,10,2025-12-20 16:56:32.086 +0900,true
5581,0,10,2025-12-20 16:56:32.092 +0900,true
5582,0,10,2025-12-20 16:56:32.099 +0900,true
5583,0,10,2025-12-20 16:56:32.106 +0900,true
5584,0,10,2025-12-20 16:56:32.112 +0900,true
5585,0,10,2025-12-20 16:56:32.118 +0900,true
5586,0,10,2025-12-20 16:56:32.124 +0900,true
5587,0,10,2025-12-20 16:56:32.130 +0900,true
5588,0,10,2025-12-20 16:56:32.136 +0900,true
5589,0,10,2025-12-20 16:56:32.142 +0900,true
5590,0,10,2025-12-20 16:56:32.149 +0900,true
5591,0,10,2025-12-20 16:56:32.155 +0900,true
5592,0,10,2025-12-20 16:56:32.161 +0900,true
5593,0,10,2025-12-20 16:56:32.168 +0900,true
5594,0,10,2025-12-20 16:56:32.174 +0900,true
5595,0,10,2025-12-20 16:56:32.180 +0900,true
5596,0,10,2025-12-20 16:56:32.187 +0900,true
5597,0,10,2025-12-20 16:56:32.193 +0900,true
5598,0,10,2025-12-20 16:56:32.199 +0900,true
5599,0,10,2025-12-20 16:56:32.206 +0900,true
5600,0,10,2025-12-20 16:56:32.213 +0900,true
5601,0,10,2025-12-20 16:56:32.220 +0900,true
5602,0,10,2025-12-20 16:56:32.226 +0900,true
5603,0,10,2025-12-20 16:56:32.232 +0900,true
5604,0,10,2025-12-20 16:56:32.238 +0900,true
5605,0,10,2025-12-20 16:56:32.244 +0900,true
5606,0,10,2025-12-20 16:56:32.251 +0900,true
5607,0,10,2025-12-20 16:56:32.257 +0900,true
5608,0,10,2025-12-20 16:56:32.264 +0900,true
5609,0,10,2025-12-20 16:56:32.271 +0900,true
5610,0,10,2025-12-20 16:56:32.277 +0900,true
5611,0,10,2025-12-20 16:56:32.284 +0900,true
5612,0,10,2025-12-20 16:56:32.290 +0900,true
5613,0,10,2025-12-20 16:56:32.296 +0900,true
5614,0,10,2025-12-20 16:56:32.302 +0900,true
5615,0,10,2025-12-20 16:56:32.308 +0900,true
5616,0,10,2025-12-20 16:56:32.314 +0900,true
5617,0,10,2025-12-20 16:56:32.321 +0900,true
5618,0,10,2025-12-20 16:56:32.328 +0900,true
5619,0,10,2025-12-20 16:56:32.335 +0900,true
5620,0,10,2025-12-20 16:56:32.341 +0900,true
5621,0,10,2025-12-20 16:56:32.347 +0900,true
5622,0,10,2025-12-20 16:56:32.353 +0900,true
5623,0,10,2025-12-20 16:56:32.359 +0900,true
5624,0,10,2025-12-20 16:56:32.365 +0900,true
5625,0,10,2025-12-20 16:56:32.372 +0900,true
5626,0,10,2025-12-20 16:56:32.378 +0900,true
5627,0,10,2025-12-20 16:56:32.384 +0900,true
5628,0,10,2025-12-20 16:56:32.391 +0900,true
5629,0,10,2025-12-20 16:56:32.397 +0900,true
5630,0,10,2025-12-20 16:56:32.403 +0900,true
5631,0,10,2025-12-20 16:56:32.409 +0900,true
5632,0,10,2025-12-20 16:56:32.416 +0900,true
5633,0,10,2025-12-20 16:56:32.422 +0900,true
5634,0,10,2025-12-20 16:56:32.429 +0900,true
5635,0,10,2025-12-20 16:56:32.435 +0900,true
5636,0,10,2025-12-20 16:56:32.441 +0900,true
5637,0,10,2025-12-20 16:56:32.447 +0900,true
5638,0,10,2025-12-20 16:56:32.453 +0900,true
5639,0,10,2025-12-20 16:56:32.459 +0900,true
5640,0,10,2025-12-20 16:56:32.466 +0900,true
5641,0,10,2025-12-20 16:56:32.472 +0900,true
5642,0,10,2025-12-20 16:56:32.479 +0900,true
5643,0,10,2025-12-20 16:56:32.486 +0900,true
5644,0,10,2025-12-20 16:56:32.493 +0900,true
5645,0,10,2025-12-20 16:56:32.499 +0900,true
5646,0,10,2025-12-20 16:56:32.506 +0900,true
5647,0,10,2025-12-20 16:56:32.512 +0900,true
5648,0,10,2025-12-20 16:56:32.518 +0900,true
5649,0,10,2025-12-20 16:56:32.524 +0900,true
5650,0,10,2025-12-20 16:56:32.531 +0900,true
5651,0,10,2025-12-20 16:56:32.538 +0900,true
5652,0,10,2025-12-20 16:56:32.546 +0900,true
5653,0,10,2025-12-20 16:56:32.553 +0900,true
5654,0,10,2025-12-20 16:56:32.559 +0900,true
5655,0,10,2025-12-20 16:56:32.566 +0900,true
5656,0,10,2025-12-20 16:56:32.572 +0900,true
5657,0,10,2025-12-20 16:56:32.579 +0900,true
5658,0,10,2025-12-20 16:56:32.585 +0900,true
5659,0,10,2025-12-20 16:56:32.591 +0900,true
5660,0,10,2025-12-20 16:56:32.597 +0900,true
5661,0,10,2025-12-20 16:56:32.604 +0900,true
5662,0,10,2025-12-20 16:56:32.610 +0900,true
5663,0,10,2025-12-20 16:56:32.617 +0900,true
5664,0,10,2025-12-20 16:56:32.623 +0900,true
5665,0,10,2025-12-20 16:56:32.630 +0900,true
5666,0,10,2025-12-20 16:56:32.637 +0900,true
5667,0,10,2025-12-20 16:56:32.644 +0900,true
5668,0,10,2025-12-20 16:56:32.651 +0900,true
5669,0,10,2025-12-20 16:56:32.658 +0900,true
5670,0,10,2025-12-20 16:56:32.664 +0900,true
5671,0,10,2025-12-20 16:56:32.670 +0900,true
5672,0,10,2025-12-20 16:56:32.677 +0900,true
5673,0,10,2025-12-20 16:56:32.683 +0900,true
5674,0,10,2025-12-20 16:56:32.689 +0900,true
5675,0,10,2025-12-20 16:56:32.696 +0900,true
5676,0,10,2025-12-20 16:56:32.702 +0900,true
5677,0,10,2025-12-20 16:56:32.708 +0900,true
5678,0,10,2025-12-20 16:56:32.714 +0900,true
5679,0,10,2025-12-20 16:56:32.720 +0900,true
5680,0,10,2025-12-20 16:56:32.726 +0900,true
5681,0,10,2025-12-20 16:56:32.732 +0900,true
5682,0,10,2025-12-20 16:56:32.738 +0900,true
5683,0,10,2025-12-20 16:56:32.745 +0900,true
5684,0,10,2025-12-20 16:56:32.751 +0900,true
5685,0,10,2025-12-20 16:56:32.757 +0900,true
5686,0,10,2025-12-20 16:56:32.763 +0900,true
5687,0,10,2025-12-20 16:56:32.770 +0900,true
5688,0,10,2025-12-20 16:56:32.777 +0900,true
5689,0,10,2025-12-20 16:56:32.785 +0900,true
5690,0,10,2025-12-20 16:56:32.791 +0900,true
5691,0,10,2025-12-20 16:56:32.798 +0900,true
5692,0,10,2025-12-20 16:56:32.805 +0900,true
5693,0,10,2025-12-20 16:56:32.813 +0900,true
5694,0,10,2025-12-20 16:56:32.818 +0900,true
5695,0,10,2025-12-20 16:56:32.823 +0900,true
5696,0,10,2025-12-20 16:56:32.830 +0900,true
5697,0,10,2025-12-20 16:56:32.836 +0900,true
5698,0,10,2025-12-20 16:56:32.844 +0900,true
5699,0,10,2025-12-20 16:56:32.851 +0900,true
5700,0,10,2025-12-20 16:56:32.856 +0900,true
5701,0,10,2025-12-20 16:56:32.860 +0900,true
5702,0,10,2025-12-20 16:56:32.867 +0900,true
5703,0,10,2025-12-20 16:56:32.872 +0900,true
5704,0,10,2025-12-20 16:56:32.879 +0900,true
5705,0,10,2025-12-20 16:56:32.885 +0900,true
5706,0,10,2025-12-20 16:56:32.890 +0900,true
5707,0,10,2025-12-20 16:56:32.896 +0900,true
5708,0,10,2025-12-20 16:56:32.901 +0900,true
5709,0,10,2025-12-20 16:56:32.909 +0900,true
5710,0,10,2025-12-20 16:56:32.914 +0900,true
5711,0,10,2025-12-20 16:56:32.921 +0900,true
5712,0,10,2025-12-20 16:56:32.927 +0900,true
5713,0,10,2025-12-20 16:56:32.937 +0900,true
5714,0,10,2025-12-20 16:56:32.944 +0900,true
5715,0,10,2025-12-20 16:56:32.949 +0900,true
5716,0,10,2025-12-20 16:56:32.955 +0900,true
5717,0,10,2025-12-20 16:56:32.961 +0900,true
5718,0,10,2025-12-20 16:56:32.968 +0900,true
5719,0,10,2025-12-20 16:56:32.978 +0900,true
5720,0,10,2025-12-20 16:56:32.987 +0900,true
5721,0,10,2025-12-20 16:56:32.996 +0900,true
5722,0,10,2025-12-20 16:56:33.001 +0900,true
5723,0,10,2025-12-20 16:56:33.007 +0900,true
5724,0,10,2025-12-20 16:56:33.014 +0900,true
5725,0,10,2025-12-20 16:56:33.022 +0900,true
5726,0,10,2025-12-20 16:56:33.028 +0900,true
5727,0,10,2025-12-20 16:56:33.038 +0900,true
5728,0,10,2025-12-20 16:56:33.044 +0900,true
5729,0,10,2025-12-20 16:56:33.052 +0900,true
5730,0,10,2025-12-20 16:56:33.060 +0900,true
5731,0,10,2025-12-20 16:56:33.069 +0900,true
5732,0,10,2025-12-20 16:56:33.075 +0900,true
5733,0,10,2025-12-20 16:56:33.084 +0900,true
5734,0,10,2025-12-20 16:56:33.092 +0900,true
5735,0,10,2025-12-20 16:56:33.099 +0900,true
5736,0,10,2025-12-20 16:56:33.108 +0900,true
5737,0,10,2025-12-20 16:56:33.116 +0900,true
5738,0,10,2025-12-20 16:56:33.125 +0900,true
5739,0,10,2025-12-20 16:56:33.132 +0900,true
5740,0,10,2025-12-20 16:56:33.139 +0900,true
5741,0,10,2025-12-20 16:56:33.146 +0900,true
5742,0,10,2025-12-20 16:56:33.153 +0900,true
5743,0,10,2025-12-20 16:56:33.158 +0900,true
5744,0,10,2025-12-20 16:56:33.164 +0900,true
5745,0,10,2025-12-20 16:56:33.175 +0900,true
5746,0,10,2025-12-20 16:56:33.181 +0900,true
5747,0,10,2025-12-20 16:56:33.190 +0900,true
5748,0,10,2025-12-20 16:56:33.196 +0900,true
5749,0,10,2025-12-20 16:56:33.202 +0900,true
5750,0,10,2025-12-20 16:56:33.209 +0900,true
5751,0,10,2025-12-20 16:56:33.217 +0900,true
5752,0,10,2025-12-20 16:56:33.222 +0900,true
5753,0,10,2025-12-20 16:56:33.230 +0900,true
5754,0,10,2025-12-20 16:56:33.241 +0900,true
5755,0,10,2025-12-20 16:56:33.247 +0900,true
5756,0,10,2025-12-20 16:56:33.256 +0900,true
5757,0,10,2025-12-20 16:56:33.265 +0900,true
5758,0,10,2025-12-20 16:56:33.273 +0900,true
5759,0,10,2025-12-20 16:56:33.281 +0900,true
5760,0,10,2025-12-20 16:56:33.287 +0900,true
5761,0,10,2025-12-20 16:56:33.293 +0900,true
5762,0,10,2025-12-20 16:56:33.298 +0900,true
5763,0,10,2025-12-20 16:56:33.305 +0900,true
5764,0,10,2025-12-20 16:56:33.312 +0900,true
5765,0,10,2025-12-20 16:56:33.318 +0900,true
5766,0,10,2025-12-20 16:56:33.325 +0900,true
5767,0,10,2025-12-20 16:56:33.331 +0900,true
5768,0,10,2025-12-20 16:56:33.338 +0900,true
5769,0,10,2025-12-20 16:56:33.344 +0900,true
5770,0,10,2025-12-20 16:56:33.351 +0900,true
5771,0,10,2025-12-20 16:56:33.357 +0900,true
5772,0,10,2025-12-20 16:56:33.363 +0900,true
5773,0,10,2025-12-20 16:56:33.370 +0900,true
5774,0,10,2025-12-20 16:56:33.376 +0900,true
5775,0,10,2025-12-20 16:56:33.383 +0900,true
5776,0,10,2025-12-20 16:56:33.389 +0900,true
5777,0,10,2025-12-20 16:56:33.396 +0900,true
5778,0,10,2025-12-20 16:56:33.403 +0900,true
5779,0,10,2025-12-20 16:56:33.409 +0900,true
5780,0,10,2025-12-20 16:56:33.416 +0900,true
5781,0,10,2025-12-20 16:56:33.422 +0900,true
5782,0,10,2025-12-20 16:56:33.428 +0900,true
5783,0,10,2025-12-20 16:56:33.434 +0900,true
5784,0,10,2025-12-20 16:56:33.440 +0900,true
5785,0,10,2025-12-20 16:56:33.446 +0900,true
5786,0,10,2025-12-20 16:56:33.453 +0900,true
5787,0,10,2025-12-20 16:56:33.459 +0900,true
5788,0,10,2025-12-20 16:56:33.465 +0900,true
5789,0,10,2025-12-20 16:56:33.471 +0900,true
5790,0,10,2025-12-20 16:56:33.477 +0900,true
5791,0,10,2025-12-20 16:56:33.484 +0900,true
5792,0,10,2025-12-20 16:56:33.490 +0900,true
5793,0,10,2025-12-20 16:56:33.496 +0900,true
5794,0,10,2025-12-20 16:56:33.503 +0900,true
5795,0,10,2025-12-20 16:56:33.509 +0900,true
5796,0,10,2025-12-20 16:56:33.515 +0900,true
5797,0,10,2025-12-20 16:56:33.522 +0900,true
5798,0,10,2025-12-20 16:56:33.529 +0900,true
5799,0,10,2025-12-20 16:56:33.535 +0900,true
5800,0,10,2025-12-20 16:56:33.541 +0900,true
5801,0,10,2025-12-20 16:56:33.548 +0900,true
5802,0,10,2025-12-20 16:56:33.554 +0900,true
5803,0,10,2025-12-20 16:56:33.560 +0900,true
5804,0,10,2025-12-20 16:56:33.567 +0900,true
5805,0,10,2025-12-20 16:56:33.574 +0900,true
5806,0,10,2025-12-20 16:56:33.580 +0900,true
5807,0,10,2025-12-20 16:56:33.586 +0900,true
5808,0,10,2025-12-20 16:56:33.592 +0900,true
5809,0,10,2025-12-20 16:56:33.599 +0900,true
5810,0,10,2025-12-20 16:56:33.606 +0900,true
5811,0,10,2025-12-20 16:56:33.612 +0900,true
5812,0,10,2025-12-20 16:56:33.618 +0900,true
5813,0,10,2025-12-20 16:56:33.625 +0900,true
5814,0,10,2025-12-20 16:56:33.631 +0900,true
5815,0,10,2025-12-20 16:56:33.637 +0900,true
5816,0,10,2025-12-20 16:56:33.643 +0900,true
5817,0,10,2025-12-20 16:56:33.650 +0900,true
5818,0,10,2025-12-20 16:56:33.656 +0900,true
5819,0,10,2025-12-20 16:56:33.662 +0900,true
5820,0,10,2025-12-20 16:56:33.669 +0900,true
5821,0,10,2025-12-20 16:56:33.675 +0900,true
5822,0,10,2025-12-20 16:56:33.681 +0900,true
5823,0,10,2025-12-20 16:56:33.687 +0900,true
5824,0,10,2025-12-20 16:56:33.694 +0900,true
5825,0,10,2025-12-20 16:56:33.700 +0900,true
5826,0,10,2025-12-20 16:56:33.706 +0900,true
5827,0,10,2025-12-20 16:56:33.713 +0900,true
5828,0,10,2025-12-20 16:56:33.719 +0900,true
5829,0,10,2025-12-20 16:56:33.726 +0900,true
5830,0,10,2025-12-20 16:56:33.732 +0900,true
5831,0,10,2025-12-20 16:56:33.739 +0900,true
5832,0,10,2025-12-20 16:56:33.745 +0900,true
5833,0,10,2025-12-20 16:56:33.751 +0900,true
5834,0,10,2025-12-20 16:56:33.757 +0900,true
5835,0,10,2025-12-20 16:56:33.764 +0900,true
5836,0,10,2025-12-20 16:56:33.770 +0900,true
5837,0,10,2025-12-20 16:56:33.776 +0900,true
5838,0,10,2025-12-20 16:56:33.783 +0900,true
5839,0,10,2025-12-20 16:56:33.789 +0900,true
5840,0,10,2025-12-20 16:56:33.795 +0900,true
5841,0,10,2025-12-20 16:56:33.802 +0900,true
5842,0,10,2025-12-20 16:56:33.808 +0900,true
5843,0,10,2025-12-20 16:56:33.815 +0900,true
5844,0,10,2025-12-20 16:56:33.821 +0900,true
5845,0,10,2025-12-20 16:56:33.827 +0900,true
5846,0,10,2025-12-20 16:56:33.834 +0900,true
5847,0,10,2025-12-20 16:56:33.840 +0900,true
5848,0,10,2025-12-20 16:56:33.847 +0900,true
5849,0,10,2025-12-20 16:56:33.853 +0900,true
5850,0,10,2025-12-20 16:56:33.860 +0900,true
5851,0,10,2025-12-20 16:56:33.866 +0900,true
5852,0,10,2025-12-20 16:56:33.872 +0900,true
5853,0,10,2025-12-20 16:56:33.878 +0900,true
5854,0,10,2025-12-20 16:56:33.884 +0900,true
5855,0,10,2025-12-20 16:56:33.891 +0900,true
5856,0,10,2025-12-20 16:56:33.897 +0900,true
5857,0,10,2025-12-20 16:56:33.904 +0900,true
5858,0,10,2025-12-20 16:56:33.911 +0900,true
5859,0,10,2025-12-20 16:56:33.918 +0900,true
5860,0,10,2025-12-20 16:56:33.925 +0900,true
5861,0,10,2025-12-20 16:56:33.932 +0900,true
5862,0,10,2025-12-20 16:56:33.939 +0900,true
5863,0,10,2025-12-20 16:56:33.945 +0900,true
5864,0,10,2025-12-20 16:56:33.952 +0900,true
5865,0,10,2025-12-20 16:56:33.959 +0900,true
5866,0,10,2025-12-20 16:56:33.965 +0900,true
5867,0,10,2025-12-20 16:56:33.973 +0900,true
5868,0,10,2025-12-20 16:56:33.980 +0900,true
5869,0,10,2025-12-20 16:56:33.987 +0900,true
5870,0,10,2025-12-20 16:56:33.993 +0900,true
5871,0,10,2025-12-20 16:56:34.001 +0900,true
5872,0,10,2025-12-20 16:56:34.008 +0900,true
5873,0,10,2025-12-20 16:56:34.015 +0900,true
5874,0,10,2025-12-20 16:56:34.022 +0900,true
5875,0,10,2025-12-20 16:56:34.030 +0900,true
5876,0,10,2025-12-20 16:56:34.037 +0900,true
5877,0,10,2025-12-20 16:56:34.044 +0900,true
5878,0,10,2025-12-20 16:56:34.052 +0900,true
5879,0,10,2025-12-20 16:56:34.059 +0900,true
5880,0,10,2025-12-20 16:56:34.067 +0900,true
5881,0,10,2025-12-20 16:56:34.074 +0900,true
5882,0,10,2025-12-20 16:56:34.081 +0900,true
5883,0,10,2025-12-20 16:56:34.089 +0900,true
5884,0,10,2025-12-20 16:56:34.095 +0900,true
5885,0,10,2025-12-20 16:56:34.103 +0900,true
5886,0,10,2025-12-20 16:56:34.109 +0900,true
5887,0,10,2025-12-20 16:56:34.117 +0900,true
5888,0,10,2025-12-20 16:56:34.124 +0900,true
5889,0,10,2025-12-20 16:56:34.131 +0900,true
5890,0,10,2025-12-20 16:56:34.138 +0900,true
5891,0,10,2025-12-20 16:56:34.146 +0900,true
5892,0,10,2025-12-20 16:56:34.153 +0900,true
5893,0,10,2025-12-20 16:56:34.160 +0900,true
5894,0,10,2025-12-20 16:56:34.167 +0900,true
5895,0,10,2025-12-20 16:56:34.175 +0900,true
5896,0,10,2025-12-20 16:56:34.182 +0900,true
5897,0,10,2025-12-20 16:56:34.189 +0900,true
5898,0,10,2025-12-20 16:56:34.199 +0900,true
5899,0,10,2025-12-20 16:56:34.210 +0900,true
5900,0,10,2025-12-20 16:56:34.219 +0900,true
5901,0,10,2025-12-20 16:56:34.229 +0900,true
5902,0,10,2025-12-20 16:56:34.240 +0900,true
5903,0,10,2025-12-20 16:56:34.247 +0900,true
5904,0,10,2025-12-20 16:56:34.254 +0900,true
5905,0,10,2025-12-20 16:56:34.260 +0900,true
5906,0,10,2025-12-20 16:56:34.267 +0900,true
5907,0,10,2025-12-20 16:56:34.274 +0900,true
5908,0,10,2025-12-20 16:56:34.282 +0900,true
5909,0,10,2025-12-20 16:56:34.288 +0900,true
5910,0,10,2025-12-20 16:56:34.295 +0900,true
5911,0,10,2025-12-20 16:56:34.301 +0900,true
5912,0,10,2025-12-20 16:56:34.308 +0900,true
5913,0,10,2025-12-20 16:56:34.315 +0900,true
5914,0,10,2025-12-20 16:56:34.321 +0900,true
5915,0,10,2025-12-20 16:56:34.327 +0900,true
5916,0,10,2025-12-20 16:56:34.333 +0900,true
5917,0,10,2025-12-20 16:56:34.341 +0900,true
5918,0,10,2025-12-20 16:56:34.347 +0900,true
5919,0,10,2025-12-20 16:56:34.353 +0900,true
5920,0,10,2025-12-20 16:56:34.359 +0900,true
5921,0,10,2025-12-20 16:56:34.365 +0900,true
5922,0,10,2025-12-20 16:56:34.372 +0900,true
5923,0,10,2025-12-20 16:56:34.378 +0900,true
5924,0,10,2025-12-20 16:56:34.385 +0900,true
5925,0,10,2025-12-20 16:56:34.392 +0900,true
5926,0,10,2025-12-20 16:56:34.399 +0900,true
5927,0,10,2025-12-20 16:56:34.405 +0900,true
5928,0,10,2025-12-20 16:56:34.412 +0900,true
5929,0,10,2025-12-20 16:56:34.418 +0900,true
5930,0,10,2025-12-20 16:56:34.425 +0900,true
5931,0,10,2025-12-20 16:56:34.432 +0900,true
5932,0,10,2025-12-20 16:56:34.438 +0900,true
5933,0,10,2025-12-20 16:56:34.445 +0900,true
5934,0,10,2025-12-20 16:56:34.451 +0900,true
5935,0,10,2025-12-20 16:56:34.458 +0900,true
5936,0,10,2025-12-20 16:56:34.465 +0900,true
5937,0,10,2025-12-20 16:56:34.472 +0900,true
5938,0,10,2025-12-20 16:56:34.479 +0900,true
5939,0,10,2025-12-20 16:56:34.486 +0900,true
5940,0,10,2025-12-20 16:56:34.493 +0900,true
5941,0,10,2025-12-20 16:56:34.500 +0900,true
5942,0,10,2025-12-20 16:56:34.507 +0900,true
5943,0,10,2025-12-20 16:56:34.514 +0900,true
5944,0,10,2025-12-20 16:56:34.520 +0900,true
5945,0,10,2025-12-20 16:56:34.527 +0900,true
5946,0,10,2025-12-20 16:56:34.534 +0900,true
5947,0,10,2025-12-20 16:56:34.540 +0900,true
5948,0,10,2025-12-20 16:56:34.547 +0900,true
5949,0,10,2025-12-20 16:56:34.554 +0900,true
5950,0,10,2025-12-20 16:56:34.561 +0900,true
5951,0,10,2025-12-20 16:56:34.567 +0900,true
5952,0,10,2025-12-20 16:56:34.574 +0900,true
5953,0,10,2025-12-20 16:56:34.580 +0900,true
5954,0,10,2025-12-20 16:56:34.587 +0900,true
5955,0,10,2025-12-20 16:56:34.593 +0900,true
5956,0,10,2025-12-20 16:56:34.600 +0900,true
5957,0,10,2025-12-20 16:56:34.606 +0900,true
5958,0,10,2025-12-20 16:56:34.613 +0900,true
5959,0,10,2025-12-20 16:56:34.620 +0900,true
5960,0,10,2025-12-20 16:56:34.626 +0900,true
5961,0,10,2025-12-20 16:56:34.633 +0900,true
5962,0,10,2025-12-20 16:56:34.640 +0900,true
5963,0,10,2025-12-20 16:56:34.648 +0900,true
5964,0,10,2025-12-20 16:56:34.655 +0900,true
5965,0,10,2025-12-20 16:56:34.661 +0900,true
5966,0,10,2025-12-20 16:56:34.668 +0900,true
5967,0,10,2025-12-20 16:56:34.675 +0900,true
5968,0,10,2025-12-20 16:56:34.681 +0900,true
5969,0,10,2025-12-20 16:56:34.688 +0900,true
5970,0,10,2025-12-20 16:56:34.694 +0900,true
5971,0,10,2025-12-20 16:56:34.701 +0900,true
5972,0,10,2025-12-20 16:56:34.708 +0900,true
5973,0,10,2025-12-20 16:56:34.715 +0900,true
5974,0,10,2025-12-20 16:56:34.721 +0900,true
5975,0,10,2025-12-20 16:56:34.727 +0900,true
5976,0,10,2025-12-20 16:56:34.734 +0900,true
5977,0,10,2025-12-20 16:56:34.741 +0900,true
5978,0,10,2025-12-20 16:56:34.748 +0900,true
5979,0,10,2025-12-20 16:56:34.755 +0900,true
5980,0,10,2025-12-20 16:56:34.762 +0900,true
5981,0,10,2025-12-20 16:56:34.769 +0900,true
5982,0,10,2025-12-20 16:56:34.777 +0900,true
5983,0,10,2025-12-20 16:56:34.784 +0900,true
5984,0,10,2025-12-20 16:56:34.791 +0900,true
5985,0,10,2025-12-20 16:56:34.798 +0900,true
5986,0,10,2025-12-20 16:56:34.806 +0900,true
5987,0,10,2025-12-20 16:56:34.813 +0900,true
5988,0,10,2025-12-20 16:56:34.820 +0900,true
5989,0,10,2025-12-20 16:56:34.827 +0900,true
5990,0,10,2025-12-20 16:56:34.834 +0900,true
5991,0,10,2025-12-20 16:56:34.841 +0900,true
5992,0,10,2025-12-20 16:56:34.849 +0900,true
5993,0,10,2025-12-20 16:56:34.855 +0900,true
5994,0,10,2025-12-20 16:56:34.863 +0900,true
5995,0,10,2025-12-20 16:56:34.870 +0900,true
5996,0,10,2025-12-20 16:56:34.877 +0900,true
5997,0,10,2025-12-20 16:56:34.884 +0900,true
5998,0,10,2025-12-20 16:56:34.892 +0900,true
5999,0,10,2025-12-20 16:56:34.899 +0900,true
6000,0,10,2025-12-20 16:56:34.906 +0900,true
6001,0,10,2025-12-20 16:56:34.914 +0900,true
6002,0,10,2025-12-20 16:56:34.922 +0900,true
6003,0,10,2025-12-20 16:56:34.929 +0900,true
6004,0,10,2025-12-20 16:56:34.937 +0900,true
6005,0,10,2025-12-20 16:56:34.944 +0900,true
6006,0,10,2025-12-20 16:56:34.951 +0900,true
6007,0,10,2025-12-20 16:56:34.958 +0900,true
6008,0,10,2025-12-20 16:56:34.966 +0900,true
6009,0,10,2025-12-20 16:56:34.972 +0900,true
6010,0,10,2025-12-20 16:56:34.980 +0900,true
6011,0,10,2025-12-20 16:56:34.987 +0900,true
6012,0,10,2025-12-20 16:56:34.995 +0900,true
6013,0,10,2025-12-20 16:56:35.002 +0900,true
6014,0,10,2025-12-20 16:56:35.009 +0900,true
6015,0,10,2025-12-20 16:56:35.015 +0900,true
6016,0,10,2025-12-20 16:56:35.023 +0900,true
6017,0,10,2025-12-20 16:56:35.029 +0900,true
6018,0,10,2025-12-20 16:56:35.036 +0900,true
6019,0,10,2025-12-20 16:56:35.042 +0900,true
6020,0,10,2025-12-20 16:56:35.050 +0900,true
6021,0,10,2025-12-20 16:56:35.058 +0900,true
6022,0,10,2025-12-20 16:56:35.064 +0900,true
6023,0,10,2025-12-20 16:56:35.071 +0900,true
6024,0,10,2025-12-20 16:56:35.077 +0900,true
6025,0,10,2025-12-20 16:56:35.084 +0900,true
6026,0,10,2025-12-20 16:56:35.090 +0900,true
6027,0,10,2025-12-20 16:56:35.097 +0900,true
6028,0,10,2025-12-20 16:56:35.103 +0900,true
6029,0,10,2025-12-20 16:56:35.110 +0900,true
6030,0,10,2025-12-20 16:56:35.116 +0900,true
6031,0,10,2025-12-20 16:56:35.122 +0900,true
6032,0,10,2025-12-20 16:56:35.129 +0900,true
6033,0,10,2025-12-20 16:56:35.135 +0900,true
6034,0,10,2025-12-20 16:56:35.141 +0900,true
6035,0,10,2025-12-20 16:56:35.148 +0900,true
6036,0,10,2025-12-20 16:56:35.154 +0900,true
6037,0,10,2025-12-20 16:56:35.160 +0900,true
6038,0,10,2025-12-20 16:56:35.166 +0900,true
6039,0,10,2025-12-20 16:56:35.173 +0900,true
6040,0,10,2025-12-20 16:56:35.179 +0900,true
6041,0,10,2025-12-20 16:56:35.186 +0900,true
6042,0,10,2025-12-20 16:56:35.192 +0900,true
6043,0,10,2025-12-20 16:56:35.198 +0900,true
6044,0,10,2025-12-20 16:56:35.205 +0900,true
6045,0,10,2025-12-20 16:56:35.212 +0900,true
6046,0,10,2025-12-20 16:56:35.218 +0900,true
6047,0,10,2025-12-20 16:56:35.225 +0900,true
6048,0,10,2025-12-20 16:56:35.231 +0900,true
6049,0,10,2025-12-20 16:56:35.238 +0900,true
6050,0,10,2025-12-20 16:56:35.244 +0900,true
6051,0,10,2025-12-20 16:56:35.251 +0900,true
6052,0,10,2025-12-20 16:56:35.258 +0900,true
6053,0,10,2025-12-20 16:56:35.264 +0900,true
6054,0,10,2025-12-20 16:56:35.270 +0900,true
6055,0,10,2025-12-20 16:56:35.277 +0900,true
6056,0,10,2025-12-20 16:56:35.283 +0900,true
6057,0,10,2025-12-20 16:56:35.290 +0900,true
6058,0,10,2025-12-20 16:56:35.297 +0900,true
6059,0,10,2025-12-20 16:56:35.304 +0900,true
6060,0,10,2025-12-20 16:56:35.310 +0900,true
6061,0,10,2025-12-20 16:56:35.317 +0900,true
6062,0,10,2025-12-20 16:56:35.323 +0900,true
6063,0,10,2025-12-20 16:56:35.330 +0900,true
6064,0,10,2025-12-20 16:56:35.337 +0900,true
6065,0,10,2025-12-20 16:56:35.344 +0900,true
6066,0,10,2025-12-20 16:56:35.351 +0900,true
6067,0,10,2025-12-20 16:56:35.357 +0900,true
6068,0,10,2025-12-20 16:56:35.364 +0900,true
6069,0,10,2025-12-20 16:56:35.370 +0900,true
6070,0,10,2025-12-20 16:56:35.377 +0900,true
6071,0,10,2025-12-20 16:56:35.384 +0900,true
6072,0,10,2025-12-20 16:56:35.390 +0900,true
6073,0,10,2025-12-20 16:56:35.397 +0900,true
6074,0,10,2025-12-20 16:56:35.403 +0900,true
6075,0,10,2025-12-20 16:56:35.410 +0900,true
6076,0,10,2025-12-20 16:56:35.417 +0900,true
6077,0,10,2025-12-20 16:56:35.423 +0900,true
6078,0,10,2025-12-20 16:56:35.429 +0900,true
6079,0,10,2025-12-20 16:56:35.436 +0900,true
6080,0,10,2025-12-20 16:56:35.442 +0900,true
6081,0,10,2025-12-20 16:56:35.448 +0900,true
6082,0,10,2025-12-20 16:56:35.455 +0900,true
6083,0,10,2025-12-20 16:56:35.461 +0900,true
6084,0,10,2025-12-20 16:56:35.468 +0900,true
6085,0,10,2025-12-20 16:56:35.474 +0900,true
6086,0,10,2025-12-20 16:56:35.480 +0900,true
6087,0,10,2025-12-20 16:56:35.487 +0900,true
6088,0,10,2025-12-20 16:56:35.493 +0900,true
6089,0,10,2025-12-20 16:56:35.500 +0900,true
6090,0,10,2025-12-20 16:56:35.507 +0900,true
6091,0,10,2025-12-20 16:56:35.513 +0900,true
6092,0,10,2025-12-20 16:56:35.520 +0900,true
6093,0,10,2025-12-20 16:56:35.527 +0900,true
6094,0,10,2025-12-20 16:56:35.533 +0900,true
6095,0,10,2025-12-20 16:56:35.540 +0900,true
6096,0,10,2025-12-20 16:56:35.547 +0900,true
6097,0,10,2025-12-20 16:56:35.553 +0900,true
6098,0,10,2025-12-20 16:56:35.560 +0900,true
6099,0,10,2025-12-20 16:56:35.566 +0900,true
6100,0,10,2025-12-20 16:56:35.573 +0900,true
6101,0,10,2025-12-20 16:56:35.579 +0900,true
6102,0,10,2025-12-20 16:56:35.586 +0900,true
6103,0,10,2025-12-20 16:56:35.592 +0900,true
6104,0,10,2025-12-20 16:56:35.599 +0900,true
6105,0,10,2025-12-20 16:56:35.605 +0900,true
6106,0,10,2025-12-20 16:56:35.612 +0900,true
6107,0,10,2025-12-20 16:56:35.618 +0900,true
6108,0,10,2025-12-20 16:56:35.625 +0900,true
6109,0,10,2025-12-20 16:56:35.631 +0900,true
6110,0,10,2025-12-20 16:56:35.638 +0900,true
6111,0,10,2025-12-20 16:56:35.644 +0900,true
6112,0,10,2025-12-20 16:56:35.651 +0900,true
6113,0,10,2025-12-20 16:56:35.659 +0900,true
6114,0,10,2025-12-20 16:56:35.665 +0900,true
6115,0,10,2025-12-20 16:56:35.672 +0900,true
6116,0,10,2025-12-20 16:56:35.678 +0900,true
6117,0,10,2025-12-20 16:56:35.685 +0900,true
6118,0,10,2025-12-20 16:56:35.691 +0900,true
6119,0,10,2025-12-20 16:56:35.698 +0900,true
6120,0,10,2025-12-20 16:56:35.704 +0900,true
6121,0,10,2025-12-20 16:56:35.711 +0900,true
6122,0,10,2025-12-20 16:56:35.717 +0900,true
6123,0,10,2025-12-20 16:56:35.724 +0900,true
6124,0,10,2025-12-20 16:56:35.730 +0900,true
6125,0,10,2025-12-20 16:56:35.736 +0900,true
6126,0,10,2025-12-20 16:56:35.743 +0900,true
6127,0,10,2025-12-20 16:56:35.750 +0900,true
6128,0,10,2025-12-20 16:56:35.757 +0900,true
6129,0,10,2025-12-20 16:56:35.765 +0900,true
6130,0,10,2025-12-20 16:56:35.772 +0900,true
6131,0,10,2025-12-20 16:56:35.779 +0900,true
6132,0,10,2025-12-20 16:56:35.786 +0900,true
6133,0,10,2025-12-20 16:56:35.793 +0900,true
6134,0,10,2025-12-20 16:56:35.799 +0900,true
6135,0,10,2025-12-20 16:56:35.806 +0900,true
6136,0,10,2025-12-20 16:56:35.813 +0900,true
6137,0,10,2025-12-20 16:56:35.820 +0900,true
6138,0,10,2025-12-20 16:56:35.826 +0900,true
6139,0,10,2025-12-20 16:56:35.834 +0900,true
6140,0,10,2025-12-20 16:56:35.840 +0900,true
6141,0,10,2025-12-20 16:56:35.847 +0900,true
6142,0,10,2025-12-20 16:56:35.853 +0900,true
6143,0,10,2025-12-20 16:56:35.860 +0900,true
6144,0,10,2025-12-20 16:56:35.866 +0900,true
6145,0,10,2025-12-20 16:56:35.873 +0900,true
6146,0,10,2025-12-20 16:56:35.880 +0900,true
6147,0,10,2025-12-20 16:56:35.887 +0900,true
6148,0,10,2025-12-20 16:56:35.894 +0900,true
6149,0,10,2025-12-20 16:56:35.901 +0900,true
6150,0,10,2025-12-20 16:56:35.908 +0900,true
6151,0,10,2025-12-20 16:56:35.915 +0900,true
6152,0,10,2025-12-20 16:56:35.922 +0900,true
6153,0,10,2025-12-20 16:56:35.929 +0900,true
6154,0,10,2025-12-20 16:56:35.936 +0900,true
6155,0,10,2025-12-20 16:56:35.944 +0900,true
6156,0,10,2025-12-20 16:56:35.951 +0900,true
6157,0,10,2025-12-20 16:56:35.957 +0900,true
6158,0,10,2025-12-20 16:56:35.964 +0900,true
6159,0,10,2025-12-20 16:56:35.971 +0900,true
6160,0,10,2025-12-20 16:56:35.978 +0900,true
6161,0,10,2025-12-20 16:56:35.985 +0900,true
6162,0,10,2025-12-20 16:56:35.991 +0900,true
6163,0,10,2025-12-20 16:56:35.998 +0900,true
6164,0,10,2025-12-20 16:56:36.005 +0900,true
6165,0,10,2025-12-20 16:56:36.011 +0900,true
6166,0,10,2025-12-20 16:56:36.019 +0900,true
6167,0,10,2025-12-20 16:56:36.029 +0900,true
6168,0,10,2025-12-20 16:56:36.040 +0900,true
6169,0,10,2025-12-20 16:56:36.048 +0900,true
6170,0,10,2025-12-20 16:56:36.057 +0900,true
6171,0,10,2025-12-20 16:56:36.067 +0900,true
6172,0,10,2025-12-20 16:56:36.078 +0900,true
6173,0,10,2025-12-20 16:56:36.085 +0900,true
6174,0,10,2025-12-20 16:56:36.092 +0900,true
6175,0,10,2025-12-20 16:56:36.099 +0900,true
6176,0,10,2025-12-20 16:56:36.105 +0900,true
6177,0,10,2025-12-20 16:56:36.112 +0900,true
6178,0,10,2025-12-20 16:56:36.119 +0900,true
6179,0,10,2025-12-20 16:56:36.126 +0900,true
6180,0,10,2025-12-20 16:56:36.133 +0900,true
6181,0,10,2025-12-20 16:56:36.140 +0900,true
6182,0,10,2025-12-20 16:56:36.147 +0900,true
6183,0,10,2025-12-20 16:56:36.153 +0900,true
6184,0,10,2025-12-20 16:56:36.160 +0900,true
6185,0,10,2025-12-20 16:56:36.167 +0900,true
6186,0,10,2025-12-20 16:56:36.173 +0900,true
6187,0,10,2025-12-20 16:56:36.180 +0900,true
6188,0,10,2025-12-20 16:56:36.187 +0900,true
6189,0,10,2025-12-20 16:56:36.194 +0900,true
6190,0,10,2025-12-20 16:56:36.200 +0900,true
6191,0,10,2025-12-20 16:56:36.207 +0900,true
6192,0,10,2025-12-20 16:56:36.214 +0900,true
6193,0,10,2025-12-20 16:56:36.220 +0900,true
6194,0,10,2025-12-20 16:56:36.227 +0900,true
6195,0,10,2025-12-20 16:56:36.234 +0900,true
6196,0,10,2025-12-20 16:56:36.240 +0900,true
6197,0,10,2025-12-20 16:56:36.247 +0900,true
6198,0,10,2025-12-20 16:56:36.254 +0900,true
6199,0,10,2025-12-20 16:56:36.261 +0900,true
6200,0,10,2025-12-20 16:56:36.267 +0900,true
6201,0,10,2025-12-20 16:56:36.274 +0900,true
6202,0,10,2025-12-20 16:56:36.281 +0900,true
6203,0,10,2025-12-20 16:56:36.287 +0900,true
6204,0,10,2025-12-20 16:56:36.294 +0900,true
6205,0,10,2025-12-20 16:56:36.301 +0900,true
6206,0,10,2025-12-20 16:56:36.307 +0900,true
6207,0,10,2025-12-20 16:56:36.314 +0900,true
6208,0,10,2025-12-20 16:56:36.321 +0900,true
6209,0,10,2025-12-20 16:56:36.327 +0900,true
6210,0,10,2025-12-20 16:56:36.334 +0900,true
6211,0,10,2025-12-20 16:56:36.341 +0900,true
6212,0,10,2025-12-20 16:56:36.347 +0900,true
6213,0,10,2025-12-20 16:56:36.354 +0900,true
6214,0,10,2025-12-20 16:56:36.360 +0900,true
6215,0,10,2025-12-20 16:56:36.367 +0900,true
6216,0,10,2025-12-20 16:56:36.373 +0900,true
6217,0,10,2025-12-20 16:56:36.380 +0900,true
6218,0,10,2025-12-20 16:56:36.386 +0900,true
6219,0,10,2025-12-20 16:56:36.392 +0900,true
6220,0,10,2025-12-20 16:56:36.399 +0900,true
6221,0,10,2025-12-20 16:56:36.405 +0900,true
6222,0,10,2025-12-20 16:56:36.413 +0900,true
6223,0,10,2025-12-20 16:56:36.420 +0900,true
6224,0,10,2025-12-20 16:56:36.426 +0900,true
6225,0,10,2025-12-20 16:56:36.433 +0900,true
6226,0,10,2025-12-20 16:56:36.440 +0900,true
6227,0,10,2025-12-20 16:56:36.447 +0900,true
6228,0,10,2025-12-20 16:56:36.453 +0900,true
6229,0,10,2025-12-20 16:56:36.460 +0900,true
6230,0,10,2025-12-20 16:56:36.467 +0900,true
6231,0,10,2025-12-20 16:56:36.474 +0900,true
6232,0,10,2025-12-20 16:56:36.480 +0900,true
6233,0,10,2025-12-20 16:56:36.487 +0900,true
6234,0,10,2025-12-20 16:56:36.494 +0900,true
6235,0,10,2025-12-20 16:56:36.501 +0900,true
6236,0,10,2025-12-20 16:56:36.507 +0900,true
6237,0,10,2025-12-20 16:56:36.514 +0900,true
6238,0,10,2025-12-20 16:56:36.521 +0900,true
6239,0,10,2025-12-20 16:56:36.528 +0900,true
6240,0,10,2025-12-20 16:56:36.534 +0900,true
6241,0,10,2025-12-20 16:56:36.541 +0900,true
6242,0,10,2025-12-20 16:56:36.548 +0900,true
6243,0,10,2025-12-20 16:56:36.555 +0900,true
6244,0,10,2025-12-20 16:56:36.562 +0900,true
6245,0,10,2025-12-20 16:56:36.569 +0900,true
6246,0,10,2025-12-20 16:56:36.576 +0900,true
6247,0,10,2025-12-20 16:56:36.583 +0900,true
6248,0,10,2025-12-20 16:56:36.590 +0900,true
6249,0,10,2025-12-20 16:56:36.597 +0900,true
6250,0,10,2025-12-20 16:56:36.604 +0900,true
6251,0,10,2025-12-20 16:56:36.611 +0900,true
6252,0,10,2025-12-20 16:56:36.618 +0900,true
6253,0,10,2025-12-20 16:56:36.625 +0900,true
6254,0,10,2025-12-20 16:56:36.632 +0900,true
6255,0,10,2025-12-20 16:56:36.638 +0900,true
6256,0,10,2025-12-20 16:56:36.645 +0900,true
6257,0,10,2025-12-20 16:56:36.652 +0900,true
6258,0,10,2025-12-20 16:56:36.658 +0900,true
6259,0,10,2025-12-20 16:56:36.665 +0900,true
6260,0,10,2025-12-20 16:56:36.672 +0900,true
6261,0,10,2025-12-20 16:56:36.679 +0900,true
6262,0,10,2025-12-20 16:56:36.686 +0900,true
6263,0,10,2025-12-20 16:56:36.693 +0900,true
6264,0,10,2025-12-20 16:56:36.701 +0900,true
6265,0,10,2025-12-20 16:56:36.708 +0900,true
6266,0,10,2025-12-20 16:56:36.715 +0900,true
6267,0,10,2025-12-20 16:56:36.722 +0900,true
6268,0,10,2025-12-20 16:56:36.729 +0900,true
6269,0,10,2025-12-20 16:56:36.736 +0900,true
6270,0,10,2025-12-20 16:56:36.742 +0900,true
6271,0,10,2025-12-20 16:56:36.749 +0900,true
6272,0,10,2025-12-20 16:56:36.755 +0900,true
6273,0,10,2025-12-20 16:56:36.762 +0900,true
6274,0,10,2025-12-20 16:56:36.768 +0900,true
6275,0,10,2025-12-20 16:56:36.775 +0900,true
6276,0,10,2025-12-20 16:56:36.781 +0900,true
6277,0,10,2025-12-20 16:56:36.788 +0900,true
6278,0,10,2025-12-20 16:56:36.794 +0900,true
6279,0,10,2025-12-20 16:56:36.801 +0900,true
6280,0,10,2025-12-20 16:56:36.807 +0900,true
6281,0,10,2025-12-20 16:56:36.814 +0900,true
6282,0,10,2025-12-20 16:56:36.821 +0900,true
6283,0,10,2025-12-20 16:56:36.828 +0900,true
6284,0,10,2025-12-20 16:56:36.835 +0900,true
6285,0,10,2025-12-20 16:56:36.843 +0900,true
6286,0,10,2025-12-20 16:56:36.849 +0900,true
6287,0,10,2025-12-20 16:56:36.856 +0900,true
6288,0,10,2025-12-20 16:56:36.863 +0900,true
6289,0,10,2025-12-20 16:56:36.870 +0900,true
6290,0,10,2025-12-20 16:56:36.876 +0900,true
6291,0,10,2025-12-20 16:56:36.883 +0900,true
6292,0,10,2025-12-20 16:56:36.889 +0900,true
6293,0,10,2025-12-20 16:56:36.896 +0900,true
6294,0,10,2025-12-20 16:56:36.902 +0900,true
6295,0,10,2025-12-20 16:56:36.909 +0900,true
6296,0,10,2025-12-20 16:56:36.915 +0900,true
6297,0,10,2025-12-20 16:56:36.922 +0900,true
6298,0,10,2025-12-20 16:56:36.928 +0900,true
6299,0,10,2025-12-20 16:56:36.935 +0900,true
6300,0,10,2025-12-20 16:56:36.941 +0900,true
6301,0,10,2025-12-20 16:56:36.948 +0900,true
6302,0,10,2025-12-20 16:56:36.954 +0900,true
6303,0,10,2025-12-20 16:56:36.961 +0900,true
6304,0,10,2025-12-20 16:56:36.968 +0900,true
6305,0,10,2025-12-20 16:56:36.974 +0900,true
6306,0,10,2025-12-20 16:56:36.981 +0900,true
6307,0,10,2025-12-20 16:56:36.988 +0900,true
6308,0,10,2025-12-20 16:56:36.994 +0900,true
6309,0,10,2025-12-20 16:56:37.001 +0900,true
6310,0,10,2025-12-20 16:56:37.008 +0900,true
6311,0,10,2025-12-20 16:56:37.014 +0900,true
6312,0,10,2025-12-20 16:56:37.021 +0900,true
6313,0,10,2025-12-20 16:56:37.027 +0900,true
6314,0,10,2025-12-20 16:56:37.034 +0900,true
6315,0,10,2025-12-20 16:56:37.040 +0900,true
6316,0,10,2025-12-20 16:56:37.046 +0900,true
6317,0,10,2025-12-20 16:56:37.053 +0900,true
6318,0,10,2025-12-20 16:56:37.059 +0900,true
6319,0,10,2025-12-20 16:56:37.065 +0900,true
6320,0,10,2025-12-20 16:56:37.072 +0900,true
6321,0,10,2025-12-20 16:56:37.078 +0900,true
6322,0,10,2025-12-20 16:56:37.085 +0900,true
6323,0,10,2025-12-20 16:56:37.091 +0900,true
6324,0,10,2025-12-20 16:56:37.098 +0900,true
6325,0,10,2025-12-20 16:56:37.104 +0900,true
6326,0,10,2025-12-20 16:56:37.110 +0900,true
6327,0,10,2025-12-20 16:56:37.117 +0900,true
6328,0,10,2025-12-20 16:56:37.125 +0900,true
6329,0,10,2025-12-20 16:56:37.133 +0900,true
6330,0,10,2025-12-20 16:56:37.139 +0900,true
6331,0,10,2025-12-20 16:56:37.145 +0900,true
6332,0,10,2025-12-20 16:56:37.150 +0900,true
6333,0,10,2025-12-20 16:56:37.157 +0900,true
6334,0,10,2025-12-20 16:56:37.162 +0900,true
6335,0,10,2025-12-20 16:56:37.170 +0900,true
6336,0,10,2025-12-20 16:56:37.176 +0900,true
6337,0,10,2025-12-20 16:56:37.182 +0900,true
6338,0,10,2025-12-20 16:56:37.188 +0900,true
6339,0,10,2025-12-20 16:56:37.193 +0900,true
6340,0,10,2025-12-20 16:56:37.200 +0900,true
6341,0,10,2025-12-20 16:56:37.208 +0900,true
6342,0,10,2025-12-20 16:56:37.215 +0900,true
6343,0,10,2025-12-20 16:56:37.223 +0900,true
6344,0,10,2025-12-20 16:56:37.229 +0900,true
6345,0,10,2025-12-20 16:56:37.237 +0900,true
6346,0,10,2025-12-20 16:56:37.246 +0900,true
6347,0,10,2025-12-20 16:56:37.256 +0900,true
6348,0,10,2025-12-20 16:56:37.265 +0900,true
6349,0,10,2025-12-20 16:56:37.272 +0900,true
6350,0,10,2025-12-20 16:56:37.280 +0900,true
6351,0,10,2025-12-20 16:56:37.285 +0900,true
6352,0,10,2025-12-20 16:56:37.291 +0900,true
6353,0,10,2025-12-20 16:56:37.297 +0900,true
6354,0,10,2025-12-20 16:56:37.304 +0900,true
6355,0,10,2025-12-20 16:56:37.309 +0900,true
6356,0,10,2025-12-20 16:56:37.314 +0900,true
6357,0,10,2025-12-20 16:56:37.320 +0900,true
6358,0,10,2025-12-20 16:56:37.328 +0900,true
6359,0,10,2025-12-20 16:56:37.337 +0900,true
6360,0,10,2025-12-20 16:56:37.344 +0900,true
6361,0,10,2025-12-20 16:56:37.351 +0900,true
6362,0,10,2025-12-20 16:56:37.357 +0900,true
6363,0,10,2025-12-20 16:56:37.364 +0900,true
6364,0,10,2025-12-20 16:56:37.370 +0900,true
6365,0,10,2025-12-20 16:56:37.377 +0900,true
6366,0,10,2025-12-20 16:56:37.384 +0900,true
6367,0,10,2025-12-20 16:56:37.390 +0900,true
6368,0,10,2025-12-20 16:56:37.397 +0900,true
6369,0,10,2025-12-20 16:56:37.403 +0900,true
6370,0,10,2025-12-20 16:56:37.409 +0900,true
6371,0,10,2025-12-20 16:56:37.416 +0900,true
6372,0,10,2025-12-20 16:56:37.422 +0900,true
6373,0,10,2025-12-20 16:56:37.428 +0900,true
6374,0,10,2025-12-20 16:56:37.434 +0900,true
6375,0,10,2025-12-20 16:56:37.441 +0900,true
6376,0,10,2025-12-20 16:56:37.447 +0900,true
6377,0,10,2025-12-20 16:56:37.453 +0900,true
6378,0,10,2025-12-20 16:56:37.460 +0900,true
6379,0,10,2025-12-20 16:56:37.466 +0900,true
6380,0,10,2025-12-20 16:56:37.472 +0900,true
6381,0,10,2025-12-20 16:56:37.479 +0900,true
6382,0,10,2025-12-20 16:56:37.485 +0900,true
6383,0,10,2025-12-20 16:56:37.491 +0900,true
6384,0,10,2025-12-20 16:56:37.498 +0900,true
6385,0,10,2025-12-20 16:56:37.504 +0900,true
6386,0,10,2025-12-20 16:56:37.511 +0900,true
6387,0,10,2025-12-20 16:56:37.517 +0900,true
6388,0,10,2025-12-20 16:56:37.524 +0900,true
6389,0,10,2025-12-20 16:56:37.531 +0900,true
6390,0,10,2025-12-20 16:56:37.537 +0900,true
6391,0,10,2025-12-20 16:56:37.544 +0900,true
6392,0,10,2025-12-20 16:56:37.550 +0900,true
6393,0,10,2025-12-20 16:56:37.558 +0900,true
6394,0,10,2025-12-20 16:56:37.564 +0900,true
6395,0,10,2025-12-20 16:56:37.571 +0900,true
6396,0,10,2025-12-20 16:56:37.577 +0900,true
6397,0,10,2025-12-20 16:56:37.584 +0900,true
6398,0,10,2025-12-20 16:56:37.590 +0900,true
6399,0,10,2025-12-20 16:56:37.597 +0900,true
6400,0,10,2025-12-20 16:56:37.603 +0900,true
6401,0,10,2025-12-20 16:56:37.610 +0900,true
6402,0,10,2025-12-20 16:56:37.616 +0900,true
6403,0,10,2025-12-20 16:56:37.623 +0900,true
6404,0,10,2025-12-20 16:56:37.629 +0900,true
6405,0,10,2025-12-20 16:56:37.637 +0900,true
6406,0,10,2025-12-20 16:56:37.644 +0900,true
6407,0,10,2025-12-20 16:56:37.650 +0900,true
6408,0,10,2025-12-20 16:56:37.657 +0900,true
6409,0,10,2025-12-20 16:56:37.664 +0900,true
6410,0,10,2025-12-20 16:56:37.671 +0900,true
6411,0,10,2025-12-20 16:56:37.677 +0900,true
6412,0,10,2025-12-20 16:56:37.684 +0900,true
6413,0,10,2025-12-20 16:56:37.690 +0900,true
6414,0,10,2025-12-20 16:56:37.696 +0900,true
6415,0,10,2025-12-20 16:56:37.702 +0900,true
6416,0,10,2025-12-20 16:56:37.708 +0900,true
6417,0,10,2025-12-20 16:56:37.715 +0900,true
6418,0,10,2025-12-20 16:56:37.721 +0900,true
6419,0,10,2025-12-20 16:56:37.727 +0900,true
6420,0,10,2025-12-20 16:56:37.734 +0900,true
6421,0,10,2025-12-20 16:56:37.741 +0900,true
6422,0,10,2025-12-20 16:56:37.747 +0900,true
6423,0,10,2025-12-20 16:56:37.753 +0900,true
6424,0,10,2025-12-20 16:56:37.760 +0900,true
6425,0,10,2025-12-20 16:56:37.766 +0900,true
6426,0,10,2025-12-20 16:56:37.772 +0900,true
6427,0,10,2025-12-20 16:56:37.778 +0900,true
6428,0,10,2025-12-20 16:56:37.785 +0900,true
6429,0,10,2025-12-20 16:56:37.792 +0900,true
6430,0,10,2025-12-20 16:56:37.798 +0900,true
6431,0,10,2025-12-20 16:56:37.804 +0900,true
6432,0,10,2025-12-20 16:56:37.810 +0900,true
6433,0,10,2025-12-20 16:56:37.817 +0900,true
6434,0,10,2025-12-20 16:56:37.823 +0900,true
6435,0,10,2025-12-20 16:56:37.829 +0900,true
6436,0,10,2025-12-20 16:56:37.836 +0900,true
6437,0,10,2025-12-20 16:56:37.842 +0900,true
6438,0,10,2025-12-20 16:56:37.849 +0900,true
6439,0,10,2025-12-20 16:56:37.855 +0900,true
6440,0,10,2025-12-20 16:56:37.861 +0900,true
6441,0,10,2025-12-20 16:56:37.868 +0900,true
6442,0,10,2025-12-20 16:56:37.874 +0900,true
6443,0,10,2025-12-20 16:56:37.880 +0900,true
6444,0,10,2025-12-20 16:56:37.886 +0900,true
6445,0,10,2025-12-20 16:56:37.893 +0900,true
6446,0,10,2025-12-20 16:56:37.899 +0900,true
6447,0,10,2025-12-20 16:56:37.905 +0900,true
6448,0,10,2025-12-20 16:56:37.911 +0900,true
6449,0,10,2025-12-20 16:56:37.918 +0900,true
6450,0,10,2025-12-20 16:56:37.924 +0900,true
6451,0,10,2025-12-20 16:56:37.930 +0900,true
6452,0,10,2025-12-20 16:56:37.937 +0900,true
6453,0,10,2025-12-20 16:56:37.943 +0900,true
6454,0,10,2025-12-20 16:56:37.949 +0900,true
6455,0,10,2025-12-20 16:56:37.956 +0900,true
6456,0,10,2025-12-20 16:56:37.962 +0900,true
6457,0,10,2025-12-20 16:56:37.968 +0900,true
6458,0,10,2025-12-20 16:56:37.975 +0900,true
6459,0,10,2025-12-20 16:56:37.981 +0900,true
6460,0,10,2025-12-20 16:56:37.987 +0900,true
6461,0,10,2025-12-20 16:56:37.993 +0900,true
6462,0,10,2025-12-20 16:56:38.000 +0900,true
6463,0,10,2025-12-20 16:56:38.006 +0900,true
6464,0,10,2025-12-20 16:56:38.012 +0900,true
6465,0,10,2025-12-20 16:56:38.019 +0900,true
6466,0,10,2025-12-20 16:56:38.025 +0900,true
6467,0,10,2025-12-20 16:56:38.032 +0900,true
6468,0,10,2025-12-20 16:56:38.038 +0900,true
6469,0,10,2025-12-20 16:56:38.045 +0900,true
6470,0,10,2025-12-20 16:56:38.051 +0900,true
6471,0,10,2025-12-20 16:56:38.057 +0900,true
6472,0,10,2025-12-20 16:56:38.063 +0900,true
6473,0,10,2025-12-20 16:56:38.070 +0900,true
6474,0,10,2025-12-20 16:56:38.076 +0900,true
6475,0,10,2025-12-20 16:56:38.083 +0900,true
6476,0,10,2025-12-20 16:56:38.089 +0900,true
6477,0,10,2025-12-20 16:56:38.095 +0900,true
6478,0,10,2025-12-20 16:56:38.102 +0900,true
6479,0,10,2025-12-20 16:56:38.108 +0900,true
6480,0,10,2025-12-20 16:56:38.114 +0900,true
6481,0,10,2025-12-20 16:56:38.120 +0900,true
6482,0,10,2025-12-20 16:56:38.127 +0900,true
6483,0,10,2025-12-20 16:56:38.133 +0900,true
6484,0,10,2025-12-20 16:56:38.140 +0900,true
6485,0,10,2025-12-20 16:56:38.146 +0900,true
6486,0,10,2025-12-20 16:56:38.152 +0900,true
6487,0,10,2025-12-20 16:56:38.158 +0900,true
6488,0,10,2025-12-20 16:56:38.164 +0900,true
6489,0,10,2025-12-20 16:56:38.171 +0900,true
6490,0,10,2025-12-20 16:56:38.177 +0900,true
6491,0,10,2025-12-20 16:56:38.184 +0900,true
6492,0,10,2025-12-20 16:56:38.190 +0900,true
6493,0,10,2025-12-20 16:56:38.197 +0900,true
6494,0,10,2025-12-20 16:56:38.203 +0900,true
6495,0,10,2025-12-20 16:56:38.210 +0900,true
6496,0,10,2025-12-20 16:56:38.216 +0900,true
6497,0,10,2025-12-20 16:56:38.223 +0900,true
6498,0,10,2025-12-20 16:56:38.230 +0900,true
6499,0,10,2025-12-20 16:56:38.237 +0900,true
6500,0,10,2025-12-20 16:56:38.243 +0900,true
6501,0,10,2025-12-20 16:56:38.250 +0900,true
6502,0,10,2025-12-20 16:56:38.257 +0900,true
6503,0,10,2025-12-20 16:56:38.263 +0900,true
6504,0,10,2025-12-20 16:56:38.269 +0900,true
6505,0,10,2025-12-20 16:56:38.276 +0900,true
6506,0,10,2025-12-20 16:56:38.283 +0900,true
6507,0,10,2025-12-20 16:56:38.290 +0900,true
6508,0,10,2025-12-20 16:56:38.297 +0900,true
6509,0,10,2025-12-20 16:56:38.304 +0900,true
6510,0,10,2025-12-20 16:56:38.310 +0900,true
6511,0,10,2025-12-20 16:56:38.317 +0900,true
6512,0,10,2025-12-20 16:56:38.324 +0900,true
6513,0,10,2025-12-20 16:56:38.331 +0900,true
6514,0,10,2025-12-20 16:56:38.337 +0900,true
6515,0,10,2025-12-20 16:56:38.345 +0900,true
6516,0,10,2025-12-20 16:56:38.353 +0900,true
6517,0,10,2025-12-20 16:56:38.359 +0900,true
6518,0,10,2025-12-20 16:56:38.367 +0900,true
6519,0,10,2025-12-20 16:56:38.374 +0900,true
6520,0,10,2025-12-20 16:56:38.380 +0900,true
6521,0,10,2025-12-20 16:56:38.387 +0900,true
6522,0,10,2025-12-20 16:56:38.394 +0900,true
6523,0,10,2025-12-20 16:56:38.400 +0900,true
6524,0,10,2025-12-20 16:56:38.407 +0900,true
6525,0,10,2025-12-20 16:56:38.414 +0900,true
6526,0,10,2025-12-20 16:56:38.421 +0900,true
6527,0,10,2025-12-20 16:56:38.428 +0900,true
6528,0,10,2025-12-20 16:56:38.434 +0900,true
6529,0,10,2025-12-20 16:56:38.441 +0900,true
6530,0,10,2025-12-20 16:56:38.448 +0900,true
6531,0,10,2025-12-20 16:56:38.454 +0900,true
6532,0,10,2025-12-20 16:56:38.461 +0900,true
6533,0,10,2025-12-20 16:56:38.468 +0900,true
6534,0,10,2025-12-20 16:56:38.474 +0900,true
6535,0,10,2025-12-20 16:56:38.482 +0900,true
6536,0,10,2025-12-20 16:56:38.488 +0900,true
6537,0,10,2025-12-20 16:56:38.495 +0900,true
6538,0,10,2025-12-20 16:56:38.502 +0900,true
6539,0,10,2025-12-20 16:56:38.508 +0900,true
6540,0,10,2025-12-20 16:56:38.515 +0900,true
6541,0,10,2025-12-20 16:56:38.522 +0900,true
6542,0,10,2025-12-20 16:56:38.528 +0900,true
6543,0,10,2025-12-20 16:56:38.535 +0900,true
6544,0,10,2025-12-20 16:56:38.542 +0900,true
6545,0,10,2025-12-20 16:56:38.549 +0900,true
6546,0,10,2025-12-20 16:56:38.556 +0900,true
6547,0,10,2025-12-20 16:56:38.562 +0900,true
6548,0,10,2025-12-20 16:56:38.569 +0900,true
6549,0,10,2025-12-20 16:56:38.576 +0900,true
6550,0,10,2025-12-20 16:56:38.584 +0900,true
6551,0,10,2025-12-20 16:56:38.591 +0900,true
6552,0,10,2025-12-20 16:56:38.598 +0900,true
6553,0,10,2025-12-20 16:56:38.604 +0900,true
6554,0,10,2025-12-20 16:56:38.611 +0900,true
6555,0,10,2025-12-20 16:56:38.618 +0900,true
6556,0,10,2025-12-20 16:56:38.625 +0900,true
6557,0,10,2025-12-20 16:56:38.632 +0900,true
6558,0,10,2025-12-20 16:56:38.639 +0900,true
6559,0,10,2025-12-20 16:56:38.646 +0900,true
6560,0,10,2025-12-20 16:56:38.653 +0900,true
6561,0,10,2025-12-20 16:56:38.660 +0900,true
6562,0,10,2025-12-20 16:56:38.668 +0900,true
6563,0,10,2025-12-20 16:56:38.676 +0900,true
6564,0,10,2025-12-20 16:56:38.683 +0900,true
6565,0,10,2025-12-20 16:56:38.690 +0900,true
6566,0,10,2025-12-20 16:56:38.696 +0900,true
6567,0,10,2025-12-20 16:56:38.703 +0900,true
6568,0,10,2025-12-20 16:56:38.710 +0900,true
6569,0,10,2025-12-20 16:56:38.717 +0900,true
6570,0,10,2025-12-20 16:56:38.723 +0900,true
6571,0,10,2025-12-20 16:56:38.730 +0900,true
6572,0,10,2025-12-20 16:56:38.737 +0900,true
6573,0,10,2025-12-20 16:56:38.744 +0900,true
6574,0,10,2025-12-20 16:56:38.751 +0900,true
6575,0,10,2025-12-20 16:56:38.758 +0900,true
6576,0,10,2025-12-20 16:56:38.764 +0900,true
6577,0,10,2025-12-20 16:56:38.771 +0900,true
6578,0,10,2025-12-20 16:56:38.777 +0900,true
6579,0,10,2025-12-20 16:56:38.784 +0900,true
6580,0,10,2025-12-20 16:56:38.791 +0900,true
6581,0,10,2025-12-20 16:56:38.799 +0900,true
6582,0,10,2025-12-20 16:56:38.805 +0900,true
6583,0,10,2025-12-20 16:56:38.812 +0900,true
6584,0,10,2025-12-20 16:56:38.819 +0900,true
6585,0,10,2025-12-20 16:56:38.825 +0900,true
6586,0,10,2025-12-20 16:56:38.831 +0900,true
6587,0,10,2025-12-20 16:56:38.838 +0900,true
6588,0,10,2025-12-20 16:56:38.845 +0900,true
6589,0,10,2025-12-20 16:56:38.851 +0900,true
6590,0,10,2025-12-20 16:56:38.858 +0900,true
6591,0,10,2025-12-20 16:56:38.864 +0900,true
6592,0,10,2025-12-20 16:56:38.870 +0900,true
6593,0,10,2025-12-20 16:56:38.877 +0900,true
6594,0,10,2025-12-20 16:56:38.883 +0900,true
6595,0,10,2025-12-20 16:56:38.889 +0900,true
6596,0,10,2025-12-20 16:56:38.896 +0900,true
6597,0,10,2025-12-20 16:56:38.902 +0900,true
6598,0,10,2025-12-20 16:56:38.909 +0900,true
6599,0,10,2025-12-20 16:56:38.916 +0900,true
6600,0,10,2025-12-20 16:56:38.922 +0900,true
6601,0,10,2025-12-20 16:56:38.928 +0900,true
6602,0,10,2025-12-20 16:56:38.935 +0900,true
6603,0,10,2025-12-20 16:56:38.942 +0900,true
6604,0,10,2025-12-20 16:56:38.948 +0900,true
6605,0,10,2025-12-20 16:56:38.955 +0900,true
6606,0,10,2025-12-20 16:56:38.961 +0900,true
6607,0,10,2025-12-20 16:56:38.967 +0900,true
6608,0,10,2025-12-20 16:56:38.974 +0900,true
6609,0,10,2025-12-20 16:56:38.980 +0900,true
6610,0,10,2025-12-20 16:56:38.986 +0900,true
6611,0,10,2025-12-20 16:56:38.993 +0900,true
6612,0,10,2025-12-20 16:56:38.999 +0900,true
6613,0,10,2025-12-20 16:56:39.005 +0900,true
6614,0,10,2025-12-20 16:56:39.012 +0900,true
6615,0,10,2025-12-20 16:56:39.018 +0900,true
6616,0,10,2025-12-20 16:56:39.025 +0900,true
6617,0,10,2025-12-20 16:56:39.034 +0900,true
6618,0,10,2025-12-20 16:56:39.040 +0900,true
6619,0,10,2025-12-20 16:56:39.047 +0900,true
6620,0,10,2025-12-20 16:56:39.054 +0900,true
6621,0,10,2025-12-20 16:56:39.061 +0900,true
6622,0,10,2025-12-20 16:56:39.067 +0900,true
6623,0,10,2025-12-20 16:56:39.074 +0900,true
6624,0,10,2025-12-20 16:56:39.080 +0900,true
6625,0,10,2025-12-20 16:56:39.087 +0900,true
6626,0,10,2025-12-20 16:56:39.094 +0900,true
6627,0,10,2025-12-20 16:56:39.100 +0900,true
6628,0,10,2025-12-20 16:56:39.106 +0900,true
6629,0,10,2025-12-20 16:56:39.113 +0900,true
6630,0,10,2025-12-20 16:56:39.120 +0900,true
6631,0,10,2025-12-20 16:56:39.128 +0900,true
6632,0,10,2025-12-20 16:56:39.137 +0900,true
6633,0,10,2025-12-20 16:56:39.143 +0900,true
6634,0,10,2025-12-20 16:56:39.150 +0900,true
6635,0,10,2025-12-20 16:56:39.156 +0900,true
6636,0,10,2025-12-20 16:56:39.162 +0900,true
6637,0,10,2025-12-20 16:56:39.169 +0900,true
6638,0,10,2025-12-20 16:56:39.176 +0900,true
6639,0,10,2025-12-20 16:56:39.182 +0900,true
6640,0,10,2025-12-20 16:56:39.189 +0900,true
6641,0,10,2025-12-20 16:56:39.196 +0900,true
6642,0,10,2025-12-20 16:56:39.203 +0900,true
6643,0,10,2025-12-20 16:56:39.210 +0900,true
6644,0,10,2025-12-20 16:56:39.216 +0900,true
6645,0,10,2025-12-20 16:56:39.223 +0900,true
6646,0,10,2025-12-20 16:56:39.230 +0900,true
6647,0,10,2025-12-20 16:56:39.237 +0900,true
6648,0,10,2025-12-20 16:56:39.245 +0900,true
6649,0,10,2025-12-20 16:56:39.252 +0900,true
6650,0,10,2025-12-20 16:56:39.260 +0900,true
6651,0,10,2025-12-20 16:56:39.270 +0900,true
6652,0,10,2025-12-20 16:56:39.280 +0900,true
6653,0,10,2025-12-20 16:56:39.288 +0900,true
6654,0,10,2025-12-20 16:56:39.301 +0900,true
6655,0,10,2025-12-20 16:56:39.308 +0900,true
6656,0,10,2025-12-20 16:56:39.314 +0900,true
6657,0,10,2025-12-20 16:56:39.321 +0900,true
6658,0,10,2025-12-20 16:56:39.328 +0900,true
6659,0,10,2025-12-20 16:56:39.335 +0900,true
6660,0,10,2025-12-20 16:56:39.341 +0900,true
6661,0,10,2025-12-20 16:56:39.348 +0900,true
6662,0,10,2025-12-20 16:56:39.354 +0900,true
6663,0,10,2025-12-20 16:56:39.360 +0900,true
6664,0,10,2025-12-20 16:56:39.367 +0900,true
6665,0,10,2025-12-20 16:56:39.373 +0900,true
6666,0,10,2025-12-20 16:56:39.380 +0900,true
6667,0,10,2025-12-20 16:56:39.387 +0900,true
6668,0,10,2025-12-20 16:56:39.393 +0900,true
6669,0,10,2025-12-20 16:56:39.400 +0900,true
6670,0,10,2025-12-20 16:56:39.406 +0900,true
6671,0,10,2025-12-20 16:56:39.413 +0900,true
6672,0,10,2025-12-20 16:56:39.419 +0900,true
6673,0,10,2025-12-20 16:56:39.426 +0900,true
6674,0,10,2025-12-20 16:56:39.432 +0900,true
6675,0,10,2025-12-20 16:56:39.438 +0900,true
6676,0,10,2025-12-20 16:56:39.445 +0900,true
6677,0,10,2025-12-20 16:56:39.451 +0900,true
6678,0,10,2025-12-20 16:56:39.457 +0900,true
6679,0,10,2025-12-20 16:56:39.463 +0900,true
6680,0,10,2025-12-20 16:56:39.470 +0900,true
6681,0,10,2025-12-20 16:56:39.476 +0900,true
6682,0,10,2025-12-20 16:56:39.482 +0900,true
6683,0,10,2025-12-20 16:56:39.489 +0900,true
6684,0,10,2025-12-20 16:56:39.495 +0900,true
6685,0,10,2025-12-20 16:56:39.502 +0900,true
6686,0,10,2025-12-20 16:56:39.508 +0900,true
6687,0,10,2025-12-20 16:56:39.515 +0900,true
6688,0,10,2025-12-20 16:56:39.522 +0900,true
6689,0,10,2025-12-20 16:56:39.529 +0900,true
6690,0,10,2025-12-20 16:56:39.536 +0900,true
6691,0,10,2025-12-20 16:56:39.542 +0900,true
6692,0,10,2025-12-20 16:56:39.549 +0900,true
6693,0,10,2025-12-20 16:56:39.556 +0900,true
6694,0,10,2025-12-20 16:56:39.562 +0900,true
6695,0,10,2025-12-20 16:56:39.569 +0900,true
6696,0,10,2025-12-20 16:56:39.576 +0900,true
6697,0,10,2025-12-20 16:56:39.582 +0900,true
6698,0,10,2025-12-20 16:56:39.589 +0900,true
6699,0,10,2025-12-20 16:56:39.595 +0900,true
6700,0,10,2025-12-20 16:56:39.602 +0900,true
6701,0,10,2025-12-20 16:56:39.608 +0900,true
6702,0,10,2025-12-20 16:56:39.615 +0900,true
6703,0,10,2025-12-20 16:56:39.621 +0900,true
6704,0,10,2025-12-20 16:56:39.628 +0900,true
6705,0,10,2025-12-20 16:56:39.634 +0900,true
6706,0,10,2025-12-20 16:56:39.641 +0900,true
6707,0,10,2025-12-20 16:56:39.647 +0900,true
6708,0,10,2025-12-20 16:56:39.653 +0900,true
6709,0,10,2025-12-20 16:56:39.660 +0900,true
6710,0,10,2025-12-20 16:56:39.666 +0900,true
6711,0,10,2025-12-20 16:56:39.672 +0900,true
6712,0,10,2025-12-20 16:56:39.679 +0900,true
6713,0,10,2025-12-20 16:56:39.685 +0900,true
6714,0,10,2025-12-20 16:56:39.691 +0900,true
6715,0,10,2025-12-20 16:56:39.698 +0900,true
6716,0,10,2025-12-20 16:56:39.704 +0900,true
6717,0,10,2025-12-20 16:56:39.710 +0900,true
6718,0,10,2025-12-20 16:56:39.717 +0900,true
6719,0,10,2025-12-20 16:56:39.723 +0900,true
6720,0,10,2025-12-20 16:56:39.729 +0900,true
6721,0,10,2025-12-20 16:56:39.736 +0900,true
6722,0,10,2025-12-20 16:56:39.742 +0900,true
6723,0,10,2025-12-20 16:56:39.748 +0900,true
6724,0,10,2025-12-20 16:56:39.755 +0900,true
6725,0,10,2025-12-20 16:56:39.761 +0900,true
6726,0,10,2025-12-20 16:56:39.767 +0900,true
6727,0,10,2025-12-20 16:56:39.774 +0900,true
6728,0,10,2025-12-20 16:56:39.780 +0900,true
6729,0,10,2025-12-20 16:56:39.787 +0900,true
6730,0,10,2025-12-20 16:56:39.793 +0900,true
6731,0,10,2025-12-20 16:56:39.800 +0900,true
6732,0,10,2025-12-20 16:56:39.806 +0900,true
6733,0,10,2025-12-20 16:56:39.812 +0900,true
6734,0,10,2025-12-20 16:56:39.818 +0900,true
6735,0,10,2025-12-20 16:56:39.824 +0900,true
6736,0,10,2025-12-20 16:56:39.831 +0900,true
6737,0,10,2025-12-20 16:56:39.837 +0900,true
6738,0,10,2025-12-20 16:56:39.843 +0900,true
6739,0,10,2025-12-20 16:56:39.850 +0900,true
6740,0,10,2025-12-20 16:56:39.856 +0900,true
6741,0,10,2025-12-20 16:56:39.863 +0900,true
6742,0,10,2025-12-20 16:56:39.869 +0900,true
6743,0,10,2025-12-20 16:56:39.876 +0900,true
6744,0,10,2025-12-20 16:56:39.882 +0900,true
6745,0,10,2025-12-20 16:56:39.889 +0900,true
6746,0,10,2025-12-20 16:56:39.895 +0900,true
6747,0,10,2025-12-20 16:56:39.902 +0900,true
6748,0,10,2025-12-20 16:56:39.909 +0900,true
6749,0,10,2025-12-20 16:56:39.915 +0900,true
6750,0,10,2025-12-20 16:56:39.922 +0900,true
6751,0,10,2025-12-20 16:56:39.929 +0900,true
6752,0,10,2025-12-20 16:56:39.935 +0900,true
6753,0,10,2025-12-20 16:56:39.942 +0900,true
6754,0,10,2025-12-20 16:56:39.948 +0900,true
6755,0,10,2025-12-20 16:56:39.955 +0900,true
6756,0,10,2025-12-20 16:56:39.961 +0900,true
6757,0,10,2025-12-20 16:56:39.968 +0900,true
6758,0,10,2025-12-20 16:56:39.975 +0900,true
6759,0,10,2025-12-20 16:56:39.981 +0900,true
6760,0,10,2025-12-20 16:56:39.988 +0900,true
6761,0,10,2025-12-20 16:56:39.994 +0900,true
6762,0,10,2025-12-20 16:56:40.001 +0900,true
6763,0,10,2025-12-20 16:56:40.009 +0900,true
6764,0,10,2025-12-20 16:56:40.016 +0900,true
6765,0,10,2025-12-20 16:56:40.022 +0900,true
6766,0,10,2025-12-20 16:56:40.029 +0900,true
6767,0,10,2025-12-20 16:56:40.035 +0900,true
6768,0,10,2025-12-20 16:56:40.042 +0900,true
6769,0,10,2025-12-20 16:56:40.048 +0900,true
6770,0,10,2025-12-20 16:56:40.055 +0900,true
6771,0,10,2025-12-20 16:56:40.061 +0900,true
6772,0,10,2025-12-20 16:56:40.068 +0900,true
6773,0,10,2025-12-20 16:56:40.074 +0900,true
6774,0,10,2025-12-20 16:56:40.081 +0900,true
6775,0,10,2025-12-20 16:56:40.087 +0900,true
6776,0,10,2025-12-20 16:56:40.094 +0900,true
6777,0,10,2025-12-20 16:56:40.100 +0900,true
6778,0,10,2025-12-20 16:56:40.107 +0900,true
6779,0,10,2025-12-20 16:56:40.113 +0900,true
6780,0,10,2025-12-20 16:56:40.120 +0900,true
6781,0,10,2025-12-20 16:56:40.127 +0900,true
6782,0,10,2025-12-20 16:56:40.133 +0900,true
6783,0,10,2025-12-20 16:56:40.139 +0900,true
6784,0,10,2025-12-20 16:56:40.146 +0900,true
6785,0,10,2025-12-20 16:56:40.152 +0900,true
6786,0,10,2025-12-20 16:56:40.159 +0900,true
6787,0,10,2025-12-20 16:56:40.165 +0900,true
6788,0,10,2025-12-20 16:56:40.173 +0900,true
6789,0,10,2025-12-20 16:56:40.180 +0900,true
6790,0,10,2025-12-20 16:56:40.186 +0900,true
6791,0,10,2025-12-20 16:56:40.193 +0900,true
6792,0,10,2025-12-20 16:56:40.199 +0900,true
6793,0,10,2025-12-20 16:56:40.206 +0900,true
6794,0,10,2025-12-20 16:56:40.212 +0900,true
6795,0,10,2025-12-20 16:56:40.219 +0900,true
6796,0,10,2025-12-20 16:56:40.226 +0900,true
6797,0,10,2025-12-20 16:56:40.233 +0900,true
6798,0,10,2025-12-20 16:56:40.239 +0900,true
6799,0,10,2025-12-20 16:56:40.246 +0900,true
6800,0,10,2025-12-20 16:56:40.253 +0900,true
6801,0,10,2025-12-20 16:56:40.260 +0900,true
6802,0,10,2025-12-20 16:56:40.267 +0900,true
6803,0,10,2025-12-20 16:56:40.273 +0900,true
6804,0,10,2025-12-20 16:56:40.280 +0900,true
6805,0,10,2025-12-20 16:56:40.287 +0900,true
6806,0,10,2025-12-20 16:56:40.294 +0900,true
6807,0,10,2025-12-20 16:56:40.301 +0900,true
6808,0,10,2025-12-20 16:56:40.308 +0900,true
6809,0,10,2025-12-20 16:56:40.314 +0900,true
6810,0,10,2025-12-20 16:56:40.321 +0900,true
6811,0,10,2025-12-20 16:56:40.328 +0900,true
6812,0,10,2025-12-20 16:56:40.335 +0900,true
6813,0,10,2025-12-20 16:56:40.342 +0900,true
6814,0,10,2025-12-20 16:56:40.348 +0900,true
6815,0,10,2025-12-20 16:56:40.356 +0900,true
6816,0,10,2025-12-20 16:56:40.364 +0900,true
6817,0,10,2025-12-20 16:56:40.371 +0900,true
6818,0,10,2025-12-20 16:56:40.379 +0900,true
6819,0,10,2025-12-20 16:56:40.385 +0900,true
6820,0,10,2025-12-20 16:56:40.392 +0900,true
6821,0,10,2025-12-20 16:56:40.399 +0900,true
6822,0,10,2025-12-20 16:56:40.406 +0900,true
6823,0,10,2025-12-20 16:56:40.413 +0900,true
6824,0,10,2025-12-20 16:56:40.419 +0900,true
6825,0,10,2025-12-20 16:56:40.426 +0900,true
6826,0,10,2025-12-20 16:56:40.433 +0900,true
6827,0,10,2025-12-20 16:56:40.440 +0900,true
6828,0,10,2025-12-20 16:56:40.447 +0900,true
6829,0,10,2025-12-20 16:56:40.454 +0900,true
6830,0,10,2025-12-20 16:56:40.461 +0900,true
6831,0,10,2025-12-20 16:56:40.467 +0900,true
6832,0,10,2025-12-20 16:56:40.474 +0900,true
6833,0,10,2025-12-20 16:56:40.481 +0900,true
6834,0,10,2025-12-20 16:56:40.487 +0900,true
6835,0,10,2025-12-20 16:56:40.494 +0900,true
6836,0,10,2025-12-20 16:56:40.500 +0900,true
6837,0,10,2025-12-20 16:56:40.507 +0900,true
6838,0,10,2025-12-20 16:56:40.514 +0900,true
6839,0,10,2025-12-20 16:56:40.520 +0900,true
6840,0,10,2025-12-20 16:56:40.527 +0900,true
6841,0,10,2025-12-20 16:56:40.534 +0900,true
6842,0,10,2025-12-20 16:56:40.540 +0900,true
6843,0,10,2025-12-20 16:56:40.547 +0900,true
6844,0,10,2025-12-20 16:56:40.554 +0900,true
6845,0,10,2025-12-20 16:56:40.561 +0900,true
6846,0,10,2025-12-20 16:56:40.568 +0900,true
6847,0,10,2025-12-20 16:56:40.574 +0900,true
6848,0,10,2025-12-20 16:56:40.581 +0900,true
6849,0,10,2025-12-20 16:56:40.589 +0900,true
6850,0,10,2025-12-20 16:56:40.596 +0900,true
6851,0,10,2025-12-20 16:56:40.604 +0900,true
6852,0,10,2025-12-20 16:56:40.611 +0900,true
6853,0,10,2025-12-20 16:56:40.618 +0900,true
6854,0,10,2025-12-20 16:56:40.625 +0900,true
6855,0,10,2025-12-20 16:56:40.632 +0900,true
6856,0,10,2025-12-20 16:56:40.639 +0900,true
6857,0,10,2025-12-20 16:56:40.647 +0900,true
6858,0,10,2025-12-20 16:56:40.654 +0900,true
6859,0,10,2025-12-20 16:56:40.661 +0900,true
6860,0,10,2025-12-20 16:56:40.667 +0900,true
6861,0,10,2025-12-20 16:56:40.674 +0900,true
6862,0,10,2025-12-20 16:56:40.681 +0900,true
6863,0,10,2025-12-20 16:56:40.687 +0900,true
6864,0,10,2025-12-20 16:56:40.694 +0900,true
6865,0,10,2025-12-20 16:56:40.701 +0900,true
6866,0,10,2025-12-20 16:56:40.707 +0900,true
6867,0,10,2025-12-20 16:56:40.714 +0900,true
6868,0,10,2025-12-20 16:56:40.720 +0900,true
6869,0,10,2025-12-20 16:56:40.728 +0900,true
6870,0,10,2025-12-20 16:56:40.735 +0900,true
6871,0,10,2025-12-20 16:56:40.742 +0900,true
6872,0,10,2025-12-20 16:56:40.748 +0900,true
6873,0,10,2025-12-20 16:56:40.755 +0900,true
6874,0,10,2025-12-20 16:56:40.761 +0900,true
6875,0,10,2025-12-20 16:56:40.768 +0900,true
6876,0,10,2025-12-20 16:56:40.776 +0900,true
6877,0,10,2025-12-20 16:56:40.782 +0900,true
6878,0,10,2025-12-20 16:56:40.789 +0900,true
6879,0,10,2025-12-20 16:56:40.795 +0900,true
6880,0,10,2025-12-20 16:56:40.802 +0900,true
6881,0,10,2025-12-20 16:56:40.808 +0900,true
6882,0,10,2025-12-20 16:56:40.814 +0900,true
6883,0,10,2025-12-20 16:56:40.821 +0900,true
6884,0,10,2025-12-20 16:56:40.827 +0900,true
6885,0,10,2025-12-20 16:56:40.834 +0900,true
6886,0,10,2025-12-20 16:56:40.841 +0900,true
6887,0,10,2025-12-20 16:56:40.848 +0900,true
6888,0,10,2025-12-20 16:56:40.854 +0900,true
6889,0,10,2025-12-20 16:56:40.861 +0900,true
6890,0,10,2025-12-20 16:56:40.868 +0900,true
6891,0,10,2025-12-20 16:56:40.875 +0900,true
6892,0,10,2025-12-20 16:56:40.881 +0900,true
6893,0,10,2025-12-20 16:56:40.888 +0900,true
6894,0,10,2025-12-20 16:56:40.895 +0900,true
6895,0,10,2025-12-20 16:56:40.901 +0900,true
6896,0,10,2025-12-20 16:56:40.908 +0900,true
6897,0,10,2025-12-20 16:56:40.915 +0900,true
6898,0,10,2025-12-20 16:56:40.922 +0900,true
6899,0,10,2025-12-20 16:56:40.929 +0900,true
6900,0,10,2025-12-20 16:56:40.936 +0900,true
6901,0,10,2025-12-20 16:56:40.943 +0900,true
6902,0,10,2025-12-20 16:56:40.950 +0900,true
6903,0,10,2025-12-20 16:56:40.957 +0900,true
6904,0,10,2025-12-20 16:56:40.964 +0900,true
6905,0,10,2025-12-20 16:56:40.970 +0900,true
6906,0,10,2025-12-20 16:56:40.977 +0900,true
6907,0,10,2025-12-20 16:56:40.984 +0900,true
6908,0,10,2025-12-20 16:56:40.991 +0900,true
6909,0,10,2025-12-20 16:56:40.997 +0900,true
6910,0,10,2025-12-20 16:56:41.004 +0900,true
6911,0,10,2025-12-20 16:56:41.011 +0900,true
6912,0,10,2025-12-20 16:56:41.018 +0900,true
6913,0,10,2025-12-20 16:56:41.025 +0900,true
6914,0,10,2025-12-20 16:56:41.031 +0900,true
6915,0,10,2025-12-20 16:56:41.038 +0900,true
6916,0,10,2025-12-20 16:56:41.045 +0900,true
6917,0,10,2025-12-20 16:56:41.052 +0900,true
6918,0,10,2025-12-20 16:56:41.059 +0900,true
6919,0,10,2025-12-20 16:56:41.066 +0900,true
6920,0,10,2025-12-20 16:56:41.074 +0900,true
6921,0,10,2025-12-20 16:56:41.085 +0900,true
6922,0,10,2025-12-20 16:56:41.095 +0900,true
6923,0,10,2025-12-20 16:56:41.105 +0900,true
6924,0,10,2025-12-20 16:56:41.114 +0900,true
6925,0,10,2025-12-20 16:56:41.128 +0900,true
6926,0,10,2025-12-20 16:56:41.135 +0900,true
6927,0,10,2025-12-20 16:56:41.142 +0900,true
6928,0,10,2025-12-20 16:56:41.149 +0900,true
6929,0,10,2025-12-20 16:56:41.156 +0900,true
6930,0,10,2025-12-20 16:56:41.162 +0900,true
6931,0,10,2025-12-20 16:56:41.169 +0900,true
6932,0,10,2025-12-20 16:56:41.176 +0900,true
6933,0,10,2025-12-20 16:56:41.183 +0900,true
6934,0,10,2025-12-20 16:56:41.189 +0900,true
6935,0,10,2025-12-20 16:56:41.196 +0900,true
6936,0,10,2025-12-20 16:56:41.202 +0900,true
6937,0,10,2025-12-20 16:56:41.209 +0900,true
6938,0,10,2025-12-20 16:56:41.216 +0900,true
6939,0,10,2025-12-20 16:56:41.222 +0900,true
6940,0,10,2025-12-20 16:56:41.229 +0900,true
6941,0,10,2025-12-20 16:56:41.235 +0900,true
6942,0,10,2025-12-20 16:56:41.242 +0900,true
6943,0,10,2025-12-20 16:56:41.249 +0900,true
6944,0,10,2025-12-20 16:56:41.256 +0900,true
6945,0,10,2025-12-20 16:56:41.262 +0900,true
6946,0,10,2025-12-20 16:56:41.269 +0900,true
6947,0,10,2025-12-20 16:56:41.275 +0900,true
6948,0,10,2025-12-20 16:56:41.282 +0900,true
6949,0,10,2025-12-20 16:56:41.289 +0900,true
6950,0,10,2025-12-20 16:56:41.296 +0900,true
6951,0,10,2025-12-20 16:56:41.303 +0900,true
6952,0,10,2025-12-20 16:56:41.309 +0900,true
6953,0,10,2025-12-20 16:56:41.316 +0900,true
6954,0,10,2025-12-20 16:56:41.323 +0900,true
6955,0,10,2025-12-20 16:56:41.329 +0900,true
6956,0,10,2025-12-20 16:56:41.336 +0900,true
6957,0,10,2025-12-20 16:56:41.343 +0900,true
6958,0,10,2025-12-20 16:56:41.350 +0900,true
6959,0,10,2025-12-20 16:56:41.356 +0900,true
6960,0,10,2025-12-20 16:56:41.363 +0900,true
6961,0,10,2025-12-20 16:56:41.369 +0900,true
6962,0,10,2025-12-20 16:56:41.376 +0900,true
6963,0,10,2025-12-20 16:56:41.382 +0900,true
6964,0,10,2025-12-20 16:56:41.389 +0900,true
6965,0,10,2025-12-20 16:56:41.395 +0900,true
6966,0,10,2025-12-20 16:56:41.402 +0900,true
6967,0,10,2025-12-20 16:56:41.408 +0900,true
6968,0,10,2025-12-20 16:56:41.414 +0900,true
6969,0,10,2025-12-20 16:56:41.421 +0900,true
6970,0,10,2025-12-20 16:56:41.427 +0900,true
6971,0,10,2025-12-20 16:56:41.433 +0900,true
6972,0,10,2025-12-20 16:56:41.440 +0900,true
6973,0,10,2025-12-20 16:56:41.446 +0900,true
6974,0,10,2025-12-20 16:56:41.453 +0900,true
6975,0,10,2025-12-20 16:56:41.459 +0900,true
6976,0,10,2025-12-20 16:56:41.466 +0900,true
6977,0,10,2025-12-20 16:56:41.472 +0900,true
6978,0,10,2025-12-20 16:56:41.479 +0900,true
6979,0,10,2025-12-20 16:56:41.485 +0900,true
6980,0,10,2025-12-20 16:56:41.492 +0900,true
6981,0,10,2025-12-20 16:56:41.499 +0900,true
6982,0,10,2025-12-20 16:56:41.505 +0900,true
6983,0,10,2025-12-20 16:56:41.512 +0900,true
6984,0,10,2025-12-20 16:56:41.519 +0900,true
6985,0,10,2025-12-20 16:56:41.525 +0900,true
6986,0,10,2025-12-20 16:56:41.532 +0900,true
6987,0,10,2025-12-20 16:56:41.539 +0900,true
6988,0,10,2025-12-20 16:56:41.545 +0900,true
6989,0,10,2025-12-20 16:56:41.552 +0900,true
6990,0,10,2025-12-20 16:56:41.559 +0900,true
6991,0,10,2025-12-20 16:56:41.566 +0900,true
6992,0,10,2025-12-20 16:56:41.572 +0900,true
6993,0,10,2025-12-20 16:56:41.579 +0900,true
6994,0,10,2025-12-20 16:56:41.585 +0900,true
6995,0,10,2025-12-20 16:56:41.592 +0900,true
6996,0,10,2025-12-20 16:56:41.599 +0900,true
6997,0,10,2025-12-20 16:56:41.606 +0900,true
6998,0,10,2025-12-20 16:56:41.612 +0900,true
6999,0,10,2025-12-20 16:56:41.619 +0900,true
7000,0,10,2025-12-20 16:56:41.626 +0900,true
7001,0,10,2025-12-20 16:56:41.632 +0900,true
7002,0,10,2025-12-20 16:56:41.639 +0900,true
7003,0,10,2025-12-20 16:56:41.645 +0900,true
7004,0,10,2025-12-20 16:56:41.652 +0900,true
7005,0,10,2025-12-20 16:56:41.659 +0900,true
7006,0,10,2025-12-20 16:56:41.666 +0900,true
7007,0,10,2025-12-20 16:56:41.672 +0900,true
7008,0,10,2025-12-20 16:56:41.679 +0900,true
7009,0,10,2025-12-20 16:56:41.686 +0900,true
7010,0,10,2025-12-20 16:56:41.693 +0900,true
7011,0,10,2025-12-20 16:56:41.700 +0900,true
7012,0,10,2025-12-20 16:56:41.706 +0900,true
7013,0,10,2025-12-20 16:56:41.713 +0900,true
7014,0,10,2025-12-20 16:56:41.720 +0900,true
7015,0,10,2025-12-20 16:56:41.726 +0900,true
7016,0,10,2025-12-20 16:56:41.733 +0900,true
7017,0,10,2025-12-20 16:56:41.739 +0900,true
7018,0,10,2025-12-20 16:56:41.746 +0900,true
7019,0,10,2025-12-20 16:56:41.752 +0900,true
7020,0,10,2025-12-20 16:56:41.760 +0900,true
7021,0,10,2025-12-20 16:56:41.766 +0900,true
7022,0,10,2025-12-20 16:56:41.772 +0900,true
7023,0,10,2025-12-20 16:56:41.779 +0900,true
7024,0,10,2025-12-20 16:56:41.785 +0900,true
7025,0,10,2025-12-20 16:56:41.791 +0900,true
7026,0,10,2025-12-20 16:56:41.798 +0900,true
7027,0,10,2025-12-20 16:56:41.804 +0900,true
7028,0,10,2025-12-20 16:56:41.810 +0900,true
7029,0,10,2025-12-20 16:56:41.817 +0900,true
7030,0,10,2025-12-20 16:56:41.823 +0900,true
7031,0,10,2025-12-20 16:56:41.829 +0900,true
7032,0,10,2025-12-20 16:56:41.836 +0900,true
7033,0,10,2025-12-20 16:56:41.842 +0900,true
7034,0,10,2025-12-20 16:56:41.849 +0900,true
7035,0,10,2025-12-20 16:56:41.856 +0900,true
7036,0,10,2025-12-20 16:56:41.864 +0900,true
7037,0,10,2025-12-20 16:56:41.870 +0900,true
7038,0,10,2025-12-20 16:56:41.877 +0900,true
7039,0,10,2025-12-20 16:56:41.884 +0900,true
7040,0,10,2025-12-20 16:56:41.892 +0900,true
7041,0,10,2025-12-20 16:56:41.898 +0900,true
7042,0,10,2025-12-20 16:56:41.905 +0900,true
7043,0,10,2025-12-20 16:56:41.911 +0900,true
7044,0,10,2025-12-20 16:56:41.918 +0900,true
7045,0,10,2025-12-20 16:56:41.924 +0900,true
7046,0,10,2025-12-20 16:56:41.931 +0900,true
7047,0,10,2025-12-20 16:56:41.938 +0900,true
7048,0,10,2025-12-20 16:56:41.944 +0900,true
7049,0,10,2025-12-20 16:56:41.952 +0900,true
7050,0,10,2025-12-20 16:56:41.958 +0900,true
7051,0,10,2025-12-20 16:56:41.965 +0900,true
7052,0,10,2025-12-20 16:56:41.972 +0900,true
7053,0,10,2025-12-20 16:56:41.978 +0900,true
7054,0,10,2025-12-20 16:56:41.985 +0900,true
7055,0,10,2025-12-20 16:56:41.991 +0900,true
7056,0,10,2025-12-20 16:56:41.997 +0900,true
7057,0,10,2025-12-20 16:56:42.004 +0900,true
7058,0,10,2025-12-20 16:56:42.011 +0900,true
7059,0,10,2025-12-20 16:56:42.017 +0900,true
7060,0,10,2025-12-20 16:56:42.023 +0900,true
7061,0,10,2025-12-20 16:56:42.030 +0900,true
7063,0,10,2025-12-25 13:14:12.269 +0900,true
7064,0,10,2025-12-25 13:14:12.295 +0900,true
7065,0,10,2025-12-25 13:14:12.307 +0900,true
7066,0,10,2025-12-25 13:14:12.321 +0900,true
7067,0,10,2025-12-25 13:14:12.404 +0900,true
7068,0,10,2025-12-25 13:14:12.417 +0900,true
7069,0,10,2025-12-25 13:14:12.431 +0900,true
7070,0,10,2025-12-25 13:14:12.445 +0900,true
7071,0,10,2025-12-25 13:14:12.465 +0900,true
7072,0,10,2025-12-25 13:14:12.481 +0900,true
7073,0,10,2025-12-25 13:14:12.489 +0900,true
7074,0,10,2025-12-25 13:14:12.535 +0900,true
7075,0,10,2025-12-25 13:14:12.547 +0900,true
7076,0,10,2025-12-25 13:14:12.636 +0900,true
7077,0,10,2025-12-25 13:14:12.673 +0900,true
7078,0,10,2025-12-25 13:14:12.698 +0900,true
7079,0,10,2025-12-25 13:14:12.822 +0900,true
7080,0,10,2025-12-25 13:14:12.834 +0900,true
7081,0,10,2025-12-25 13:14:12.922 +0900,true
7082,0,10,2025-12-25 13:14:12.937 +0900,true
7083,0,10,2025-12-25 13:14:13.007 +0900,true
7084,0,10,2025-12-25 13:14:13.073 +0900,true
7085,0,10,2025-12-25 13:14:13.114 +0900,true
7086,0,10,2025-12-25 13:14:13.185 +0900,true
7087,0,10,2025-12-25 13:14:13.214 +0900,true
7088,0,10,2025-12-25 13:14:13.230 +0900,true
7089,0,10,2025-12-25 13:14:13.264 +0900,true
7090,0,10,2025-12-25 13:14:13.295 +0900,true
7091,0,10,2025-12-25 13:14:13.338 +0900,true
7092,0,10,2025-12-25 13:14:13.479 +0900,true
7093,0,10,2025-12-25 13:14:13.532 +0900,true
7094,0,10,2025-12-25 13:14:13.588 +0900,true
7095,0,10,2025-12-25 13:14:13.707 +0900,true
7096,0,10,2025-12-25 13:14:13.721 +0900,true
7097,0,10,2025-12-25 13:14:13.747 +0900,true
7098,0,10,2025-12-25 13:14:13.757 +0900,true
7099,0,10,2025-12-25 13:14:13.840 +0900,true
7100,0,10,2025-12-25 13:14:13.871 +0900,true
7101,0,10,2025-12-25 13:14:13.878 +0900,true
7102,0,10,2025-12-25 13:14:13.932 +0900,true
7103,0,10,2025-12-25 13:14:14.033 +0900,true
7104,0,10,2025-12-25 13:14:14.042 +0900,true
7105,0,10,2025-12-25 13:14:14.063 +0900,true
7106,0,10,2025-12-25 13:14:14.138 +0900,true
7107,0,10,2025-12-25 13:14:14.148 +0900,true
7108,0,10,2025-12-25 13:14:14.156 +0900,true
7109,0,10,2025-12-25 13:14:14.175 +0900,true
7110,0,10,2025-12-25 13:14:14.188 +0900,true
7111,0,10,2025-12-25 13:14:14.204 +0900,true
7112,0,10,2025-12-25 13:14:14.277 +0900,true
7113,0,10,2025-12-25 13:14:14.366 +0900,true
7114,0,10,2025-12-25 13:14:14.478 +0900,true
7115,0,10,2025-12-25 13:14:14.489 +0900,true
7116,0,10,2025-12-25 13:14:14.530 +0900,true
7117,0,10,2025-12-25 13:14:14.584 +0900,true
7118,0,10,2025-12-25 13:14:14.623 +0900,true
7119,0,10,2025-12-25 13:14:14.684 +0900,true
7120,0,10,2025-12-25 13:14:14.753 +0900,true
7121,0,10,2025-12-25 13:14:14.784 +0900,true
7122,0,10,2025-12-25 13:14:14.829 +0900,true
7123,0,10,2025-12-25 13:14:14.836 +0900,true
7124,0,10,2025-12-25 13:14:14.955 +0900,true
7125,0,10,2025-12-25 13:14:14.967 +0900,true
7126,0,10,2025-12-25 13:14:14.984 +0900,true
7127,0,10,2025-12-25 13:14:14.995 +0900,true
7128,0,10,2025-12-25 13:14:15.021 +0900,true
7129,0,10,2025-12-25 13:14:15.028 +0900,true
7130,0,10,2025-12-25 13:14:15.042 +0900,true
7131,0,10,2025-12-25 13:14:15.049 +0900,true
7132,0,10,2025-12-25 13:14:15.060 +0900,true
7133,0,10,2025-12-25 13:14:15.085 +0900,true
7134,0,10,2025-12-25 13:14:15.110 +0900,true
7135,0,10,2025-12-25 13:14:15.129 +0900,true
7136,0,10,2025-12-25 13:14:15.165 +0900,true
7137,0,10,2025-12-25 13:14:15.192 +0900,true
7138,0,10,2025-12-25 13:14:15.206 +0900,true
7139,0,10,2025-12-25 13:14:15.232 +0900,true
7140,0,10,2025-12-25 13:14:15.244 +0900,true
7141,0,10,2025-12-25 13:14:15.266 +0900,true
7142,0,10,2025-12-25 13:14:15.275 +0900,true
7143,0,10,2025-12-25 13:14:15.290 +0900,true
7144,0,10,2025-12-25 13:44:15.586 +0900,true
7145,0,10,2025-12-25 13:44:15.601 +0900,true
7146,0,10,2025-12-25 13:44:15.610 +0900,true
7147,0,10,2025-12-25 13:44:15.625 +0900,true
7148,0,10,2025-12-25 13:44:15.654 +0900,true
7149,0,10,2025-12-25 13:44:15.702 +0900,true
7150,0,10,2025-12-25 13:44:15.791 +0900,true
7151,0,10,2025-12-25 13:44:15.819 +0900,true
7152,0,10,2025-12-25 13:44:15.931 +0900,true
7153,0,10,2025-12-25 13:44:15.960 +0900,true
7154,0,10,2025-12-25 13:44:16.003 +0900,true
7155,0,10,2025-12-25 13:44:16.060 +0900,true
7156,0,10,2025-12-25 13:44:16.077 +0900,true
7157,0,10,2025-12-25 13:44:16.098 +0900,true
7158,0,10,2025-12-25 13:44:16.114 +0900,true
7159,0,10,2025-12-25 13:44:16.129 +0900,true
7160,0,10,2025-12-25 13:44:16.148 +0900,true
7161,0,10,2025-12-25 13:44:16.164 +0900,true
7162,0,10,2025-12-25 13:44:16.294 +0900,true
7163,0,10,2025-12-25 13:44:16.318 +0900,true
7164,0,10,2025-12-25 13:44:16.324 +0900,true
7165,0,10,2025-12-25 13:44:16.606 +0900,true
7166,0,10,2025-12-25 13:44:16.627 +0900,true
7167,0,10,2025-12-25 13:44:16.697 +0900,true
7168,0,10,2025-12-25 13:44:16.707 +0900,true
7169,0,10,2025-12-25 13:44:16.777 +0900,true
7170,0,10,2025-12-25 13:44:16.844 +0900,true
7171,0,10,2025-12-25 13:44:16.879 +0900,true
7172,0,10,2025-12-25 13:44:16.888 +0900,true
7173,0,10,2025-12-25 13:44:16.974 +0900,true
7174,0,10,2025-12-25 13:44:17.036 +0900,true
7175,0,10,2025-12-25 13:44:17.068 +0900,true
7176,0,10,2025-12-25 13:44:17.075 +0900,true
7177,0,10,2025-12-25 13:44:17.089 +0900,true
7178,0,10,2025-12-25 13:44:17.122 +0900,true
7179,0,10,2025-12-25 13:44:17.134 +0900,true
7180,0,10,2025-12-25 13:44:17.264 +0900,true
7181,0,10,2025-12-25 13:44:17.274 +0900,true
7182,0,10,2025-12-25 13:44:17.281 +0900,true
7183,0,10,2025-12-25 13:44:17.307 +0900,true
7184,0,10,2025-12-25 13:44:17.324 +0900,true
7185,0,10,2025-12-25 13:44:17.351 +0900,true
7186,0,10,2025-12-25 13:44:17.391 +0900,true
7187,0,10,2025-12-25 13:44:17.398 +0900,true
7188,0,10,2025-12-25 13:44:17.435 +0900,true
7189,0,10,2025-12-25 13:44:17.565 +0900,true
7190,0,10,2025-12-25 13:44:17.926 +0900,true
7191,0,10,2025-12-25 13:44:17.958 +0900,true
7192,0,10,2025-12-25 13:44:17.972 +0900,true
7193,0,10,2025-12-25 13:44:17.984 +0900,true
7194,0,10,2025-12-25 13:44:18.062 +0900,true
7195,0,10,2025-12-25 13:44:18.271 +0900,true
7196,0,10,2025-12-25 13:44:18.287 +0900,true
7197,0,10,2025-12-25 13:44:18.353 +0900,true
7198,0,10,2025-12-25 13:44:18.361 +0900,true
7199,0,10,2025-12-25 13:44:18.635 +0900,true
7200,0,10,2025-12-25 13:44:18.671 +0900,true
7201,0,10,2025-12-25 13:44:18.682 +0900,true
7202,0,10,2025-12-25 13:44:18.688 +0900,true
7203,0,10,2025-12-25 13:44:18.718 +0900,true
7204,0,10,2025-12-25 13:44:18.825 +0900,true
7205,0,10,2025-12-25 13:44:18.841 +0900,true
7206,0,10,2025-12-25 13:44:18.865 +0900,true
7207,0,10,2025-12-25 13:44:18.872 +0900,true
7208,0,10,2025-12-25 13:44:18.881 +0900,true
7209,0,10,2025-12-25 13:44:18.905 +0900,true
7210,0,10,2025-12-25 13:44:18.923 +0900,true
7211,0,10,2025-12-25 13:44:18.950 +0900,true
7212,0,10,2025-12-25 13:44:18.961 +0900,true
7213,0,10,2025-12-25 13:44:18.977 +0900,true
7214,0,10,2025-12-25 13:44:19.005 +0900,true
7215,0,10,2025-12-25 13:44:19.028 +0900,true
7216,0,10,2025-12-25 13:44:19.054 +0900,true
7217,0,10,2025-12-25 13:44:19.166 +0900,true
7218,0,10,2025-12-25 13:44:19.182 +0900,true
7219,0,10,2025-12-25 13:44:19.193 +0900,true
7220,0,10,2025-12-25 13:44:19.211 +0900,true
7221,0,10,2025-12-25 13:44:19.231 +0900,true
7222,0,10,2025-12-25 13:44:19.255 +0900,true
7223,0,10,2025-12-25 13:44:19.278 +0900,true
7224,0,10,2025-12-25 13:44:19.302 +0900,true
7225,0,10,2025-12-25 13:44:19.310 +0900,true
7226,0,10,2025-12-25 13:44:19.322 +0900,true
7227,0,10,2025-12-25 13:44:19.393 +0900,true
7228,0,10,2025-12-25 13:44:19.403 +0900,true
7229,0,10,2025-12-25 13:44:19.469 +0900,true
7230,0,10,2025-12-25 13:44:19.478 +0900,true
7231,0,10,2025-12-25 13:44:19.487 +0900,true
7232,0,10,2025-12-25 13:44:19.556 +0900,true
7233,0,10,2025-12-25 13:44:19.590 +0900,true
7234,0,10,2025-12-25 13:44:19.743 +0900,true
7235,0,10,2025-12-25 13:44:19.805 +0900,true
7236,0,10,2025-12-25 13:44:19.820 +0900,true
7237,0,10,2025-12-25 13:44:19.855 +0900,true
7238,0,10,2025-12-25 13:44:19.882 +0900,true
7239,0,10,2025-12-25 13:44:20.061 +0900,true
7240,0,10,2025-12-25 13:44:20.105 +0900,true
7241,0,10,2025-12-25 13:44:20.184 +0900,true
7242,0,10,2025-12-25 13:44:20.190 +0900,true
7243,0,10,2025-12-25 13:44:20.224 +0900,true
7244,0,10,2025-12-25 13:44:20.261 +0900,true
7245,0,10,2025-12-25 13:44:20.306 +0900,true
7246,0,10,2025-12-25 13:44:20.314 +0900,true
7247,0,10,2025-12-25 13:44:20.329 +0900,true
7248,0,10,2025-12-25 13:44:20.359 +0900,true
7249,0,10,2025-12-25 13:44:20.468 +0900,true
7250,0,10,2025-12-25 13:44:20.496 +0900,true
7251,0,10,2025-12-25 13:44:20.529 +0900,true
7252,0,10,2025-12-25 13:44:20.545 +0900,true
7253,0,10,2025-12-25 13:44:20.551 +0900,true
7254,0,10,2025-12-25 13:44:20.569 +0900,true
7255,0,10,2025-12-25 13:44:20.598 +0900,true
7256,0,10,2025-12-25 13:44:20.633 +0900,true
7257,0,10,2025-12-25 13:44:20.697 +0900,true
7258,0,10,2025-12-25 13:44:20.716 +0900,true
7259,0,10,2025-12-25 13:44:20.750 +0900,true
7260,0,10,2025-12-25 13:44:20.763 +0900,true
7261,0,10,2025-12-25 13:44:20.851 +0900,true
7262,0,10,2025-12-25 13:44:20.889 +0900,true
7263,0,10,2025-12-25 13:44:20.895 +0900,true
7264,0,10,2025-12-25 13:44:21.054 +0900,true
7265,0,10,2025-12-25 13:44:21.089 +0900,true
7266,0,10,2025-12-25 13:44:21.103 +0900,true
7267,0,10,2025-12-25 13:44:21.168 +0900,true
7268,0,10,2025-12-25 13:44:21.186 +0900,true
7269,0,10,2025-12-25 13:44:21.191 +0900,true
7270,0,10,2025-12-25 13:44:21.230 +0900,true
7271,0,10,2025-12-25 13:44:21.337 +0900,true
7272,0,10,2025-12-25 13:44:21.346 +0900,true
7273,0,10,2025-12-25 13:44:21.351 +0900,true
7274,0,10,2025-12-25 13:44:21.357 +0900,true
7275,0,10,2025-12-25 13:44:21.362 +0900,true
7276,0,10,2025-12-25 13:44:21.408 +0900,true
7277,0,10,2025-12-25 13:44:21.431 +0900,true
