"product_id","view_count","recommend_clicked_count","cart_event_count","order_event_count","wishlist_count","review_count","average_rating","photo_review_count","sentiment_score_avg","first_review_at","quality_score","image_quality_score","content_quality_score","last_updated"
1,0,0,0,0,0,0,0.00,0,0.00,,50.00,50.00,50.00,2025-12-20 16:55:58.115 +0900
2,0,0,0,0,0,0,0.00,0,0.00,,50.00,50.00,50.00,2025-12-20 16:55:58.123 +0900
3,0,0,0,0,0,0,0.00,0,0.00,,50.00,50.00,50.00,2025-12-20 16:55:58.128 +0900
4,0,0,0,0,0,0,0.00,0,0.00,,50.00,50.00,50.00,2025-12-20 16:55:58.134 +0900
5,0,0,0,0,0,0,0.00,0,0.00,,50.00,50.00,50.00,2025-12-20 16:55:58.144 +0900
6,0,0,0,0,0,0,0.00,0,0.00,,50.00,50.00,50.00,2025-12-20 16:55:58.154 +0900
7,0,0,0,0,0,0,0.00,0,0.00,,50.00,50.00,50.00,2025-12-20 16:55:58.160 +0900
8,0,0,0,0,0,0,0.00,0,0.00,,50.00,50.00,50.00,2025-12-20 16:55:58.168 +0900
9,0,0,0,0,0,0,0.00,0,0.00,,50.00,50.00,50.00,2025-12-20 16:55:58.175 +0900
10,0,0,0,0,0,0,0.00,0,0.00,,50.00,50.00,50.00,2025-12-20 16:55:58.181 +0900
11,0,0,0,0,0,0,0.00,0,0.00,,50.00,50.00,50.00,2025-12-20 16:55:58.187 +0900
12,0,0,0,0,0,0,0.00,0,0.00,,50.00,50.00,50.00,2025-12-20 16:55:58.193 +0900
13,0,0,0,0,0,0,0.00,0,0.00,,50.00,50.00,50.00,2025-12-20 16:55:58.199 +0900
14,0,0,0,0,0,0,0.00,0,0.00,,50.00,50.00,50.00,2025-12-20 16:55:58.206 +0900
15,0,0,0,0,0,0,0.00,0,0.00,,50.00,50.00,50.00,2025-12-20 16:55:58.213 +0900
16,0,0,0,0,0,0,0.00,0,0.00,,50.00,50.00,50.00,2025-12-20 16:55:58.220 +0900
17,0,0,0,0,0,0,0.00,0,0.00,,50.00,50.00,50.00,2025-12-20 16:55:58.226 +0900
18,0,0,0,0,0,0,0.00,0,0.00,,50.00,50.00,50.00,2025-12-20 16:55:58.233 +0900
19,0,0,0,0,0,0,0.00,0,0.00,,50.00,50.00,50.00,2025-12-20 16:55:58.240 +0900
20,0,0,0,0,0,0,0.00,0,0.00,,50.00,50.00,50.00,2025-12-20 16:55:58.246 +0900
21,0,0,0,0,0,0,0.00,0,0.00,,50.00,50.00,50.00,2025-12-20 16:55:58.252 +0900
22,0,0,0,0,0,0,0.00,0,0.00,,50.00,50.00,50.00,2025-12-20 16:55:58.260 +0900
23,0,0,0,0,0,0,0.00,0,0.00,,50.00,50.00,50.00,2025-12-20 16:55:58.267 +0900
24,0,0,0,0,0,0,0.00,0,0.00,,50.00,50.00,50.00,2025-12-20 16:55:58.273 +0900
25,0,0,0,0,0,0,0.00,0,0.00,,50.00,50.00,50.00,2025-12-20 16:55:58.280 +0900
26,0,0,0,0,0,0,0.00,0,0.00,,50.00,50.00,50.00,2025-12-20 16:55:58.286 +0900
27,0,0,0,0,0,0,0.00,0,0.00,,50.00,50.00,50.00,2025-12-20 16:55:58.292 +0900
28,0,0,0,0,0,0,0.00,0,0.00,,50.00,50.00,50.00,2025-12-20 16:55:58.297 +0900
29,0,0,0,0,0,0,0.00,0,0.00,,50.00,50.00,50.00,2025-12-20 16:55:58.303 +0900
30,0,0,0,0,0,0,0.00,0,0.00,,50.00,50.00,50.00,2025-12-20 16:55:58.309 +0900
31,0,0,0,0,0,0,0.00,0,0.00,,50.00,50.00,50.00,2025-12-20 16:55:58.315 +0900
32,0,0,0,0,0,0,0.00,0,0.00,,50.00,50.00,50.00,2025-12-20 16:55:58.320 +0900
33,0,0,0,0,0,0,0.00,0,0.00,,50.00,50.00,50.00,2025-12-20 16:55:58.325 +0900
34,0,0,0,0,0,0,0.00,0,0.00,,50.00,50.00,50.00,2025-12-20 16:55:58.330 +0900
35,0,0,0,0,0,0,0.00,0,0.00,,50.00,50.00,50.00,2025-12-20 16:55:58.336 +0900
36,0,0,0,0,0,0,0.00,0,0.00,,50.00,50.00,50.00,2025-12-20 16:55:58.341 +0900
37,0,0,0,0,0,0,0.00,0,0.00,,50.00,50.00,50.00,2025-12-20 16:55:58.348 +0900
38,0,0,0,0,0,0,0.00,0,0.00,,50.00,50.00,50.00,2025-12-20 16:55:58.353 +0900
39,0,0,0,0,0,0,0.00,0,0.00,,50.00,50.00,50.00,2025-12-20 16:55:58.358 +0900
40,0,0,0,0,0,0,0.00,0,0.00,,50.00,50.00,50.00,2025-12-20 16:55:58.363 +0900
41,0,0,0,0,0,0,0.00,0,0.00,,50.00,50.00,50.00,2025-12-20 16:55:58.368 +0900
42,0,0,0,0,0,0,0.00,0,0.00,,50.00,50.00,50.00,2025-12-20 16:55:58.373 +0900
43,0,0,0,0,0,0,0.00,0,0.00,,50.00,50.00,50.00,2025-12-20 16:55:58.380 +0900
44,0,0,0,0,0,0,0.00,0,0.00,,50.00,50.00,50.00,2025-12-20 16:55:58.385 +0900
45,0,0,0,0,0,0,0.00,0,0.00,,50.00,50.00,50.00,2025-12-20 16:55:58.390 +0900
46,0,0,0,0,0,0,0.00,0,0.00,,50.00,50.00,50.00,2025-12-20 16:55:58.396 +0900
47,0,0,0,0,0,0,0.00,0,0.00,,50.00,50.00,50.00,2025-12-20 16:55:58.402 +0900
48,0,0,0,0,0,0,0.00,0,0.00,,50.00,50.00,50.00,2025-12-20 16:55:58.408 +0900
49,0,0,0,0,0,0,0.00,0,0.00,,50.00,50.00,50.00,2025-12-20 16:55:58.414 +0900
50,0,0,0,0,0,0,0.00,0,0.00,,50.00,50.00,50.00,2025-12-20 16:55:58.421 +0900
51,0,0,0,0,0,0,0.00,0,0.00,,50.00,50.00,50.00,2025-12-20 16:55:58.426 +0900
52,0,0,0,0,0,0,0.00,0,0.00,,50.00,50.00,50.00,2025-12-20 16:55:58.432 +0900
53,0,0,0,0,0,0,0.00,0,0.00,,50.00,50.00,50.00,2025-12-20 16:55:58.437 +0900
54,0,0,0,0,0,0,0.00,0,0.00,,50.00,50.00,50.00,2025-12-20 16:55:58.443 +0900
55,0,0,0,0,0,0,0.00,0,0.00,,50.00,50.00,50.00,2025-12-20 16:55:58.448 +0900
56,0,0,0,0,0,0,0.00,0,0.00,,50.00,50.00,50.00,2025-12-20 16:55:58.454 +0900
57,0,0,0,0,0,0,0.00,0,0.00,,50.00,50.00,50.00,2025-12-20 16:55:58.459 +0900
58,0,0,0,0,0,0,0.00,0,0.00,,50.00,50.00,50.00,2025-12-20 16:55:58.466 +0900
59,0,0,0,0,0,0,0.00,0,0.00,,50.00,50.00,50.00,2025-12-20 16:55:58.472 +0900
60,0,0,0,0,0,0,0.00,0,0.00,,50.00,50.00,50.00,2025-12-20 16:55:58.478 +0900
61,0,0,0,0,0,0,0.00,0,0.00,,50.00,50.00,50.00,2025-12-20 16:55:58.484 +0900
62,0,0,0,0,0,0,0.00,0,0.00,,50.00,50.00,50.00,2025-12-20 16:55:58.489 +0900
63,0,0,0,0,0,0,0.00,0,0.00,,50.00,50.00,50.00,2025-12-20 16:55:58.494 +0900
64,0,0,0,0,0,0,0.00,0,0.00,,50.00,50.00,50.00,2025-12-20 16:55:58.500 +0900
65,0,0,0,0,0,0,0.00,0,0.00,,50.00,50.00,50.00,2025-12-20 16:55:58.505 +0900
66,0,0,0,0,0,0,0.00,0,0.00,,50.00,50.00,50.00,2025-12-20 16:55:58.511 +0900
67,0,0,0,0,0,0,0.00,0,0.00,,50.00,50.00,50.00,2025-12-20 16:55:58.516 +0900
68,0,0,0,0,0,0,0.00,0,0.00,,50.00,50.00,50.00,2025-12-20 16:55:58.522 +0900
69,0,0,0,0,0,0,0.00,0,0.00,,50.00,50.00,50.00,2025-12-20 16:55:58.527 +0900
70,0,0,0,0,0,0,0.00,0,0.00,,50.00,50.00,50.00,2025-12-20 16:55:58.534 +0900
71,0,0,0,0,0,0,0.00,0,0.00,,50.00,50.00,50.00,2025-12-20 16:55:58.539 +0900
72,0,0,0,0,0,0,0.00,0,0.00,,50.00,50.00,50.00,2025-12-20 16:55:58.545 +0900
73,0,0,0,0,0,0,0.00,0,0.00,,50.00,50.00,50.00,2025-12-20 16:55:58.550 +0900
74,0,0,0,0,0,0,0.00,0,0.00,,50.00,50.00,50.00,2025-12-20 16:55:58.556 +0900
75,0,0,0,0,0,0,0.00,0,0.00,,50.00,50.00,50.00,2025-12-20 16:55:58.561 +0900
76,0,0,0,0,0,0,0.00,0,0.00,,50.00,50.00,50.00,2025-12-20 16:55:58.567 +0900
77,0,0,0,0,0,0,0.00,0,0.00,,50.00,50.00,50.00,2025-12-20 16:55:58.573 +0900
78,0,0,0,0,0,0,0.00,0,0.00,,50.00,50.00,50.00,2025-12-20 16:55:58.578 +0900
79,0,0,0,0,0,0,0.00,0,0.00,,50.00,50.00,50.00,2025-12-20 16:55:58.584 +0900
80,0,0,0,0,0,0,0.00,0,0.00,,50.00,50.00,50.00,2025-12-20 16:55:58.590 +0900
81,0,0,0,0,0,0,0.00,0,0.00,,50.00,50.00,50.00,2025-12-20 16:55:58.596 +0900
82,0,0,0,0,0,0,0.00,0,0.00,,50.00,50.00,50.00,2025-12-20 16:55:58.601 +0900
83,0,0,0,0,0,0,0.00,0,0.00,,50.00,50.00,50.00,2025-12-20 16:55:58.606 +0900
84,0,0,0,0,0,0,0.00,0,0.00,,50.00,50.00,50.00,2025-12-20 16:55:58.611 +0900
85,0,0,0,0,0,0,0.00,0,0.00,,50.00,50.00,50.00,2025-12-20 16:55:58.616 +0900
86,0,0,0,0,0,0,0.00,0,0.00,,50.00,50.00,50.00,2025-12-20 16:55:58.621 +0900
87,0,0,0,0,0,0,0.00,0,0.00,,50.00,50.00,50.00,2025-12-20 16:55:58.626 +0900
88,0,0,0,0,0,0,0.00,0,0.00,,50.00,50.00,50.00,2025-12-20 16:55:58.631 +0900
89,0,0,0,0,0,0,0.00,0,0.00,,50.00,50.00,50.00,2025-12-20 16:55:58.636 +0900
90,0,0,0,0,0,0,0.00,0,0.00,,50.00,50.00,50.00,2025-12-20 16:55:58.642 +0900
91,0,0,0,0,0,0,0.00,0,0.00,,50.00,50.00,50.00,2025-12-20 16:55:58.647 +0900
92,0,0,0,0,0,0,0.00,0,0.00,,50.00,50.00,50.00,2025-12-20 16:55:58.652 +0900
93,0,0,0,0,0,0,0.00,0,0.00,,50.00,50.00,50.00,2025-12-20 16:55:58.657 +0900
94,0,0,0,0,0,0,0.00,0,0.00,,50.00,50.00,50.00,2025-12-20 16:55:58.664 +0900
95,0,0,0,0,0,0,0.00,0,0.00,,50.00,50.00,50.00,2025-12-20 16:55:58.670 +0900
96,0,0,0,0,0,0,0.00,0,0.00,,50.00,50.00,50.00,2025-12-20 16:55:58.675 +0900
97,0,0,0,0,0,0,0.00,0,0.00,,50.00,50.00,50.00,2025-12-20 16:55:58.680 +0900
98,0,0,0,0,0,0,0.00,0,0.00,,50.00,50.00,50.00,2025-12-20 16:55:58.686 +0900
99,0,0,0,0,0,0,0.00,0,0.00,,50.00,50.00,50.00,2025-12-20 16:55:58.692 +0900
100,0,0,0,0,0,0,0.00,0,0.00,,50.00,50.00,50.00,2025-12-20 16:55:58.698 +0900
101,0,0,0,0,0,0,0.00,0,0.00,,50.00,50.00,50.00,2025-12-20 16:55:58.704 +0900
102,0,0,0,0,0,0,0.00,0,0.00,,50.00,50.00,50.00,2025-12-20 16:55:58.710 +0900
103,0,0,0,0,0,0,0.00,0,0.00,,50.00,50.00,50.00,2025-12-20 16:55:58.715 +0900
104,0,0,0,0,0,0,0.00,0,0.00,,50.00,50.00,50.00,2025-12-20 16:55:58.721 +0900
105,0,0,0,0,0,0,0.00,0,0.00,,50.00,50.00,50.00,2025-12-20 16:55:58.727 +0900
106,0,0,0,0,0,0,0.00,0,0.00,,50.00,50.00,50.00,2025-12-20 16:55:58.733 +0900
107,0,0,0,0,0,0,0.00,0,0.00,,50.00,50.00,50.00,2025-12-20 16:55:58.737 +0900
108,0,0,0,0,0,0,0.00,0,0.00,,50.00,50.00,50.00,2025-12-20 16:55:58.742 +0900
109,0,0,0,0,0,0,0.00,0,0.00,,50.00,50.00,50.00,2025-12-20 16:55:58.747 +0900
110,0,0,0,0,0,0,0.00,0,0.00,,50.00,50.00,50.00,2025-12-20 16:55:58.752 +0900
111,0,0,0,0,0,0,0.00,0,0.00,,50.00,50.00,50.00,2025-12-20 16:55:58.757 +0900
112,0,0,0,0,0,0,0.00,0,0.00,,50.00,50.00,50.00,2025-12-20 16:55:58.763 +0900
113,0,0,0,0,0,0,0.00,0,0.00,,50.00,50.00,50.00,2025-12-20 16:55:58.768 +0900
114,0,0,0,0,0,0,0.00,0,0.00,,50.00,50.00,50.00,2025-12-20 16:55:58.773 +0900
115,0,0,0,0,0,0,0.00,0,0.00,,50.00,50.00,50.00,2025-12-20 16:55:58.778 +0900
116,0,0,0,0,0,0,0.00,0,0.00,,50.00,50.00,50.00,2025-12-20 16:55:58.783 +0900
117,0,0,0,0,0,0,0.00,0,0.00,,50.00,50.00,50.00,2025-12-20 16:55:58.788 +0900
118,0,0,0,0,0,0,0.00,0,0.00,,50.00,50.00,50.00,2025-12-20 16:55:58.795 +0900
119,0,0,0,0,0,0,0.00,0,0.00,,50.00,50.00,50.00,2025-12-20 16:55:58.800 +0900
120,0,0,0,0,0,0,0.00,0,0.00,,50.00,50.00,50.00,2025-12-20 16:55:58.805 +0900
121,0,0,0,0,0,0,0.00,0,0.00,,50.00,50.00,50.00,2025-12-20 16:55:58.810 +0900
122,0,0,0,0,0,0,0.00,0,0.00,,50.00,50.00,50.00,2025-12-20 16:55:58.815 +0900
123,0,0,0,0,0,0,0.00,0,0.00,,50.00,50.00,50.00,2025-12-20 16:55:58.820 +0900
124,0,0,0,0,0,0,0.00,0,0.00,,50.00,50.00,50.00,2025-12-20 16:55:58.826 +0900
125,0,0,0,0,0,0,0.00,0,0.00,,50.00,50.00,50.00,2025-12-20 16:55:58.831 +0900
126,0,0,0,0,0,0,0.00,0,0.00,,50.00,50.00,50.00,2025-12-20 16:55:58.836 +0900
127,0,0,0,0,0,0,0.00,0,0.00,,50.00,50.00,50.00,2025-12-20 16:55:58.841 +0900
128,0,0,0,0,0,0,0.00,0,0.00,,50.00,50.00,50.00,2025-12-20 16:55:58.846 +0900
129,0,0,0,0,0,0,0.00,0,0.00,,50.00,50.00,50.00,2025-12-20 16:55:58.851 +0900
130,0,0,0,0,0,0,0.00,0,0.00,,50.00,50.00,50.00,2025-12-20 16:55:58.856 +0900
131,0,0,0,0,0,0,0.00,0,0.00,,50.00,50.00,50.00,2025-12-20 16:55:58.863 +0900
132,0,0,0,0,0,0,0.00,0,0.00,,50.00,50.00,50.00,2025-12-20 16:55:58.871 +0900
133,0,0,0,0,0,0,0.00,0,0.00,,50.00,50.00,50.00,2025-12-20 16:55:58.878 +0900
134,0,0,0,0,0,0,0.00,0,0.00,,50.00,50.00,50.00,2025-12-20 16:55:58.886 +0900
135,0,0,0,0,0,0,0.00,0,0.00,,50.00,50.00,50.00,2025-12-20 16:55:58.893 +0900
136,0,0,0,0,0,0,0.00,0,0.00,,50.00,50.00,50.00,2025-12-20 16:55:58.900 +0900
137,0,0,0,0,0,0,0.00,0,0.00,,50.00,50.00,50.00,2025-12-20 16:55:58.910 +0900
138,0,0,0,0,0,0,0.00,0,0.00,,50.00,50.00,50.00,2025-12-20 16:55:58.916 +0900
139,0,0,0,0,0,0,0.00,0,0.00,,50.00,50.00,50.00,2025-12-20 16:55:58.922 +0900
140,0,0,0,0,0,0,0.00,0,0.00,,50.00,50.00,50.00,2025-12-20 16:55:58.927 +0900
141,0,0,0,0,0,0,0.00,0,0.00,,50.00,50.00,50.00,2025-12-20 16:55:58.933 +0900
142,0,0,0,0,0,0,0.00,0,0.00,,50.00,50.00,50.00,2025-12-20 16:55:58.939 +0900
143,0,0,0,0,0,0,0.00,0,0.00,,50.00,50.00,50.00,2025-12-20 16:55:58.945 +0900
144,0,0,0,0,0,0,0.00,0,0.00,,50.00,50.00,50.00,2025-12-20 16:55:58.951 +0900
145,0,0,0,0,0,0,0.00,0,0.00,,50.00,50.00,50.00,2025-12-20 16:55:58.957 +0900
146,0,0,0,0,0,0,0.00,0,0.00,,50.00,50.00,50.00,2025-12-20 16:55:58.963 +0900
147,0,0,0,0,0,0,0.00,0,0.00,,50.00,50.00,50.00,2025-12-20 16:55:58.969 +0900
148,0,0,0,0,0,0,0.00,0,0.00,,50.00,50.00,50.00,2025-12-20 16:55:58.975 +0900
149,0,0,0,0,0,0,0.00,0,0.00,,50.00,50.00,50.00,2025-12-20 16:55:58.981 +0900
150,0,0,0,0,0,0,0.00,0,0.00,,50.00,50.00,50.00,2025-12-20 16:55:58.986 +0900
151,0,0,0,0,0,0,0.00,0,0.00,,50.00,50.00,50.00,2025-12-20 16:55:58.991 +0900
152,0,0,0,0,0,0,0.00,0,0.00,,50.00,50.00,50.00,2025-12-20 16:55:58.997 +0900
153,0,0,0,0,0,0,0.00,0,0.00,,50.00,50.00,50.00,2025-12-20 16:55:59.003 +0900
154,0,0,0,0,0,0,0.00,0,0.00,,50.00,50.00,50.00,2025-12-20 16:55:59.008 +0900
155,0,0,0,0,0,0,0.00,0,0.00,,50.00,50.00,50.00,2025-12-20 16:55:59.014 +0900
156,0,0,0,0,0,0,0.00,0,0.00,,50.00,50.00,50.00,2025-12-20 16:55:59.020 +0900
157,0,0,0,0,0,0,0.00,0,0.00,,50.00,50.00,50.00,2025-12-20 16:55:59.026 +0900
158,0,0,0,0,0,0,0.00,0,0.00,,50.00,50.00,50.00,2025-12-20 16:55:59.031 +0900
159,0,0,0,0,0,0,0.00,0,0.00,,50.00,50.00,50.00,2025-12-20 16:55:59.037 +0900
160,0,0,0,0,0,0,0.00,0,0.00,,50.00,50.00,50.00,2025-12-20 16:55:59.043 +0900
161,0,0,0,0,0,0,0.00,0,0.00,,50.00,50.00,50.00,2025-12-20 16:55:59.049 +0900
162,0,0,0,0,0,0,0.00,0,0.00,,50.00,50.00,50.00,2025-12-20 16:55:59.054 +0900
163,0,0,0,0,0,0,0.00,0,0.00,,50.00,50.00,50.00,2025-12-20 16:55:59.060 +0900
164,0,0,0,0,0,0,0.00,0,0.00,,50.00,50.00,50.00,2025-12-20 16:55:59.066 +0900
165,0,0,0,0,0,0,0.00,0,0.00,,50.00,50.00,50.00,2025-12-20 16:55:59.072 +0900
166,0,0,0,0,0,0,0.00,0,0.00,,50.00,50.00,50.00,2025-12-20 16:55:59.077 +0900
167,0,0,0,0,0,0,0.00,0,0.00,,50.00,50.00,50.00,2025-12-20 16:55:59.084 +0900
168,0,0,0,0,0,0,0.00,0,0.00,,50.00,50.00,50.00,2025-12-20 16:55:59.090 +0900
169,0,0,0,0,0,0,0.00,0,0.00,,50.00,50.00,50.00,2025-12-20 16:55:59.096 +0900
170,0,0,0,0,0,0,0.00,0,0.00,,50.00,50.00,50.00,2025-12-20 16:55:59.103 +0900
171,0,0,0,0,0,0,0.00,0,0.00,,50.00,50.00,50.00,2025-12-20 16:55:59.109 +0900
172,0,0,0,0,0,0,0.00,0,0.00,,50.00,50.00,50.00,2025-12-20 16:55:59.115 +0900
173,0,0,0,0,0,0,0.00,0,0.00,,50.00,50.00,50.00,2025-12-20 16:55:59.121 +0900
174,0,0,0,0,0,0,0.00,0,0.00,,50.00,50.00,50.00,2025-12-20 16:55:59.127 +0900
175,0,0,0,0,0,0,0.00,0,0.00,,50.00,50.00,50.00,2025-12-20 16:55:59.133 +0900
176,0,0,0,0,0,0,0.00,0,0.00,,50.00,50.00,50.00,2025-12-20 16:55:59.138 +0900
177,0,0,0,0,0,0,0.00,0,0.00,,50.00,50.00,50.00,2025-12-20 16:55:59.144 +0900
178,0,0,0,0,0,0,0.00,0,0.00,,50.00,50.00,50.00,2025-12-20 16:55:59.149 +0900
179,0,0,0,0,0,0,0.00,0,0.00,,50.00,50.00,50.00,2025-12-20 16:55:59.155 +0900
180,0,0,0,0,0,0,0.00,0,0.00,,50.00,50.00,50.00,2025-12-20 16:55:59.161 +0900
181,0,0,0,0,0,0,0.00,0,0.00,,50.00,50.00,50.00,2025-12-20 16:55:59.167 +0900
182,0,0,0,0,0,0,0.00,0,0.00,,50.00,50.00,50.00,2025-12-20 16:55:59.173 +0900
183,0,0,0,0,0,0,0.00,0,0.00,,50.00,50.00,50.00,2025-12-20 16:55:59.179 +0900
184,0,0,0,0,0,0,0.00,0,0.00,,50.00,50.00,50.00,2025-12-20 16:55:59.185 +0900
185,0,0,0,0,0,0,0.00,0,0.00,,50.00,50.00,50.00,2025-12-20 16:55:59.190 +0900
186,0,0,0,0,0,0,0.00,0,0.00,,50.00,50.00,50.00,2025-12-20 16:55:59.195 +0900
187,0,0,0,0,0,0,0.00,0,0.00,,50.00,50.00,50.00,2025-12-20 16:55:59.202 +0900
188,0,0,0,0,0,0,0.00,0,0.00,,50.00,50.00,50.00,2025-12-20 16:55:59.207 +0900
189,0,0,0,0,0,0,0.00,0,0.00,,50.00,50.00,50.00,2025-12-20 16:55:59.213 +0900
190,0,0,0,0,0,0,0.00,0,0.00,,50.00,50.00,50.00,2025-12-20 16:55:59.218 +0900
191,0,0,0,0,0,0,0.00,0,0.00,,50.00,50.00,50.00,2025-12-20 16:55:59.225 +0900
192,0,0,0,0,0,0,0.00,0,0.00,,50.00,50.00,50.00,2025-12-20 16:55:59.230 +0900
193,0,0,0,0,0,0,0.00,0,0.00,,50.00,50.00,50.00,2025-12-20 16:55:59.235 +0900
194,0,0,0,0,0,0,0.00,0,0.00,,50.00,50.00,50.00,2025-12-20 16:55:59.240 +0900
195,0,0,0,0,0,0,0.00,0,0.00,,50.00,50.00,50.00,2025-12-20 16:55:59.245 +0900
196,0,0,0,0,0,0,0.00,0,0.00,,50.00,50.00,50.00,2025-12-20 16:55:59.252 +0900
197,0,0,0,0,0,0,0.00,0,0.00,,50.00,50.00,50.00,2025-12-20 16:55:59.257 +0900
198,0,0,0,0,0,0,0.00,0,0.00,,50.00,50.00,50.00,2025-12-20 16:55:59.262 +0900
199,0,0,0,0,0,0,0.00,0,0.00,,50.00,50.00,50.00,2025-12-20 16:55:59.268 +0900
200,0,0,0,0,0,0,0.00,0,0.00,,50.00,50.00,50.00,2025-12-20 16:55:59.273 +0900
201,0,0,0,0,0,0,0.00,0,0.00,,50.00,50.00,50.00,2025-12-20 16:55:59.278 +0900
202,0,0,0,0,0,0,0.00,0,0.00,,50.00,50.00,50.00,2025-12-20 16:55:59.283 +0900
203,0,0,0,0,0,0,0.00,0,0.00,,50.00,50.00,50.00,2025-12-20 16:55:59.288 +0900
204,0,0,0,0,0,0,0.00,0,0.00,,50.00,50.00,50.00,2025-12-20 16:55:59.293 +0900
205,0,0,0,0,0,0,0.00,0,0.00,,50.00,50.00,50.00,2025-12-20 16:55:59.299 +0900
206,0,0,0,0,0,0,0.00,0,0.00,,50.00,50.00,50.00,2025-12-20 16:55:59.304 +0900
207,0,0,0,0,0,0,0.00,0,0.00,,50.00,50.00,50.00,2025-12-20 16:55:59.309 +0900
208,0,0,0,0,0,0,0.00,0,0.00,,50.00,50.00,50.00,2025-12-20 16:55:59.315 +0900
209,0,0,0,0,0,0,0.00,0,0.00,,50.00,50.00,50.00,2025-12-20 16:55:59.321 +0900
210,0,0,0,0,0,0,0.00,0,0.00,,50.00,50.00,50.00,2025-12-20 16:55:59.326 +0900
211,0,0,0,0,0,0,0.00,0,0.00,,50.00,50.00,50.00,2025-12-20 16:55:59.332 +0900
212,0,0,0,0,0,0,0.00,0,0.00,,50.00,50.00,50.00,2025-12-20 16:55:59.338 +0900
213,0,0,0,0,0,0,0.00,0,0.00,,50.00,50.00,50.00,2025-12-20 16:55:59.344 +0900
214,0,0,0,0,0,0,0.00,0,0.00,,50.00,50.00,50.00,2025-12-20 16:55:59.350 +0900
215,0,0,0,0,0,0,0.00,0,0.00,,50.00,50.00,50.00,2025-12-20 16:55:59.356 +0900
216,0,0,0,0,0,0,0.00,0,0.00,,50.00,50.00,50.00,2025-12-20 16:55:59.362 +0900
217,0,0,0,0,0,0,0.00,0,0.00,,50.00,50.00,50.00,2025-12-20 16:55:59.368 +0900
218,0,0,0,0,0,0,0.00,0,0.00,,50.00,50.00,50.00,2025-12-20 16:55:59.374 +0900
219,0,0,0,0,0,0,0.00,0,0.00,,50.00,50.00,50.00,2025-12-20 16:55:59.380 +0900
220,0,0,0,0,0,0,0.00,0,0.00,,50.00,50.00,50.00,2025-12-20 16:55:59.387 +0900
221,0,0,0,0,0,0,0.00,0,0.00,,50.00,50.00,50.00,2025-12-20 16:55:59.392 +0900
222,0,0,0,0,0,0,0.00,0,0.00,,50.00,50.00,50.00,2025-12-20 16:55:59.399 +0900
223,0,0,0,0,0,0,0.00,0,0.00,,50.00,50.00,50.00,2025-12-20 16:55:59.405 +0900
224,0,0,0,0,0,0,0.00,0,0.00,,50.00,50.00,50.00,2025-12-20 16:55:59.410 +0900
225,0,0,0,0,0,0,0.00,0,0.00,,50.00,50.00,50.00,2025-12-20 16:55:59.416 +0900
226,0,0,0,0,0,0,0.00,0,0.00,,50.00,50.00,50.00,2025-12-20 16:55:59.421 +0900
227,0,0,0,0,0,0,0.00,0,0.00,,50.00,50.00,50.00,2025-12-20 16:55:59.426 +0900
228,0,0,0,0,0,0,0.00,0,0.00,,50.00,50.00,50.00,2025-12-20 16:55:59.432 +0900
229,0,0,0,0,0,0,0.00,0,0.00,,50.00,50.00,50.00,2025-12-20 16:55:59.439 +0900
230,0,0,0,0,0,0,0.00,0,0.00,,50.00,50.00,50.00,2025-12-20 16:55:59.444 +0900
231,0,0,0,0,0,0,0.00,0,0.00,,50.00,50.00,50.00,2025-12-20 16:55:59.449 +0900
232,0,0,0,0,0,0,0.00,0,0.00,,50.00,50.00,50.00,2025-12-20 16:55:59.454 +0900
233,0,0,0,0,0,0,0.00,0,0.00,,50.00,50.00,50.00,2025-12-20 16:55:59.459 +0900
234,0,0,0,0,0,0,0.00,0,0.00,,50.00,50.00,50.00,2025-12-20 16:55:59.465 +0900
235,0,0,0,0,0,0,0.00,0,0.00,,50.00,50.00,50.00,2025-12-20 16:55:59.471 +0900
236,0,0,0,0,0,0,0.00,0,0.00,,50.00,50.00,50.00,2025-12-20 16:55:59.477 +0900
237,0,0,0,0,0,0,0.00,0,0.00,,50.00,50.00,50.00,2025-12-20 16:55:59.483 +0900
238,0,0,0,0,0,0,0.00,0,0.00,,50.00,50.00,50.00,2025-12-20 16:55:59.488 +0900
239,0,0,0,0,0,0,0.00,0,0.00,,50.00,50.00,50.00,2025-12-20 16:55:59.494 +0900
240,0,0,0,0,0,0,0.00,0,0.00,,50.00,50.00,50.00,2025-12-20 16:55:59.499 +0900
241,0,0,0,0,0,0,0.00,0,0.00,,50.00,50.00,50.00,2025-12-20 16:55:59.504 +0900
242,0,0,0,0,0,0,0.00,0,0.00,,50.00,50.00,50.00,2025-12-20 16:55:59.509 +0900
243,0,0,0,0,0,0,0.00,0,0.00,,50.00,50.00,50.00,2025-12-20 16:55:59.514 +0900
244,0,0,0,0,0,0,0.00,0,0.00,,50.00,50.00,50.00,2025-12-20 16:55:59.519 +0900
245,0,0,0,0,0,0,0.00,0,0.00,,50.00,50.00,50.00,2025-12-20 16:55:59.525 +0900
246,0,0,0,0,0,0,0.00,0,0.00,,50.00,50.00,50.00,2025-12-20 16:55:59.530 +0900
247,0,0,0,0,0,0,0.00,0,0.00,,50.00,50.00,50.00,2025-12-20 16:55:59.536 +0900
248,0,0,0,0,0,0,0.00,0,0.00,,50.00,50.00,50.00,2025-12-20 16:55:59.541 +0900
249,0,0,0,0,0,0,0.00,0,0.00,,50.00,50.00,50.00,2025-12-20 16:55:59.546 +0900
250,0,0,0,0,0,0,0.00,0,0.00,,50.00,50.00,50.00,2025-12-20 16:55:59.552 +0900
251,0,0,0,0,0,0,0.00,0,0.00,,50.00,50.00,50.00,2025-12-20 16:55:59.557 +0900
252,0,0,0,0,0,0,0.00,0,0.00,,50.00,50.00,50.00,2025-12-20 16:55:59.563 +0900
253,0,0,0,0,0,0,0.00,0,0.00,,50.00,50.00,50.00,2025-12-20 16:55:59.568 +0900
254,0,0,0,0,0,0,0.00,0,0.00,,50.00,50.00,50.00,2025-12-20 16:55:59.573 +0900
255,0,0,0,0,0,0,0.00,0,0.00,,50.00,50.00,50.00,2025-12-20 16:55:59.579 +0900
256,0,0,0,0,0,0,0.00,0,0.00,,50.00,50.00,50.00,2025-12-20 16:55:59.585 +0900
257,0,0,0,0,0,0,0.00,0,0.00,,50.00,50.00,50.00,2025-12-20 16:55:59.590 +0900
258,0,0,0,0,0,0,0.00,0,0.00,,50.00,50.00,50.00,2025-12-20 16:55:59.596 +0900
259,0,0,0,0,0,0,0.00,0,0.00,,50.00,50.00,50.00,2025-12-20 16:55:59.601 +0900
260,0,0,0,0,0,0,0.00,0,0.00,,50.00,50.00,50.00,2025-12-20 16:55:59.606 +0900
261,0,0,0,0,0,0,0.00,0,0.00,,50.00,50.00,50.00,2025-12-20 16:55:59.611 +0900
262,0,0,0,0,0,0,0.00,0,0.00,,50.00,50.00,50.00,2025-12-20 16:55:59.616 +0900
263,0,0,0,0,0,0,0.00,0,0.00,,50.00,50.00,50.00,2025-12-20 16:55:59.622 +0900
264,0,0,0,0,0,0,0.00,0,0.00,,50.00,50.00,50.00,2025-12-20 16:55:59.627 +0900
265,0,0,0,0,0,0,0.00,0,0.00,,50.00,50.00,50.00,2025-12-20 16:55:59.632 +0900
266,0,0,0,0,0,0,0.00,0,0.00,,50.00,50.00,50.00,2025-12-20 16:55:59.638 +0900
267,0,0,0,0,0,0,0.00,0,0.00,,50.00,50.00,50.00,2025-12-20 16:55:59.643 +0900
268,0,0,0,0,0,0,0.00,0,0.00,,50.00,50.00,50.00,2025-12-20 16:55:59.648 +0900
269,0,0,0,0,0,0,0.00,0,0.00,,50.00,50.00,50.00,2025-12-20 16:55:59.653 +0900
270,0,0,0,0,0,0,0.00,0,0.00,,50.00,50.00,50.00,2025-12-20 16:55:59.659 +0900
271,0,0,0,0,0,0,0.00,0,0.00,,50.00,50.00,50.00,2025-12-20 16:55:59.664 +0900
272,0,0,0,0,0,0,0.00,0,0.00,,50.00,50.00,50.00,2025-12-20 16:55:59.670 +0900
273,0,0,0,0,0,0,0.00,0,0.00,,50.00,50.00,50.00,2025-12-20 16:55:59.675 +0900
274,0,0,0,0,0,0,0.00,0,0.00,,50.00,50.00,50.00,2025-12-20 16:55:59.680 +0900
275,0,0,0,0,0,0,0.00,0,0.00,,50.00,50.00,50.00,2025-12-20 16:55:59.686 +0900
276,0,0,0,0,0,0,0.00,0,0.00,,50.00,50.00,50.00,2025-12-20 16:55:59.691 +0900
277,0,0,0,0,0,0,0.00,0,0.00,,50.00,50.00,50.00,2025-12-20 16:55:59.696 +0900
278,0,0,0,0,0,0,0.00,0,0.00,,50.00,50.00,50.00,2025-12-20 16:55:59.703 +0900
279,0,0,0,0,0,0,0.00,0,0.00,,50.00,50.00,50.00,2025-12-20 16:55:59.709 +0900
280,0,0,0,0,0,0,0.00,0,0.00,,50.00,50.00,50.00,2025-12-20 16:55:59.714 +0900
281,0,0,0,0,0,0,0.00,0,0.00,,50.00,50.00,50.00,2025-12-20 16:55:59.719 +0900
282,0,0,0,0,0,0,0.00,0,0.00,,50.00,50.00,50.00,2025-12-20 16:55:59.724 +0900
283,0,0,0,0,0,0,0.00,0,0.00,,50.00,50.00,50.00,2025-12-20 16:55:59.730 +0900
284,0,0,0,0,0,0,0.00,0,0.00,,50.00,50.00,50.00,2025-12-20 16:55:59.735 +0900
285,0,0,0,0,0,0,0.00,0,0.00,,50.00,50.00,50.00,2025-12-20 16:55:59.740 +0900
286,0,0,0,0,0,0,0.00,0,0.00,,50.00,50.00,50.00,2025-12-20 16:55:59.745 +0900
287,0,0,0,0,0,0,0.00,0,0.00,,50.00,50.00,50.00,2025-12-20 16:55:59.751 +0900
288,0,0,0,0,0,0,0.00,0,0.00,,50.00,50.00,50.00,2025-12-20 16:55:59.756 +0900
289,0,0,0,0,0,0,0.00,0,0.00,,50.00,50.00,50.00,2025-12-20 16:55:59.761 +0900
290,0,0,0,0,0,0,0.00,0,0.00,,50.00,50.00,50.00,2025-12-20 16:55:59.767 +0900
291,0,0,0,0,0,0,0.00,0,0.00,,50.00,50.00,50.00,2025-12-20 16:55:59.772 +0900
292,0,0,0,0,0,0,0.00,0,0.00,,50.00,50.00,50.00,2025-12-20 16:55:59.777 +0900
293,0,0,0,0,0,0,0.00,0,0.00,,50.00,50.00,50.00,2025-12-20 16:55:59.783 +0900
294,0,0,0,0,0,0,0.00,0,0.00,,50.00,50.00,50.00,2025-12-20 16:55:59.788 +0900
295,0,0,0,0,0,0,0.00,0,0.00,,50.00,50.00,50.00,2025-12-20 16:55:59.793 +0900
296,0,0,0,0,0,0,0.00,0,0.00,,50.00,50.00,50.00,2025-12-20 16:55:59.798 +0900
297,0,0,0,0,0,0,0.00,0,0.00,,50.00,50.00,50.00,2025-12-20 16:55:59.804 +0900
298,0,0,0,0,0,0,0.00,0,0.00,,50.00,50.00,50.00,2025-12-20 16:55:59.809 +0900
299,0,0,0,0,0,0,0.00,0,0.00,,50.00,50.00,50.00,2025-12-20 16:55:59.814 +0900
300,0,0,0,0,0,0,0.00,0,0.00,,50.00,50.00,50.00,2025-12-20 16:55:59.820 +0900
301,0,0,0,0,0,0,0.00,0,0.00,,50.00,50.00,50.00,2025-12-20 16:55:59.825 +0900
302,0,0,0,0,0,0,0.00,0,0.00,,50.00,50.00,50.00,2025-12-20 16:55:59.830 +0900
303,0,0,0,0,0,0,0.00,0,0.00,,50.00,50.00,50.00,2025-12-20 16:55:59.836 +0900
304,0,0,0,0,0,0,0.00,0,0.00,,50.00,50.00,50.00,2025-12-20 16:55:59.841 +0900
305,0,0,0,0,0,0,0.00,0,0.00,,50.00,50.00,50.00,2025-12-20 16:55:59.847 +0900
306,0,0,0,0,0,0,0.00,0,0.00,,50.00,50.00,50.00,2025-12-20 16:55:59.853 +0900
307,0,0,0,0,0,0,0.00,0,0.00,,50.00,50.00,50.00,2025-12-20 16:55:59.858 +0900
308,0,0,0,0,0,0,0.00,0,0.00,,50.00,50.00,50.00,2025-12-20 16:55:59.863 +0900
309,0,0,0,0,0,0,0.00,0,0.00,,50.00,50.00,50.00,2025-12-20 16:55:59.868 +0900
310,0,0,0,0,0,0,0.00,0,0.00,,50.00,50.00,50.00,2025-12-20 16:55:59.874 +0900
311,0,0,0,0,0,0,0.00,0,0.00,,50.00,50.00,50.00,2025-12-20 16:55:59.880 +0900
312,0,0,0,0,0,0,0.00,0,0.00,,50.00,50.00,50.00,2025-12-20 16:55:59.885 +0900
313,0,0,0,0,0,0,0.00,0,0.00,,50.00,50.00,50.00,2025-12-20 16:55:59.891 +0900
314,0,0,0,0,0,0,0.00,0,0.00,,50.00,50.00,50.00,2025-12-20 16:55:59.896 +0900
315,0,0,0,0,0,0,0.00,0,0.00,,50.00,50.00,50.00,2025-12-20 16:55:59.902 +0900
316,0,0,0,0,0,0,0.00,0,0.00,,50.00,50.00,50.00,2025-12-20 16:55:59.907 +0900
317,0,0,0,0,0,0,0.00,0,0.00,,50.00,50.00,50.00,2025-12-20 16:55:59.912 +0900
318,0,0,0,0,0,0,0.00,0,0.00,,50.00,50.00,50.00,2025-12-20 16:55:59.918 +0900
319,0,0,0,0,0,0,0.00,0,0.00,,50.00,50.00,50.00,2025-12-20 16:55:59.923 +0900
320,0,0,0,0,0,0,0.00,0,0.00,,50.00,50.00,50.00,2025-12-20 16:55:59.928 +0900
321,0,0,0,0,0,0,0.00,0,0.00,,50.00,50.00,50.00,2025-12-20 16:55:59.934 +0900
322,0,0,0,0,0,0,0.00,0,0.00,,50.00,50.00,50.00,2025-12-20 16:55:59.939 +0900
323,0,0,0,0,0,0,0.00,0,0.00,,50.00,50.00,50.00,2025-12-20 16:55:59.945 +0900
324,0,0,0,0,0,0,0.00,0,0.00,,50.00,50.00,50.00,2025-12-20 16:55:59.950 +0900
325,0,0,0,0,0,0,0.00,0,0.00,,50.00,50.00,50.00,2025-12-20 16:55:59.956 +0900
326,0,0,0,0,0,0,0.00,0,0.00,,50.00,50.00,50.00,2025-12-20 16:55:59.961 +0900
327,0,0,0,0,0,0,0.00,0,0.00,,50.00,50.00,50.00,2025-12-20 16:55:59.966 +0900
328,0,0,0,0,0,0,0.00,0,0.00,,50.00,50.00,50.00,2025-12-20 16:55:59.971 +0900
329,0,0,0,0,0,0,0.00,0,0.00,,50.00,50.00,50.00,2025-12-20 16:55:59.976 +0900
330,0,0,0,0,0,0,0.00,0,0.00,,50.00,50.00,50.00,2025-12-20 16:55:59.981 +0900
331,0,0,0,0,0,0,0.00,0,0.00,,50.00,50.00,50.00,2025-12-20 16:55:59.987 +0900
332,0,0,0,0,0,0,0.00,0,0.00,,50.00,50.00,50.00,2025-12-20 16:55:59.992 +0900
333,0,0,0,0,0,0,0.00,0,0.00,,50.00,50.00,50.00,2025-12-20 16:55:59.997 +0900
334,0,0,0,0,0,0,0.00,0,0.00,,50.00,50.00,50.00,2025-12-20 16:56:00.003 +0900
335,0,0,0,0,0,0,0.00,0,0.00,,50.00,50.00,50.00,2025-12-20 16:56:00.009 +0900
336,0,0,0,0,0,0,0.00,0,0.00,,50.00,50.00,50.00,2025-12-20 16:56:00.014 +0900
337,0,0,0,0,0,0,0.00,0,0.00,,50.00,50.00,50.00,2025-12-20 16:56:00.019 +0900
338,0,0,0,0,0,0,0.00,0,0.00,,50.00,50.00,50.00,2025-12-20 16:56:00.025 +0900
339,0,0,0,0,0,0,0.00,0,0.00,,50.00,50.00,50.00,2025-12-20 16:56:00.030 +0900
340,0,0,0,0,0,0,0.00,0,0.00,,50.00,50.00,50.00,2025-12-20 16:56:00.036 +0900
341,0,0,0,0,0,0,0.00,0,0.00,,50.00,50.00,50.00,2025-12-20 16:56:00.041 +0900
342,0,0,0,0,0,0,0.00,0,0.00,,50.00,50.00,50.00,2025-12-20 16:56:00.046 +0900
343,0,0,0,0,0,0,0.00,0,0.00,,50.00,50.00,50.00,2025-12-20 16:56:00.052 +0900
344,0,0,0,0,0,0,0.00,0,0.00,,50.00,50.00,50.00,2025-12-20 16:56:00.057 +0900
345,0,0,0,0,0,0,0.00,0,0.00,,50.00,50.00,50.00,2025-12-20 16:56:00.063 +0900
346,0,0,0,0,0,0,0.00,0,0.00,,50.00,50.00,50.00,2025-12-20 16:56:00.068 +0900
347,0,0,0,0,0,0,0.00,0,0.00,,50.00,50.00,50.00,2025-12-20 16:56:00.073 +0900
348,0,0,0,0,0,0,0.00,0,0.00,,50.00,50.00,50.00,2025-12-20 16:56:00.079 +0900
349,0,0,0,0,0,0,0.00,0,0.00,,50.00,50.00,50.00,2025-12-20 16:56:00.085 +0900
350,0,0,0,0,0,0,0.00,0,0.00,,50.00,50.00,50.00,2025-12-20 16:56:00.091 +0900
351,0,0,0,0,0,0,0.00,0,0.00,,50.00,50.00,50.00,2025-12-20 16:56:00.096 +0900
352,0,0,0,0,0,0,0.00,0,0.00,,50.00,50.00,50.00,2025-12-20 16:56:00.102 +0900
353,0,0,0,0,0,0,0.00,0,0.00,,50.00,50.00,50.00,2025-12-20 16:56:00.107 +0900
354,0,0,0,0,0,0,0.00,0,0.00,,50.00,50.00,50.00,2025-12-20 16:56:00.113 +0900
355,0,0,0,0,0,0,0.00,0,0.00,,50.00,50.00,50.00,2025-12-20 16:56:00.118 +0900
356,0,0,0,0,0,0,0.00,0,0.00,,50.00,50.00,50.00,2025-12-20 16:56:00.124 +0900
357,0,0,0,0,0,0,0.00,0,0.00,,50.00,50.00,50.00,2025-12-20 16:56:00.129 +0900
358,0,0,0,0,0,0,0.00,0,0.00,,50.00,50.00,50.00,2025-12-20 16:56:00.135 +0900
359,0,0,0,0,0,0,0.00,0,0.00,,50.00,50.00,50.00,2025-12-20 16:56:00.140 +0900
360,0,0,0,0,0,0,0.00,0,0.00,,50.00,50.00,50.00,2025-12-20 16:56:00.146 +0900
361,0,0,0,0,0,0,0.00,0,0.00,,50.00,50.00,50.00,2025-12-20 16:56:00.151 +0900
362,0,0,0,0,0,0,0.00,0,0.00,,50.00,50.00,50.00,2025-12-20 16:56:00.156 +0900
363,0,0,0,0,0,0,0.00,0,0.00,,50.00,50.00,50.00,2025-12-20 16:56:00.162 +0900
364,0,0,0,0,0,0,0.00,0,0.00,,50.00,50.00,50.00,2025-12-20 16:56:00.167 +0900
365,0,0,0,0,0,0,0.00,0,0.00,,50.00,50.00,50.00,2025-12-20 16:56:00.173 +0900
366,0,0,0,0,0,0,0.00,0,0.00,,50.00,50.00,50.00,2025-12-20 16:56:00.178 +0900
367,0,0,0,0,0,0,0.00,0,0.00,,50.00,50.00,50.00,2025-12-20 16:56:00.183 +0900
368,0,0,0,0,0,0,0.00,0,0.00,,50.00,50.00,50.00,2025-12-20 16:56:00.189 +0900
369,0,0,0,0,0,0,0.00,0,0.00,,50.00,50.00,50.00,2025-12-20 16:56:00.194 +0900
370,0,0,0,0,0,0,0.00,0,0.00,,50.00,50.00,50.00,2025-12-20 16:56:00.200 +0900
371,0,0,0,0,0,0,0.00,0,0.00,,50.00,50.00,50.00,2025-12-20 16:56:00.205 +0900
372,0,0,0,0,0,0,0.00,0,0.00,,50.00,50.00,50.00,2025-12-20 16:56:00.211 +0900
373,0,0,0,0,0,0,0.00,0,0.00,,50.00,50.00,50.00,2025-12-20 16:56:00.216 +0900
374,0,0,0,0,0,0,0.00,0,0.00,,50.00,50.00,50.00,2025-12-20 16:56:00.222 +0900
375,0,0,0,0,0,0,0.00,0,0.00,,50.00,50.00,50.00,2025-12-20 16:56:00.228 +0900
376,0,0,0,0,0,0,0.00,0,0.00,,50.00,50.00,50.00,2025-12-20 16:56:00.233 +0900
377,0,0,0,0,0,0,0.00,0,0.00,,50.00,50.00,50.00,2025-12-20 16:56:00.239 +0900
378,0,0,0,0,0,0,0.00,0,0.00,,50.00,50.00,50.00,2025-12-20 16:56:00.244 +0900
379,0,0,0,0,0,0,0.00,0,0.00,,50.00,50.00,50.00,2025-12-20 16:56:00.250 +0900
380,0,0,0,0,0,0,0.00,0,0.00,,50.00,50.00,50.00,2025-12-20 16:56:00.256 +0900
381,0,0,0,0,0,0,0.00,0,0.00,,50.00,50.00,50.00,2025-12-20 16:56:00.262 +0900
382,0,0,0,0,0,0,0.00,0,0.00,,50.00,50.00,50.00,2025-12-20 16:56:00.267 +0900
383,0,0,0,0,0,0,0.00,0,0.00,,50.00,50.00,50.00,2025-12-20 16:56:00.273 +0900
384,0,0,0,0,0,0,0.00,0,0.00,,50.00,50.00,50.00,2025-12-20 16:56:00.279 +0900
385,0,0,0,0,0,0,0.00,0,0.00,,50.00,50.00,50.00,2025-12-20 16:56:00.286 +0900
387,0,0,0,0,0,0,0.00,0,0.00,,50.00,50.00,50.00,2025-12-20 16:56:00.298 +0900
388,0,0,0,0,0,0,0.00,0,0.00,,50.00,50.00,50.00,2025-12-20 16:56:00.306 +0900
389,0,0,0,0,0,0,0.00,0,0.00,,50.00,50.00,50.00,2025-12-20 16:56:00.312 +0900
390,0,0,0,0,0,0,0.00,0,0.00,,50.00,50.00,50.00,2025-12-20 16:56:00.319 +0900
391,0,0,0,0,0,0,0.00,0,0.00,,50.00,50.00,50.00,2025-12-20 16:56:00.326 +0900
392,0,0,0,0,0,0,0.00,0,0.00,,50.00,50.00,50.00,2025-12-20 16:56:00.332 +0900
393,0,0,0,0,0,0,0.00,0,0.00,,50.00,50.00,50.00,2025-12-20 16:56:00.338 +0900
394,0,0,0,0,0,0,0.00,0,0.00,,50.00,50.00,50.00,2025-12-20 16:56:00.344 +0900
395,0,0,0,0,0,0,0.00,0,0.00,,50.00,50.00,50.00,2025-12-20 16:56:00.350 +0900
396,0,0,0,0,0,0,0.00,0,0.00,,50.00,50.00,50.00,2025-12-20 16:56:00.357 +0900
397,0,0,0,0,0,0,0.00,0,0.00,,50.00,50.00,50.00,2025-12-20 16:56:00.364 +0900
398,0,0,0,0,0,0,0.00,0,0.00,,50.00,50.00,50.00,2025-12-20 16:56:00.370 +0900
399,0,0,0,0,0,0,0.00,0,0.00,,50.00,50.00,50.00,2025-12-20 16:56:00.376 +0900
400,0,0,0,0,0,0,0.00,0,0.00,,50.00,50.00,50.00,2025-12-20 16:56:00.382 +0900
401,0,0,0,0,0,0,0.00,0,0.00,,50.00,50.00,50.00,2025-12-20 16:56:00.388 +0900
402,0,0,0,0,0,0,0.00,0,0.00,,50.00,50.00,50.00,2025-12-20 16:56:00.394 +0900
403,0,0,0,0,0,0,0.00,0,0.00,,50.00,50.00,50.00,2025-12-20 16:56:00.401 +0900
404,0,0,0,0,0,0,0.00,0,0.00,,50.00,50.00,50.00,2025-12-20 16:56:00.406 +0900
405,0,0,0,0,0,0,0.00,0,0.00,,50.00,50.00,50.00,2025-12-20 16:56:00.412 +0900
406,0,0,0,0,0,0,0.00,0,0.00,,50.00,50.00,50.00,2025-12-20 16:56:00.417 +0900
407,0,0,0,0,0,0,0.00,0,0.00,,50.00,50.00,50.00,2025-12-20 16:56:00.424 +0900
408,0,0,0,0,0,0,0.00,0,0.00,,50.00,50.00,50.00,2025-12-20 16:56:00.431 +0900
409,0,0,0,0,0,0,0.00,0,0.00,,50.00,50.00,50.00,2025-12-20 16:56:00.437 +0900
410,0,0,0,0,0,0,0.00,0,0.00,,50.00,50.00,50.00,2025-12-20 16:56:00.443 +0900
411,0,0,0,0,0,0,0.00,0,0.00,,50.00,50.00,50.00,2025-12-20 16:56:00.449 +0900
412,0,0,0,0,0,0,0.00,0,0.00,,50.00,50.00,50.00,2025-12-20 16:56:00.455 +0900
413,0,0,0,0,0,0,0.00,0,0.00,,50.00,50.00,50.00,2025-12-20 16:56:00.462 +0900
414,0,0,0,0,0,0,0.00,0,0.00,,50.00,50.00,50.00,2025-12-20 16:56:00.468 +0900
415,0,0,0,0,0,0,0.00,0,0.00,,50.00,50.00,50.00,2025-12-20 16:56:00.474 +0900
416,0,0,0,0,0,0,0.00,0,0.00,,50.00,50.00,50.00,2025-12-20 16:56:00.480 +0900
417,0,0,0,0,0,0,0.00,0,0.00,,50.00,50.00,50.00,2025-12-20 16:56:00.487 +0900
418,0,0,0,0,0,0,0.00,0,0.00,,50.00,50.00,50.00,2025-12-20 16:56:00.493 +0900
419,0,0,0,0,0,0,0.00,0,0.00,,50.00,50.00,50.00,2025-12-20 16:56:00.499 +0900
420,0,0,0,0,0,0,0.00,0,0.00,,50.00,50.00,50.00,2025-12-20 16:56:00.505 +0900
421,0,0,0,0,0,0,0.00,0,0.00,,50.00,50.00,50.00,2025-12-20 16:56:00.511 +0900
422,0,0,0,0,0,0,0.00,0,0.00,,50.00,50.00,50.00,2025-12-20 16:56:00.518 +0900
423,0,0,0,0,0,0,0.00,0,0.00,,50.00,50.00,50.00,2025-12-20 16:56:00.523 +0900
424,0,0,0,0,0,0,0.00,0,0.00,,50.00,50.00,50.00,2025-12-20 16:56:00.530 +0900
425,0,0,0,0,0,0,0.00,0,0.00,,50.00,50.00,50.00,2025-12-20 16:56:00.536 +0900
426,0,0,0,0,0,0,0.00,0,0.00,,50.00,50.00,50.00,2025-12-20 16:56:00.543 +0900
427,0,0,0,0,0,0,0.00,0,0.00,,50.00,50.00,50.00,2025-12-20 16:56:00.550 +0900
428,0,0,0,0,0,0,0.00,0,0.00,,50.00,50.00,50.00,2025-12-20 16:56:00.556 +0900
429,0,0,0,0,0,0,0.00,0,0.00,,50.00,50.00,50.00,2025-12-20 16:56:00.563 +0900
430,0,0,0,0,0,0,0.00,0,0.00,,50.00,50.00,50.00,2025-12-20 16:56:00.569 +0900
431,0,0,0,0,0,0,0.00,0,0.00,,50.00,50.00,50.00,2025-12-20 16:56:00.576 +0900
432,0,0,0,0,0,0,0.00,0,0.00,,50.00,50.00,50.00,2025-12-20 16:56:00.582 +0900
433,0,0,0,0,0,0,0.00,0,0.00,,50.00,50.00,50.00,2025-12-20 16:56:00.588 +0900
434,0,0,0,0,0,0,0.00,0,0.00,,50.00,50.00,50.00,2025-12-20 16:56:00.594 +0900
435,0,0,0,0,0,0,0.00,0,0.00,,50.00,50.00,50.00,2025-12-20 16:56:00.600 +0900
436,0,0,0,0,0,0,0.00,0,0.00,,50.00,50.00,50.00,2025-12-20 16:56:00.606 +0900
437,0,0,0,0,0,0,0.00,0,0.00,,50.00,50.00,50.00,2025-12-20 16:56:00.612 +0900
438,0,0,0,0,0,0,0.00,0,0.00,,50.00,50.00,50.00,2025-12-20 16:56:00.618 +0900
439,0,0,0,0,0,0,0.00,0,0.00,,50.00,50.00,50.00,2025-12-20 16:56:00.624 +0900
440,0,0,0,0,0,0,0.00,0,0.00,,50.00,50.00,50.00,2025-12-20 16:56:00.630 +0900
441,0,0,0,0,0,0,0.00,0,0.00,,50.00,50.00,50.00,2025-12-20 16:56:00.636 +0900
442,0,0,0,0,0,0,0.00,0,0.00,,50.00,50.00,50.00,2025-12-20 16:56:00.641 +0900
443,0,0,0,0,0,0,0.00,0,0.00,,50.00,50.00,50.00,2025-12-20 16:56:00.647 +0900
444,0,0,0,0,0,0,0.00,0,0.00,,50.00,50.00,50.00,2025-12-20 16:56:00.653 +0900
445,0,0,0,0,0,0,0.00,0,0.00,,50.00,50.00,50.00,2025-12-20 16:56:00.660 +0900
446,0,0,0,0,0,0,0.00,0,0.00,,50.00,50.00,50.00,2025-12-20 16:56:00.668 +0900
447,0,0,0,0,0,0,0.00,0,0.00,,50.00,50.00,50.00,2025-12-20 16:56:00.678 +0900
448,0,0,0,0,0,0,0.00,0,0.00,,50.00,50.00,50.00,2025-12-20 16:56:00.685 +0900
449,0,0,0,0,0,0,0.00,0,0.00,,50.00,50.00,50.00,2025-12-20 16:56:00.692 +0900
450,0,0,0,0,0,0,0.00,0,0.00,,50.00,50.00,50.00,2025-12-20 16:56:00.702 +0900
451,0,0,0,0,0,0,0.00,0,0.00,,50.00,50.00,50.00,2025-12-20 16:56:00.711 +0900
452,0,0,0,0,0,0,0.00,0,0.00,,50.00,50.00,50.00,2025-12-20 16:56:00.717 +0900
453,0,0,0,0,0,0,0.00,0,0.00,,50.00,50.00,50.00,2025-12-20 16:56:00.723 +0900
454,0,0,0,0,0,0,0.00,0,0.00,,50.00,50.00,50.00,2025-12-20 16:56:00.729 +0900
455,0,0,0,0,0,0,0.00,0,0.00,,50.00,50.00,50.00,2025-12-20 16:56:00.734 +0900
456,0,0,0,0,0,0,0.00,0,0.00,,50.00,50.00,50.00,2025-12-20 16:56:00.740 +0900
457,0,0,0,0,0,0,0.00,0,0.00,,50.00,50.00,50.00,2025-12-20 16:56:00.746 +0900
458,0,0,0,0,0,0,0.00,0,0.00,,50.00,50.00,50.00,2025-12-20 16:56:00.752 +0900
459,0,0,0,0,0,0,0.00,0,0.00,,50.00,50.00,50.00,2025-12-20 16:56:00.759 +0900
460,0,0,0,0,0,0,0.00,0,0.00,,50.00,50.00,50.00,2025-12-20 16:56:00.764 +0900
461,0,0,0,0,0,0,0.00,0,0.00,,50.00,50.00,50.00,2025-12-20 16:56:00.770 +0900
462,0,0,0,0,0,0,0.00,0,0.00,,50.00,50.00,50.00,2025-12-20 16:56:00.775 +0900
463,0,0,0,0,0,0,0.00,0,0.00,,50.00,50.00,50.00,2025-12-20 16:56:00.782 +0900
464,0,0,0,0,0,0,0.00,0,0.00,,50.00,50.00,50.00,2025-12-20 16:56:00.788 +0900
465,0,0,0,0,0,0,0.00,0,0.00,,50.00,50.00,50.00,2025-12-20 16:56:00.794 +0900
466,0,0,0,0,0,0,0.00,0,0.00,,50.00,50.00,50.00,2025-12-20 16:56:00.801 +0900
467,0,0,0,0,0,0,0.00,0,0.00,,50.00,50.00,50.00,2025-12-20 16:56:00.806 +0900
468,0,0,0,0,0,0,0.00,0,0.00,,50.00,50.00,50.00,2025-12-20 16:56:00.812 +0900
469,0,0,0,0,0,0,0.00,0,0.00,,50.00,50.00,50.00,2025-12-20 16:56:00.817 +0900
470,0,0,0,0,0,0,0.00,0,0.00,,50.00,50.00,50.00,2025-12-20 16:56:00.823 +0900
471,0,0,0,0,0,0,0.00,0,0.00,,50.00,50.00,50.00,2025-12-20 16:56:00.829 +0900
472,0,0,0,0,0,0,0.00,0,0.00,,50.00,50.00,50.00,2025-12-20 16:56:00.835 +0900
473,0,0,0,0,0,0,0.00,0,0.00,,50.00,50.00,50.00,2025-12-20 16:56:00.842 +0900
474,0,0,0,0,0,0,0.00,0,0.00,,50.00,50.00,50.00,2025-12-20 16:56:00.848 +0900
475,0,0,0,0,0,0,0.00,0,0.00,,50.00,50.00,50.00,2025-12-20 16:56:00.853 +0900
476,0,0,0,0,0,0,0.00,0,0.00,,50.00,50.00,50.00,2025-12-20 16:56:00.859 +0900
477,0,0,0,0,0,0,0.00,0,0.00,,50.00,50.00,50.00,2025-12-20 16:56:00.865 +0900
478,0,0,0,0,0,0,0.00,0,0.00,,50.00,50.00,50.00,2025-12-20 16:56:00.870 +0900
479,0,0,0,0,0,0,0.00,0,0.00,,50.00,50.00,50.00,2025-12-20 16:56:00.876 +0900
480,0,0,0,0,0,0,0.00,0,0.00,,50.00,50.00,50.00,2025-12-20 16:56:00.882 +0900
481,0,0,0,0,0,0,0.00,0,0.00,,50.00,50.00,50.00,2025-12-20 16:56:00.887 +0900
482,0,0,0,0,0,0,0.00,0,0.00,,50.00,50.00,50.00,2025-12-20 16:56:00.893 +0900
483,0,0,0,0,0,0,0.00,0,0.00,,50.00,50.00,50.00,2025-12-20 16:56:00.900 +0900
484,0,0,0,0,0,0,0.00,0,0.00,,50.00,50.00,50.00,2025-12-20 16:56:00.906 +0900
485,0,0,0,0,0,0,0.00,0,0.00,,50.00,50.00,50.00,2025-12-20 16:56:00.912 +0900
486,0,0,0,0,0,0,0.00,0,0.00,,50.00,50.00,50.00,2025-12-20 16:56:00.918 +0900
487,0,0,0,0,0,0,0.00,0,0.00,,50.00,50.00,50.00,2025-12-20 16:56:00.923 +0900
488,0,0,0,0,0,0,0.00,0,0.00,,50.00,50.00,50.00,2025-12-20 16:56:00.929 +0900
489,0,0,0,0,0,0,0.00,0,0.00,,50.00,50.00,50.00,2025-12-20 16:56:00.935 +0900
490,0,0,0,0,0,0,0.00,0,0.00,,50.00,50.00,50.00,2025-12-20 16:56:00.942 +0900
491,0,0,0,0,0,0,0.00,0,0.00,,50.00,50.00,50.00,2025-12-20 16:56:00.948 +0900
492,0,0,0,0,0,0,0.00,0,0.00,,50.00,50.00,50.00,2025-12-20 16:56:00.954 +0900
493,0,0,0,0,0,0,0.00,0,0.00,,50.00,50.00,50.00,2025-12-20 16:56:00.959 +0900
494,0,0,0,0,0,0,0.00,0,0.00,,50.00,50.00,50.00,2025-12-20 16:56:00.966 +0900
495,0,0,0,0,0,0,0.00,0,0.00,,50.00,50.00,50.00,2025-12-20 16:56:00.972 +0900
496,0,0,0,0,0,0,0.00,0,0.00,,50.00,50.00,50.00,2025-12-20 16:56:00.978 +0900
497,0,0,0,0,0,0,0.00,0,0.00,,50.00,50.00,50.00,2025-12-20 16:56:00.986 +0900
498,0,0,0,0,0,0,0.00,0,0.00,,50.00,50.00,50.00,2025-12-20 16:56:00.992 +0900
499,0,0,0,0,0,0,0.00,0,0.00,,50.00,50.00,50.00,2025-12-20 16:56:00.998 +0900
500,0,0,0,0,0,0,0.00,0,0.00,,50.00,50.00,50.00,2025-12-20 16:56:01.005 +0900
501,0,0,0,0,0,0,0.00,0,0.00,,50.00,50.00,50.00,2025-12-20 16:56:01.011 +0900
502,0,0,0,0,0,0,0.00,0,0.00,,50.00,50.00,50.00,2025-12-20 16:56:01.017 +0900
503,0,0,0,0,0,0,0.00,0,0.00,,50.00,50.00,50.00,2025-12-20 16:56:01.023 +0900
504,0,0,0,0,0,0,0.00,0,0.00,,50.00,50.00,50.00,2025-12-20 16:56:01.030 +0900
505,0,0,0,0,0,0,0.00,0,0.00,,50.00,50.00,50.00,2025-12-20 16:56:01.035 +0900
506,0,0,0,0,0,0,0.00,0,0.00,,50.00,50.00,50.00,2025-12-20 16:56:01.041 +0900
507,0,0,0,0,0,0,0.00,0,0.00,,50.00,50.00,50.00,2025-12-20 16:56:01.047 +0900
508,0,0,0,0,0,0,0.00,0,0.00,,50.00,50.00,50.00,2025-12-20 16:56:01.053 +0900
509,0,0,0,0,0,0,0.00,0,0.00,,50.00,50.00,50.00,2025-12-20 16:56:01.059 +0900
510,0,0,0,0,0,0,0.00,0,0.00,,50.00,50.00,50.00,2025-12-20 16:56:01.065 +0900
511,0,0,0,0,0,0,0.00,0,0.00,,50.00,50.00,50.00,2025-12-20 16:56:01.071 +0900
512,0,0,0,0,0,0,0.00,0,0.00,,50.00,50.00,50.00,2025-12-20 16:56:01.077 +0900
513,0,0,0,0,0,0,0.00,0,0.00,,50.00,50.00,50.00,2025-12-20 16:56:01.083 +0900
514,0,0,0,0,0,0,0.00,0,0.00,,50.00,50.00,50.00,2025-12-20 16:56:01.089 +0900
515,0,0,0,0,0,0,0.00,0,0.00,,50.00,50.00,50.00,2025-12-20 16:56:01.095 +0900
516,0,0,0,0,0,0,0.00,0,0.00,,50.00,50.00,50.00,2025-12-20 16:56:01.101 +0900
517,0,0,0,0,0,0,0.00,0,0.00,,50.00,50.00,50.00,2025-12-20 16:56:01.107 +0900
518,0,0,0,0,0,0,0.00,0,0.00,,50.00,50.00,50.00,2025-12-20 16:56:01.113 +0900
519,0,0,0,0,0,0,0.00,0,0.00,,50.00,50.00,50.00,2025-12-20 16:56:01.119 +0900
520,0,0,0,0,0,0,0.00,0,0.00,,50.00,50.00,50.00,2025-12-20 16:56:01.125 +0900
521,0,0,0,0,0,0,0.00,0,0.00,,50.00,50.00,50.00,2025-12-20 16:56:01.131 +0900
522,0,0,0,0,0,0,0.00,0,0.00,,50.00,50.00,50.00,2025-12-20 16:56:01.138 +0900
523,0,0,0,0,0,0,0.00,0,0.00,,50.00,50.00,50.00,2025-12-20 16:56:01.144 +0900
524,0,0,0,0,0,0,0.00,0,0.00,,50.00,50.00,50.00,2025-12-20 16:56:01.150 +0900
525,0,0,0,0,0,0,0.00,0,0.00,,50.00,50.00,50.00,2025-12-20 16:56:01.156 +0900
526,0,0,0,0,0,0,0.00,0,0.00,,50.00,50.00,50.00,2025-12-20 16:56:01.162 +0900
527,0,0,0,0,0,0,0.00,0,0.00,,50.00,50.00,50.00,2025-12-20 16:56:01.169 +0900
528,0,0,0,0,0,0,0.00,0,0.00,,50.00,50.00,50.00,2025-12-20 16:56:01.176 +0900
529,0,0,0,0,0,0,0.00,0,0.00,,50.00,50.00,50.00,2025-12-20 16:56:01.182 +0900
530,0,0,0,0,0,0,0.00,0,0.00,,50.00,50.00,50.00,2025-12-20 16:56:01.188 +0900
531,0,0,0,0,0,0,0.00,0,0.00,,50.00,50.00,50.00,2025-12-20 16:56:01.194 +0900
532,0,0,0,0,0,0,0.00,0,0.00,,50.00,50.00,50.00,2025-12-20 16:56:01.201 +0900
533,0,0,0,0,0,0,0.00,0,0.00,,50.00,50.00,50.00,2025-12-20 16:56:01.207 +0900
534,0,0,0,0,0,0,0.00,0,0.00,,50.00,50.00,50.00,2025-12-20 16:56:01.213 +0900
535,0,0,0,0,0,0,0.00,0,0.00,,50.00,50.00,50.00,2025-12-20 16:56:01.219 +0900
536,0,0,0,0,0,0,0.00,0,0.00,,50.00,50.00,50.00,2025-12-20 16:56:01.224 +0900
537,0,0,0,0,0,0,0.00,0,0.00,,50.00,50.00,50.00,2025-12-20 16:56:01.230 +0900
538,0,0,0,0,0,0,0.00,0,0.00,,50.00,50.00,50.00,2025-12-20 16:56:01.235 +0900
539,0,0,0,0,0,0,0.00,0,0.00,,50.00,50.00,50.00,2025-12-20 16:56:01.241 +0900
540,0,0,0,0,0,0,0.00,0,0.00,,50.00,50.00,50.00,2025-12-20 16:56:01.246 +0900
541,0,0,0,0,0,0,0.00,0,0.00,,50.00,50.00,50.00,2025-12-20 16:56:01.253 +0900
542,0,0,0,0,0,0,0.00,0,0.00,,50.00,50.00,50.00,2025-12-20 16:56:01.258 +0900
543,0,0,0,0,0,0,0.00,0,0.00,,50.00,50.00,50.00,2025-12-20 16:56:01.264 +0900
544,0,0,0,0,0,0,0.00,0,0.00,,50.00,50.00,50.00,2025-12-20 16:56:01.269 +0900
545,0,0,0,0,0,0,0.00,0,0.00,,50.00,50.00,50.00,2025-12-20 16:56:01.275 +0900
546,0,0,0,0,0,0,0.00,0,0.00,,50.00,50.00,50.00,2025-12-20 16:56:01.281 +0900
547,0,0,0,0,0,0,0.00,0,0.00,,50.00,50.00,50.00,2025-12-20 16:56:01.287 +0900
548,0,0,0,0,0,0,0.00,0,0.00,,50.00,50.00,50.00,2025-12-20 16:56:01.293 +0900
549,0,0,0,0,0,0,0.00,0,0.00,,50.00,50.00,50.00,2025-12-20 16:56:01.300 +0900
550,0,0,0,0,0,0,0.00,0,0.00,,50.00,50.00,50.00,2025-12-20 16:56:01.306 +0900
551,0,0,0,0,0,0,0.00,0,0.00,,50.00,50.00,50.00,2025-12-20 16:56:01.312 +0900
552,0,0,0,0,0,0,0.00,0,0.00,,50.00,50.00,50.00,2025-12-20 16:56:01.317 +0900
553,0,0,0,0,0,0,0.00,0,0.00,,50.00,50.00,50.00,2025-12-20 16:56:01.323 +0900
554,0,0,0,0,0,0,0.00,0,0.00,,50.00,50.00,50.00,2025-12-20 16:56:01.329 +0900
555,0,0,0,0,0,0,0.00,0,0.00,,50.00,50.00,50.00,2025-12-20 16:56:01.335 +0900
556,0,0,0,0,0,0,0.00,0,0.00,,50.00,50.00,50.00,2025-12-20 16:56:01.341 +0900
557,0,0,0,0,0,0,0.00,0,0.00,,50.00,50.00,50.00,2025-12-20 16:56:01.346 +0900
558,0,0,0,0,0,0,0.00,0,0.00,,50.00,50.00,50.00,2025-12-20 16:56:01.352 +0900
559,0,0,0,0,0,0,0.00,0,0.00,,50.00,50.00,50.00,2025-12-20 16:56:01.358 +0900
560,0,0,0,0,0,0,0.00,0,0.00,,50.00,50.00,50.00,2025-12-20 16:56:01.363 +0900
561,0,0,0,0,0,0,0.00,0,0.00,,50.00,50.00,50.00,2025-12-20 16:56:01.368 +0900
562,0,0,0,0,0,0,0.00,0,0.00,,50.00,50.00,50.00,2025-12-20 16:56:01.374 +0900
563,0,0,0,0,0,0,0.00,0,0.00,,50.00,50.00,50.00,2025-12-20 16:56:01.379 +0900
564,0,0,0,0,0,0,0.00,0,0.00,,50.00,50.00,50.00,2025-12-20 16:56:01.385 +0900
565,0,0,0,0,0,0,0.00,0,0.00,,50.00,50.00,50.00,2025-12-20 16:56:01.391 +0900
566,0,0,0,0,0,0,0.00,0,0.00,,50.00,50.00,50.00,2025-12-20 16:56:01.396 +0900
567,0,0,0,0,0,0,0.00,0,0.00,,50.00,50.00,50.00,2025-12-20 16:56:01.402 +0900
568,0,0,0,0,0,0,0.00,0,0.00,,50.00,50.00,50.00,2025-12-20 16:56:01.407 +0900
569,0,0,0,0,0,0,0.00,0,0.00,,50.00,50.00,50.00,2025-12-20 16:56:01.413 +0900
570,0,0,0,0,0,0,0.00,0,0.00,,50.00,50.00,50.00,2025-12-20 16:56:01.418 +0900
571,0,0,0,0,0,0,0.00,0,0.00,,50.00,50.00,50.00,2025-12-20 16:56:01.423 +0900
572,0,0,0,0,0,0,0.00,0,0.00,,50.00,50.00,50.00,2025-12-20 16:56:01.428 +0900
573,0,0,0,0,0,0,0.00,0,0.00,,50.00,50.00,50.00,2025-12-20 16:56:01.433 +0900
574,0,0,0,0,0,0,0.00,0,0.00,,50.00,50.00,50.00,2025-12-20 16:56:01.439 +0900
575,0,0,0,0,0,0,0.00,0,0.00,,50.00,50.00,50.00,2025-12-20 16:56:01.445 +0900
576,0,0,0,0,0,0,0.00,0,0.00,,50.00,50.00,50.00,2025-12-20 16:56:01.450 +0900
577,0,0,0,0,0,0,0.00,0,0.00,,50.00,50.00,50.00,2025-12-20 16:56:01.455 +0900
578,0,0,0,0,0,0,0.00,0,0.00,,50.00,50.00,50.00,2025-12-20 16:56:01.461 +0900
579,0,0,0,0,0,0,0.00,0,0.00,,50.00,50.00,50.00,2025-12-20 16:56:01.467 +0900
580,0,0,0,0,0,0,0.00,0,0.00,,50.00,50.00,50.00,2025-12-20 16:56:01.473 +0900
581,0,0,0,0,0,0,0.00,0,0.00,,50.00,50.00,50.00,2025-12-20 16:56:01.479 +0900
582,0,0,0,0,0,0,0.00,0,0.00,,50.00,50.00,50.00,2025-12-20 16:56:01.485 +0900
583,0,0,0,0,0,0,0.00,0,0.00,,50.00,50.00,50.00,2025-12-20 16:56:01.491 +0900
584,0,0,0,0,0,0,0.00,0,0.00,,50.00,50.00,50.00,2025-12-20 16:56:01.498 +0900
585,0,0,0,0,0,0,0.00,0,0.00,,50.00,50.00,50.00,2025-12-20 16:56:01.504 +0900
586,0,0,0,0,0,0,0.00,0,0.00,,50.00,50.00,50.00,2025-12-20 16:56:01.511 +0900
587,0,0,0,0,0,0,0.00,0,0.00,,50.00,50.00,50.00,2025-12-20 16:56:01.517 +0900
588,0,0,0,0,0,0,0.00,0,0.00,,50.00,50.00,50.00,2025-12-20 16:56:01.524 +0900
589,0,0,0,0,0,0,0.00,0,0.00,,50.00,50.00,50.00,2025-12-20 16:56:01.530 +0900
590,0,0,0,0,0,0,0.00,0,0.00,,50.00,50.00,50.00,2025-12-20 16:56:01.536 +0900
591,0,0,0,0,0,0,0.00,0,0.00,,50.00,50.00,50.00,2025-12-20 16:56:01.541 +0900
592,0,0,0,0,0,0,0.00,0,0.00,,50.00,50.00,50.00,2025-12-20 16:56:01.547 +0900
593,0,0,0,0,0,0,0.00,0,0.00,,50.00,50.00,50.00,2025-12-20 16:56:01.553 +0900
594,0,0,0,0,0,0,0.00,0,0.00,,50.00,50.00,50.00,2025-12-20 16:56:01.559 +0900
595,0,0,0,0,0,0,0.00,0,0.00,,50.00,50.00,50.00,2025-12-20 16:56:01.565 +0900
596,0,0,0,0,0,0,0.00,0,0.00,,50.00,50.00,50.00,2025-12-20 16:56:01.572 +0900
597,0,0,0,0,0,0,0.00,0,0.00,,50.00,50.00,50.00,2025-12-20 16:56:01.578 +0900
598,0,0,0,0,0,0,0.00,0,0.00,,50.00,50.00,50.00,2025-12-20 16:56:01.584 +0900
599,0,0,0,0,0,0,0.00,0,0.00,,50.00,50.00,50.00,2025-12-20 16:56:01.590 +0900
600,0,0,0,0,0,0,0.00,0,0.00,,50.00,50.00,50.00,2025-12-20 16:56:01.596 +0900
601,0,0,0,0,0,0,0.00,0,0.00,,50.00,50.00,50.00,2025-12-20 16:56:01.603 +0900
602,0,0,0,0,0,0,0.00,0,0.00,,50.00,50.00,50.00,2025-12-20 16:56:01.609 +0900
603,0,0,0,0,0,0,0.00,0,0.00,,50.00,50.00,50.00,2025-12-20 16:56:01.616 +0900
604,0,0,0,0,0,0,0.00,0,0.00,,50.00,50.00,50.00,2025-12-20 16:56:01.621 +0900
605,0,0,0,0,0,0,0.00,0,0.00,,50.00,50.00,50.00,2025-12-20 16:56:01.628 +0900
606,0,0,0,0,0,0,0.00,0,0.00,,50.00,50.00,50.00,2025-12-20 16:56:01.633 +0900
607,0,0,0,0,0,0,0.00,0,0.00,,50.00,50.00,50.00,2025-12-20 16:56:01.639 +0900
608,0,0,0,0,0,0,0.00,0,0.00,,50.00,50.00,50.00,2025-12-20 16:56:01.644 +0900
609,0,0,0,0,0,0,0.00,0,0.00,,50.00,50.00,50.00,2025-12-20 16:56:01.650 +0900
610,0,0,0,0,0,0,0.00,0,0.00,,50.00,50.00,50.00,2025-12-20 16:56:01.655 +0900
611,0,0,0,0,0,0,0.00,0,0.00,,50.00,50.00,50.00,2025-12-20 16:56:01.661 +0900
612,0,0,0,0,0,0,0.00,0,0.00,,50.00,50.00,50.00,2025-12-20 16:56:01.667 +0900
613,0,0,0,0,0,0,0.00,0,0.00,,50.00,50.00,50.00,2025-12-20 16:56:01.673 +0900
614,0,0,0,0,0,0,0.00,0,0.00,,50.00,50.00,50.00,2025-12-20 16:56:01.679 +0900
615,0,0,0,0,0,0,0.00,0,0.00,,50.00,50.00,50.00,2025-12-20 16:56:01.685 +0900
616,0,0,0,0,0,0,0.00,0,0.00,,50.00,50.00,50.00,2025-12-20 16:56:01.691 +0900
617,0,0,0,0,0,0,0.00,0,0.00,,50.00,50.00,50.00,2025-12-20 16:56:01.697 +0900
618,0,0,0,0,0,0,0.00,0,0.00,,50.00,50.00,50.00,2025-12-20 16:56:01.702 +0900
619,0,0,0,0,0,0,0.00,0,0.00,,50.00,50.00,50.00,2025-12-20 16:56:01.708 +0900
620,0,0,0,0,0,0,0.00,0,0.00,,50.00,50.00,50.00,2025-12-20 16:56:01.714 +0900
621,0,0,0,0,0,0,0.00,0,0.00,,50.00,50.00,50.00,2025-12-20 16:56:01.720 +0900
622,0,0,0,0,0,0,0.00,0,0.00,,50.00,50.00,50.00,2025-12-20 16:56:01.726 +0900
623,0,0,0,0,0,0,0.00,0,0.00,,50.00,50.00,50.00,2025-12-20 16:56:01.732 +0900
624,0,0,0,0,0,0,0.00,0,0.00,,50.00,50.00,50.00,2025-12-20 16:56:01.738 +0900
625,0,0,0,0,0,0,0.00,0,0.00,,50.00,50.00,50.00,2025-12-20 16:56:01.744 +0900
626,0,0,0,0,0,0,0.00,0,0.00,,50.00,50.00,50.00,2025-12-20 16:56:01.750 +0900
627,0,0,0,0,0,0,0.00,0,0.00,,50.00,50.00,50.00,2025-12-20 16:56:01.756 +0900
628,0,0,0,0,0,0,0.00,0,0.00,,50.00,50.00,50.00,2025-12-20 16:56:01.762 +0900
629,0,0,0,0,0,0,0.00,0,0.00,,50.00,50.00,50.00,2025-12-20 16:56:01.768 +0900
630,0,0,0,0,0,0,0.00,0,0.00,,50.00,50.00,50.00,2025-12-20 16:56:01.774 +0900
631,0,0,0,0,0,0,0.00,0,0.00,,50.00,50.00,50.00,2025-12-20 16:56:01.781 +0900
632,0,0,0,0,0,0,0.00,0,0.00,,50.00,50.00,50.00,2025-12-20 16:56:01.787 +0900
633,0,0,0,0,0,0,0.00,0,0.00,,50.00,50.00,50.00,2025-12-20 16:56:01.793 +0900
634,0,0,0,0,0,0,0.00,0,0.00,,50.00,50.00,50.00,2025-12-20 16:56:01.799 +0900
635,0,0,0,0,0,0,0.00,0,0.00,,50.00,50.00,50.00,2025-12-20 16:56:01.805 +0900
636,0,0,0,0,0,0,0.00,0,0.00,,50.00,50.00,50.00,2025-12-20 16:56:01.811 +0900
637,0,0,0,0,0,0,0.00,0,0.00,,50.00,50.00,50.00,2025-12-20 16:56:01.817 +0900
638,0,0,0,0,0,0,0.00,0,0.00,,50.00,50.00,50.00,2025-12-20 16:56:01.822 +0900
639,0,0,0,0,0,0,0.00,0,0.00,,50.00,50.00,50.00,2025-12-20 16:56:01.827 +0900
640,0,0,0,0,0,0,0.00,0,0.00,,50.00,50.00,50.00,2025-12-20 16:56:01.834 +0900
641,0,0,0,0,0,0,0.00,0,0.00,,50.00,50.00,50.00,2025-12-20 16:56:01.839 +0900
642,0,0,0,0,0,0,0.00,0,0.00,,50.00,50.00,50.00,2025-12-20 16:56:01.844 +0900
643,0,0,0,0,0,0,0.00,0,0.00,,50.00,50.00,50.00,2025-12-20 16:56:01.851 +0900
644,0,0,0,0,0,0,0.00,0,0.00,,50.00,50.00,50.00,2025-12-20 16:56:01.856 +0900
645,0,0,0,0,0,0,0.00,0,0.00,,50.00,50.00,50.00,2025-12-20 16:56:01.862 +0900
646,0,0,0,0,0,0,0.00,0,0.00,,50.00,50.00,50.00,2025-12-20 16:56:01.867 +0900
647,0,0,0,0,0,0,0.00,0,0.00,,50.00,50.00,50.00,2025-12-20 16:56:01.872 +0900
648,0,0,0,0,0,0,0.00,0,0.00,,50.00,50.00,50.00,2025-12-20 16:56:01.877 +0900
649,0,0,0,0,0,0,0.00,0,0.00,,50.00,50.00,50.00,2025-12-20 16:56:01.884 +0900
650,0,0,0,0,0,0,0.00,0,0.00,,50.00,50.00,50.00,2025-12-20 16:56:01.889 +0900
651,0,0,0,0,0,0,0.00,0,0.00,,50.00,50.00,50.00,2025-12-20 16:56:01.895 +0900
652,0,0,0,0,0,0,0.00,0,0.00,,50.00,50.00,50.00,2025-12-20 16:56:01.901 +0900
653,0,0,0,0,0,0,0.00,0,0.00,,50.00,50.00,50.00,2025-12-20 16:56:01.907 +0900
654,0,0,0,0,0,0,0.00,0,0.00,,50.00,50.00,50.00,2025-12-20 16:56:01.913 +0900
655,0,0,0,0,0,0,0.00,0,0.00,,50.00,50.00,50.00,2025-12-20 16:56:01.918 +0900
656,0,0,0,0,0,0,0.00,0,0.00,,50.00,50.00,50.00,2025-12-20 16:56:01.923 +0900
657,0,0,0,0,0,0,0.00,0,0.00,,50.00,50.00,50.00,2025-12-20 16:56:01.928 +0900
658,0,0,0,0,0,0,0.00,0,0.00,,50.00,50.00,50.00,2025-12-20 16:56:01.933 +0900
659,0,0,0,0,0,0,0.00,0,0.00,,50.00,50.00,50.00,2025-12-20 16:56:01.939 +0900
660,0,0,0,0,0,0,0.00,0,0.00,,50.00,50.00,50.00,2025-12-20 16:56:01.944 +0900
661,0,0,0,0,0,0,0.00,0,0.00,,50.00,50.00,50.00,2025-12-20 16:56:01.950 +0900
662,0,0,0,0,0,0,0.00,0,0.00,,50.00,50.00,50.00,2025-12-20 16:56:01.955 +0900
663,0,0,0,0,0,0,0.00,0,0.00,,50.00,50.00,50.00,2025-12-20 16:56:01.961 +0900
664,0,0,0,0,0,0,0.00,0,0.00,,50.00,50.00,50.00,2025-12-20 16:56:01.967 +0900
665,0,0,0,0,0,0,0.00,0,0.00,,50.00,50.00,50.00,2025-12-20 16:56:01.972 +0900
666,0,0,0,0,0,0,0.00,0,0.00,,50.00,50.00,50.00,2025-12-20 16:56:01.977 +0900
667,0,0,0,0,0,0,0.00,0,0.00,,50.00,50.00,50.00,2025-12-20 16:56:01.983 +0900
668,0,0,0,0,0,0,0.00,0,0.00,,50.00,50.00,50.00,2025-12-20 16:56:01.988 +0900
669,0,0,0,0,0,0,0.00,0,0.00,,50.00,50.00,50.00,2025-12-20 16:56:01.994 +0900
670,0,0,0,0,0,0,0.00,0,0.00,,50.00,50.00,50.00,2025-12-20 16:56:02.000 +0900
671,0,0,0,0,0,0,0.00,0,0.00,,50.00,50.00,50.00,2025-12-20 16:56:02.005 +0900
672,0,0,0,0,0,0,0.00,0,0.00,,50.00,50.00,50.00,2025-12-20 16:56:02.011 +0900
673,0,0,0,0,0,0,0.00,0,0.00,,50.00,50.00,50.00,2025-12-20 16:56:02.016 +0900
674,0,0,0,0,0,0,0.00,0,0.00,,50.00,50.00,50.00,2025-12-20 16:56:02.022 +0900
675,0,0,0,0,0,0,0.00,0,0.00,,50.00,50.00,50.00,2025-12-20 16:56:02.028 +0900
676,0,0,0,0,0,0,0.00,0,0.00,,50.00,50.00,50.00,2025-12-20 16:56:02.033 +0900
677,0,0,0,0,0,0,0.00,0,0.00,,50.00,50.00,50.00,2025-12-20 16:56:02.039 +0900
678,0,0,0,0,0,0,0.00,0,0.00,,50.00,50.00,50.00,2025-12-20 16:56:02.045 +0900
679,0,0,0,0,0,0,0.00,0,0.00,,50.00,50.00,50.00,2025-12-20 16:56:02.050 +0900
680,0,0,0,0,0,0,0.00,0,0.00,,50.00,50.00,50.00,2025-12-20 16:56:02.056 +0900
681,0,0,0,0,0,0,0.00,0,0.00,,50.00,50.00,50.00,2025-12-20 16:56:02.061 +0900
682,0,0,0,0,0,0,0.00,0,0.00,,50.00,50.00,50.00,2025-12-20 16:56:02.067 +0900
683,0,0,0,0,0,0,0.00,0,0.00,,50.00,50.00,50.00,2025-12-20 16:56:02.073 +0900
684,0,0,0,0,0,0,0.00,0,0.00,,50.00,50.00,50.00,2025-12-20 16:56:02.078 +0900
685,0,0,0,0,0,0,0.00,0,0.00,,50.00,50.00,50.00,2025-12-20 16:56:02.084 +0900
686,0,0,0,0,0,0,0.00,0,0.00,,50.00,50.00,50.00,2025-12-20 16:56:02.089 +0900
687,0,0,0,0,0,0,0.00,0,0.00,,50.00,50.00,50.00,2025-12-20 16:56:02.095 +0900
688,0,0,0,0,0,0,0.00,0,0.00,,50.00,50.00,50.00,2025-12-20 16:56:02.100 +0900
689,0,0,0,0,0,0,0.00,0,0.00,,50.00,50.00,50.00,2025-12-20 16:56:02.106 +0900
690,0,0,0,0,0,0,0.00,0,0.00,,50.00,50.00,50.00,2025-12-20 16:56:02.112 +0900
691,0,0,0,0,0,0,0.00,0,0.00,,50.00,50.00,50.00,2025-12-20 16:56:02.118 +0900
692,0,0,0,0,0,0,0.00,0,0.00,,50.00,50.00,50.00,2025-12-20 16:56:02.124 +0900
693,0,0,0,0,0,0,0.00,0,0.00,,50.00,50.00,50.00,2025-12-20 16:56:02.129 +0900
694,0,0,0,0,0,0,0.00,0,0.00,,50.00,50.00,50.00,2025-12-20 16:56:02.136 +0900
695,0,0,0,0,0,0,0.00,0,0.00,,50.00,50.00,50.00,2025-12-20 16:56:02.142 +0900
696,0,0,0,0,0,0,0.00,0,0.00,,50.00,50.00,50.00,2025-12-20 16:56:02.147 +0900
697,0,0,0,0,0,0,0.00,0,0.00,,50.00,50.00,50.00,2025-12-20 16:56:02.153 +0900
698,0,0,0,0,0,0,0.00,0,0.00,,50.00,50.00,50.00,2025-12-20 16:56:02.159 +0900
699,0,0,0,0,0,0,0.00,0,0.00,,50.00,50.00,50.00,2025-12-20 16:56:02.165 +0900
700,0,0,0,0,0,0,0.00,0,0.00,,50.00,50.00,50.00,2025-12-20 16:56:02.171 +0900
701,0,0,0,0,0,0,0.00,0,0.00,,50.00,50.00,50.00,2025-12-20 16:56:02.176 +0900
702,0,0,0,0,0,0,0.00,0,0.00,,50.00,50.00,50.00,2025-12-20 16:56:02.183 +0900
703,0,0,0,0,0,0,0.00,0,0.00,,50.00,50.00,50.00,2025-12-20 16:56:02.189 +0900
704,0,0,0,0,0,0,0.00,0,0.00,,50.00,50.00,50.00,2025-12-20 16:56:02.195 +0900
705,0,0,0,0,0,0,0.00,0,0.00,,50.00,50.00,50.00,2025-12-20 16:56:02.201 +0900
706,0,0,0,0,0,0,0.00,0,0.00,,50.00,50.00,50.00,2025-12-20 16:56:02.207 +0900
707,0,0,0,0,0,0,0.00,0,0.00,,50.00,50.00,50.00,2025-12-20 16:56:02.214 +0900
708,0,0,0,0,0,0,0.00,0,0.00,,50.00,50.00,50.00,2025-12-20 16:56:02.219 +0900
709,0,0,0,0,0,0,0.00,0,0.00,,50.00,50.00,50.00,2025-12-20 16:56:02.225 +0900
710,0,0,0,0,0,0,0.00,0,0.00,,50.00,50.00,50.00,2025-12-20 16:56:02.231 +0900
711,0,0,0,0,0,0,0.00,0,0.00,,50.00,50.00,50.00,2025-12-20 16:56:02.237 +0900
712,0,0,0,0,0,0,0.00,0,0.00,,50.00,50.00,50.00,2025-12-20 16:56:02.243 +0900
713,0,0,0,0,0,0,0.00,0,0.00,,50.00,50.00,50.00,2025-12-20 16:56:02.248 +0900
714,0,0,0,0,0,0,0.00,0,0.00,,50.00,50.00,50.00,2025-12-20 16:56:02.256 +0900
715,0,0,0,0,0,0,0.00,0,0.00,,50.00,50.00,50.00,2025-12-20 16:56:02.261 +0900
716,0,0,0,0,0,0,0.00,0,0.00,,50.00,50.00,50.00,2025-12-20 16:56:02.267 +0900
717,0,0,0,0,0,0,0.00,0,0.00,,50.00,50.00,50.00,2025-12-20 16:56:02.272 +0900
718,0,0,0,0,0,0,0.00,0,0.00,,50.00,50.00,50.00,2025-12-20 16:56:02.277 +0900
719,0,0,0,0,0,0,0.00,0,0.00,,50.00,50.00,50.00,2025-12-20 16:56:02.283 +0900
720,0,0,0,0,0,0,0.00,0,0.00,,50.00,50.00,50.00,2025-12-20 16:56:02.288 +0900
721,0,0,0,0,0,0,0.00,0,0.00,,50.00,50.00,50.00,2025-12-20 16:56:02.295 +0900
722,0,0,0,0,0,0,0.00,0,0.00,,50.00,50.00,50.00,2025-12-20 16:56:02.300 +0900
723,0,0,0,0,0,0,0.00,0,0.00,,50.00,50.00,50.00,2025-12-20 16:56:02.306 +0900
724,0,0,0,0,0,0,0.00,0,0.00,,50.00,50.00,50.00,2025-12-20 16:56:02.312 +0900
725,0,0,0,0,0,0,0.00,0,0.00,,50.00,50.00,50.00,2025-12-20 16:56:02.318 +0900
726,0,0,0,0,0,0,0.00,0,0.00,,50.00,50.00,50.00,2025-12-20 16:56:02.323 +0900
727,0,0,0,0,0,0,0.00,0,0.00,,50.00,50.00,50.00,2025-12-20 16:56:02.328 +0900
728,0,0,0,0,0,0,0.00,0,0.00,,50.00,50.00,50.00,2025-12-20 16:56:02.334 +0900
729,0,0,0,0,0,0,0.00,0,0.00,,50.00,50.00,50.00,2025-12-20 16:56:02.340 +0900
730,0,0,0,0,0,0,0.00,0,0.00,,50.00,50.00,50.00,2025-12-20 16:56:02.345 +0900
731,0,0,0,0,0,0,0.00,0,0.00,,50.00,50.00,50.00,2025-12-20 16:56:02.352 +0900
732,0,0,0,0,0,0,0.00,0,0.00,,50.00,50.00,50.00,2025-12-20 16:56:02.358 +0900
733,0,0,0,0,0,0,0.00,0,0.00,,50.00,50.00,50.00,2025-12-20 16:56:02.363 +0900
734,0,0,0,0,0,0,0.00,0,0.00,,50.00,50.00,50.00,2025-12-20 16:56:02.370 +0900
735,0,0,0,0,0,0,0.00,0,0.00,,50.00,50.00,50.00,2025-12-20 16:56:02.376 +0900
736,0,0,0,0,0,0,0.00,0,0.00,,50.00,50.00,50.00,2025-12-20 16:56:02.382 +0900
737,0,0,0,0,0,0,0.00,0,0.00,,50.00,50.00,50.00,2025-12-20 16:56:02.388 +0900
738,0,0,0,0,0,0,0.00,0,0.00,,50.00,50.00,50.00,2025-12-20 16:56:02.393 +0900
739,0,0,0,0,0,0,0.00,0,0.00,,50.00,50.00,50.00,2025-12-20 16:56:02.399 +0900
740,0,0,0,0,0,0,0.00,0,0.00,,50.00,50.00,50.00,2025-12-20 16:56:02.404 +0900
741,0,0,0,0,0,0,0.00,0,0.00,,50.00,50.00,50.00,2025-12-20 16:56:02.409 +0900
742,0,0,0,0,0,0,0.00,0,0.00,,50.00,50.00,50.00,2025-12-20 16:56:02.416 +0900
743,0,0,0,0,0,0,0.00,0,0.00,,50.00,50.00,50.00,2025-12-20 16:56:02.421 +0900
744,0,0,0,0,0,0,0.00,0,0.00,,50.00,50.00,50.00,2025-12-20 16:56:02.426 +0900
745,0,0,0,0,0,0,0.00,0,0.00,,50.00,50.00,50.00,2025-12-20 16:56:02.432 +0900
746,0,0,0,0,0,0,0.00,0,0.00,,50.00,50.00,50.00,2025-12-20 16:56:02.438 +0900
747,0,0,0,0,0,0,0.00,0,0.00,,50.00,50.00,50.00,2025-12-20 16:56:02.443 +0900
748,0,0,0,0,0,0,0.00,0,0.00,,50.00,50.00,50.00,2025-12-20 16:56:02.448 +0900
749,0,0,0,0,0,0,0.00,0,0.00,,50.00,50.00,50.00,2025-12-20 16:56:02.453 +0900
750,0,0,0,0,0,0,0.00,0,0.00,,50.00,50.00,50.00,2025-12-20 16:56:02.460 +0900
751,0,0,0,0,0,0,0.00,0,0.00,,50.00,50.00,50.00,2025-12-20 16:56:02.465 +0900
752,0,0,0,0,0,0,0.00,0,0.00,,50.00,50.00,50.00,2025-12-20 16:56:02.471 +0900
753,0,0,0,0,0,0,0.00,0,0.00,,50.00,50.00,50.00,2025-12-20 16:56:02.477 +0900
754,0,0,0,0,0,0,0.00,0,0.00,,50.00,50.00,50.00,2025-12-20 16:56:02.482 +0900
755,0,0,0,0,0,0,0.00,0,0.00,,50.00,50.00,50.00,2025-12-20 16:56:02.489 +0900
756,0,0,0,0,0,0,0.00,0,0.00,,50.00,50.00,50.00,2025-12-20 16:56:02.495 +0900
757,0,0,0,0,0,0,0.00,0,0.00,,50.00,50.00,50.00,2025-12-20 16:56:02.500 +0900
758,0,0,0,0,0,0,0.00,0,0.00,,50.00,50.00,50.00,2025-12-20 16:56:02.506 +0900
759,0,0,0,0,0,0,0.00,0,0.00,,50.00,50.00,50.00,2025-12-20 16:56:02.512 +0900
760,0,0,0,0,0,0,0.00,0,0.00,,50.00,50.00,50.00,2025-12-20 16:56:02.517 +0900
761,0,0,0,0,0,0,0.00,0,0.00,,50.00,50.00,50.00,2025-12-20 16:56:02.523 +0900
762,0,0,0,0,0,0,0.00,0,0.00,,50.00,50.00,50.00,2025-12-20 16:56:02.529 +0900
763,0,0,0,0,0,0,0.00,0,0.00,,50.00,50.00,50.00,2025-12-20 16:56:02.536 +0900
764,0,0,0,0,0,0,0.00,0,0.00,,50.00,50.00,50.00,2025-12-20 16:56:02.542 +0900
765,0,0,0,0,0,0,0.00,0,0.00,,50.00,50.00,50.00,2025-12-20 16:56:02.547 +0900
766,0,0,0,0,0,0,0.00,0,0.00,,50.00,50.00,50.00,2025-12-20 16:56:02.553 +0900
767,0,0,0,0,0,0,0.00,0,0.00,,50.00,50.00,50.00,2025-12-20 16:56:02.558 +0900
768,0,0,0,0,0,0,0.00,0,0.00,,50.00,50.00,50.00,2025-12-20 16:56:02.563 +0900
769,0,0,0,0,0,0,0.00,0,0.00,,50.00,50.00,50.00,2025-12-20 16:56:02.569 +0900
770,0,0,0,0,0,0,0.00,0,0.00,,50.00,50.00,50.00,2025-12-20 16:56:02.574 +0900
771,0,0,0,0,0,0,0.00,0,0.00,,50.00,50.00,50.00,2025-12-20 16:56:02.580 +0900
772,0,0,0,0,0,0,0.00,0,0.00,,50.00,50.00,50.00,2025-12-20 16:56:02.585 +0900
773,0,0,0,0,0,0,0.00,0,0.00,,50.00,50.00,50.00,2025-12-20 16:56:02.590 +0900
774,0,0,0,0,0,0,0.00,0,0.00,,50.00,50.00,50.00,2025-12-20 16:56:02.596 +0900
775,0,0,0,0,0,0,0.00,0,0.00,,50.00,50.00,50.00,2025-12-20 16:56:02.602 +0900
776,0,0,0,0,0,0,0.00,0,0.00,,50.00,50.00,50.00,2025-12-20 16:56:02.607 +0900
777,0,0,0,0,0,0,0.00,0,0.00,,50.00,50.00,50.00,2025-12-20 16:56:02.612 +0900
778,0,0,0,0,0,0,0.00,0,0.00,,50.00,50.00,50.00,2025-12-20 16:56:02.618 +0900
779,0,0,0,0,0,0,0.00,0,0.00,,50.00,50.00,50.00,2025-12-20 16:56:02.624 +0900
780,0,0,0,0,0,0,0.00,0,0.00,,50.00,50.00,50.00,2025-12-20 16:56:02.629 +0900
781,0,0,0,0,0,0,0.00,0,0.00,,50.00,50.00,50.00,2025-12-20 16:56:02.635 +0900
782,0,0,0,0,0,0,0.00,0,0.00,,50.00,50.00,50.00,2025-12-20 16:56:02.640 +0900
783,0,0,0,0,0,0,0.00,0,0.00,,50.00,50.00,50.00,2025-12-20 16:56:02.645 +0900
784,0,0,0,0,0,0,0.00,0,0.00,,50.00,50.00,50.00,2025-12-20 16:56:02.651 +0900
785,0,0,0,0,0,0,0.00,0,0.00,,50.00,50.00,50.00,2025-12-20 16:56:02.656 +0900
786,0,0,0,0,0,0,0.00,0,0.00,,50.00,50.00,50.00,2025-12-20 16:56:02.662 +0900
787,0,0,0,0,0,0,0.00,0,0.00,,50.00,50.00,50.00,2025-12-20 16:56:02.669 +0900
788,0,0,0,0,0,0,0.00,0,0.00,,50.00,50.00,50.00,2025-12-20 16:56:02.674 +0900
789,0,0,0,0,0,0,0.00,0,0.00,,50.00,50.00,50.00,2025-12-20 16:56:02.679 +0900
790,0,0,0,0,0,0,0.00,0,0.00,,50.00,50.00,50.00,2025-12-20 16:56:02.686 +0900
791,0,0,0,0,0,0,0.00,0,0.00,,50.00,50.00,50.00,2025-12-20 16:56:02.692 +0900
792,0,0,0,0,0,0,0.00,0,0.00,,50.00,50.00,50.00,2025-12-20 16:56:02.697 +0900
793,0,0,0,0,0,0,0.00,0,0.00,,50.00,50.00,50.00,2025-12-20 16:56:02.702 +0900
794,0,0,0,0,0,0,0.00,0,0.00,,50.00,50.00,50.00,2025-12-20 16:56:02.708 +0900
795,0,0,0,0,0,0,0.00,0,0.00,,50.00,50.00,50.00,2025-12-20 16:56:02.714 +0900
796,0,0,0,0,0,0,0.00,0,0.00,,50.00,50.00,50.00,2025-12-20 16:56:02.719 +0900
797,0,0,0,0,0,0,0.00,0,0.00,,50.00,50.00,50.00,2025-12-20 16:56:02.725 +0900
798,0,0,0,0,0,0,0.00,0,0.00,,50.00,50.00,50.00,2025-12-20 16:56:02.730 +0900
799,0,0,0,0,0,0,0.00,0,0.00,,50.00,50.00,50.00,2025-12-20 16:56:02.736 +0900
800,0,0,0,0,0,0,0.00,0,0.00,,50.00,50.00,50.00,2025-12-20 16:56:02.741 +0900
801,0,0,0,0,0,0,0.00,0,0.00,,50.00,50.00,50.00,2025-12-20 16:56:02.746 +0900
802,0,0,0,0,0,0,0.00,0,0.00,,50.00,50.00,50.00,2025-12-20 16:56:02.752 +0900
803,0,0,0,0,0,0,0.00,0,0.00,,50.00,50.00,50.00,2025-12-20 16:56:02.757 +0900
804,0,0,0,0,0,0,0.00,0,0.00,,50.00,50.00,50.00,2025-12-20 16:56:02.763 +0900
805,0,0,0,0,0,0,0.00,0,0.00,,50.00,50.00,50.00,2025-12-20 16:56:02.768 +0900
806,0,0,0,0,0,0,0.00,0,0.00,,50.00,50.00,50.00,2025-12-20 16:56:02.773 +0900
807,0,0,0,0,0,0,0.00,0,0.00,,50.00,50.00,50.00,2025-12-20 16:56:02.779 +0900
808,0,0,0,0,0,0,0.00,0,0.00,,50.00,50.00,50.00,2025-12-20 16:56:02.784 +0900
809,0,0,0,0,0,0,0.00,0,0.00,,50.00,50.00,50.00,2025-12-20 16:56:02.789 +0900
810,0,0,0,0,0,0,0.00,0,0.00,,50.00,50.00,50.00,2025-12-20 16:56:02.794 +0900
811,0,0,0,0,0,0,0.00,0,0.00,,50.00,50.00,50.00,2025-12-20 16:56:02.800 +0900
812,0,0,0,0,0,0,0.00,0,0.00,,50.00,50.00,50.00,2025-12-20 16:56:02.805 +0900
813,0,0,0,0,0,0,0.00,0,0.00,,50.00,50.00,50.00,2025-12-20 16:56:02.810 +0900
814,0,0,0,0,0,0,0.00,0,0.00,,50.00,50.00,50.00,2025-12-20 16:56:02.816 +0900
815,0,0,0,0,0,0,0.00,0,0.00,,50.00,50.00,50.00,2025-12-20 16:56:02.822 +0900
816,0,0,0,0,0,0,0.00,0,0.00,,50.00,50.00,50.00,2025-12-20 16:56:02.827 +0900
817,0,0,0,0,0,0,0.00,0,0.00,,50.00,50.00,50.00,2025-12-20 16:56:02.834 +0900
818,0,0,0,0,0,0,0.00,0,0.00,,50.00,50.00,50.00,2025-12-20 16:56:02.839 +0900
819,0,0,0,0,0,0,0.00,0,0.00,,50.00,50.00,50.00,2025-12-20 16:56:02.844 +0900
820,0,0,0,0,0,0,0.00,0,0.00,,50.00,50.00,50.00,2025-12-20 16:56:02.850 +0900
821,0,0,0,0,0,0,0.00,0,0.00,,50.00,50.00,50.00,2025-12-20 16:56:02.855 +0900
822,0,0,0,0,0,0,0.00,0,0.00,,50.00,50.00,50.00,2025-12-20 16:56:02.861 +0900
823,0,0,0,0,0,0,0.00,0,0.00,,50.00,50.00,50.00,2025-12-20 16:56:02.866 +0900
825,0,0,0,0,0,0,0.00,0,0.00,,50.00,50.00,50.00,2025-12-20 16:56:02.878 +0900
826,0,0,0,0,0,0,0.00,0,0.00,,50.00,50.00,50.00,2025-12-20 16:56:02.883 +0900
827,0,0,0,0,0,0,0.00,0,0.00,,50.00,50.00,50.00,2025-12-20 16:56:02.889 +0900
828,0,0,0,0,0,0,0.00,0,0.00,,50.00,50.00,50.00,2025-12-20 16:56:02.894 +0900
829,0,0,0,0,0,0,0.00,0,0.00,,50.00,50.00,50.00,2025-12-20 16:56:02.899 +0900
830,0,0,0,0,0,0,0.00,0,0.00,,50.00,50.00,50.00,2025-12-20 16:56:02.905 +0900
832,0,0,0,0,0,0,0.00,0,0.00,,50.00,50.00,50.00,2025-12-20 16:56:02.918 +0900
833,0,0,0,0,0,0,0.00,0,0.00,,50.00,50.00,50.00,2025-12-20 16:56:02.923 +0900
834,0,0,0,0,0,0,0.00,0,0.00,,50.00,50.00,50.00,2025-12-20 16:56:02.928 +0900
835,0,0,0,0,0,0,0.00,0,0.00,,50.00,50.00,50.00,2025-12-20 16:56:02.936 +0900
836,0,0,0,0,0,0,0.00,0,0.00,,50.00,50.00,50.00,2025-12-20 16:56:02.943 +0900
837,0,0,0,0,0,0,0.00,0,0.00,,50.00,50.00,50.00,2025-12-20 16:56:02.950 +0900
838,0,0,0,0,0,0,0.00,0,0.00,,50.00,50.00,50.00,2025-12-20 16:56:02.957 +0900
839,0,0,0,0,0,0,0.00,0,0.00,,50.00,50.00,50.00,2025-12-20 16:56:02.964 +0900
840,0,0,0,0,0,0,0.00,0,0.00,,50.00,50.00,50.00,2025-12-20 16:56:02.971 +0900
841,0,0,0,0,0,0,0.00,0,0.00,,50.00,50.00,50.00,2025-12-20 16:56:02.978 +0900
842,0,0,0,0,0,0,0.00,0,0.00,,50.00,50.00,50.00,2025-12-20 16:56:02.985 +0900
843,0,0,0,0,0,0,0.00,0,0.00,,50.00,50.00,50.00,2025-12-20 16:56:02.992 +0900
844,0,0,0,0,0,0,0.00,0,0.00,,50.00,50.00,50.00,2025-12-20 16:56:02.998 +0900
845,0,0,0,0,0,0,0.00,0,0.00,,50.00,50.00,50.00,2025-12-20 16:56:03.005 +0900
846,0,0,0,0,0,0,0.00,0,0.00,,50.00,50.00,50.00,2025-12-20 16:56:03.010 +0900
847,0,0,0,0,0,0,0.00,0,0.00,,50.00,50.00,50.00,2025-12-20 16:56:03.017 +0900
848,0,0,0,0,0,0,0.00,0,0.00,,50.00,50.00,50.00,2025-12-20 16:56:03.024 +0900
849,0,0,0,0,0,0,0.00,0,0.00,,50.00,50.00,50.00,2025-12-20 16:56:03.030 +0900
850,0,0,0,0,0,0,0.00,0,0.00,,50.00,50.00,50.00,2025-12-20 16:56:03.037 +0900
851,0,0,0,0,0,0,0.00,0,0.00,,50.00,50.00,50.00,2025-12-20 16:56:03.043 +0900
852,0,0,0,0,0,0,0.00,0,0.00,,50.00,50.00,50.00,2025-12-20 16:56:03.049 +0900
853,0,0,0,0,0,0,0.00,0,0.00,,50.00,50.00,50.00,2025-12-20 16:56:03.055 +0900
854,0,0,0,0,0,0,0.00,0,0.00,,50.00,50.00,50.00,2025-12-20 16:56:03.061 +0900
855,0,0,0,0,0,0,0.00,0,0.00,,50.00,50.00,50.00,2025-12-20 16:56:03.067 +0900
856,0,0,0,0,0,0,0.00,0,0.00,,50.00,50.00,50.00,2025-12-20 16:56:03.074 +0900
857,0,0,0,0,0,0,0.00,0,0.00,,50.00,50.00,50.00,2025-12-20 16:56:03.081 +0900
858,0,0,0,0,0,0,0.00,0,0.00,,50.00,50.00,50.00,2025-12-20 16:56:03.087 +0900
859,0,0,0,0,0,0,0.00,0,0.00,,50.00,50.00,50.00,2025-12-20 16:56:03.094 +0900
860,0,0,0,0,0,0,0.00,0,0.00,,50.00,50.00,50.00,2025-12-20 16:56:03.099 +0900
861,0,0,0,0,0,0,0.00,0,0.00,,50.00,50.00,50.00,2025-12-20 16:56:03.106 +0900
862,0,0,0,0,0,0,0.00,0,0.00,,50.00,50.00,50.00,2025-12-20 16:56:03.113 +0900
863,0,0,0,0,0,0,0.00,0,0.00,,50.00,50.00,50.00,2025-12-20 16:56:03.119 +0900
864,0,0,0,0,0,0,0.00,0,0.00,,50.00,50.00,50.00,2025-12-20 16:56:03.125 +0900
865,0,0,0,0,0,0,0.00,0,0.00,,50.00,50.00,50.00,2025-12-20 16:56:03.131 +0900
866,0,0,0,0,0,0,0.00,0,0.00,,50.00,50.00,50.00,2025-12-20 16:56:03.138 +0900
867,0,0,0,0,0,0,0.00,0,0.00,,50.00,50.00,50.00,2025-12-20 16:56:03.145 +0900
868,0,0,0,0,0,0,0.00,0,0.00,,50.00,50.00,50.00,2025-12-20 16:56:03.151 +0900
869,0,0,0,0,0,0,0.00,0,0.00,,50.00,50.00,50.00,2025-12-20 16:56:03.156 +0900
870,0,0,0,0,0,0,0.00,0,0.00,,50.00,50.00,50.00,2025-12-20 16:56:03.163 +0900
831,0,0,1,0,0,0,0.00,0,0.00,,50.00,50.00,50.00,2025-12-20 16:56:02.912 +0900
871,0,0,0,0,0,0,0.00,0,0.00,,50.00,50.00,50.00,2025-12-20 16:56:03.170 +0900
872,0,0,0,0,0,0,0.00,0,0.00,,50.00,50.00,50.00,2025-12-20 16:56:03.177 +0900
873,0,0,0,0,0,0,0.00,0,0.00,,50.00,50.00,50.00,2025-12-20 16:56:03.183 +0900
874,0,0,0,0,0,0,0.00,0,0.00,,50.00,50.00,50.00,2025-12-20 16:56:03.190 +0900
875,0,0,0,0,0,0,0.00,0,0.00,,50.00,50.00,50.00,2025-12-20 16:56:03.196 +0900
876,0,0,0,0,0,0,0.00,0,0.00,,50.00,50.00,50.00,2025-12-20 16:56:03.201 +0900
877,0,0,0,0,0,0,0.00,0,0.00,,50.00,50.00,50.00,2025-12-20 16:56:03.208 +0900
878,0,0,0,0,0,0,0.00,0,0.00,,50.00,50.00,50.00,2025-12-20 16:56:03.214 +0900
879,0,0,0,0,0,0,0.00,0,0.00,,50.00,50.00,50.00,2025-12-20 16:56:03.221 +0900
880,0,0,0,0,0,0,0.00,0,0.00,,50.00,50.00,50.00,2025-12-20 16:56:03.227 +0900
881,0,0,0,0,0,0,0.00,0,0.00,,50.00,50.00,50.00,2025-12-20 16:56:03.234 +0900
882,0,0,0,0,0,0,0.00,0,0.00,,50.00,50.00,50.00,2025-12-20 16:56:03.240 +0900
883,0,0,0,0,0,0,0.00,0,0.00,,50.00,50.00,50.00,2025-12-20 16:56:03.246 +0900
884,0,0,0,0,0,0,0.00,0,0.00,,50.00,50.00,50.00,2025-12-20 16:56:03.252 +0900
885,0,0,0,0,0,0,0.00,0,0.00,,50.00,50.00,50.00,2025-12-20 16:56:03.258 +0900
886,0,0,0,0,0,0,0.00,0,0.00,,50.00,50.00,50.00,2025-12-20 16:56:03.263 +0900
887,0,0,0,0,0,0,0.00,0,0.00,,50.00,50.00,50.00,2025-12-20 16:56:03.270 +0900
888,0,0,0,0,0,0,0.00,0,0.00,,50.00,50.00,50.00,2025-12-20 16:56:03.276 +0900
889,0,0,0,0,0,0,0.00,0,0.00,,50.00,50.00,50.00,2025-12-20 16:56:03.283 +0900
890,0,0,0,0,0,0,0.00,0,0.00,,50.00,50.00,50.00,2025-12-20 16:56:03.289 +0900
891,0,0,0,0,0,0,0.00,0,0.00,,50.00,50.00,50.00,2025-12-20 16:56:03.295 +0900
892,0,0,0,0,0,0,0.00,0,0.00,,50.00,50.00,50.00,2025-12-20 16:56:03.300 +0900
893,0,0,0,0,0,0,0.00,0,0.00,,50.00,50.00,50.00,2025-12-20 16:56:03.307 +0900
894,0,0,0,0,0,0,0.00,0,0.00,,50.00,50.00,50.00,2025-12-20 16:56:03.314 +0900
895,0,0,0,0,0,0,0.00,0,0.00,,50.00,50.00,50.00,2025-12-20 16:56:03.320 +0900
896,0,0,0,0,0,0,0.00,0,0.00,,50.00,50.00,50.00,2025-12-20 16:56:03.325 +0900
897,0,0,0,0,0,0,0.00,0,0.00,,50.00,50.00,50.00,2025-12-20 16:56:03.330 +0900
898,0,0,0,0,0,0,0.00,0,0.00,,50.00,50.00,50.00,2025-12-20 16:56:03.336 +0900
899,0,0,0,0,0,0,0.00,0,0.00,,50.00,50.00,50.00,2025-12-20 16:56:03.342 +0900
900,0,0,0,0,0,0,0.00,0,0.00,,50.00,50.00,50.00,2025-12-20 16:56:03.347 +0900
901,0,0,0,0,0,0,0.00,0,0.00,,50.00,50.00,50.00,2025-12-20 16:56:03.353 +0900
902,0,0,0,0,0,0,0.00,0,0.00,,50.00,50.00,50.00,2025-12-20 16:56:03.359 +0900
903,0,0,0,0,0,0,0.00,0,0.00,,50.00,50.00,50.00,2025-12-20 16:56:03.367 +0900
904,0,0,0,0,0,0,0.00,0,0.00,,50.00,50.00,50.00,2025-12-20 16:56:03.373 +0900
905,0,0,0,0,0,0,0.00,0,0.00,,50.00,50.00,50.00,2025-12-20 16:56:03.378 +0900
906,0,0,0,0,0,0,0.00,0,0.00,,50.00,50.00,50.00,2025-12-20 16:56:03.384 +0900
907,0,0,0,0,0,0,0.00,0,0.00,,50.00,50.00,50.00,2025-12-20 16:56:03.390 +0900
908,0,0,0,0,0,0,0.00,0,0.00,,50.00,50.00,50.00,2025-12-20 16:56:03.397 +0900
909,0,0,0,0,0,0,0.00,0,0.00,,50.00,50.00,50.00,2025-12-20 16:56:03.402 +0900
910,0,0,0,0,0,0,0.00,0,0.00,,50.00,50.00,50.00,2025-12-20 16:56:03.409 +0900
911,0,0,0,0,0,0,0.00,0,0.00,,50.00,50.00,50.00,2025-12-20 16:56:03.416 +0900
912,0,0,0,0,0,0,0.00,0,0.00,,50.00,50.00,50.00,2025-12-20 16:56:03.422 +0900
913,0,0,0,0,0,0,0.00,0,0.00,,50.00,50.00,50.00,2025-12-20 16:56:03.427 +0900
914,0,0,0,0,0,0,0.00,0,0.00,,50.00,50.00,50.00,2025-12-20 16:56:03.434 +0900
915,0,0,0,0,0,0,0.00,0,0.00,,50.00,50.00,50.00,2025-12-20 16:56:03.441 +0900
916,0,0,0,0,0,0,0.00,0,0.00,,50.00,50.00,50.00,2025-12-20 16:56:03.447 +0900
917,0,0,0,0,0,0,0.00,0,0.00,,50.00,50.00,50.00,2025-12-20 16:56:03.453 +0900
918,0,0,0,0,0,0,0.00,0,0.00,,50.00,50.00,50.00,2025-12-20 16:56:03.460 +0900
919,0,0,0,0,0,0,0.00,0,0.00,,50.00,50.00,50.00,2025-12-20 16:56:03.466 +0900
920,0,0,0,0,0,0,0.00,0,0.00,,50.00,50.00,50.00,2025-12-20 16:56:03.473 +0900
921,0,0,0,0,0,0,0.00,0,0.00,,50.00,50.00,50.00,2025-12-20 16:56:03.479 +0900
922,0,0,0,0,0,0,0.00,0,0.00,,50.00,50.00,50.00,2025-12-20 16:56:03.486 +0900
923,0,0,0,0,0,0,0.00,0,0.00,,50.00,50.00,50.00,2025-12-20 16:56:03.493 +0900
924,0,0,0,0,0,0,0.00,0,0.00,,50.00,50.00,50.00,2025-12-20 16:56:03.498 +0900
925,0,0,0,0,0,0,0.00,0,0.00,,50.00,50.00,50.00,2025-12-20 16:56:03.505 +0900
926,0,0,0,0,0,0,0.00,0,0.00,,50.00,50.00,50.00,2025-12-20 16:56:03.512 +0900
927,0,0,0,0,0,0,0.00,0,0.00,,50.00,50.00,50.00,2025-12-20 16:56:03.518 +0900
928,0,0,0,0,0,0,0.00,0,0.00,,50.00,50.00,50.00,2025-12-20 16:56:03.524 +0900
929,0,0,0,0,0,0,0.00,0,0.00,,50.00,50.00,50.00,2025-12-20 16:56:03.530 +0900
930,0,0,0,0,0,0,0.00,0,0.00,,50.00,50.00,50.00,2025-12-20 16:56:03.535 +0900
931,0,0,0,0,0,0,0.00,0,0.00,,50.00,50.00,50.00,2025-12-20 16:56:03.542 +0900
932,0,0,0,0,0,0,0.00,0,0.00,,50.00,50.00,50.00,2025-12-20 16:56:03.549 +0900
933,0,0,0,0,0,0,0.00,0,0.00,,50.00,50.00,50.00,2025-12-20 16:56:03.555 +0900
934,0,0,0,0,0,0,0.00,0,0.00,,50.00,50.00,50.00,2025-12-20 16:56:03.561 +0900
935,0,0,0,0,0,0,0.00,0,0.00,,50.00,50.00,50.00,2025-12-20 16:56:03.568 +0900
936,0,0,0,0,0,0,0.00,0,0.00,,50.00,50.00,50.00,2025-12-20 16:56:03.574 +0900
937,0,0,0,0,0,0,0.00,0,0.00,,50.00,50.00,50.00,2025-12-20 16:56:03.581 +0900
938,0,0,0,0,0,0,0.00,0,0.00,,50.00,50.00,50.00,2025-12-20 16:56:03.587 +0900
939,0,0,0,0,0,0,0.00,0,0.00,,50.00,50.00,50.00,2025-12-20 16:56:03.594 +0900
940,0,0,0,0,0,0,0.00,0,0.00,,50.00,50.00,50.00,2025-12-20 16:56:03.600 +0900
941,0,0,0,0,0,0,0.00,0,0.00,,50.00,50.00,50.00,2025-12-20 16:56:03.606 +0900
942,0,0,0,0,0,0,0.00,0,0.00,,50.00,50.00,50.00,2025-12-20 16:56:03.612 +0900
943,0,0,0,0,0,0,0.00,0,0.00,,50.00,50.00,50.00,2025-12-20 16:56:03.619 +0900
944,0,0,0,0,0,0,0.00,0,0.00,,50.00,50.00,50.00,2025-12-20 16:56:03.625 +0900
945,0,0,0,0,0,0,0.00,0,0.00,,50.00,50.00,50.00,2025-12-20 16:56:03.630 +0900
946,0,0,0,0,0,0,0.00,0,0.00,,50.00,50.00,50.00,2025-12-20 16:56:03.636 +0900
947,0,0,0,0,0,0,0.00,0,0.00,,50.00,50.00,50.00,2025-12-20 16:56:03.642 +0900
948,0,0,0,0,0,0,0.00,0,0.00,,50.00,50.00,50.00,2025-12-20 16:56:03.648 +0900
949,0,0,0,0,0,0,0.00,0,0.00,,50.00,50.00,50.00,2025-12-20 16:56:03.653 +0900
950,0,0,0,0,0,0,0.00,0,0.00,,50.00,50.00,50.00,2025-12-20 16:56:03.660 +0900
951,0,0,0,0,0,0,0.00,0,0.00,,50.00,50.00,50.00,2025-12-20 16:56:03.666 +0900
952,0,0,0,0,0,0,0.00,0,0.00,,50.00,50.00,50.00,2025-12-20 16:56:03.672 +0900
953,0,0,0,0,0,0,0.00,0,0.00,,50.00,50.00,50.00,2025-12-20 16:56:03.678 +0900
954,0,0,0,0,0,0,0.00,0,0.00,,50.00,50.00,50.00,2025-12-20 16:56:03.685 +0900
955,0,0,0,0,0,0,0.00,0,0.00,,50.00,50.00,50.00,2025-12-20 16:56:03.691 +0900
956,0,0,0,0,0,0,0.00,0,0.00,,50.00,50.00,50.00,2025-12-20 16:56:03.697 +0900
958,0,0,0,0,0,0,0.00,0,0.00,,50.00,50.00,50.00,2025-12-20 16:56:03.709 +0900
959,0,0,0,0,0,0,0.00,0,0.00,,50.00,50.00,50.00,2025-12-20 16:56:03.716 +0900
960,0,0,0,0,0,0,0.00,0,0.00,,50.00,50.00,50.00,2025-12-20 16:56:03.722 +0900
961,0,0,0,0,0,0,0.00,0,0.00,,50.00,50.00,50.00,2025-12-20 16:56:03.728 +0900
962,0,0,0,0,0,0,0.00,0,0.00,,50.00,50.00,50.00,2025-12-20 16:56:03.734 +0900
963,0,0,0,0,0,0,0.00,0,0.00,,50.00,50.00,50.00,2025-12-20 16:56:03.740 +0900
964,0,0,0,0,0,0,0.00,0,0.00,,50.00,50.00,50.00,2025-12-20 16:56:03.747 +0900
965,0,0,0,0,0,0,0.00,0,0.00,,50.00,50.00,50.00,2025-12-20 16:56:03.753 +0900
966,0,0,0,0,0,0,0.00,0,0.00,,50.00,50.00,50.00,2025-12-20 16:56:03.759 +0900
967,0,0,0,0,0,0,0.00,0,0.00,,50.00,50.00,50.00,2025-12-20 16:56:03.766 +0900
968,0,0,0,0,0,0,0.00,0,0.00,,50.00,50.00,50.00,2025-12-20 16:56:03.773 +0900
969,0,0,0,0,0,0,0.00,0,0.00,,50.00,50.00,50.00,2025-12-20 16:56:03.780 +0900
970,0,0,0,0,0,0,0.00,0,0.00,,50.00,50.00,50.00,2025-12-20 16:56:03.786 +0900
971,0,0,0,0,0,0,0.00,0,0.00,,50.00,50.00,50.00,2025-12-20 16:56:03.792 +0900
972,0,0,0,0,0,0,0.00,0,0.00,,50.00,50.00,50.00,2025-12-20 16:56:03.799 +0900
973,0,0,0,0,0,0,0.00,0,0.00,,50.00,50.00,50.00,2025-12-20 16:56:03.805 +0900
974,0,0,0,0,0,0,0.00,0,0.00,,50.00,50.00,50.00,2025-12-20 16:56:03.811 +0900
975,0,0,0,0,0,0,0.00,0,0.00,,50.00,50.00,50.00,2025-12-20 16:56:03.817 +0900
976,0,0,0,0,0,0,0.00,0,0.00,,50.00,50.00,50.00,2025-12-20 16:56:03.824 +0900
977,0,0,0,0,0,0,0.00,0,0.00,,50.00,50.00,50.00,2025-12-20 16:56:03.830 +0900
979,0,0,0,0,0,0,0.00,0,0.00,,50.00,50.00,50.00,2025-12-20 16:56:03.843 +0900
980,0,0,0,0,0,0,0.00,0,0.00,,50.00,50.00,50.00,2025-12-20 16:56:03.849 +0900
981,0,0,0,0,0,0,0.00,0,0.00,,50.00,50.00,50.00,2025-12-20 16:56:03.856 +0900
982,0,0,0,0,0,0,0.00,0,0.00,,50.00,50.00,50.00,2025-12-20 16:56:03.863 +0900
983,0,0,0,0,0,0,0.00,0,0.00,,50.00,50.00,50.00,2025-12-20 16:56:03.870 +0900
984,0,0,0,0,0,0,0.00,0,0.00,,50.00,50.00,50.00,2025-12-20 16:56:03.875 +0900
985,0,0,0,0,0,0,0.00,0,0.00,,50.00,50.00,50.00,2025-12-20 16:56:03.882 +0900
986,0,0,0,0,0,0,0.00,0,0.00,,50.00,50.00,50.00,2025-12-20 16:56:03.888 +0900
978,3,0,1,0,0,0,0.00,0,0.00,,50.00,50.00,50.00,2025-12-20 16:56:03.837 +0900
987,0,0,0,0,0,0,0.00,0,0.00,,50.00,50.00,50.00,2025-12-20 16:56:03.895 +0900
988,0,0,0,0,0,0,0.00,0,0.00,,50.00,50.00,50.00,2025-12-20 16:56:03.901 +0900
989,0,0,0,0,0,0,0.00,0,0.00,,50.00,50.00,50.00,2025-12-20 16:56:03.908 +0900
990,0,0,0,0,0,0,0.00,0,0.00,,50.00,50.00,50.00,2025-12-20 16:56:03.920 +0900
991,0,0,0,0,0,0,0.00,0,0.00,,50.00,50.00,50.00,2025-12-20 16:56:03.933 +0900
992,0,0,0,0,0,0,0.00,0,0.00,,50.00,50.00,50.00,2025-12-20 16:56:03.941 +0900
993,0,0,0,0,0,0,0.00,0,0.00,,50.00,50.00,50.00,2025-12-20 16:56:03.949 +0900
994,0,0,0,0,0,0,0.00,0,0.00,,50.00,50.00,50.00,2025-12-20 16:56:03.958 +0900
995,0,0,0,0,0,0,0.00,0,0.00,,50.00,50.00,50.00,2025-12-20 16:56:03.966 +0900
996,0,0,0,0,0,0,0.00,0,0.00,,50.00,50.00,50.00,2025-12-20 16:56:03.972 +0900
997,0,0,0,0,0,0,0.00,0,0.00,,50.00,50.00,50.00,2025-12-20 16:56:03.978 +0900
998,0,0,0,0,0,0,0.00,0,0.00,,50.00,50.00,50.00,2025-12-20 16:56:03.985 +0900
999,0,0,0,0,0,0,0.00,0,0.00,,50.00,50.00,50.00,2025-12-20 16:56:03.991 +0900
1000,0,0,0,0,0,0,0.00,0,0.00,,50.00,50.00,50.00,2025-12-20 16:56:03.998 +0900
1001,0,0,0,0,0,0,0.00,0,0.00,,50.00,50.00,50.00,2025-12-20 16:56:04.005 +0900
1002,0,0,0,0,0,0,0.00,0,0.00,,50.00,50.00,50.00,2025-12-20 16:56:04.011 +0900
1003,0,0,0,0,0,0,0.00,0,0.00,,50.00,50.00,50.00,2025-12-20 16:56:04.018 +0900
1004,0,0,0,0,0,0,0.00,0,0.00,,50.00,50.00,50.00,2025-12-20 16:56:04.024 +0900
1005,0,0,0,0,0,0,0.00,0,0.00,,50.00,50.00,50.00,2025-12-20 16:56:04.030 +0900
1006,0,0,0,0,0,0,0.00,0,0.00,,50.00,50.00,50.00,2025-12-20 16:56:04.036 +0900
1007,0,0,0,0,0,0,0.00,0,0.00,,50.00,50.00,50.00,2025-12-20 16:56:04.043 +0900
1008,0,0,0,0,0,0,0.00,0,0.00,,50.00,50.00,50.00,2025-12-20 16:56:04.049 +0900
1009,0,0,0,0,0,0,0.00,0,0.00,,50.00,50.00,50.00,2025-12-20 16:56:04.055 +0900
1010,0,0,0,0,0,0,0.00,0,0.00,,50.00,50.00,50.00,2025-12-20 16:56:04.061 +0900
1011,0,0,0,0,0,0,0.00,0,0.00,,50.00,50.00,50.00,2025-12-20 16:56:04.067 +0900
1012,0,0,0,0,0,0,0.00,0,0.00,,50.00,50.00,50.00,2025-12-20 16:56:04.073 +0900
1013,0,0,0,0,0,0,0.00,0,0.00,,50.00,50.00,50.00,2025-12-20 16:56:04.079 +0900
1014,0,0,0,0,0,0,0.00,0,0.00,,50.00,50.00,50.00,2025-12-20 16:56:04.085 +0900
1015,0,0,0,0,0,0,0.00,0,0.00,,50.00,50.00,50.00,2025-12-20 16:56:04.091 +0900
1016,0,0,0,0,0,0,0.00,0,0.00,,50.00,50.00,50.00,2025-12-20 16:56:04.097 +0900
1017,0,0,0,0,0,0,0.00,0,0.00,,50.00,50.00,50.00,2025-12-20 16:56:04.103 +0900
1018,0,0,0,0,0,0,0.00,0,0.00,,50.00,50.00,50.00,2025-12-20 16:56:04.109 +0900
1019,0,0,0,0,0,0,0.00,0,0.00,,50.00,50.00,50.00,2025-12-20 16:56:04.115 +0900
1020,0,0,0,0,0,0,0.00,0,0.00,,50.00,50.00,50.00,2025-12-20 16:56:04.122 +0900
1021,0,0,0,0,0,0,0.00,0,0.00,,50.00,50.00,50.00,2025-12-20 16:56:04.128 +0900
1022,0,0,0,0,0,0,0.00,0,0.00,,50.00,50.00,50.00,2025-12-20 16:56:04.133 +0900
1023,0,0,0,0,0,0,0.00,0,0.00,,50.00,50.00,50.00,2025-12-20 16:56:04.139 +0900
1024,0,0,0,0,0,0,0.00,0,0.00,,50.00,50.00,50.00,2025-12-20 16:56:04.145 +0900
1025,0,0,0,0,0,0,0.00,0,0.00,,50.00,50.00,50.00,2025-12-20 16:56:04.152 +0900
1026,0,0,0,0,0,0,0.00,0,0.00,,50.00,50.00,50.00,2025-12-20 16:56:04.157 +0900
1027,0,0,0,0,0,0,0.00,0,0.00,,50.00,50.00,50.00,2025-12-20 16:56:04.163 +0900
1028,0,0,0,0,0,0,0.00,0,0.00,,50.00,50.00,50.00,2025-12-20 16:56:04.169 +0900
1029,0,0,0,0,0,0,0.00,0,0.00,,50.00,50.00,50.00,2025-12-20 16:56:04.175 +0900
1030,0,0,0,0,0,0,0.00,0,0.00,,50.00,50.00,50.00,2025-12-20 16:56:04.181 +0900
1031,0,0,0,0,0,0,0.00,0,0.00,,50.00,50.00,50.00,2025-12-20 16:56:04.187 +0900
1032,0,0,0,0,0,0,0.00,0,0.00,,50.00,50.00,50.00,2025-12-20 16:56:04.192 +0900
1033,0,0,0,0,0,0,0.00,0,0.00,,50.00,50.00,50.00,2025-12-20 16:56:04.198 +0900
1034,0,0,0,0,0,0,0.00,0,0.00,,50.00,50.00,50.00,2025-12-20 16:56:04.204 +0900
1035,0,0,0,0,0,0,0.00,0,0.00,,50.00,50.00,50.00,2025-12-20 16:56:04.210 +0900
1036,0,0,0,0,0,0,0.00,0,0.00,,50.00,50.00,50.00,2025-12-20 16:56:04.216 +0900
1037,0,0,0,0,0,0,0.00,0,0.00,,50.00,50.00,50.00,2025-12-20 16:56:04.221 +0900
1038,0,0,0,0,0,0,0.00,0,0.00,,50.00,50.00,50.00,2025-12-20 16:56:04.227 +0900
1039,0,0,0,0,0,0,0.00,0,0.00,,50.00,50.00,50.00,2025-12-20 16:56:04.233 +0900
1040,0,0,0,0,0,0,0.00,0,0.00,,50.00,50.00,50.00,2025-12-20 16:56:04.238 +0900
1041,0,0,0,0,0,0,0.00,0,0.00,,50.00,50.00,50.00,2025-12-20 16:56:04.243 +0900
1042,0,0,0,0,0,0,0.00,0,0.00,,50.00,50.00,50.00,2025-12-20 16:56:04.249 +0900
1043,0,0,0,0,0,0,0.00,0,0.00,,50.00,50.00,50.00,2025-12-20 16:56:04.254 +0900
1044,0,0,0,0,0,0,0.00,0,0.00,,50.00,50.00,50.00,2025-12-20 16:56:04.259 +0900
1045,0,0,0,0,0,0,0.00,0,0.00,,50.00,50.00,50.00,2025-12-20 16:56:04.265 +0900
1046,0,0,0,0,0,0,0.00,0,0.00,,50.00,50.00,50.00,2025-12-20 16:56:04.270 +0900
1047,0,0,0,0,0,0,0.00,0,0.00,,50.00,50.00,50.00,2025-12-20 16:56:04.275 +0900
1048,0,0,0,0,0,0,0.00,0,0.00,,50.00,50.00,50.00,2025-12-20 16:56:04.281 +0900
1049,0,0,0,0,0,0,0.00,0,0.00,,50.00,50.00,50.00,2025-12-20 16:56:04.286 +0900
1050,0,0,0,0,0,0,0.00,0,0.00,,50.00,50.00,50.00,2025-12-20 16:56:04.292 +0900
1051,0,0,0,0,0,0,0.00,0,0.00,,50.00,50.00,50.00,2025-12-20 16:56:04.297 +0900
1052,0,0,0,0,0,0,0.00,0,0.00,,50.00,50.00,50.00,2025-12-20 16:56:04.302 +0900
1053,0,0,0,0,0,0,0.00,0,0.00,,50.00,50.00,50.00,2025-12-20 16:56:04.308 +0900
1054,0,0,0,0,0,0,0.00,0,0.00,,50.00,50.00,50.00,2025-12-20 16:56:04.313 +0900
1055,0,0,0,0,0,0,0.00,0,0.00,,50.00,50.00,50.00,2025-12-20 16:56:04.319 +0900
1056,0,0,0,0,0,0,0.00,0,0.00,,50.00,50.00,50.00,2025-12-20 16:56:04.324 +0900
1057,0,0,0,0,0,0,0.00,0,0.00,,50.00,50.00,50.00,2025-12-20 16:56:04.329 +0900
1058,0,0,0,0,0,0,0.00,0,0.00,,50.00,50.00,50.00,2025-12-20 16:56:04.334 +0900
1059,0,0,0,0,0,0,0.00,0,0.00,,50.00,50.00,50.00,2025-12-20 16:56:04.339 +0900
1060,0,0,0,0,0,0,0.00,0,0.00,,50.00,50.00,50.00,2025-12-20 16:56:04.344 +0900
1061,0,0,0,0,0,0,0.00,0,0.00,,50.00,50.00,50.00,2025-12-20 16:56:04.350 +0900
1062,0,0,0,0,0,0,0.00,0,0.00,,50.00,50.00,50.00,2025-12-20 16:56:04.355 +0900
1063,0,0,0,0,0,0,0.00,0,0.00,,50.00,50.00,50.00,2025-12-20 16:56:04.360 +0900
1064,0,0,0,0,0,0,0.00,0,0.00,,50.00,50.00,50.00,2025-12-20 16:56:04.365 +0900
1065,0,0,0,0,0,0,0.00,0,0.00,,50.00,50.00,50.00,2025-12-20 16:56:04.371 +0900
1066,0,0,0,0,0,0,0.00,0,0.00,,50.00,50.00,50.00,2025-12-20 16:56:04.376 +0900
1067,0,0,0,0,0,0,0.00,0,0.00,,50.00,50.00,50.00,2025-12-20 16:56:04.381 +0900
1068,0,0,0,0,0,0,0.00,0,0.00,,50.00,50.00,50.00,2025-12-20 16:56:04.386 +0900
1069,0,0,0,0,0,0,0.00,0,0.00,,50.00,50.00,50.00,2025-12-20 16:56:04.391 +0900
1070,0,0,0,0,0,0,0.00,0,0.00,,50.00,50.00,50.00,2025-12-20 16:56:04.396 +0900
1071,0,0,0,0,0,0,0.00,0,0.00,,50.00,50.00,50.00,2025-12-20 16:56:04.401 +0900
1072,0,0,0,0,0,0,0.00,0,0.00,,50.00,50.00,50.00,2025-12-20 16:56:04.406 +0900
1073,0,0,0,0,0,0,0.00,0,0.00,,50.00,50.00,50.00,2025-12-20 16:56:04.413 +0900
1074,0,0,0,0,0,0,0.00,0,0.00,,50.00,50.00,50.00,2025-12-20 16:56:04.418 +0900
1075,0,0,0,0,0,0,0.00,0,0.00,,50.00,50.00,50.00,2025-12-20 16:56:04.423 +0900
1076,0,0,0,0,0,0,0.00,0,0.00,,50.00,50.00,50.00,2025-12-20 16:56:04.429 +0900
1077,0,0,0,0,0,0,0.00,0,0.00,,50.00,50.00,50.00,2025-12-20 16:56:04.434 +0900
1078,0,0,0,0,0,0,0.00,0,0.00,,50.00,50.00,50.00,2025-12-20 16:56:04.440 +0900
1079,0,0,0,0,0,0,0.00,0,0.00,,50.00,50.00,50.00,2025-12-20 16:56:04.445 +0900
1080,0,0,0,0,0,0,0.00,0,0.00,,50.00,50.00,50.00,2025-12-20 16:56:04.450 +0900
1081,0,0,0,0,0,0,0.00,0,0.00,,50.00,50.00,50.00,2025-12-20 16:56:04.455 +0900
1082,0,0,0,0,0,0,0.00,0,0.00,,50.00,50.00,50.00,2025-12-20 16:56:04.461 +0900
1083,0,0,0,0,0,0,0.00,0,0.00,,50.00,50.00,50.00,2025-12-20 16:56:04.466 +0900
1084,0,0,0,0,0,0,0.00,0,0.00,,50.00,50.00,50.00,2025-12-20 16:56:04.471 +0900
1085,0,0,0,0,0,0,0.00,0,0.00,,50.00,50.00,50.00,2025-12-20 16:56:04.477 +0900
1086,0,0,0,0,0,0,0.00,0,0.00,,50.00,50.00,50.00,2025-12-20 16:56:04.482 +0900
1087,0,0,0,0,0,0,0.00,0,0.00,,50.00,50.00,50.00,2025-12-20 16:56:04.487 +0900
1088,0,0,0,0,0,0,0.00,0,0.00,,50.00,50.00,50.00,2025-12-20 16:56:04.493 +0900
1089,0,0,0,0,0,0,0.00,0,0.00,,50.00,50.00,50.00,2025-12-20 16:56:04.499 +0900
1090,0,0,0,0,0,0,0.00,0,0.00,,50.00,50.00,50.00,2025-12-20 16:56:04.504 +0900
1091,0,0,0,0,0,0,0.00,0,0.00,,50.00,50.00,50.00,2025-12-20 16:56:04.509 +0900
1092,0,0,0,0,0,0,0.00,0,0.00,,50.00,50.00,50.00,2025-12-20 16:56:04.514 +0900
1093,0,0,0,0,0,0,0.00,0,0.00,,50.00,50.00,50.00,2025-12-20 16:56:04.520 +0900
1094,0,0,0,0,0,0,0.00,0,0.00,,50.00,50.00,50.00,2025-12-20 16:56:04.525 +0900
1095,0,0,0,0,0,0,0.00,0,0.00,,50.00,50.00,50.00,2025-12-20 16:56:04.531 +0900
1096,0,0,0,0,0,0,0.00,0,0.00,,50.00,50.00,50.00,2025-12-20 16:56:04.536 +0900
1097,0,0,0,0,0,0,0.00,0,0.00,,50.00,50.00,50.00,2025-12-20 16:56:04.542 +0900
1098,0,0,0,0,0,0,0.00,0,0.00,,50.00,50.00,50.00,2025-12-20 16:56:04.547 +0900
1099,0,0,0,0,0,0,0.00,0,0.00,,50.00,50.00,50.00,2025-12-20 16:56:04.553 +0900
1100,0,0,0,0,0,0,0.00,0,0.00,,50.00,50.00,50.00,2025-12-20 16:56:04.558 +0900
1101,0,0,0,0,0,0,0.00,0,0.00,,50.00,50.00,50.00,2025-12-20 16:56:04.564 +0900
1102,0,0,0,0,0,0,0.00,0,0.00,,50.00,50.00,50.00,2025-12-20 16:56:04.569 +0900
1103,0,0,0,0,0,0,0.00,0,0.00,,50.00,50.00,50.00,2025-12-20 16:56:04.575 +0900
1104,0,0,0,0,0,0,0.00,0,0.00,,50.00,50.00,50.00,2025-12-20 16:56:04.580 +0900
1105,0,0,0,0,0,0,0.00,0,0.00,,50.00,50.00,50.00,2025-12-20 16:56:04.585 +0900
1106,0,0,0,0,0,0,0.00,0,0.00,,50.00,50.00,50.00,2025-12-20 16:56:04.591 +0900
1107,0,0,0,0,0,0,0.00,0,0.00,,50.00,50.00,50.00,2025-12-20 16:56:04.597 +0900
1108,0,0,0,0,0,0,0.00,0,0.00,,50.00,50.00,50.00,2025-12-20 16:56:04.602 +0900
1109,0,0,0,0,0,0,0.00,0,0.00,,50.00,50.00,50.00,2025-12-20 16:56:04.608 +0900
1110,0,0,0,0,0,0,0.00,0,0.00,,50.00,50.00,50.00,2025-12-20 16:56:04.613 +0900
1111,0,0,0,0,0,0,0.00,0,0.00,,50.00,50.00,50.00,2025-12-20 16:56:04.618 +0900
1112,0,0,0,0,0,0,0.00,0,0.00,,50.00,50.00,50.00,2025-12-20 16:56:04.624 +0900
1113,0,0,0,0,0,0,0.00,0,0.00,,50.00,50.00,50.00,2025-12-20 16:56:04.629 +0900
1114,0,0,0,0,0,0,0.00,0,0.00,,50.00,50.00,50.00,2025-12-20 16:56:04.634 +0900
1115,0,0,0,0,0,0,0.00,0,0.00,,50.00,50.00,50.00,2025-12-20 16:56:04.639 +0900
1116,0,0,0,0,0,0,0.00,0,0.00,,50.00,50.00,50.00,2025-12-20 16:56:04.645 +0900
1117,0,0,0,0,0,0,0.00,0,0.00,,50.00,50.00,50.00,2025-12-20 16:56:04.650 +0900
1118,0,0,0,0,0,0,0.00,0,0.00,,50.00,50.00,50.00,2025-12-20 16:56:04.655 +0900
1119,0,0,0,0,0,0,0.00,0,0.00,,50.00,50.00,50.00,2025-12-20 16:56:04.661 +0900
1120,0,0,0,0,0,0,0.00,0,0.00,,50.00,50.00,50.00,2025-12-20 16:56:04.666 +0900
1121,0,0,0,0,0,0,0.00,0,0.00,,50.00,50.00,50.00,2025-12-20 16:56:04.671 +0900
1122,0,0,0,0,0,0,0.00,0,0.00,,50.00,50.00,50.00,2025-12-20 16:56:04.677 +0900
1123,0,0,0,0,0,0,0.00,0,0.00,,50.00,50.00,50.00,2025-12-20 16:56:04.682 +0900
1124,0,0,0,0,0,0,0.00,0,0.00,,50.00,50.00,50.00,2025-12-20 16:56:04.687 +0900
1125,0,0,0,0,0,0,0.00,0,0.00,,50.00,50.00,50.00,2025-12-20 16:56:04.692 +0900
1126,0,0,0,0,0,0,0.00,0,0.00,,50.00,50.00,50.00,2025-12-20 16:56:04.698 +0900
1127,0,0,0,0,0,0,0.00,0,0.00,,50.00,50.00,50.00,2025-12-20 16:56:04.703 +0900
1128,0,0,0,0,0,0,0.00,0,0.00,,50.00,50.00,50.00,2025-12-20 16:56:04.708 +0900
1129,0,0,0,0,0,0,0.00,0,0.00,,50.00,50.00,50.00,2025-12-20 16:56:04.713 +0900
1130,0,0,0,0,0,0,0.00,0,0.00,,50.00,50.00,50.00,2025-12-20 16:56:04.719 +0900
1131,0,0,0,0,0,0,0.00,0,0.00,,50.00,50.00,50.00,2025-12-20 16:56:04.724 +0900
1132,0,0,0,0,0,0,0.00,0,0.00,,50.00,50.00,50.00,2025-12-20 16:56:04.729 +0900
1134,0,0,0,0,0,0,0.00,0,0.00,,50.00,50.00,50.00,2025-12-20 16:56:04.740 +0900
1135,0,0,0,0,0,0,0.00,0,0.00,,50.00,50.00,50.00,2025-12-20 16:56:04.746 +0900
1136,0,0,0,0,0,0,0.00,0,0.00,,50.00,50.00,50.00,2025-12-20 16:56:04.751 +0900
1137,0,0,0,0,0,0,0.00,0,0.00,,50.00,50.00,50.00,2025-12-20 16:56:04.757 +0900
1138,0,0,0,0,0,0,0.00,0,0.00,,50.00,50.00,50.00,2025-12-20 16:56:04.762 +0900
1139,0,0,0,0,0,0,0.00,0,0.00,,50.00,50.00,50.00,2025-12-20 16:56:04.768 +0900
1140,0,0,0,0,0,0,0.00,0,0.00,,50.00,50.00,50.00,2025-12-20 16:56:04.774 +0900
1141,0,0,0,0,0,0,0.00,0,0.00,,50.00,50.00,50.00,2025-12-20 16:56:04.779 +0900
1142,0,0,0,0,0,0,0.00,0,0.00,,50.00,50.00,50.00,2025-12-20 16:56:04.785 +0900
1143,0,0,0,0,0,0,0.00,0,0.00,,50.00,50.00,50.00,2025-12-20 16:56:04.790 +0900
1144,0,0,0,0,0,0,0.00,0,0.00,,50.00,50.00,50.00,2025-12-20 16:56:04.796 +0900
1145,0,0,0,0,0,0,0.00,0,0.00,,50.00,50.00,50.00,2025-12-20 16:56:04.801 +0900
1146,0,0,0,0,0,0,0.00,0,0.00,,50.00,50.00,50.00,2025-12-20 16:56:04.807 +0900
1147,0,0,0,0,0,0,0.00,0,0.00,,50.00,50.00,50.00,2025-12-20 16:56:04.812 +0900
1148,0,0,0,0,0,0,0.00,0,0.00,,50.00,50.00,50.00,2025-12-20 16:56:04.818 +0900
1149,0,0,0,0,0,0,0.00,0,0.00,,50.00,50.00,50.00,2025-12-20 16:56:04.823 +0900
1150,0,0,0,0,0,0,0.00,0,0.00,,50.00,50.00,50.00,2025-12-20 16:56:04.829 +0900
1151,0,0,0,0,0,0,0.00,0,0.00,,50.00,50.00,50.00,2025-12-20 16:56:04.834 +0900
1152,0,0,0,0,0,0,0.00,0,0.00,,50.00,50.00,50.00,2025-12-20 16:56:04.840 +0900
1154,0,0,0,0,0,0,0.00,0,0.00,,50.00,50.00,50.00,2025-12-20 16:56:04.851 +0900
1157,0,0,0,0,0,0,0.00,0,0.00,,50.00,50.00,50.00,2025-12-20 16:56:04.868 +0900
1158,0,0,0,0,0,0,0.00,0,0.00,,50.00,50.00,50.00,2025-12-20 16:56:04.873 +0900
1159,0,0,0,0,0,0,0.00,0,0.00,,50.00,50.00,50.00,2025-12-20 16:56:04.878 +0900
1160,0,0,0,0,0,0,0.00,0,0.00,,50.00,50.00,50.00,2025-12-20 16:56:04.884 +0900
1153,1,0,0,0,0,0,0.00,0,0.00,,50.00,50.00,50.00,2025-12-20 16:56:04.845 +0900
1133,1,0,0,0,0,0,0.00,0,0.00,,50.00,50.00,50.00,2025-12-20 16:56:04.734 +0900
1156,1,0,1,0,0,0,0.00,0,0.00,,50.00,50.00,50.00,2025-12-20 16:56:04.861 +0900
1161,0,0,0,0,0,0,0.00,0,0.00,,50.00,50.00,50.00,2025-12-20 16:56:04.890 +0900
1162,0,0,0,0,0,0,0.00,0,0.00,,50.00,50.00,50.00,2025-12-20 16:56:04.895 +0900
1163,0,0,0,0,0,0,0.00,0,0.00,,50.00,50.00,50.00,2025-12-20 16:56:04.900 +0900
1164,0,0,0,0,0,0,0.00,0,0.00,,50.00,50.00,50.00,2025-12-20 16:56:04.906 +0900
1165,0,0,0,0,0,0,0.00,0,0.00,,50.00,50.00,50.00,2025-12-20 16:56:04.912 +0900
1166,0,0,0,0,0,0,0.00,0,0.00,,50.00,50.00,50.00,2025-12-20 16:56:04.918 +0900
1167,0,0,0,0,0,0,0.00,0,0.00,,50.00,50.00,50.00,2025-12-20 16:56:04.923 +0900
1168,0,0,0,0,0,0,0.00,0,0.00,,50.00,50.00,50.00,2025-12-20 16:56:04.928 +0900
1169,0,0,0,0,0,0,0.00,0,0.00,,50.00,50.00,50.00,2025-12-20 16:56:04.934 +0900
1170,0,0,0,0,0,0,0.00,0,0.00,,50.00,50.00,50.00,2025-12-20 16:56:04.939 +0900
1171,0,0,0,0,0,0,0.00,0,0.00,,50.00,50.00,50.00,2025-12-20 16:56:04.944 +0900
1172,0,0,0,0,0,0,0.00,0,0.00,,50.00,50.00,50.00,2025-12-20 16:56:04.949 +0900
1173,0,0,0,0,0,0,0.00,0,0.00,,50.00,50.00,50.00,2025-12-20 16:56:04.955 +0900
1174,0,0,0,0,0,0,0.00,0,0.00,,50.00,50.00,50.00,2025-12-20 16:56:04.960 +0900
1175,0,0,0,0,0,0,0.00,0,0.00,,50.00,50.00,50.00,2025-12-20 16:56:04.967 +0900
1176,0,0,0,0,0,0,0.00,0,0.00,,50.00,50.00,50.00,2025-12-20 16:56:04.972 +0900
1177,0,0,0,0,0,0,0.00,0,0.00,,50.00,50.00,50.00,2025-12-20 16:56:04.978 +0900
1178,0,0,0,0,0,0,0.00,0,0.00,,50.00,50.00,50.00,2025-12-20 16:56:04.983 +0900
1179,0,0,0,0,0,0,0.00,0,0.00,,50.00,50.00,50.00,2025-12-20 16:56:04.988 +0900
1180,0,0,0,0,0,0,0.00,0,0.00,,50.00,50.00,50.00,2025-12-20 16:56:04.994 +0900
1181,0,0,0,0,0,0,0.00,0,0.00,,50.00,50.00,50.00,2025-12-20 16:56:04.999 +0900
1182,0,0,0,0,0,0,0.00,0,0.00,,50.00,50.00,50.00,2025-12-20 16:56:05.004 +0900
1183,0,0,0,0,0,0,0.00,0,0.00,,50.00,50.00,50.00,2025-12-20 16:56:05.010 +0900
1184,0,0,0,0,0,0,0.00,0,0.00,,50.00,50.00,50.00,2025-12-20 16:56:05.016 +0900
1185,0,0,0,0,0,0,0.00,0,0.00,,50.00,50.00,50.00,2025-12-20 16:56:05.021 +0900
1186,0,0,0,0,0,0,0.00,0,0.00,,50.00,50.00,50.00,2025-12-20 16:56:05.027 +0900
1187,0,0,0,0,0,0,0.00,0,0.00,,50.00,50.00,50.00,2025-12-20 16:56:05.033 +0900
1188,0,0,0,0,0,0,0.00,0,0.00,,50.00,50.00,50.00,2025-12-20 16:56:05.038 +0900
1189,0,0,0,0,0,0,0.00,0,0.00,,50.00,50.00,50.00,2025-12-20 16:56:05.043 +0900
1190,0,0,0,0,0,0,0.00,0,0.00,,50.00,50.00,50.00,2025-12-20 16:56:05.049 +0900
1191,0,0,0,0,0,0,0.00,0,0.00,,50.00,50.00,50.00,2025-12-20 16:56:05.055 +0900
1192,0,0,0,0,0,0,0.00,0,0.00,,50.00,50.00,50.00,2025-12-20 16:56:05.060 +0900
1193,0,0,0,0,0,0,0.00,0,0.00,,50.00,50.00,50.00,2025-12-20 16:56:05.066 +0900
1194,0,0,0,0,0,0,0.00,0,0.00,,50.00,50.00,50.00,2025-12-20 16:56:05.071 +0900
1195,0,0,0,0,0,0,0.00,0,0.00,,50.00,50.00,50.00,2025-12-20 16:56:05.077 +0900
1196,0,0,0,0,0,0,0.00,0,0.00,,50.00,50.00,50.00,2025-12-20 16:56:05.082 +0900
1197,0,0,0,0,0,0,0.00,0,0.00,,50.00,50.00,50.00,2025-12-20 16:56:05.088 +0900
1198,0,0,0,0,0,0,0.00,0,0.00,,50.00,50.00,50.00,2025-12-20 16:56:05.094 +0900
1199,0,0,0,0,0,0,0.00,0,0.00,,50.00,50.00,50.00,2025-12-20 16:56:05.100 +0900
1200,0,0,0,0,0,0,0.00,0,0.00,,50.00,50.00,50.00,2025-12-20 16:56:05.105 +0900
1201,0,0,0,0,0,0,0.00,0,0.00,,50.00,50.00,50.00,2025-12-20 16:56:05.111 +0900
1202,0,0,0,0,0,0,0.00,0,0.00,,50.00,50.00,50.00,2025-12-20 16:56:05.117 +0900
1203,0,0,0,0,0,0,0.00,0,0.00,,50.00,50.00,50.00,2025-12-20 16:56:05.123 +0900
1204,0,0,0,0,0,0,0.00,0,0.00,,50.00,50.00,50.00,2025-12-20 16:56:05.128 +0900
1205,0,0,0,0,0,0,0.00,0,0.00,,50.00,50.00,50.00,2025-12-20 16:56:05.135 +0900
1206,0,0,0,0,0,0,0.00,0,0.00,,50.00,50.00,50.00,2025-12-20 16:56:05.142 +0900
1207,0,0,0,0,0,0,0.00,0,0.00,,50.00,50.00,50.00,2025-12-20 16:56:05.148 +0900
1208,0,0,0,0,0,0,0.00,0,0.00,,50.00,50.00,50.00,2025-12-20 16:56:05.153 +0900
1209,0,0,0,0,0,0,0.00,0,0.00,,50.00,50.00,50.00,2025-12-20 16:56:05.159 +0900
1210,0,0,0,0,0,0,0.00,0,0.00,,50.00,50.00,50.00,2025-12-20 16:56:05.164 +0900
1211,0,0,0,0,0,0,0.00,0,0.00,,50.00,50.00,50.00,2025-12-20 16:56:05.170 +0900
1212,0,0,0,0,0,0,0.00,0,0.00,,50.00,50.00,50.00,2025-12-20 16:56:05.176 +0900
1213,0,0,0,0,0,0,0.00,0,0.00,,50.00,50.00,50.00,2025-12-20 16:56:05.182 +0900
1214,0,0,0,0,0,0,0.00,0,0.00,,50.00,50.00,50.00,2025-12-20 16:56:05.188 +0900
1215,0,0,0,0,0,0,0.00,0,0.00,,50.00,50.00,50.00,2025-12-20 16:56:05.193 +0900
1216,0,0,0,0,0,0,0.00,0,0.00,,50.00,50.00,50.00,2025-12-20 16:56:05.200 +0900
1217,0,0,0,0,0,0,0.00,0,0.00,,50.00,50.00,50.00,2025-12-20 16:56:05.205 +0900
1218,0,0,0,0,0,0,0.00,0,0.00,,50.00,50.00,50.00,2025-12-20 16:56:05.211 +0900
1219,0,0,0,0,0,0,0.00,0,0.00,,50.00,50.00,50.00,2025-12-20 16:56:05.217 +0900
1220,0,0,0,0,0,0,0.00,0,0.00,,50.00,50.00,50.00,2025-12-20 16:56:05.222 +0900
1221,0,0,0,0,0,0,0.00,0,0.00,,50.00,50.00,50.00,2025-12-20 16:56:05.228 +0900
1222,0,0,0,0,0,0,0.00,0,0.00,,50.00,50.00,50.00,2025-12-20 16:56:05.234 +0900
1223,0,0,0,0,0,0,0.00,0,0.00,,50.00,50.00,50.00,2025-12-20 16:56:05.240 +0900
1224,0,0,0,0,0,0,0.00,0,0.00,,50.00,50.00,50.00,2025-12-20 16:56:05.246 +0900
1225,0,0,0,0,0,0,0.00,0,0.00,,50.00,50.00,50.00,2025-12-20 16:56:05.252 +0900
1226,0,0,0,0,0,0,0.00,0,0.00,,50.00,50.00,50.00,2025-12-20 16:56:05.258 +0900
1227,0,0,0,0,0,0,0.00,0,0.00,,50.00,50.00,50.00,2025-12-20 16:56:05.265 +0900
1228,0,0,0,0,0,0,0.00,0,0.00,,50.00,50.00,50.00,2025-12-20 16:56:05.270 +0900
1229,0,0,0,0,0,0,0.00,0,0.00,,50.00,50.00,50.00,2025-12-20 16:56:05.276 +0900
1230,0,0,0,0,0,0,0.00,0,0.00,,50.00,50.00,50.00,2025-12-20 16:56:05.282 +0900
1231,0,0,0,0,0,0,0.00,0,0.00,,50.00,50.00,50.00,2025-12-20 16:56:05.288 +0900
1232,0,0,0,0,0,0,0.00,0,0.00,,50.00,50.00,50.00,2025-12-20 16:56:05.293 +0900
1233,0,0,0,0,0,0,0.00,0,0.00,,50.00,50.00,50.00,2025-12-20 16:56:05.299 +0900
1234,0,0,0,0,0,0,0.00,0,0.00,,50.00,50.00,50.00,2025-12-20 16:56:05.305 +0900
1235,0,0,0,0,0,0,0.00,0,0.00,,50.00,50.00,50.00,2025-12-20 16:56:05.310 +0900
1236,0,0,0,0,0,0,0.00,0,0.00,,50.00,50.00,50.00,2025-12-20 16:56:05.316 +0900
1237,0,0,0,0,0,0,0.00,0,0.00,,50.00,50.00,50.00,2025-12-20 16:56:05.321 +0900
1238,0,0,0,0,0,0,0.00,0,0.00,,50.00,50.00,50.00,2025-12-20 16:56:05.327 +0900
1239,0,0,0,0,0,0,0.00,0,0.00,,50.00,50.00,50.00,2025-12-20 16:56:05.332 +0900
1240,0,0,0,0,0,0,0.00,0,0.00,,50.00,50.00,50.00,2025-12-20 16:56:05.338 +0900
1241,0,0,0,0,0,0,0.00,0,0.00,,50.00,50.00,50.00,2025-12-20 16:56:05.346 +0900
1242,0,0,0,0,0,0,0.00,0,0.00,,50.00,50.00,50.00,2025-12-20 16:56:05.352 +0900
1243,0,0,0,0,0,0,0.00,0,0.00,,50.00,50.00,50.00,2025-12-20 16:56:05.357 +0900
1244,0,0,0,0,0,0,0.00,0,0.00,,50.00,50.00,50.00,2025-12-20 16:56:05.363 +0900
1245,0,0,0,0,0,0,0.00,0,0.00,,50.00,50.00,50.00,2025-12-20 16:56:05.369 +0900
1246,0,0,0,0,0,0,0.00,0,0.00,,50.00,50.00,50.00,2025-12-20 16:56:05.375 +0900
1247,0,0,0,0,0,0,0.00,0,0.00,,50.00,50.00,50.00,2025-12-20 16:56:05.380 +0900
1248,0,0,0,0,0,0,0.00,0,0.00,,50.00,50.00,50.00,2025-12-20 16:56:05.386 +0900
1249,0,0,0,0,0,0,0.00,0,0.00,,50.00,50.00,50.00,2025-12-20 16:56:05.391 +0900
1250,0,0,0,0,0,0,0.00,0,0.00,,50.00,50.00,50.00,2025-12-20 16:56:05.397 +0900
1251,0,0,0,0,0,0,0.00,0,0.00,,50.00,50.00,50.00,2025-12-20 16:56:05.402 +0900
1252,0,0,0,0,0,0,0.00,0,0.00,,50.00,50.00,50.00,2025-12-20 16:56:05.408 +0900
1253,0,0,0,0,0,0,0.00,0,0.00,,50.00,50.00,50.00,2025-12-20 16:56:05.413 +0900
1254,0,0,0,0,0,0,0.00,0,0.00,,50.00,50.00,50.00,2025-12-20 16:56:05.419 +0900
1255,0,0,0,0,0,0,0.00,0,0.00,,50.00,50.00,50.00,2025-12-20 16:56:05.424 +0900
1256,0,0,0,0,0,0,0.00,0,0.00,,50.00,50.00,50.00,2025-12-20 16:56:05.430 +0900
1257,0,0,0,0,0,0,0.00,0,0.00,,50.00,50.00,50.00,2025-12-20 16:56:05.435 +0900
1258,0,0,0,0,0,0,0.00,0,0.00,,50.00,50.00,50.00,2025-12-20 16:56:05.441 +0900
1259,0,0,0,0,0,0,0.00,0,0.00,,50.00,50.00,50.00,2025-12-20 16:56:05.446 +0900
1260,0,0,0,0,0,0,0.00,0,0.00,,50.00,50.00,50.00,2025-12-20 16:56:05.451 +0900
1261,0,0,0,0,0,0,0.00,0,0.00,,50.00,50.00,50.00,2025-12-20 16:56:05.457 +0900
1262,0,0,0,0,0,0,0.00,0,0.00,,50.00,50.00,50.00,2025-12-20 16:56:05.462 +0900
1263,0,0,0,0,0,0,0.00,0,0.00,,50.00,50.00,50.00,2025-12-20 16:56:05.468 +0900
1264,0,0,0,0,0,0,0.00,0,0.00,,50.00,50.00,50.00,2025-12-20 16:56:05.473 +0900
1265,0,0,0,0,0,0,0.00,0,0.00,,50.00,50.00,50.00,2025-12-20 16:56:05.478 +0900
1266,0,0,0,0,0,0,0.00,0,0.00,,50.00,50.00,50.00,2025-12-20 16:56:05.484 +0900
1267,0,0,0,0,0,0,0.00,0,0.00,,50.00,50.00,50.00,2025-12-20 16:56:05.490 +0900
1268,0,0,0,0,0,0,0.00,0,0.00,,50.00,50.00,50.00,2025-12-20 16:56:05.495 +0900
1269,0,0,0,0,0,0,0.00,0,0.00,,50.00,50.00,50.00,2025-12-20 16:56:05.501 +0900
1270,0,0,0,0,0,0,0.00,0,0.00,,50.00,50.00,50.00,2025-12-20 16:56:05.507 +0900
1271,0,0,0,0,0,0,0.00,0,0.00,,50.00,50.00,50.00,2025-12-20 16:56:05.513 +0900
1272,0,0,0,0,0,0,0.00,0,0.00,,50.00,50.00,50.00,2025-12-20 16:56:05.519 +0900
1273,0,0,0,0,0,0,0.00,0,0.00,,50.00,50.00,50.00,2025-12-20 16:56:05.524 +0900
1274,0,0,0,0,0,0,0.00,0,0.00,,50.00,50.00,50.00,2025-12-20 16:56:05.530 +0900
1275,0,0,0,0,0,0,0.00,0,0.00,,50.00,50.00,50.00,2025-12-20 16:56:05.535 +0900
1276,0,0,0,0,0,0,0.00,0,0.00,,50.00,50.00,50.00,2025-12-20 16:56:05.541 +0900
1277,0,0,0,0,0,0,0.00,0,0.00,,50.00,50.00,50.00,2025-12-20 16:56:05.547 +0900
1278,0,0,0,0,0,0,0.00,0,0.00,,50.00,50.00,50.00,2025-12-20 16:56:05.553 +0900
1279,0,0,0,0,0,0,0.00,0,0.00,,50.00,50.00,50.00,2025-12-20 16:56:05.558 +0900
1280,0,0,0,0,0,0,0.00,0,0.00,,50.00,50.00,50.00,2025-12-20 16:56:05.564 +0900
1281,0,0,0,0,0,0,0.00,0,0.00,,50.00,50.00,50.00,2025-12-20 16:56:05.570 +0900
1282,0,0,0,0,0,0,0.00,0,0.00,,50.00,50.00,50.00,2025-12-20 16:56:05.576 +0900
1283,0,0,0,0,0,0,0.00,0,0.00,,50.00,50.00,50.00,2025-12-20 16:56:05.581 +0900
1284,0,0,0,0,0,0,0.00,0,0.00,,50.00,50.00,50.00,2025-12-20 16:56:05.586 +0900
1285,0,0,0,0,0,0,0.00,0,0.00,,50.00,50.00,50.00,2025-12-20 16:56:05.592 +0900
1286,0,0,0,0,0,0,0.00,0,0.00,,50.00,50.00,50.00,2025-12-20 16:56:05.597 +0900
1287,0,0,0,0,0,0,0.00,0,0.00,,50.00,50.00,50.00,2025-12-20 16:56:05.603 +0900
1288,0,0,0,0,0,0,0.00,0,0.00,,50.00,50.00,50.00,2025-12-20 16:56:05.608 +0900
1289,0,0,0,0,0,0,0.00,0,0.00,,50.00,50.00,50.00,2025-12-20 16:56:05.614 +0900
1290,0,0,0,0,0,0,0.00,0,0.00,,50.00,50.00,50.00,2025-12-20 16:56:05.619 +0900
1291,0,0,0,0,0,0,0.00,0,0.00,,50.00,50.00,50.00,2025-12-20 16:56:05.624 +0900
1292,0,0,0,0,0,0,0.00,0,0.00,,50.00,50.00,50.00,2025-12-20 16:56:05.630 +0900
1293,0,0,0,0,0,0,0.00,0,0.00,,50.00,50.00,50.00,2025-12-20 16:56:05.635 +0900
1294,0,0,0,0,0,0,0.00,0,0.00,,50.00,50.00,50.00,2025-12-20 16:56:05.641 +0900
1295,0,0,0,0,0,0,0.00,0,0.00,,50.00,50.00,50.00,2025-12-20 16:56:05.646 +0900
1296,0,0,0,0,0,0,0.00,0,0.00,,50.00,50.00,50.00,2025-12-20 16:56:05.652 +0900
1297,0,0,0,0,0,0,0.00,0,0.00,,50.00,50.00,50.00,2025-12-20 16:56:05.658 +0900
1298,0,0,0,0,0,0,0.00,0,0.00,,50.00,50.00,50.00,2025-12-20 16:56:05.663 +0900
1299,0,0,0,0,0,0,0.00,0,0.00,,50.00,50.00,50.00,2025-12-20 16:56:05.668 +0900
1300,0,0,0,0,0,0,0.00,0,0.00,,50.00,50.00,50.00,2025-12-20 16:56:05.674 +0900
1301,0,0,0,0,0,0,0.00,0,0.00,,50.00,50.00,50.00,2025-12-20 16:56:05.679 +0900
1302,0,0,0,0,0,0,0.00,0,0.00,,50.00,50.00,50.00,2025-12-20 16:56:05.685 +0900
1303,0,0,0,0,0,0,0.00,0,0.00,,50.00,50.00,50.00,2025-12-20 16:56:05.690 +0900
1304,0,0,0,0,0,0,0.00,0,0.00,,50.00,50.00,50.00,2025-12-20 16:56:05.696 +0900
1305,0,0,0,0,0,0,0.00,0,0.00,,50.00,50.00,50.00,2025-12-20 16:56:05.701 +0900
1306,0,0,0,0,0,0,0.00,0,0.00,,50.00,50.00,50.00,2025-12-20 16:56:05.707 +0900
1307,0,0,0,0,0,0,0.00,0,0.00,,50.00,50.00,50.00,2025-12-20 16:56:05.715 +0900
1308,0,0,0,0,0,0,0.00,0,0.00,,50.00,50.00,50.00,2025-12-20 16:56:05.723 +0900
1309,0,0,0,0,0,0,0.00,0,0.00,,50.00,50.00,50.00,2025-12-20 16:56:05.731 +0900
1310,0,0,0,0,0,0,0.00,0,0.00,,50.00,50.00,50.00,2025-12-20 16:56:05.737 +0900
1311,0,0,0,0,0,0,0.00,0,0.00,,50.00,50.00,50.00,2025-12-20 16:56:05.744 +0900
1312,0,0,0,0,0,0,0.00,0,0.00,,50.00,50.00,50.00,2025-12-20 16:56:05.753 +0900
1313,0,0,0,0,0,0,0.00,0,0.00,,50.00,50.00,50.00,2025-12-20 16:56:05.761 +0900
1314,0,0,0,0,0,0,0.00,0,0.00,,50.00,50.00,50.00,2025-12-20 16:56:05.767 +0900
1315,0,0,0,0,0,0,0.00,0,0.00,,50.00,50.00,50.00,2025-12-20 16:56:05.772 +0900
1316,0,0,0,0,0,0,0.00,0,0.00,,50.00,50.00,50.00,2025-12-20 16:56:05.778 +0900
1317,0,0,0,0,0,0,0.00,0,0.00,,50.00,50.00,50.00,2025-12-20 16:56:05.784 +0900
1318,0,0,0,0,0,0,0.00,0,0.00,,50.00,50.00,50.00,2025-12-20 16:56:05.789 +0900
1319,0,0,0,0,0,0,0.00,0,0.00,,50.00,50.00,50.00,2025-12-20 16:56:05.795 +0900
1320,0,0,0,0,0,0,0.00,0,0.00,,50.00,50.00,50.00,2025-12-20 16:56:05.800 +0900
1321,0,0,0,0,0,0,0.00,0,0.00,,50.00,50.00,50.00,2025-12-20 16:56:05.805 +0900
1322,0,0,0,0,0,0,0.00,0,0.00,,50.00,50.00,50.00,2025-12-20 16:56:05.811 +0900
1323,0,0,0,0,0,0,0.00,0,0.00,,50.00,50.00,50.00,2025-12-20 16:56:05.816 +0900
1324,0,0,0,0,0,0,0.00,0,0.00,,50.00,50.00,50.00,2025-12-20 16:56:05.822 +0900
1325,0,0,0,0,0,0,0.00,0,0.00,,50.00,50.00,50.00,2025-12-20 16:56:05.827 +0900
1326,0,0,0,0,0,0,0.00,0,0.00,,50.00,50.00,50.00,2025-12-20 16:56:05.832 +0900
1327,0,0,0,0,0,0,0.00,0,0.00,,50.00,50.00,50.00,2025-12-20 16:56:05.838 +0900
1328,0,0,0,0,0,0,0.00,0,0.00,,50.00,50.00,50.00,2025-12-20 16:56:05.844 +0900
1329,0,0,0,0,0,0,0.00,0,0.00,,50.00,50.00,50.00,2025-12-20 16:56:05.849 +0900
1330,0,0,0,0,0,0,0.00,0,0.00,,50.00,50.00,50.00,2025-12-20 16:56:05.855 +0900
1331,0,0,0,0,0,0,0.00,0,0.00,,50.00,50.00,50.00,2025-12-20 16:56:05.861 +0900
1332,0,0,0,0,0,0,0.00,0,0.00,,50.00,50.00,50.00,2025-12-20 16:56:05.866 +0900
1333,0,0,0,0,0,0,0.00,0,0.00,,50.00,50.00,50.00,2025-12-20 16:56:05.871 +0900
1334,0,0,0,0,0,0,0.00,0,0.00,,50.00,50.00,50.00,2025-12-20 16:56:05.877 +0900
1335,0,0,0,0,0,0,0.00,0,0.00,,50.00,50.00,50.00,2025-12-20 16:56:05.882 +0900
1336,0,0,0,0,0,0,0.00,0,0.00,,50.00,50.00,50.00,2025-12-20 16:56:05.888 +0900
1337,0,0,0,0,0,0,0.00,0,0.00,,50.00,50.00,50.00,2025-12-20 16:56:05.893 +0900
1338,0,0,0,0,0,0,0.00,0,0.00,,50.00,50.00,50.00,2025-12-20 16:56:05.899 +0900
1339,0,0,0,0,0,0,0.00,0,0.00,,50.00,50.00,50.00,2025-12-20 16:56:05.905 +0900
1340,0,0,0,0,0,0,0.00,0,0.00,,50.00,50.00,50.00,2025-12-20 16:56:05.910 +0900
1341,0,0,0,0,0,0,0.00,0,0.00,,50.00,50.00,50.00,2025-12-20 16:56:05.916 +0900
1342,0,0,0,0,0,0,0.00,0,0.00,,50.00,50.00,50.00,2025-12-20 16:56:05.921 +0900
1343,0,0,0,0,0,0,0.00,0,0.00,,50.00,50.00,50.00,2025-12-20 16:56:05.927 +0900
1344,0,0,0,0,0,0,0.00,0,0.00,,50.00,50.00,50.00,2025-12-20 16:56:05.932 +0900
1345,0,0,0,0,0,0,0.00,0,0.00,,50.00,50.00,50.00,2025-12-20 16:56:05.938 +0900
1346,0,0,0,0,0,0,0.00,0,0.00,,50.00,50.00,50.00,2025-12-20 16:56:05.943 +0900
1347,0,0,0,0,0,0,0.00,0,0.00,,50.00,50.00,50.00,2025-12-20 16:56:05.948 +0900
1348,0,0,0,0,0,0,0.00,0,0.00,,50.00,50.00,50.00,2025-12-20 16:56:05.954 +0900
1349,0,0,0,0,0,0,0.00,0,0.00,,50.00,50.00,50.00,2025-12-20 16:56:05.960 +0900
1350,0,0,0,0,0,0,0.00,0,0.00,,50.00,50.00,50.00,2025-12-20 16:56:05.965 +0900
1351,0,0,0,0,0,0,0.00,0,0.00,,50.00,50.00,50.00,2025-12-20 16:56:05.971 +0900
1352,0,0,0,0,0,0,0.00,0,0.00,,50.00,50.00,50.00,2025-12-20 16:56:05.977 +0900
1353,0,0,0,0,0,0,0.00,0,0.00,,50.00,50.00,50.00,2025-12-20 16:56:05.982 +0900
1354,0,0,0,0,0,0,0.00,0,0.00,,50.00,50.00,50.00,2025-12-20 16:56:05.988 +0900
1355,0,0,0,0,0,0,0.00,0,0.00,,50.00,50.00,50.00,2025-12-20 16:56:05.993 +0900
1356,0,0,0,0,0,0,0.00,0,0.00,,50.00,50.00,50.00,2025-12-20 16:56:05.999 +0900
1357,0,0,0,0,0,0,0.00,0,0.00,,50.00,50.00,50.00,2025-12-20 16:56:06.005 +0900
1358,0,0,0,0,0,0,0.00,0,0.00,,50.00,50.00,50.00,2025-12-20 16:56:06.010 +0900
1359,0,0,0,0,0,0,0.00,0,0.00,,50.00,50.00,50.00,2025-12-20 16:56:06.016 +0900
1360,0,0,0,0,0,0,0.00,0,0.00,,50.00,50.00,50.00,2025-12-20 16:56:06.022 +0900
1361,0,0,0,0,0,0,0.00,0,0.00,,50.00,50.00,50.00,2025-12-20 16:56:06.027 +0900
1362,0,0,0,0,0,0,0.00,0,0.00,,50.00,50.00,50.00,2025-12-20 16:56:06.033 +0900
1363,0,0,0,0,0,0,0.00,0,0.00,,50.00,50.00,50.00,2025-12-20 16:56:06.039 +0900
1364,0,0,0,0,0,0,0.00,0,0.00,,50.00,50.00,50.00,2025-12-20 16:56:06.045 +0900
1365,0,0,0,0,0,0,0.00,0,0.00,,50.00,50.00,50.00,2025-12-20 16:56:06.050 +0900
1366,0,0,0,0,0,0,0.00,0,0.00,,50.00,50.00,50.00,2025-12-20 16:56:06.056 +0900
1367,0,0,0,0,0,0,0.00,0,0.00,,50.00,50.00,50.00,2025-12-20 16:56:06.061 +0900
1368,0,0,0,0,0,0,0.00,0,0.00,,50.00,50.00,50.00,2025-12-20 16:56:06.067 +0900
1369,0,0,0,0,0,0,0.00,0,0.00,,50.00,50.00,50.00,2025-12-20 16:56:06.073 +0900
1370,0,0,0,0,0,0,0.00,0,0.00,,50.00,50.00,50.00,2025-12-20 16:56:06.078 +0900
1371,0,0,0,0,0,0,0.00,0,0.00,,50.00,50.00,50.00,2025-12-20 16:56:06.084 +0900
1372,0,0,0,0,0,0,0.00,0,0.00,,50.00,50.00,50.00,2025-12-20 16:56:06.089 +0900
1373,0,0,0,0,0,0,0.00,0,0.00,,50.00,50.00,50.00,2025-12-20 16:56:06.095 +0900
1374,0,0,0,0,0,0,0.00,0,0.00,,50.00,50.00,50.00,2025-12-20 16:56:06.101 +0900
1375,0,0,0,0,0,0,0.00,0,0.00,,50.00,50.00,50.00,2025-12-20 16:56:06.106 +0900
1376,0,0,0,0,0,0,0.00,0,0.00,,50.00,50.00,50.00,2025-12-20 16:56:06.112 +0900
1377,0,0,0,0,0,0,0.00,0,0.00,,50.00,50.00,50.00,2025-12-20 16:56:06.118 +0900
1378,0,0,0,0,0,0,0.00,0,0.00,,50.00,50.00,50.00,2025-12-20 16:56:06.123 +0900
1379,0,0,0,0,0,0,0.00,0,0.00,,50.00,50.00,50.00,2025-12-20 16:56:06.129 +0900
1380,0,0,0,0,0,0,0.00,0,0.00,,50.00,50.00,50.00,2025-12-20 16:56:06.134 +0900
1381,0,0,0,0,0,0,0.00,0,0.00,,50.00,50.00,50.00,2025-12-20 16:56:06.140 +0900
1382,0,0,0,0,0,0,0.00,0,0.00,,50.00,50.00,50.00,2025-12-20 16:56:06.145 +0900
1383,0,0,0,0,0,0,0.00,0,0.00,,50.00,50.00,50.00,2025-12-20 16:56:06.151 +0900
1384,0,0,0,0,0,0,0.00,0,0.00,,50.00,50.00,50.00,2025-12-20 16:56:06.156 +0900
1385,0,0,0,0,0,0,0.00,0,0.00,,50.00,50.00,50.00,2025-12-20 16:56:06.162 +0900
1386,0,0,0,0,0,0,0.00,0,0.00,,50.00,50.00,50.00,2025-12-20 16:56:06.167 +0900
1387,0,0,0,0,0,0,0.00,0,0.00,,50.00,50.00,50.00,2025-12-20 16:56:06.173 +0900
1388,0,0,0,0,0,0,0.00,0,0.00,,50.00,50.00,50.00,2025-12-20 16:56:06.179 +0900
1389,0,0,0,0,0,0,0.00,0,0.00,,50.00,50.00,50.00,2025-12-20 16:56:06.184 +0900
1390,0,0,0,0,0,0,0.00,0,0.00,,50.00,50.00,50.00,2025-12-20 16:56:06.190 +0900
1391,0,0,0,0,0,0,0.00,0,0.00,,50.00,50.00,50.00,2025-12-20 16:56:06.195 +0900
1392,0,0,0,0,0,0,0.00,0,0.00,,50.00,50.00,50.00,2025-12-20 16:56:06.201 +0900
1393,0,0,0,0,0,0,0.00,0,0.00,,50.00,50.00,50.00,2025-12-20 16:56:06.207 +0900
1394,0,0,0,0,0,0,0.00,0,0.00,,50.00,50.00,50.00,2025-12-20 16:56:06.212 +0900
1395,0,0,0,0,0,0,0.00,0,0.00,,50.00,50.00,50.00,2025-12-20 16:56:06.218 +0900
1396,0,0,0,0,0,0,0.00,0,0.00,,50.00,50.00,50.00,2025-12-20 16:56:06.224 +0900
1397,0,0,0,0,0,0,0.00,0,0.00,,50.00,50.00,50.00,2025-12-20 16:56:06.230 +0900
1398,0,0,0,0,0,0,0.00,0,0.00,,50.00,50.00,50.00,2025-12-20 16:56:06.236 +0900
1399,0,0,0,0,0,0,0.00,0,0.00,,50.00,50.00,50.00,2025-12-20 16:56:06.241 +0900
1400,0,0,0,0,0,0,0.00,0,0.00,,50.00,50.00,50.00,2025-12-20 16:56:06.247 +0900
1401,0,0,0,0,0,0,0.00,0,0.00,,50.00,50.00,50.00,2025-12-20 16:56:06.252 +0900
1402,0,0,0,0,0,0,0.00,0,0.00,,50.00,50.00,50.00,2025-12-20 16:56:06.257 +0900
1403,0,0,0,0,0,0,0.00,0,0.00,,50.00,50.00,50.00,2025-12-20 16:56:06.264 +0900
1404,0,0,0,0,0,0,0.00,0,0.00,,50.00,50.00,50.00,2025-12-20 16:56:06.269 +0900
1405,0,0,0,0,0,0,0.00,0,0.00,,50.00,50.00,50.00,2025-12-20 16:56:06.275 +0900
1406,0,0,0,0,0,0,0.00,0,0.00,,50.00,50.00,50.00,2025-12-20 16:56:06.280 +0900
1407,0,0,0,0,0,0,0.00,0,0.00,,50.00,50.00,50.00,2025-12-20 16:56:06.286 +0900
1408,0,0,0,0,0,0,0.00,0,0.00,,50.00,50.00,50.00,2025-12-20 16:56:06.291 +0900
1409,0,0,0,0,0,0,0.00,0,0.00,,50.00,50.00,50.00,2025-12-20 16:56:06.296 +0900
1410,0,0,0,0,0,0,0.00,0,0.00,,50.00,50.00,50.00,2025-12-20 16:56:06.302 +0900
1411,0,0,0,0,0,0,0.00,0,0.00,,50.00,50.00,50.00,2025-12-20 16:56:06.307 +0900
1412,0,0,0,0,0,0,0.00,0,0.00,,50.00,50.00,50.00,2025-12-20 16:56:06.312 +0900
1413,0,0,0,0,0,0,0.00,0,0.00,,50.00,50.00,50.00,2025-12-20 16:56:06.318 +0900
1414,0,0,0,0,0,0,0.00,0,0.00,,50.00,50.00,50.00,2025-12-20 16:56:06.323 +0900
1415,0,0,0,0,0,0,0.00,0,0.00,,50.00,50.00,50.00,2025-12-20 16:56:06.329 +0900
1416,0,0,0,0,0,0,0.00,0,0.00,,50.00,50.00,50.00,2025-12-20 16:56:06.334 +0900
1417,0,0,0,0,0,0,0.00,0,0.00,,50.00,50.00,50.00,2025-12-20 16:56:06.339 +0900
1418,0,0,0,0,0,0,0.00,0,0.00,,50.00,50.00,50.00,2025-12-20 16:56:06.345 +0900
1419,0,0,0,0,0,0,0.00,0,0.00,,50.00,50.00,50.00,2025-12-20 16:56:06.350 +0900
1420,0,0,0,0,0,0,0.00,0,0.00,,50.00,50.00,50.00,2025-12-20 16:56:06.356 +0900
1421,0,0,0,0,0,0,0.00,0,0.00,,50.00,50.00,50.00,2025-12-20 16:56:06.361 +0900
1422,0,0,0,0,0,0,0.00,0,0.00,,50.00,50.00,50.00,2025-12-20 16:56:06.367 +0900
1423,0,0,0,0,0,0,0.00,0,0.00,,50.00,50.00,50.00,2025-12-20 16:56:06.372 +0900
1424,0,0,0,0,0,0,0.00,0,0.00,,50.00,50.00,50.00,2025-12-20 16:56:06.378 +0900
1425,0,0,0,0,0,0,0.00,0,0.00,,50.00,50.00,50.00,2025-12-20 16:56:06.383 +0900
1426,0,0,0,0,0,0,0.00,0,0.00,,50.00,50.00,50.00,2025-12-20 16:56:06.389 +0900
1427,0,0,0,0,0,0,0.00,0,0.00,,50.00,50.00,50.00,2025-12-20 16:56:06.395 +0900
1428,0,0,0,0,0,0,0.00,0,0.00,,50.00,50.00,50.00,2025-12-20 16:56:06.400 +0900
1429,0,0,0,0,0,0,0.00,0,0.00,,50.00,50.00,50.00,2025-12-20 16:56:06.405 +0900
1430,0,0,0,0,0,0,0.00,0,0.00,,50.00,50.00,50.00,2025-12-20 16:56:06.411 +0900
1431,0,0,0,0,0,0,0.00,0,0.00,,50.00,50.00,50.00,2025-12-20 16:56:06.416 +0900
1432,0,0,0,0,0,0,0.00,0,0.00,,50.00,50.00,50.00,2025-12-20 16:56:06.422 +0900
1433,0,0,0,0,0,0,0.00,0,0.00,,50.00,50.00,50.00,2025-12-20 16:56:06.427 +0900
1434,0,0,0,0,0,0,0.00,0,0.00,,50.00,50.00,50.00,2025-12-20 16:56:06.432 +0900
1435,0,0,0,0,0,0,0.00,0,0.00,,50.00,50.00,50.00,2025-12-20 16:56:06.438 +0900
1436,0,0,0,0,0,0,0.00,0,0.00,,50.00,50.00,50.00,2025-12-20 16:56:06.443 +0900
1437,0,0,0,0,0,0,0.00,0,0.00,,50.00,50.00,50.00,2025-12-20 16:56:06.449 +0900
1438,0,0,0,0,0,0,0.00,0,0.00,,50.00,50.00,50.00,2025-12-20 16:56:06.454 +0900
1439,0,0,0,0,0,0,0.00,0,0.00,,50.00,50.00,50.00,2025-12-20 16:56:06.460 +0900
1440,0,0,0,0,0,0,0.00,0,0.00,,50.00,50.00,50.00,2025-12-20 16:56:06.466 +0900
1441,0,0,0,0,0,0,0.00,0,0.00,,50.00,50.00,50.00,2025-12-20 16:56:06.471 +0900
1442,0,0,0,0,0,0,0.00,0,0.00,,50.00,50.00,50.00,2025-12-20 16:56:06.476 +0900
1443,0,0,0,0,0,0,0.00,0,0.00,,50.00,50.00,50.00,2025-12-20 16:56:06.482 +0900
1444,0,0,0,0,0,0,0.00,0,0.00,,50.00,50.00,50.00,2025-12-20 16:56:06.487 +0900
1445,0,0,0,0,0,0,0.00,0,0.00,,50.00,50.00,50.00,2025-12-20 16:56:06.493 +0900
1446,0,0,0,0,0,0,0.00,0,0.00,,50.00,50.00,50.00,2025-12-20 16:56:06.498 +0900
1447,0,0,0,0,0,0,0.00,0,0.00,,50.00,50.00,50.00,2025-12-20 16:56:06.504 +0900
1448,0,0,0,0,0,0,0.00,0,0.00,,50.00,50.00,50.00,2025-12-20 16:56:06.509 +0900
1449,0,0,0,0,0,0,0.00,0,0.00,,50.00,50.00,50.00,2025-12-20 16:56:06.515 +0900
1450,0,0,0,0,0,0,0.00,0,0.00,,50.00,50.00,50.00,2025-12-20 16:56:06.520 +0900
1451,0,0,0,0,0,0,0.00,0,0.00,,50.00,50.00,50.00,2025-12-20 16:56:06.526 +0900
1452,0,0,0,0,0,0,0.00,0,0.00,,50.00,50.00,50.00,2025-12-20 16:56:06.531 +0900
1453,0,0,0,0,0,0,0.00,0,0.00,,50.00,50.00,50.00,2025-12-20 16:56:06.573 +0900
1454,0,0,0,0,0,0,0.00,0,0.00,,50.00,50.00,50.00,2025-12-20 16:56:06.579 +0900
1455,0,0,0,0,0,0,0.00,0,0.00,,50.00,50.00,50.00,2025-12-20 16:56:06.585 +0900
1456,0,0,0,0,0,0,0.00,0,0.00,,50.00,50.00,50.00,2025-12-20 16:56:06.591 +0900
1457,0,0,0,0,0,0,0.00,0,0.00,,50.00,50.00,50.00,2025-12-20 16:56:06.596 +0900
1458,0,0,0,0,0,0,0.00,0,0.00,,50.00,50.00,50.00,2025-12-20 16:56:06.602 +0900
1459,0,0,0,0,0,0,0.00,0,0.00,,50.00,50.00,50.00,2025-12-20 16:56:06.607 +0900
1460,0,0,0,0,0,0,0.00,0,0.00,,50.00,50.00,50.00,2025-12-20 16:56:06.613 +0900
1461,0,0,0,0,0,0,0.00,0,0.00,,50.00,50.00,50.00,2025-12-20 16:56:06.618 +0900
1462,0,0,0,0,0,0,0.00,0,0.00,,50.00,50.00,50.00,2025-12-20 16:56:06.624 +0900
1463,0,0,0,0,0,0,0.00,0,0.00,,50.00,50.00,50.00,2025-12-20 16:56:06.629 +0900
1464,0,0,0,0,0,0,0.00,0,0.00,,50.00,50.00,50.00,2025-12-20 16:56:06.635 +0900
1465,0,0,0,0,0,0,0.00,0,0.00,,50.00,50.00,50.00,2025-12-20 16:56:06.641 +0900
1466,0,0,0,0,0,0,0.00,0,0.00,,50.00,50.00,50.00,2025-12-20 16:56:06.646 +0900
1467,0,0,0,0,0,0,0.00,0,0.00,,50.00,50.00,50.00,2025-12-20 16:56:06.652 +0900
1468,0,0,0,0,0,0,0.00,0,0.00,,50.00,50.00,50.00,2025-12-20 16:56:06.657 +0900
1469,0,0,0,0,0,0,0.00,0,0.00,,50.00,50.00,50.00,2025-12-20 16:56:06.663 +0900
1470,0,0,0,0,0,0,0.00,0,0.00,,50.00,50.00,50.00,2025-12-20 16:56:06.668 +0900
1471,0,0,0,0,0,0,0.00,0,0.00,,50.00,50.00,50.00,2025-12-20 16:56:06.674 +0900
1472,0,0,0,0,0,0,0.00,0,0.00,,50.00,50.00,50.00,2025-12-20 16:56:06.679 +0900
1473,0,0,0,0,0,0,0.00,0,0.00,,50.00,50.00,50.00,2025-12-20 16:56:06.685 +0900
1474,0,0,0,0,0,0,0.00,0,0.00,,50.00,50.00,50.00,2025-12-20 16:56:06.690 +0900
1475,0,0,0,0,0,0,0.00,0,0.00,,50.00,50.00,50.00,2025-12-20 16:56:06.696 +0900
1476,0,0,0,0,0,0,0.00,0,0.00,,50.00,50.00,50.00,2025-12-20 16:56:06.701 +0900
1477,0,0,0,0,0,0,0.00,0,0.00,,50.00,50.00,50.00,2025-12-20 16:56:06.707 +0900
1478,0,0,0,0,0,0,0.00,0,0.00,,50.00,50.00,50.00,2025-12-20 16:56:06.712 +0900
1479,0,0,0,0,0,0,0.00,0,0.00,,50.00,50.00,50.00,2025-12-20 16:56:06.718 +0900
1480,0,0,0,0,0,0,0.00,0,0.00,,50.00,50.00,50.00,2025-12-20 16:56:06.723 +0900
1481,0,0,0,0,0,0,0.00,0,0.00,,50.00,50.00,50.00,2025-12-20 16:56:06.729 +0900
1482,0,0,0,0,0,0,0.00,0,0.00,,50.00,50.00,50.00,2025-12-20 16:56:06.734 +0900
1483,0,0,0,0,0,0,0.00,0,0.00,,50.00,50.00,50.00,2025-12-20 16:56:06.740 +0900
1484,0,0,0,0,0,0,0.00,0,0.00,,50.00,50.00,50.00,2025-12-20 16:56:06.746 +0900
1485,0,0,0,0,0,0,0.00,0,0.00,,50.00,50.00,50.00,2025-12-20 16:56:06.751 +0900
1486,0,0,0,0,0,0,0.00,0,0.00,,50.00,50.00,50.00,2025-12-20 16:56:06.757 +0900
1487,0,0,0,0,0,0,0.00,0,0.00,,50.00,50.00,50.00,2025-12-20 16:56:06.762 +0900
1488,0,0,0,0,0,0,0.00,0,0.00,,50.00,50.00,50.00,2025-12-20 16:56:06.768 +0900
1489,0,0,0,0,0,0,0.00,0,0.00,,50.00,50.00,50.00,2025-12-20 16:56:06.774 +0900
1490,0,0,0,0,0,0,0.00,0,0.00,,50.00,50.00,50.00,2025-12-20 16:56:06.779 +0900
1491,0,0,0,0,0,0,0.00,0,0.00,,50.00,50.00,50.00,2025-12-20 16:56:06.785 +0900
1492,0,0,0,0,0,0,0.00,0,0.00,,50.00,50.00,50.00,2025-12-20 16:56:06.790 +0900
1493,0,0,0,0,0,0,0.00,0,0.00,,50.00,50.00,50.00,2025-12-20 16:56:06.796 +0900
1494,0,0,0,0,0,0,0.00,0,0.00,,50.00,50.00,50.00,2025-12-20 16:56:06.802 +0900
1495,0,0,0,0,0,0,0.00,0,0.00,,50.00,50.00,50.00,2025-12-20 16:56:06.807 +0900
1496,0,0,0,0,0,0,0.00,0,0.00,,50.00,50.00,50.00,2025-12-20 16:56:06.813 +0900
1497,0,0,0,0,0,0,0.00,0,0.00,,50.00,50.00,50.00,2025-12-20 16:56:06.818 +0900
1498,0,0,0,0,0,0,0.00,0,0.00,,50.00,50.00,50.00,2025-12-20 16:56:06.824 +0900
1499,0,0,0,0,0,0,0.00,0,0.00,,50.00,50.00,50.00,2025-12-20 16:56:06.830 +0900
1500,0,0,0,0,0,0,0.00,0,0.00,,50.00,50.00,50.00,2025-12-20 16:56:06.836 +0900
1501,0,0,0,0,0,0,0.00,0,0.00,,50.00,50.00,50.00,2025-12-20 16:56:06.841 +0900
1502,0,0,0,0,0,0,0.00,0,0.00,,50.00,50.00,50.00,2025-12-20 16:56:06.847 +0900
1503,0,0,0,0,0,0,0.00,0,0.00,,50.00,50.00,50.00,2025-12-20 16:56:06.853 +0900
1504,0,0,0,0,0,0,0.00,0,0.00,,50.00,50.00,50.00,2025-12-20 16:56:06.858 +0900
1505,0,0,0,0,0,0,0.00,0,0.00,,50.00,50.00,50.00,2025-12-20 16:56:06.864 +0900
1506,0,0,0,0,0,0,0.00,0,0.00,,50.00,50.00,50.00,2025-12-20 16:56:06.870 +0900
1507,0,0,0,0,0,0,0.00,0,0.00,,50.00,50.00,50.00,2025-12-20 16:56:06.876 +0900
1508,0,0,0,0,0,0,0.00,0,0.00,,50.00,50.00,50.00,2025-12-20 16:56:06.881 +0900
1509,0,0,0,0,0,0,0.00,0,0.00,,50.00,50.00,50.00,2025-12-20 16:56:06.887 +0900
1510,0,0,0,0,0,0,0.00,0,0.00,,50.00,50.00,50.00,2025-12-20 16:56:06.893 +0900
1511,0,0,0,0,0,0,0.00,0,0.00,,50.00,50.00,50.00,2025-12-20 16:56:06.898 +0900
1512,0,0,0,0,0,0,0.00,0,0.00,,50.00,50.00,50.00,2025-12-20 16:56:06.904 +0900
1513,0,0,0,0,0,0,0.00,0,0.00,,50.00,50.00,50.00,2025-12-20 16:56:06.909 +0900
1514,0,0,0,0,0,0,0.00,0,0.00,,50.00,50.00,50.00,2025-12-20 16:56:06.915 +0900
1515,0,0,0,0,0,0,0.00,0,0.00,,50.00,50.00,50.00,2025-12-20 16:56:06.921 +0900
1516,0,0,0,0,0,0,0.00,0,0.00,,50.00,50.00,50.00,2025-12-20 16:56:06.926 +0900
1517,0,0,0,0,0,0,0.00,0,0.00,,50.00,50.00,50.00,2025-12-20 16:56:06.932 +0900
1518,0,0,0,0,0,0,0.00,0,0.00,,50.00,50.00,50.00,2025-12-20 16:56:06.938 +0900
1519,0,0,0,0,0,0,0.00,0,0.00,,50.00,50.00,50.00,2025-12-20 16:56:06.944 +0900
1520,0,0,0,0,0,0,0.00,0,0.00,,50.00,50.00,50.00,2025-12-20 16:56:06.950 +0900
1521,0,0,0,0,0,0,0.00,0,0.00,,50.00,50.00,50.00,2025-12-20 16:56:06.956 +0900
1522,0,0,0,0,0,0,0.00,0,0.00,,50.00,50.00,50.00,2025-12-20 16:56:06.961 +0900
1523,0,0,0,0,0,0,0.00,0,0.00,,50.00,50.00,50.00,2025-12-20 16:56:06.967 +0900
1524,0,0,0,0,0,0,0.00,0,0.00,,50.00,50.00,50.00,2025-12-20 16:56:06.973 +0900
1525,0,0,0,0,0,0,0.00,0,0.00,,50.00,50.00,50.00,2025-12-20 16:56:06.978 +0900
1526,0,0,0,0,0,0,0.00,0,0.00,,50.00,50.00,50.00,2025-12-20 16:56:06.984 +0900
1527,0,0,0,0,0,0,0.00,0,0.00,,50.00,50.00,50.00,2025-12-20 16:56:06.989 +0900
1528,0,0,0,0,0,0,0.00,0,0.00,,50.00,50.00,50.00,2025-12-20 16:56:06.995 +0900
1529,0,0,0,0,0,0,0.00,0,0.00,,50.00,50.00,50.00,2025-12-20 16:56:07.001 +0900
1530,0,0,0,0,0,0,0.00,0,0.00,,50.00,50.00,50.00,2025-12-20 16:56:07.007 +0900
1531,0,0,0,0,0,0,0.00,0,0.00,,50.00,50.00,50.00,2025-12-20 16:56:07.014 +0900
1532,0,0,0,0,0,0,0.00,0,0.00,,50.00,50.00,50.00,2025-12-20 16:56:07.019 +0900
1533,0,0,0,0,0,0,0.00,0,0.00,,50.00,50.00,50.00,2025-12-20 16:56:07.025 +0900
1534,0,0,0,0,0,0,0.00,0,0.00,,50.00,50.00,50.00,2025-12-20 16:56:07.030 +0900
1535,0,0,0,0,0,0,0.00,0,0.00,,50.00,50.00,50.00,2025-12-20 16:56:07.036 +0900
1536,0,0,0,0,0,0,0.00,0,0.00,,50.00,50.00,50.00,2025-12-20 16:56:07.041 +0900
1537,0,0,0,0,0,0,0.00,0,0.00,,50.00,50.00,50.00,2025-12-20 16:56:07.047 +0900
1538,0,0,0,0,0,0,0.00,0,0.00,,50.00,50.00,50.00,2025-12-20 16:56:07.053 +0900
1539,0,0,0,0,0,0,0.00,0,0.00,,50.00,50.00,50.00,2025-12-20 16:56:07.059 +0900
1540,0,0,0,0,0,0,0.00,0,0.00,,50.00,50.00,50.00,2025-12-20 16:56:07.065 +0900
1541,0,0,0,0,0,0,0.00,0,0.00,,50.00,50.00,50.00,2025-12-20 16:56:07.071 +0900
1542,0,0,0,0,0,0,0.00,0,0.00,,50.00,50.00,50.00,2025-12-20 16:56:07.077 +0900
1543,0,0,0,0,0,0,0.00,0,0.00,,50.00,50.00,50.00,2025-12-20 16:56:07.082 +0900
1544,0,0,0,0,0,0,0.00,0,0.00,,50.00,50.00,50.00,2025-12-20 16:56:07.088 +0900
1545,0,0,0,0,0,0,0.00,0,0.00,,50.00,50.00,50.00,2025-12-20 16:56:07.093 +0900
1546,0,0,0,0,0,0,0.00,0,0.00,,50.00,50.00,50.00,2025-12-20 16:56:07.099 +0900
1547,0,0,0,0,0,0,0.00,0,0.00,,50.00,50.00,50.00,2025-12-20 16:56:07.104 +0900
1548,0,0,0,0,0,0,0.00,0,0.00,,50.00,50.00,50.00,2025-12-20 16:56:07.110 +0900
1549,0,0,0,0,0,0,0.00,0,0.00,,50.00,50.00,50.00,2025-12-20 16:56:07.116 +0900
1550,0,0,0,0,0,0,0.00,0,0.00,,50.00,50.00,50.00,2025-12-20 16:56:07.121 +0900
1551,0,0,0,0,0,0,0.00,0,0.00,,50.00,50.00,50.00,2025-12-20 16:56:07.127 +0900
1552,0,0,0,0,0,0,0.00,0,0.00,,50.00,50.00,50.00,2025-12-20 16:56:07.133 +0900
1553,0,0,0,0,0,0,0.00,0,0.00,,50.00,50.00,50.00,2025-12-20 16:56:07.138 +0900
1554,0,0,0,0,0,0,0.00,0,0.00,,50.00,50.00,50.00,2025-12-20 16:56:07.144 +0900
1555,0,0,0,0,0,0,0.00,0,0.00,,50.00,50.00,50.00,2025-12-20 16:56:07.149 +0900
1556,0,0,0,0,0,0,0.00,0,0.00,,50.00,50.00,50.00,2025-12-20 16:56:07.154 +0900
1557,0,0,0,0,0,0,0.00,0,0.00,,50.00,50.00,50.00,2025-12-20 16:56:07.160 +0900
1558,0,0,0,0,0,0,0.00,0,0.00,,50.00,50.00,50.00,2025-12-20 16:56:07.165 +0900
1559,0,0,0,0,0,0,0.00,0,0.00,,50.00,50.00,50.00,2025-12-20 16:56:07.171 +0900
1560,0,0,0,0,0,0,0.00,0,0.00,,50.00,50.00,50.00,2025-12-20 16:56:07.176 +0900
1561,0,0,0,0,0,0,0.00,0,0.00,,50.00,50.00,50.00,2025-12-20 16:56:07.182 +0900
1562,0,0,0,0,0,0,0.00,0,0.00,,50.00,50.00,50.00,2025-12-20 16:56:07.188 +0900
1563,0,0,0,0,0,0,0.00,0,0.00,,50.00,50.00,50.00,2025-12-20 16:56:07.193 +0900
1564,0,0,0,0,0,0,0.00,0,0.00,,50.00,50.00,50.00,2025-12-20 16:56:07.198 +0900
1565,0,0,0,0,0,0,0.00,0,0.00,,50.00,50.00,50.00,2025-12-20 16:56:07.204 +0900
1566,0,0,0,0,0,0,0.00,0,0.00,,50.00,50.00,50.00,2025-12-20 16:56:07.209 +0900
1567,0,0,0,0,0,0,0.00,0,0.00,,50.00,50.00,50.00,2025-12-20 16:56:07.215 +0900
1568,0,0,0,0,0,0,0.00,0,0.00,,50.00,50.00,50.00,2025-12-20 16:56:07.220 +0900
1569,0,0,0,0,0,0,0.00,0,0.00,,50.00,50.00,50.00,2025-12-20 16:56:07.226 +0900
1570,0,0,0,0,0,0,0.00,0,0.00,,50.00,50.00,50.00,2025-12-20 16:56:07.232 +0900
1571,0,0,0,0,0,0,0.00,0,0.00,,50.00,50.00,50.00,2025-12-20 16:56:07.238 +0900
1572,0,0,0,0,0,0,0.00,0,0.00,,50.00,50.00,50.00,2025-12-20 16:56:07.243 +0900
1573,0,0,0,0,0,0,0.00,0,0.00,,50.00,50.00,50.00,2025-12-20 16:56:07.249 +0900
1574,0,0,0,0,0,0,0.00,0,0.00,,50.00,50.00,50.00,2025-12-20 16:56:07.254 +0900
1575,0,0,0,0,0,0,0.00,0,0.00,,50.00,50.00,50.00,2025-12-20 16:56:07.260 +0900
1576,0,0,0,0,0,0,0.00,0,0.00,,50.00,50.00,50.00,2025-12-20 16:56:07.266 +0900
1577,0,0,0,0,0,0,0.00,0,0.00,,50.00,50.00,50.00,2025-12-20 16:56:07.272 +0900
1578,0,0,0,0,0,0,0.00,0,0.00,,50.00,50.00,50.00,2025-12-20 16:56:07.277 +0900
1579,0,0,0,0,0,0,0.00,0,0.00,,50.00,50.00,50.00,2025-12-20 16:56:07.282 +0900
1580,0,0,0,0,0,0,0.00,0,0.00,,50.00,50.00,50.00,2025-12-20 16:56:07.288 +0900
1581,0,0,0,0,0,0,0.00,0,0.00,,50.00,50.00,50.00,2025-12-20 16:56:07.293 +0900
1582,0,0,0,0,0,0,0.00,0,0.00,,50.00,50.00,50.00,2025-12-20 16:56:07.299 +0900
1583,0,0,0,0,0,0,0.00,0,0.00,,50.00,50.00,50.00,2025-12-20 16:56:07.304 +0900
1584,0,0,0,0,0,0,0.00,0,0.00,,50.00,50.00,50.00,2025-12-20 16:56:07.309 +0900
1585,0,0,0,0,0,0,0.00,0,0.00,,50.00,50.00,50.00,2025-12-20 16:56:07.315 +0900
1586,0,0,0,0,0,0,0.00,0,0.00,,50.00,50.00,50.00,2025-12-20 16:56:07.320 +0900
1587,0,0,0,0,0,0,0.00,0,0.00,,50.00,50.00,50.00,2025-12-20 16:56:07.326 +0900
1588,0,0,0,0,0,0,0.00,0,0.00,,50.00,50.00,50.00,2025-12-20 16:56:07.332 +0900
1589,0,0,0,0,0,0,0.00,0,0.00,,50.00,50.00,50.00,2025-12-20 16:56:07.337 +0900
1590,0,0,0,0,0,0,0.00,0,0.00,,50.00,50.00,50.00,2025-12-20 16:56:07.343 +0900
1591,0,0,0,0,0,0,0.00,0,0.00,,50.00,50.00,50.00,2025-12-20 16:56:07.348 +0900
1592,0,0,0,0,0,0,0.00,0,0.00,,50.00,50.00,50.00,2025-12-20 16:56:07.354 +0900
1593,0,0,0,0,0,0,0.00,0,0.00,,50.00,50.00,50.00,2025-12-20 16:56:07.359 +0900
1594,0,0,0,0,0,0,0.00,0,0.00,,50.00,50.00,50.00,2025-12-20 16:56:07.365 +0900
1595,0,0,0,0,0,0,0.00,0,0.00,,50.00,50.00,50.00,2025-12-20 16:56:07.370 +0900
1596,0,0,0,0,0,0,0.00,0,0.00,,50.00,50.00,50.00,2025-12-20 16:56:07.375 +0900
1597,0,0,0,0,0,0,0.00,0,0.00,,50.00,50.00,50.00,2025-12-20 16:56:07.381 +0900
1598,0,0,0,0,0,0,0.00,0,0.00,,50.00,50.00,50.00,2025-12-20 16:56:07.386 +0900
1599,0,0,0,0,0,0,0.00,0,0.00,,50.00,50.00,50.00,2025-12-20 16:56:07.392 +0900
1600,0,0,0,0,0,0,0.00,0,0.00,,50.00,50.00,50.00,2025-12-20 16:56:07.397 +0900
1601,0,0,0,0,0,0,0.00,0,0.00,,50.00,50.00,50.00,2025-12-20 16:56:07.403 +0900
1602,0,0,0,0,0,0,0.00,0,0.00,,50.00,50.00,50.00,2025-12-20 16:56:07.408 +0900
1603,0,0,0,0,0,0,0.00,0,0.00,,50.00,50.00,50.00,2025-12-20 16:56:07.413 +0900
1604,0,0,0,0,0,0,0.00,0,0.00,,50.00,50.00,50.00,2025-12-20 16:56:07.419 +0900
1605,0,0,0,0,0,0,0.00,0,0.00,,50.00,50.00,50.00,2025-12-20 16:56:07.424 +0900
1606,0,0,0,0,0,0,0.00,0,0.00,,50.00,50.00,50.00,2025-12-20 16:56:07.429 +0900
1607,0,0,0,0,0,0,0.00,0,0.00,,50.00,50.00,50.00,2025-12-20 16:56:07.434 +0900
1608,0,0,0,0,0,0,0.00,0,0.00,,50.00,50.00,50.00,2025-12-20 16:56:07.440 +0900
1609,0,0,0,0,0,0,0.00,0,0.00,,50.00,50.00,50.00,2025-12-20 16:56:07.445 +0900
1610,0,0,0,0,0,0,0.00,0,0.00,,50.00,50.00,50.00,2025-12-20 16:56:07.450 +0900
1611,0,0,0,0,0,0,0.00,0,0.00,,50.00,50.00,50.00,2025-12-20 16:56:07.456 +0900
1612,0,0,0,0,0,0,0.00,0,0.00,,50.00,50.00,50.00,2025-12-20 16:56:07.461 +0900
1613,0,0,0,0,0,0,0.00,0,0.00,,50.00,50.00,50.00,2025-12-20 16:56:07.467 +0900
1614,0,0,0,0,0,0,0.00,0,0.00,,50.00,50.00,50.00,2025-12-20 16:56:07.472 +0900
1615,0,0,0,0,0,0,0.00,0,0.00,,50.00,50.00,50.00,2025-12-20 16:56:07.478 +0900
1616,0,0,0,0,0,0,0.00,0,0.00,,50.00,50.00,50.00,2025-12-20 16:56:07.483 +0900
1617,0,0,0,0,0,0,0.00,0,0.00,,50.00,50.00,50.00,2025-12-20 16:56:07.489 +0900
1618,0,0,0,0,0,0,0.00,0,0.00,,50.00,50.00,50.00,2025-12-20 16:56:07.494 +0900
1619,0,0,0,0,0,0,0.00,0,0.00,,50.00,50.00,50.00,2025-12-20 16:56:07.500 +0900
1620,0,0,0,0,0,0,0.00,0,0.00,,50.00,50.00,50.00,2025-12-20 16:56:07.505 +0900
1621,0,0,0,0,0,0,0.00,0,0.00,,50.00,50.00,50.00,2025-12-20 16:56:07.510 +0900
1622,0,0,0,0,0,0,0.00,0,0.00,,50.00,50.00,50.00,2025-12-20 16:56:07.516 +0900
1623,0,0,0,0,0,0,0.00,0,0.00,,50.00,50.00,50.00,2025-12-20 16:56:07.522 +0900
1624,0,0,0,0,0,0,0.00,0,0.00,,50.00,50.00,50.00,2025-12-20 16:56:07.527 +0900
1625,0,0,0,0,0,0,0.00,0,0.00,,50.00,50.00,50.00,2025-12-20 16:56:07.533 +0900
1626,0,0,0,0,0,0,0.00,0,0.00,,50.00,50.00,50.00,2025-12-20 16:56:07.539 +0900
1627,0,0,0,0,0,0,0.00,0,0.00,,50.00,50.00,50.00,2025-12-20 16:56:07.544 +0900
1628,0,0,0,0,0,0,0.00,0,0.00,,50.00,50.00,50.00,2025-12-20 16:56:07.551 +0900
1629,0,0,0,0,0,0,0.00,0,0.00,,50.00,50.00,50.00,2025-12-20 16:56:07.556 +0900
1630,0,0,0,0,0,0,0.00,0,0.00,,50.00,50.00,50.00,2025-12-20 16:56:07.562 +0900
1631,0,0,0,0,0,0,0.00,0,0.00,,50.00,50.00,50.00,2025-12-20 16:56:07.567 +0900
1632,0,0,0,0,0,0,0.00,0,0.00,,50.00,50.00,50.00,2025-12-20 16:56:07.573 +0900
1633,0,0,0,0,0,0,0.00,0,0.00,,50.00,50.00,50.00,2025-12-20 16:56:07.578 +0900
1634,0,0,0,0,0,0,0.00,0,0.00,,50.00,50.00,50.00,2025-12-20 16:56:07.584 +0900
1635,0,0,0,0,0,0,0.00,0,0.00,,50.00,50.00,50.00,2025-12-20 16:56:07.589 +0900
1636,0,0,0,0,0,0,0.00,0,0.00,,50.00,50.00,50.00,2025-12-20 16:56:07.594 +0900
1637,0,0,0,0,0,0,0.00,0,0.00,,50.00,50.00,50.00,2025-12-20 16:56:07.600 +0900
1638,0,0,0,0,0,0,0.00,0,0.00,,50.00,50.00,50.00,2025-12-20 16:56:07.605 +0900
1639,0,0,0,0,0,0,0.00,0,0.00,,50.00,50.00,50.00,2025-12-20 16:56:07.611 +0900
1640,0,0,0,0,0,0,0.00,0,0.00,,50.00,50.00,50.00,2025-12-20 16:56:07.616 +0900
1641,0,0,0,0,0,0,0.00,0,0.00,,50.00,50.00,50.00,2025-12-20 16:56:07.621 +0900
1642,0,0,0,0,0,0,0.00,0,0.00,,50.00,50.00,50.00,2025-12-20 16:56:07.627 +0900
1643,0,0,0,0,0,0,0.00,0,0.00,,50.00,50.00,50.00,2025-12-20 16:56:07.632 +0900
1644,0,0,0,0,0,0,0.00,0,0.00,,50.00,50.00,50.00,2025-12-20 16:56:07.638 +0900
1645,0,0,0,0,0,0,0.00,0,0.00,,50.00,50.00,50.00,2025-12-20 16:56:07.643 +0900
1646,0,0,0,0,0,0,0.00,0,0.00,,50.00,50.00,50.00,2025-12-20 16:56:07.649 +0900
1647,0,0,0,0,0,0,0.00,0,0.00,,50.00,50.00,50.00,2025-12-20 16:56:07.654 +0900
1648,0,0,0,0,0,0,0.00,0,0.00,,50.00,50.00,50.00,2025-12-20 16:56:07.660 +0900
1649,0,0,0,0,0,0,0.00,0,0.00,,50.00,50.00,50.00,2025-12-20 16:56:07.666 +0900
1650,0,0,0,0,0,0,0.00,0,0.00,,50.00,50.00,50.00,2025-12-20 16:56:07.671 +0900
1651,0,0,0,0,0,0,0.00,0,0.00,,50.00,50.00,50.00,2025-12-20 16:56:07.676 +0900
1652,0,0,0,0,0,0,0.00,0,0.00,,50.00,50.00,50.00,2025-12-20 16:56:07.682 +0900
1653,0,0,0,0,0,0,0.00,0,0.00,,50.00,50.00,50.00,2025-12-20 16:56:07.687 +0900
1654,0,0,0,0,0,0,0.00,0,0.00,,50.00,50.00,50.00,2025-12-20 16:56:07.693 +0900
1655,0,0,0,0,0,0,0.00,0,0.00,,50.00,50.00,50.00,2025-12-20 16:56:07.698 +0900
1656,0,0,0,0,0,0,0.00,0,0.00,,50.00,50.00,50.00,2025-12-20 16:56:07.704 +0900
1657,0,0,0,0,0,0,0.00,0,0.00,,50.00,50.00,50.00,2025-12-20 16:56:07.709 +0900
1658,0,0,0,0,0,0,0.00,0,0.00,,50.00,50.00,50.00,2025-12-20 16:56:07.715 +0900
1659,0,0,0,0,0,0,0.00,0,0.00,,50.00,50.00,50.00,2025-12-20 16:56:07.720 +0900
1660,0,0,0,0,0,0,0.00,0,0.00,,50.00,50.00,50.00,2025-12-20 16:56:07.726 +0900
1661,0,0,0,0,0,0,0.00,0,0.00,,50.00,50.00,50.00,2025-12-20 16:56:07.731 +0900
1662,0,0,0,0,0,0,0.00,0,0.00,,50.00,50.00,50.00,2025-12-20 16:56:07.737 +0900
1663,0,0,0,0,0,0,0.00,0,0.00,,50.00,50.00,50.00,2025-12-20 16:56:07.742 +0900
1664,0,0,0,0,0,0,0.00,0,0.00,,50.00,50.00,50.00,2025-12-20 16:56:07.747 +0900
1665,0,0,0,0,0,0,0.00,0,0.00,,50.00,50.00,50.00,2025-12-20 16:56:07.753 +0900
1666,0,0,0,0,0,0,0.00,0,0.00,,50.00,50.00,50.00,2025-12-20 16:56:07.758 +0900
1667,0,0,0,0,0,0,0.00,0,0.00,,50.00,50.00,50.00,2025-12-20 16:56:07.764 +0900
1668,0,0,0,0,0,0,0.00,0,0.00,,50.00,50.00,50.00,2025-12-20 16:56:07.769 +0900
1669,0,0,0,0,0,0,0.00,0,0.00,,50.00,50.00,50.00,2025-12-20 16:56:07.775 +0900
1670,0,0,0,0,0,0,0.00,0,0.00,,50.00,50.00,50.00,2025-12-20 16:56:07.780 +0900
1671,0,0,0,0,0,0,0.00,0,0.00,,50.00,50.00,50.00,2025-12-20 16:56:07.786 +0900
1672,0,0,0,0,0,0,0.00,0,0.00,,50.00,50.00,50.00,2025-12-20 16:56:07.791 +0900
1673,0,0,0,0,0,0,0.00,0,0.00,,50.00,50.00,50.00,2025-12-20 16:56:07.797 +0900
1674,0,0,0,0,0,0,0.00,0,0.00,,50.00,50.00,50.00,2025-12-20 16:56:07.802 +0900
1675,0,0,0,0,0,0,0.00,0,0.00,,50.00,50.00,50.00,2025-12-20 16:56:07.808 +0900
1676,0,0,0,0,0,0,0.00,0,0.00,,50.00,50.00,50.00,2025-12-20 16:56:07.813 +0900
1677,0,0,0,0,0,0,0.00,0,0.00,,50.00,50.00,50.00,2025-12-20 16:56:07.819 +0900
1678,0,0,0,0,0,0,0.00,0,0.00,,50.00,50.00,50.00,2025-12-20 16:56:07.824 +0900
1679,0,0,0,0,0,0,0.00,0,0.00,,50.00,50.00,50.00,2025-12-20 16:56:07.829 +0900
1680,0,0,0,0,0,0,0.00,0,0.00,,50.00,50.00,50.00,2025-12-20 16:56:07.835 +0900
1681,0,0,0,0,0,0,0.00,0,0.00,,50.00,50.00,50.00,2025-12-20 16:56:07.840 +0900
1682,0,0,0,0,0,0,0.00,0,0.00,,50.00,50.00,50.00,2025-12-20 16:56:07.846 +0900
1683,0,0,0,0,0,0,0.00,0,0.00,,50.00,50.00,50.00,2025-12-20 16:56:07.851 +0900
1684,0,0,0,0,0,0,0.00,0,0.00,,50.00,50.00,50.00,2025-12-20 16:56:07.857 +0900
1685,0,0,0,0,0,0,0.00,0,0.00,,50.00,50.00,50.00,2025-12-20 16:56:07.862 +0900
1686,0,0,0,0,0,0,0.00,0,0.00,,50.00,50.00,50.00,2025-12-20 16:56:07.868 +0900
1687,0,0,0,0,0,0,0.00,0,0.00,,50.00,50.00,50.00,2025-12-20 16:56:07.874 +0900
1688,0,0,0,0,0,0,0.00,0,0.00,,50.00,50.00,50.00,2025-12-20 16:56:07.879 +0900
1689,0,0,0,0,0,0,0.00,0,0.00,,50.00,50.00,50.00,2025-12-20 16:56:07.885 +0900
1690,0,0,0,0,0,0,0.00,0,0.00,,50.00,50.00,50.00,2025-12-20 16:56:07.890 +0900
1691,0,0,0,0,0,0,0.00,0,0.00,,50.00,50.00,50.00,2025-12-20 16:56:07.896 +0900
1692,0,0,0,0,0,0,0.00,0,0.00,,50.00,50.00,50.00,2025-12-20 16:56:07.901 +0900
1693,0,0,0,0,0,0,0.00,0,0.00,,50.00,50.00,50.00,2025-12-20 16:56:07.906 +0900
1694,0,0,0,0,0,0,0.00,0,0.00,,50.00,50.00,50.00,2025-12-20 16:56:07.912 +0900
1695,0,0,0,0,0,0,0.00,0,0.00,,50.00,50.00,50.00,2025-12-20 16:56:07.917 +0900
1696,0,0,0,0,0,0,0.00,0,0.00,,50.00,50.00,50.00,2025-12-20 16:56:07.923 +0900
1697,0,0,0,0,0,0,0.00,0,0.00,,50.00,50.00,50.00,2025-12-20 16:56:07.928 +0900
1698,0,0,0,0,0,0,0.00,0,0.00,,50.00,50.00,50.00,2025-12-20 16:56:07.934 +0900
1699,0,0,0,0,0,0,0.00,0,0.00,,50.00,50.00,50.00,2025-12-20 16:56:07.939 +0900
1700,0,0,0,0,0,0,0.00,0,0.00,,50.00,50.00,50.00,2025-12-20 16:56:07.945 +0900
1701,0,0,0,0,0,0,0.00,0,0.00,,50.00,50.00,50.00,2025-12-20 16:56:07.950 +0900
1702,0,0,0,0,0,0,0.00,0,0.00,,50.00,50.00,50.00,2025-12-20 16:56:07.955 +0900
1703,0,0,0,0,0,0,0.00,0,0.00,,50.00,50.00,50.00,2025-12-20 16:56:07.961 +0900
1704,0,0,0,0,0,0,0.00,0,0.00,,50.00,50.00,50.00,2025-12-20 16:56:07.966 +0900
1705,0,0,0,0,0,0,0.00,0,0.00,,50.00,50.00,50.00,2025-12-20 16:56:07.972 +0900
1706,0,0,0,0,0,0,0.00,0,0.00,,50.00,50.00,50.00,2025-12-20 16:56:07.977 +0900
1707,0,0,0,0,0,0,0.00,0,0.00,,50.00,50.00,50.00,2025-12-20 16:56:07.983 +0900
1708,0,0,0,0,0,0,0.00,0,0.00,,50.00,50.00,50.00,2025-12-20 16:56:07.988 +0900
1709,0,0,0,0,0,0,0.00,0,0.00,,50.00,50.00,50.00,2025-12-20 16:56:07.994 +0900
1710,0,0,0,0,0,0,0.00,0,0.00,,50.00,50.00,50.00,2025-12-20 16:56:07.999 +0900
1711,0,0,0,0,0,0,0.00,0,0.00,,50.00,50.00,50.00,2025-12-20 16:56:08.005 +0900
1712,0,0,0,0,0,0,0.00,0,0.00,,50.00,50.00,50.00,2025-12-20 16:56:08.011 +0900
1713,0,0,0,0,0,0,0.00,0,0.00,,50.00,50.00,50.00,2025-12-20 16:56:08.016 +0900
1714,0,0,0,0,0,0,0.00,0,0.00,,50.00,50.00,50.00,2025-12-20 16:56:08.022 +0900
1715,0,0,0,0,0,0,0.00,0,0.00,,50.00,50.00,50.00,2025-12-20 16:56:08.028 +0900
1716,0,0,0,0,0,0,0.00,0,0.00,,50.00,50.00,50.00,2025-12-20 16:56:08.033 +0900
1717,0,0,0,0,0,0,0.00,0,0.00,,50.00,50.00,50.00,2025-12-20 16:56:08.039 +0900
1718,0,0,0,0,0,0,0.00,0,0.00,,50.00,50.00,50.00,2025-12-20 16:56:08.045 +0900
1719,0,0,0,0,0,0,0.00,0,0.00,,50.00,50.00,50.00,2025-12-20 16:56:08.050 +0900
1720,0,0,0,0,0,0,0.00,0,0.00,,50.00,50.00,50.00,2025-12-20 16:56:08.056 +0900
1721,0,0,0,0,0,0,0.00,0,0.00,,50.00,50.00,50.00,2025-12-20 16:56:08.061 +0900
1722,0,0,0,0,0,0,0.00,0,0.00,,50.00,50.00,50.00,2025-12-20 16:56:08.067 +0900
1723,0,0,0,0,0,0,0.00,0,0.00,,50.00,50.00,50.00,2025-12-20 16:56:08.072 +0900
1724,0,0,0,0,0,0,0.00,0,0.00,,50.00,50.00,50.00,2025-12-20 16:56:08.078 +0900
1725,0,0,0,0,0,0,0.00,0,0.00,,50.00,50.00,50.00,2025-12-20 16:56:08.083 +0900
1726,0,0,0,0,0,0,0.00,0,0.00,,50.00,50.00,50.00,2025-12-20 16:56:08.089 +0900
1727,0,0,0,0,0,0,0.00,0,0.00,,50.00,50.00,50.00,2025-12-20 16:56:08.095 +0900
1728,0,0,0,0,0,0,0.00,0,0.00,,50.00,50.00,50.00,2025-12-20 16:56:08.100 +0900
1729,0,0,0,0,0,0,0.00,0,0.00,,50.00,50.00,50.00,2025-12-20 16:56:08.106 +0900
1730,0,0,0,0,0,0,0.00,0,0.00,,50.00,50.00,50.00,2025-12-20 16:56:08.112 +0900
1731,0,0,0,0,0,0,0.00,0,0.00,,50.00,50.00,50.00,2025-12-20 16:56:08.118 +0900
1732,0,0,0,0,0,0,0.00,0,0.00,,50.00,50.00,50.00,2025-12-20 16:56:08.123 +0900
1733,0,0,0,0,0,0,0.00,0,0.00,,50.00,50.00,50.00,2025-12-20 16:56:08.129 +0900
1734,0,0,0,0,0,0,0.00,0,0.00,,50.00,50.00,50.00,2025-12-20 16:56:08.134 +0900
1735,0,0,0,0,0,0,0.00,0,0.00,,50.00,50.00,50.00,2025-12-20 16:56:08.140 +0900
1736,0,0,0,0,0,0,0.00,0,0.00,,50.00,50.00,50.00,2025-12-20 16:56:08.145 +0900
1737,0,0,0,0,0,0,0.00,0,0.00,,50.00,50.00,50.00,2025-12-20 16:56:08.151 +0900
1738,0,0,0,0,0,0,0.00,0,0.00,,50.00,50.00,50.00,2025-12-20 16:56:08.156 +0900
1739,0,0,0,0,0,0,0.00,0,0.00,,50.00,50.00,50.00,2025-12-20 16:56:08.162 +0900
1740,0,0,0,0,0,0,0.00,0,0.00,,50.00,50.00,50.00,2025-12-20 16:56:08.167 +0900
1741,0,0,0,0,0,0,0.00,0,0.00,,50.00,50.00,50.00,2025-12-20 16:56:08.173 +0900
1742,0,0,0,0,0,0,0.00,0,0.00,,50.00,50.00,50.00,2025-12-20 16:56:08.178 +0900
1743,0,0,0,0,0,0,0.00,0,0.00,,50.00,50.00,50.00,2025-12-20 16:56:08.184 +0900
1744,0,0,0,0,0,0,0.00,0,0.00,,50.00,50.00,50.00,2025-12-20 16:56:08.189 +0900
1745,0,0,0,0,0,0,0.00,0,0.00,,50.00,50.00,50.00,2025-12-20 16:56:08.195 +0900
1746,0,0,0,0,0,0,0.00,0,0.00,,50.00,50.00,50.00,2025-12-20 16:56:08.201 +0900
1747,0,0,0,0,0,0,0.00,0,0.00,,50.00,50.00,50.00,2025-12-20 16:56:08.206 +0900
1748,0,0,0,0,0,0,0.00,0,0.00,,50.00,50.00,50.00,2025-12-20 16:56:08.212 +0900
1749,0,0,0,0,0,0,0.00,0,0.00,,50.00,50.00,50.00,2025-12-20 16:56:08.217 +0900
1750,0,0,0,0,0,0,0.00,0,0.00,,50.00,50.00,50.00,2025-12-20 16:56:08.223 +0900
1751,0,0,0,0,0,0,0.00,0,0.00,,50.00,50.00,50.00,2025-12-20 16:56:08.228 +0900
1752,0,0,0,0,0,0,0.00,0,0.00,,50.00,50.00,50.00,2025-12-20 16:56:08.234 +0900
1753,0,0,0,0,0,0,0.00,0,0.00,,50.00,50.00,50.00,2025-12-20 16:56:08.239 +0900
1754,0,0,0,0,0,0,0.00,0,0.00,,50.00,50.00,50.00,2025-12-20 16:56:08.245 +0900
1755,0,0,0,0,0,0,0.00,0,0.00,,50.00,50.00,50.00,2025-12-20 16:56:08.250 +0900
1756,0,0,0,0,0,0,0.00,0,0.00,,50.00,50.00,50.00,2025-12-20 16:56:08.256 +0900
1757,0,0,0,0,0,0,0.00,0,0.00,,50.00,50.00,50.00,2025-12-20 16:56:08.261 +0900
1758,0,0,0,0,0,0,0.00,0,0.00,,50.00,50.00,50.00,2025-12-20 16:56:08.267 +0900
1759,0,0,0,0,0,0,0.00,0,0.00,,50.00,50.00,50.00,2025-12-20 16:56:08.272 +0900
1760,0,0,0,0,0,0,0.00,0,0.00,,50.00,50.00,50.00,2025-12-20 16:56:08.279 +0900
1761,0,0,0,0,0,0,0.00,0,0.00,,50.00,50.00,50.00,2025-12-20 16:56:08.285 +0900
1762,0,0,0,0,0,0,0.00,0,0.00,,50.00,50.00,50.00,2025-12-20 16:56:08.292 +0900
1763,0,0,0,0,0,0,0.00,0,0.00,,50.00,50.00,50.00,2025-12-20 16:56:08.298 +0900
1764,0,0,0,0,0,0,0.00,0,0.00,,50.00,50.00,50.00,2025-12-20 16:56:08.305 +0900
1765,0,0,0,0,0,0,0.00,0,0.00,,50.00,50.00,50.00,2025-12-20 16:56:08.311 +0900
1766,0,0,0,0,0,0,0.00,0,0.00,,50.00,50.00,50.00,2025-12-20 16:56:08.317 +0900
1767,0,0,0,0,0,0,0.00,0,0.00,,50.00,50.00,50.00,2025-12-20 16:56:08.323 +0900
1768,0,0,0,0,0,0,0.00,0,0.00,,50.00,50.00,50.00,2025-12-20 16:56:08.329 +0900
1769,0,0,0,0,0,0,0.00,0,0.00,,50.00,50.00,50.00,2025-12-20 16:56:08.334 +0900
1770,0,0,0,0,0,0,0.00,0,0.00,,50.00,50.00,50.00,2025-12-20 16:56:08.340 +0900
1771,0,0,0,0,0,0,0.00,0,0.00,,50.00,50.00,50.00,2025-12-20 16:56:08.345 +0900
1772,0,0,0,0,0,0,0.00,0,0.00,,50.00,50.00,50.00,2025-12-20 16:56:08.352 +0900
1773,0,0,0,0,0,0,0.00,0,0.00,,50.00,50.00,50.00,2025-12-20 16:56:08.357 +0900
1774,0,0,0,0,0,0,0.00,0,0.00,,50.00,50.00,50.00,2025-12-20 16:56:08.363 +0900
1775,0,0,0,0,0,0,0.00,0,0.00,,50.00,50.00,50.00,2025-12-20 16:56:08.369 +0900
1776,0,0,0,0,0,0,0.00,0,0.00,,50.00,50.00,50.00,2025-12-20 16:56:08.376 +0900
1777,0,0,0,0,0,0,0.00,0,0.00,,50.00,50.00,50.00,2025-12-20 16:56:08.381 +0900
1778,0,0,0,0,0,0,0.00,0,0.00,,50.00,50.00,50.00,2025-12-20 16:56:08.387 +0900
1779,0,0,0,0,0,0,0.00,0,0.00,,50.00,50.00,50.00,2025-12-20 16:56:08.393 +0900
1780,0,0,0,0,0,0,0.00,0,0.00,,50.00,50.00,50.00,2025-12-20 16:56:08.398 +0900
1781,0,0,0,0,0,0,0.00,0,0.00,,50.00,50.00,50.00,2025-12-20 16:56:08.404 +0900
1782,0,0,0,0,0,0,0.00,0,0.00,,50.00,50.00,50.00,2025-12-20 16:56:08.409 +0900
1783,0,0,0,0,0,0,0.00,0,0.00,,50.00,50.00,50.00,2025-12-20 16:56:08.415 +0900
1784,0,0,0,0,0,0,0.00,0,0.00,,50.00,50.00,50.00,2025-12-20 16:56:08.420 +0900
1785,0,0,0,0,0,0,0.00,0,0.00,,50.00,50.00,50.00,2025-12-20 16:56:08.426 +0900
1786,0,0,0,0,0,0,0.00,0,0.00,,50.00,50.00,50.00,2025-12-20 16:56:08.431 +0900
1787,0,0,0,0,0,0,0.00,0,0.00,,50.00,50.00,50.00,2025-12-20 16:56:08.437 +0900
1788,0,0,0,0,0,0,0.00,0,0.00,,50.00,50.00,50.00,2025-12-20 16:56:08.443 +0900
1789,0,0,0,0,0,0,0.00,0,0.00,,50.00,50.00,50.00,2025-12-20 16:56:08.448 +0900
1790,0,0,0,0,0,0,0.00,0,0.00,,50.00,50.00,50.00,2025-12-20 16:56:08.453 +0900
1791,0,0,0,0,0,0,0.00,0,0.00,,50.00,50.00,50.00,2025-12-20 16:56:08.460 +0900
1792,0,0,0,0,0,0,0.00,0,0.00,,50.00,50.00,50.00,2025-12-20 16:56:08.466 +0900
1793,0,0,0,0,0,0,0.00,0,0.00,,50.00,50.00,50.00,2025-12-20 16:56:08.472 +0900
1794,0,0,0,0,0,0,0.00,0,0.00,,50.00,50.00,50.00,2025-12-20 16:56:08.477 +0900
1795,0,0,0,0,0,0,0.00,0,0.00,,50.00,50.00,50.00,2025-12-20 16:56:08.484 +0900
1796,0,0,0,0,0,0,0.00,0,0.00,,50.00,50.00,50.00,2025-12-20 16:56:08.489 +0900
1797,0,0,0,0,0,0,0.00,0,0.00,,50.00,50.00,50.00,2025-12-20 16:56:08.496 +0900
1798,0,0,0,0,0,0,0.00,0,0.00,,50.00,50.00,50.00,2025-12-20 16:56:08.502 +0900
1799,0,0,0,0,0,0,0.00,0,0.00,,50.00,50.00,50.00,2025-12-20 16:56:08.508 +0900
1800,0,0,0,0,0,0,0.00,0,0.00,,50.00,50.00,50.00,2025-12-20 16:56:08.514 +0900
1801,0,0,0,0,0,0,0.00,0,0.00,,50.00,50.00,50.00,2025-12-20 16:56:08.520 +0900
1802,0,0,0,0,0,0,0.00,0,0.00,,50.00,50.00,50.00,2025-12-20 16:56:08.526 +0900
1803,0,0,0,0,0,0,0.00,0,0.00,,50.00,50.00,50.00,2025-12-20 16:56:08.531 +0900
1804,0,0,0,0,0,0,0.00,0,0.00,,50.00,50.00,50.00,2025-12-20 16:56:08.537 +0900
1805,0,0,0,0,0,0,0.00,0,0.00,,50.00,50.00,50.00,2025-12-20 16:56:08.542 +0900
1806,0,0,0,0,0,0,0.00,0,0.00,,50.00,50.00,50.00,2025-12-20 16:56:08.548 +0900
1807,0,0,0,0,0,0,0.00,0,0.00,,50.00,50.00,50.00,2025-12-20 16:56:08.554 +0900
1808,0,0,0,0,0,0,0.00,0,0.00,,50.00,50.00,50.00,2025-12-20 16:56:08.560 +0900
1809,0,0,0,0,0,0,0.00,0,0.00,,50.00,50.00,50.00,2025-12-20 16:56:08.565 +0900
1810,0,0,0,0,0,0,0.00,0,0.00,,50.00,50.00,50.00,2025-12-20 16:56:08.571 +0900
1811,0,0,0,0,0,0,0.00,0,0.00,,50.00,50.00,50.00,2025-12-20 16:56:08.577 +0900
1812,0,0,0,0,0,0,0.00,0,0.00,,50.00,50.00,50.00,2025-12-20 16:56:08.582 +0900
1813,0,0,0,0,0,0,0.00,0,0.00,,50.00,50.00,50.00,2025-12-20 16:56:08.587 +0900
1814,0,0,0,0,0,0,0.00,0,0.00,,50.00,50.00,50.00,2025-12-20 16:56:08.593 +0900
1815,0,0,0,0,0,0,0.00,0,0.00,,50.00,50.00,50.00,2025-12-20 16:56:08.598 +0900
1816,0,0,0,0,0,0,0.00,0,0.00,,50.00,50.00,50.00,2025-12-20 16:56:08.604 +0900
1817,0,0,0,0,0,0,0.00,0,0.00,,50.00,50.00,50.00,2025-12-20 16:56:08.609 +0900
1818,0,0,0,0,0,0,0.00,0,0.00,,50.00,50.00,50.00,2025-12-20 16:56:08.615 +0900
1819,0,0,0,0,0,0,0.00,0,0.00,,50.00,50.00,50.00,2025-12-20 16:56:08.620 +0900
1820,0,0,0,0,0,0,0.00,0,0.00,,50.00,50.00,50.00,2025-12-20 16:56:08.625 +0900
1821,0,0,0,0,0,0,0.00,0,0.00,,50.00,50.00,50.00,2025-12-20 16:56:08.631 +0900
1822,0,0,0,0,0,0,0.00,0,0.00,,50.00,50.00,50.00,2025-12-20 16:56:08.636 +0900
1823,0,0,0,0,0,0,0.00,0,0.00,,50.00,50.00,50.00,2025-12-20 16:56:08.641 +0900
1824,0,0,0,0,0,0,0.00,0,0.00,,50.00,50.00,50.00,2025-12-20 16:56:08.647 +0900
1825,0,0,0,0,0,0,0.00,0,0.00,,50.00,50.00,50.00,2025-12-20 16:56:08.652 +0900
1826,0,0,0,0,0,0,0.00,0,0.00,,50.00,50.00,50.00,2025-12-20 16:56:08.658 +0900
1827,0,0,0,0,0,0,0.00,0,0.00,,50.00,50.00,50.00,2025-12-20 16:56:08.663 +0900
1828,0,0,0,0,0,0,0.00,0,0.00,,50.00,50.00,50.00,2025-12-20 16:56:08.669 +0900
1829,0,0,0,0,0,0,0.00,0,0.00,,50.00,50.00,50.00,2025-12-20 16:56:08.674 +0900
1830,0,0,0,0,0,0,0.00,0,0.00,,50.00,50.00,50.00,2025-12-20 16:56:08.680 +0900
1831,0,0,0,0,0,0,0.00,0,0.00,,50.00,50.00,50.00,2025-12-20 16:56:08.686 +0900
1832,0,0,0,0,0,0,0.00,0,0.00,,50.00,50.00,50.00,2025-12-20 16:56:08.691 +0900
1833,0,0,0,0,0,0,0.00,0,0.00,,50.00,50.00,50.00,2025-12-20 16:56:08.697 +0900
1834,0,0,0,0,0,0,0.00,0,0.00,,50.00,50.00,50.00,2025-12-20 16:56:08.702 +0900
1835,0,0,0,0,0,0,0.00,0,0.00,,50.00,50.00,50.00,2025-12-20 16:56:08.708 +0900
1836,0,0,0,0,0,0,0.00,0,0.00,,50.00,50.00,50.00,2025-12-20 16:56:08.714 +0900
1837,0,0,0,0,0,0,0.00,0,0.00,,50.00,50.00,50.00,2025-12-20 16:56:08.719 +0900
1838,0,0,0,0,0,0,0.00,0,0.00,,50.00,50.00,50.00,2025-12-20 16:56:08.725 +0900
1839,0,0,0,0,0,0,0.00,0,0.00,,50.00,50.00,50.00,2025-12-20 16:56:08.730 +0900
1840,0,0,0,0,0,0,0.00,0,0.00,,50.00,50.00,50.00,2025-12-20 16:56:08.736 +0900
1841,0,0,0,0,0,0,0.00,0,0.00,,50.00,50.00,50.00,2025-12-20 16:56:08.741 +0900
1842,0,0,0,0,0,0,0.00,0,0.00,,50.00,50.00,50.00,2025-12-20 16:56:08.747 +0900
1843,0,0,0,0,0,0,0.00,0,0.00,,50.00,50.00,50.00,2025-12-20 16:56:08.752 +0900
1844,0,0,0,0,0,0,0.00,0,0.00,,50.00,50.00,50.00,2025-12-20 16:56:08.758 +0900
1845,0,0,0,0,0,0,0.00,0,0.00,,50.00,50.00,50.00,2025-12-20 16:56:08.764 +0900
1846,0,0,0,0,0,0,0.00,0,0.00,,50.00,50.00,50.00,2025-12-20 16:56:08.769 +0900
1847,0,0,0,0,0,0,0.00,0,0.00,,50.00,50.00,50.00,2025-12-20 16:56:08.775 +0900
1848,0,0,0,0,0,0,0.00,0,0.00,,50.00,50.00,50.00,2025-12-20 16:56:08.780 +0900
1849,0,0,0,0,0,0,0.00,0,0.00,,50.00,50.00,50.00,2025-12-20 16:56:08.786 +0900
1850,0,0,0,0,0,0,0.00,0,0.00,,50.00,50.00,50.00,2025-12-20 16:56:08.791 +0900
1851,0,0,0,0,0,0,0.00,0,0.00,,50.00,50.00,50.00,2025-12-20 16:56:08.797 +0900
1852,0,0,0,0,0,0,0.00,0,0.00,,50.00,50.00,50.00,2025-12-20 16:56:08.803 +0900
1853,0,0,0,0,0,0,0.00,0,0.00,,50.00,50.00,50.00,2025-12-20 16:56:08.809 +0900
1854,0,0,0,0,0,0,0.00,0,0.00,,50.00,50.00,50.00,2025-12-20 16:56:08.814 +0900
1855,0,0,0,0,0,0,0.00,0,0.00,,50.00,50.00,50.00,2025-12-20 16:56:08.819 +0900
1856,0,0,0,0,0,0,0.00,0,0.00,,50.00,50.00,50.00,2025-12-20 16:56:08.825 +0900
1857,0,0,0,0,0,0,0.00,0,0.00,,50.00,50.00,50.00,2025-12-20 16:56:08.830 +0900
1858,0,0,0,0,0,0,0.00,0,0.00,,50.00,50.00,50.00,2025-12-20 16:56:08.836 +0900
1859,0,0,0,0,0,0,0.00,0,0.00,,50.00,50.00,50.00,2025-12-20 16:56:08.842 +0900
1860,0,0,0,0,0,0,0.00,0,0.00,,50.00,50.00,50.00,2025-12-20 16:56:08.847 +0900
1861,0,0,0,0,0,0,0.00,0,0.00,,50.00,50.00,50.00,2025-12-20 16:56:08.853 +0900
1862,0,0,0,0,0,0,0.00,0,0.00,,50.00,50.00,50.00,2025-12-20 16:56:08.858 +0900
1863,0,0,0,0,0,0,0.00,0,0.00,,50.00,50.00,50.00,2025-12-20 16:56:08.864 +0900
1864,0,0,0,0,0,0,0.00,0,0.00,,50.00,50.00,50.00,2025-12-20 16:56:08.870 +0900
1865,0,0,0,0,0,0,0.00,0,0.00,,50.00,50.00,50.00,2025-12-20 16:56:08.876 +0900
1866,0,0,0,0,0,0,0.00,0,0.00,,50.00,50.00,50.00,2025-12-20 16:56:08.881 +0900
1867,0,0,0,0,0,0,0.00,0,0.00,,50.00,50.00,50.00,2025-12-20 16:56:08.887 +0900
1868,0,0,0,0,0,0,0.00,0,0.00,,50.00,50.00,50.00,2025-12-20 16:56:08.893 +0900
1869,0,0,0,0,0,0,0.00,0,0.00,,50.00,50.00,50.00,2025-12-20 16:56:08.898 +0900
1870,0,0,0,0,0,0,0.00,0,0.00,,50.00,50.00,50.00,2025-12-20 16:56:08.904 +0900
1871,0,0,0,0,0,0,0.00,0,0.00,,50.00,50.00,50.00,2025-12-20 16:56:08.909 +0900
1872,0,0,0,0,0,0,0.00,0,0.00,,50.00,50.00,50.00,2025-12-20 16:56:08.915 +0900
1873,0,0,0,0,0,0,0.00,0,0.00,,50.00,50.00,50.00,2025-12-20 16:56:08.922 +0900
1874,0,0,0,0,0,0,0.00,0,0.00,,50.00,50.00,50.00,2025-12-20 16:56:08.927 +0900
1875,0,0,0,0,0,0,0.00,0,0.00,,50.00,50.00,50.00,2025-12-20 16:56:08.933 +0900
1876,0,0,0,0,0,0,0.00,0,0.00,,50.00,50.00,50.00,2025-12-20 16:56:08.939 +0900
1877,0,0,0,0,0,0,0.00,0,0.00,,50.00,50.00,50.00,2025-12-20 16:56:08.944 +0900
1878,0,0,0,0,0,0,0.00,0,0.00,,50.00,50.00,50.00,2025-12-20 16:56:08.950 +0900
1879,0,0,0,0,0,0,0.00,0,0.00,,50.00,50.00,50.00,2025-12-20 16:56:08.956 +0900
1880,0,0,0,0,0,0,0.00,0,0.00,,50.00,50.00,50.00,2025-12-20 16:56:08.961 +0900
1881,0,0,0,0,0,0,0.00,0,0.00,,50.00,50.00,50.00,2025-12-20 16:56:08.969 +0900
1882,0,0,0,0,0,0,0.00,0,0.00,,50.00,50.00,50.00,2025-12-20 16:56:08.977 +0900
1883,0,0,0,0,0,0,0.00,0,0.00,,50.00,50.00,50.00,2025-12-20 16:56:08.984 +0900
1884,0,0,0,0,0,0,0.00,0,0.00,,50.00,50.00,50.00,2025-12-20 16:56:08.991 +0900
1885,0,0,0,0,0,0,0.00,0,0.00,,50.00,50.00,50.00,2025-12-20 16:56:08.998 +0900
1886,0,0,0,0,0,0,0.00,0,0.00,,50.00,50.00,50.00,2025-12-20 16:56:09.007 +0900
1887,0,0,0,0,0,0,0.00,0,0.00,,50.00,50.00,50.00,2025-12-20 16:56:09.012 +0900
1888,0,0,0,0,0,0,0.00,0,0.00,,50.00,50.00,50.00,2025-12-20 16:56:09.018 +0900
1889,0,0,0,0,0,0,0.00,0,0.00,,50.00,50.00,50.00,2025-12-20 16:56:09.024 +0900
1890,0,0,0,0,0,0,0.00,0,0.00,,50.00,50.00,50.00,2025-12-20 16:56:09.030 +0900
1891,0,0,0,0,0,0,0.00,0,0.00,,50.00,50.00,50.00,2025-12-20 16:56:09.036 +0900
1892,0,0,0,0,0,0,0.00,0,0.00,,50.00,50.00,50.00,2025-12-20 16:56:09.041 +0900
1893,0,0,0,0,0,0,0.00,0,0.00,,50.00,50.00,50.00,2025-12-20 16:56:09.047 +0900
1894,0,0,0,0,0,0,0.00,0,0.00,,50.00,50.00,50.00,2025-12-20 16:56:09.053 +0900
1895,0,0,0,0,0,0,0.00,0,0.00,,50.00,50.00,50.00,2025-12-20 16:56:09.059 +0900
1896,0,0,0,0,0,0,0.00,0,0.00,,50.00,50.00,50.00,2025-12-20 16:56:09.064 +0900
1897,0,0,0,0,0,0,0.00,0,0.00,,50.00,50.00,50.00,2025-12-20 16:56:09.070 +0900
1898,0,0,0,0,0,0,0.00,0,0.00,,50.00,50.00,50.00,2025-12-20 16:56:09.076 +0900
1899,0,0,0,0,0,0,0.00,0,0.00,,50.00,50.00,50.00,2025-12-20 16:56:09.081 +0900
1900,0,0,0,0,0,0,0.00,0,0.00,,50.00,50.00,50.00,2025-12-20 16:56:09.087 +0900
1901,0,0,0,0,0,0,0.00,0,0.00,,50.00,50.00,50.00,2025-12-20 16:56:09.093 +0900
1902,0,0,0,0,0,0,0.00,0,0.00,,50.00,50.00,50.00,2025-12-20 16:56:09.098 +0900
1903,0,0,0,0,0,0,0.00,0,0.00,,50.00,50.00,50.00,2025-12-20 16:56:09.103 +0900
1904,0,0,0,0,0,0,0.00,0,0.00,,50.00,50.00,50.00,2025-12-20 16:56:09.109 +0900
1905,0,0,0,0,0,0,0.00,0,0.00,,50.00,50.00,50.00,2025-12-20 16:56:09.115 +0900
1906,0,0,0,0,0,0,0.00,0,0.00,,50.00,50.00,50.00,2025-12-20 16:56:09.121 +0900
1907,0,0,0,0,0,0,0.00,0,0.00,,50.00,50.00,50.00,2025-12-20 16:56:09.126 +0900
1908,0,0,0,0,0,0,0.00,0,0.00,,50.00,50.00,50.00,2025-12-20 16:56:09.132 +0900
1909,0,0,0,0,0,0,0.00,0,0.00,,50.00,50.00,50.00,2025-12-20 16:56:09.137 +0900
1910,0,0,0,0,0,0,0.00,0,0.00,,50.00,50.00,50.00,2025-12-20 16:56:09.143 +0900
1911,0,0,0,0,0,0,0.00,0,0.00,,50.00,50.00,50.00,2025-12-20 16:56:09.148 +0900
1912,0,0,0,0,0,0,0.00,0,0.00,,50.00,50.00,50.00,2025-12-20 16:56:09.154 +0900
1913,0,0,0,0,0,0,0.00,0,0.00,,50.00,50.00,50.00,2025-12-20 16:56:09.159 +0900
1914,0,0,0,0,0,0,0.00,0,0.00,,50.00,50.00,50.00,2025-12-20 16:56:09.165 +0900
1915,0,0,0,0,0,0,0.00,0,0.00,,50.00,50.00,50.00,2025-12-20 16:56:09.171 +0900
1916,0,0,0,0,0,0,0.00,0,0.00,,50.00,50.00,50.00,2025-12-20 16:56:09.176 +0900
1917,0,0,0,0,0,0,0.00,0,0.00,,50.00,50.00,50.00,2025-12-20 16:56:09.182 +0900
1918,0,0,0,0,0,0,0.00,0,0.00,,50.00,50.00,50.00,2025-12-20 16:56:09.188 +0900
1919,0,0,0,0,0,0,0.00,0,0.00,,50.00,50.00,50.00,2025-12-20 16:56:09.194 +0900
1920,0,0,0,0,0,0,0.00,0,0.00,,50.00,50.00,50.00,2025-12-20 16:56:09.199 +0900
1921,0,0,0,0,0,0,0.00,0,0.00,,50.00,50.00,50.00,2025-12-20 16:56:09.205 +0900
1922,0,0,0,0,0,0,0.00,0,0.00,,50.00,50.00,50.00,2025-12-20 16:56:09.210 +0900
1923,0,0,0,0,0,0,0.00,0,0.00,,50.00,50.00,50.00,2025-12-20 16:56:09.216 +0900
1924,0,0,0,0,0,0,0.00,0,0.00,,50.00,50.00,50.00,2025-12-20 16:56:09.221 +0900
1925,0,0,0,0,0,0,0.00,0,0.00,,50.00,50.00,50.00,2025-12-20 16:56:09.227 +0900
1926,0,0,0,0,0,0,0.00,0,0.00,,50.00,50.00,50.00,2025-12-20 16:56:09.232 +0900
1927,0,0,0,0,0,0,0.00,0,0.00,,50.00,50.00,50.00,2025-12-20 16:56:09.238 +0900
1928,0,0,0,0,0,0,0.00,0,0.00,,50.00,50.00,50.00,2025-12-20 16:56:09.243 +0900
1929,0,0,0,0,0,0,0.00,0,0.00,,50.00,50.00,50.00,2025-12-20 16:56:09.249 +0900
1930,0,0,0,0,0,0,0.00,0,0.00,,50.00,50.00,50.00,2025-12-20 16:56:09.255 +0900
1931,0,0,0,0,0,0,0.00,0,0.00,,50.00,50.00,50.00,2025-12-20 16:56:09.261 +0900
1932,0,0,0,0,0,0,0.00,0,0.00,,50.00,50.00,50.00,2025-12-20 16:56:09.266 +0900
1933,0,0,0,0,0,0,0.00,0,0.00,,50.00,50.00,50.00,2025-12-20 16:56:09.271 +0900
1934,0,0,0,0,0,0,0.00,0,0.00,,50.00,50.00,50.00,2025-12-20 16:56:09.277 +0900
1935,0,0,0,0,0,0,0.00,0,0.00,,50.00,50.00,50.00,2025-12-20 16:56:09.283 +0900
1936,0,0,0,0,0,0,0.00,0,0.00,,50.00,50.00,50.00,2025-12-20 16:56:09.288 +0900
1937,0,0,0,0,0,0,0.00,0,0.00,,50.00,50.00,50.00,2025-12-20 16:56:09.294 +0900
1938,0,0,0,0,0,0,0.00,0,0.00,,50.00,50.00,50.00,2025-12-20 16:56:09.299 +0900
1939,0,0,0,0,0,0,0.00,0,0.00,,50.00,50.00,50.00,2025-12-20 16:56:09.305 +0900
1940,0,0,0,0,0,0,0.00,0,0.00,,50.00,50.00,50.00,2025-12-20 16:56:09.310 +0900
1941,0,0,0,0,0,0,0.00,0,0.00,,50.00,50.00,50.00,2025-12-20 16:56:09.316 +0900
1942,0,0,0,0,0,0,0.00,0,0.00,,50.00,50.00,50.00,2025-12-20 16:56:09.321 +0900
1943,0,0,0,0,0,0,0.00,0,0.00,,50.00,50.00,50.00,2025-12-20 16:56:09.328 +0900
1944,0,0,0,0,0,0,0.00,0,0.00,,50.00,50.00,50.00,2025-12-20 16:56:09.334 +0900
1945,0,0,0,0,0,0,0.00,0,0.00,,50.00,50.00,50.00,2025-12-20 16:56:09.340 +0900
1946,0,0,0,0,0,0,0.00,0,0.00,,50.00,50.00,50.00,2025-12-20 16:56:09.345 +0900
1947,0,0,0,0,0,0,0.00,0,0.00,,50.00,50.00,50.00,2025-12-20 16:56:09.350 +0900
1948,0,0,0,0,0,0,0.00,0,0.00,,50.00,50.00,50.00,2025-12-20 16:56:09.356 +0900
1949,0,0,0,0,0,0,0.00,0,0.00,,50.00,50.00,50.00,2025-12-20 16:56:09.361 +0900
1950,0,0,0,0,0,0,0.00,0,0.00,,50.00,50.00,50.00,2025-12-20 16:56:09.366 +0900
1951,0,0,0,0,0,0,0.00,0,0.00,,50.00,50.00,50.00,2025-12-20 16:56:09.372 +0900
1952,0,0,0,0,0,0,0.00,0,0.00,,50.00,50.00,50.00,2025-12-20 16:56:09.377 +0900
1953,0,0,0,0,0,0,0.00,0,0.00,,50.00,50.00,50.00,2025-12-20 16:56:09.383 +0900
1954,0,0,0,0,0,0,0.00,0,0.00,,50.00,50.00,50.00,2025-12-20 16:56:09.389 +0900
1955,0,0,0,0,0,0,0.00,0,0.00,,50.00,50.00,50.00,2025-12-20 16:56:09.394 +0900
1956,0,0,0,0,0,0,0.00,0,0.00,,50.00,50.00,50.00,2025-12-20 16:56:09.400 +0900
1957,0,0,0,0,0,0,0.00,0,0.00,,50.00,50.00,50.00,2025-12-20 16:56:09.405 +0900
1958,0,0,0,0,0,0,0.00,0,0.00,,50.00,50.00,50.00,2025-12-20 16:56:09.411 +0900
1959,0,0,0,0,0,0,0.00,0,0.00,,50.00,50.00,50.00,2025-12-20 16:56:09.416 +0900
1960,0,0,0,0,0,0,0.00,0,0.00,,50.00,50.00,50.00,2025-12-20 16:56:09.422 +0900
1961,0,0,0,0,0,0,0.00,0,0.00,,50.00,50.00,50.00,2025-12-20 16:56:09.427 +0900
1962,0,0,0,0,0,0,0.00,0,0.00,,50.00,50.00,50.00,2025-12-20 16:56:09.433 +0900
1963,0,0,0,0,0,0,0.00,0,0.00,,50.00,50.00,50.00,2025-12-20 16:56:09.438 +0900
1964,0,0,0,0,0,0,0.00,0,0.00,,50.00,50.00,50.00,2025-12-20 16:56:09.443 +0900
1965,0,0,0,0,0,0,0.00,0,0.00,,50.00,50.00,50.00,2025-12-20 16:56:09.448 +0900
1966,0,0,0,0,0,0,0.00,0,0.00,,50.00,50.00,50.00,2025-12-20 16:56:09.454 +0900
1967,0,0,0,0,0,0,0.00,0,0.00,,50.00,50.00,50.00,2025-12-20 16:56:09.460 +0900
1968,0,0,0,0,0,0,0.00,0,0.00,,50.00,50.00,50.00,2025-12-20 16:56:09.465 +0900
1969,0,0,0,0,0,0,0.00,0,0.00,,50.00,50.00,50.00,2025-12-20 16:56:09.470 +0900
1970,0,0,0,0,0,0,0.00,0,0.00,,50.00,50.00,50.00,2025-12-20 16:56:09.476 +0900
1971,0,0,0,0,0,0,0.00,0,0.00,,50.00,50.00,50.00,2025-12-20 16:56:09.482 +0900
1972,0,0,0,0,0,0,0.00,0,0.00,,50.00,50.00,50.00,2025-12-20 16:56:09.487 +0900
1973,0,0,0,0,0,0,0.00,0,0.00,,50.00,50.00,50.00,2025-12-20 16:56:09.493 +0900
1974,0,0,0,0,0,0,0.00,0,0.00,,50.00,50.00,50.00,2025-12-20 16:56:09.499 +0900
1975,0,0,0,0,0,0,0.00,0,0.00,,50.00,50.00,50.00,2025-12-20 16:56:09.505 +0900
1976,0,0,0,0,0,0,0.00,0,0.00,,50.00,50.00,50.00,2025-12-20 16:56:09.510 +0900
1977,0,0,0,0,0,0,0.00,0,0.00,,50.00,50.00,50.00,2025-12-20 16:56:09.516 +0900
1978,0,0,0,0,0,0,0.00,0,0.00,,50.00,50.00,50.00,2025-12-20 16:56:09.521 +0900
1979,0,0,0,0,0,0,0.00,0,0.00,,50.00,50.00,50.00,2025-12-20 16:56:09.527 +0900
1980,0,0,0,0,0,0,0.00,0,0.00,,50.00,50.00,50.00,2025-12-20 16:56:09.532 +0900
1981,0,0,0,0,0,0,0.00,0,0.00,,50.00,50.00,50.00,2025-12-20 16:56:09.538 +0900
1982,0,0,0,0,0,0,0.00,0,0.00,,50.00,50.00,50.00,2025-12-20 16:56:09.543 +0900
1983,0,0,0,0,0,0,0.00,0,0.00,,50.00,50.00,50.00,2025-12-20 16:56:09.549 +0900
1984,0,0,0,0,0,0,0.00,0,0.00,,50.00,50.00,50.00,2025-12-20 16:56:09.554 +0900
1985,0,0,0,0,0,0,0.00,0,0.00,,50.00,50.00,50.00,2025-12-20 16:56:09.560 +0900
1986,0,0,0,0,0,0,0.00,0,0.00,,50.00,50.00,50.00,2025-12-20 16:56:09.565 +0900
1987,0,0,0,0,0,0,0.00,0,0.00,,50.00,50.00,50.00,2025-12-20 16:56:09.571 +0900
1988,0,0,0,0,0,0,0.00,0,0.00,,50.00,50.00,50.00,2025-12-20 16:56:09.576 +0900
1989,0,0,0,0,0,0,0.00,0,0.00,,50.00,50.00,50.00,2025-12-20 16:56:09.582 +0900
1990,0,0,0,0,0,0,0.00,0,0.00,,50.00,50.00,50.00,2025-12-20 16:56:09.588 +0900
1991,0,0,0,0,0,0,0.00,0,0.00,,50.00,50.00,50.00,2025-12-20 16:56:09.593 +0900
1992,0,0,0,0,0,0,0.00,0,0.00,,50.00,50.00,50.00,2025-12-20 16:56:09.599 +0900
1993,0,0,0,0,0,0,0.00,0,0.00,,50.00,50.00,50.00,2025-12-20 16:56:09.604 +0900
1994,0,0,0,0,0,0,0.00,0,0.00,,50.00,50.00,50.00,2025-12-20 16:56:09.610 +0900
1995,0,0,0,0,0,0,0.00,0,0.00,,50.00,50.00,50.00,2025-12-20 16:56:09.616 +0900
1996,0,0,0,0,0,0,0.00,0,0.00,,50.00,50.00,50.00,2025-12-20 16:56:09.621 +0900
1997,0,0,0,0,0,0,0.00,0,0.00,,50.00,50.00,50.00,2025-12-20 16:56:09.626 +0900
1998,0,0,0,0,0,0,0.00,0,0.00,,50.00,50.00,50.00,2025-12-20 16:56:09.632 +0900
1999,0,0,0,0,0,0,0.00,0,0.00,,50.00,50.00,50.00,2025-12-20 16:56:09.637 +0900
2000,0,0,0,0,0,0,0.00,0,0.00,,50.00,50.00,50.00,2025-12-20 16:56:09.643 +0900
2001,0,0,0,0,0,0,0.00,0,0.00,,50.00,50.00,50.00,2025-12-20 16:56:09.649 +0900
2002,0,0,0,0,0,0,0.00,0,0.00,,50.00,50.00,50.00,2025-12-20 16:56:09.655 +0900
2003,0,0,0,0,0,0,0.00,0,0.00,,50.00,50.00,50.00,2025-12-20 16:56:09.661 +0900
2004,0,0,0,0,0,0,0.00,0,0.00,,50.00,50.00,50.00,2025-12-20 16:56:09.667 +0900
2005,0,0,0,0,0,0,0.00,0,0.00,,50.00,50.00,50.00,2025-12-20 16:56:09.672 +0900
2006,0,0,0,0,0,0,0.00,0,0.00,,50.00,50.00,50.00,2025-12-20 16:56:09.678 +0900
2007,0,0,0,0,0,0,0.00,0,0.00,,50.00,50.00,50.00,2025-12-20 16:56:09.683 +0900
2008,0,0,0,0,0,0,0.00,0,0.00,,50.00,50.00,50.00,2025-12-20 16:56:09.689 +0900
2009,0,0,0,0,0,0,0.00,0,0.00,,50.00,50.00,50.00,2025-12-20 16:56:09.695 +0900
2010,0,0,0,0,0,0,0.00,0,0.00,,50.00,50.00,50.00,2025-12-20 16:56:09.700 +0900
2011,0,0,0,0,0,0,0.00,0,0.00,,50.00,50.00,50.00,2025-12-20 16:56:09.705 +0900
2012,0,0,0,0,0,0,0.00,0,0.00,,50.00,50.00,50.00,2025-12-20 16:56:09.711 +0900
2013,0,0,0,0,0,0,0.00,0,0.00,,50.00,50.00,50.00,2025-12-20 16:56:09.716 +0900
2014,0,0,0,0,0,0,0.00,0,0.00,,50.00,50.00,50.00,2025-12-20 16:56:09.722 +0900
2015,0,0,0,0,0,0,0.00,0,0.00,,50.00,50.00,50.00,2025-12-20 16:56:09.727 +0900
2016,0,0,0,0,0,0,0.00,0,0.00,,50.00,50.00,50.00,2025-12-20 16:56:09.733 +0900
2017,0,0,0,0,0,0,0.00,0,0.00,,50.00,50.00,50.00,2025-12-20 16:56:09.738 +0900
2018,0,0,0,0,0,0,0.00,0,0.00,,50.00,50.00,50.00,2025-12-20 16:56:09.743 +0900
2019,0,0,0,0,0,0,0.00,0,0.00,,50.00,50.00,50.00,2025-12-20 16:56:09.749 +0900
2020,0,0,0,0,0,0,0.00,0,0.00,,50.00,50.00,50.00,2025-12-20 16:56:09.754 +0900
2021,0,0,0,0,0,0,0.00,0,0.00,,50.00,50.00,50.00,2025-12-20 16:56:09.760 +0900
2022,0,0,0,0,0,0,0.00,0,0.00,,50.00,50.00,50.00,2025-12-20 16:56:09.766 +0900
2023,0,0,0,0,0,0,0.00,0,0.00,,50.00,50.00,50.00,2025-12-20 16:56:09.771 +0900
2024,0,0,0,0,0,0,0.00,0,0.00,,50.00,50.00,50.00,2025-12-20 16:56:09.777 +0900
2025,0,0,0,0,0,0,0.00,0,0.00,,50.00,50.00,50.00,2025-12-20 16:56:09.782 +0900
2026,0,0,0,0,0,0,0.00,0,0.00,,50.00,50.00,50.00,2025-12-20 16:56:09.788 +0900
2027,0,0,0,0,0,0,0.00,0,0.00,,50.00,50.00,50.00,2025-12-20 16:56:09.793 +0900
2029,0,0,0,0,0,0,0.00,0,0.00,,50.00,50.00,50.00,2025-12-20 16:56:09.804 +0900
2030,0,0,0,0,0,0,0.00,0,0.00,,50.00,50.00,50.00,2025-12-20 16:56:09.809 +0900
2031,0,0,0,0,0,0,0.00,0,0.00,,50.00,50.00,50.00,2025-12-20 16:56:09.815 +0900
2032,0,0,0,0,0,0,0.00,0,0.00,,50.00,50.00,50.00,2025-12-20 16:56:09.820 +0900
2033,0,0,0,0,0,0,0.00,0,0.00,,50.00,50.00,50.00,2025-12-20 16:56:09.825 +0900
2034,0,0,0,0,0,0,0.00,0,0.00,,50.00,50.00,50.00,2025-12-20 16:56:09.831 +0900
2035,0,0,0,0,0,0,0.00,0,0.00,,50.00,50.00,50.00,2025-12-20 16:56:09.836 +0900
2036,0,0,0,0,0,0,0.00,0,0.00,,50.00,50.00,50.00,2025-12-20 16:56:09.841 +0900
2037,0,0,0,0,0,0,0.00,0,0.00,,50.00,50.00,50.00,2025-12-20 16:56:09.847 +0900
2038,0,0,0,0,0,0,0.00,0,0.00,,50.00,50.00,50.00,2025-12-20 16:56:09.853 +0900
2039,0,0,0,0,0,0,0.00,0,0.00,,50.00,50.00,50.00,2025-12-20 16:56:09.858 +0900
2040,0,0,0,0,0,0,0.00,0,0.00,,50.00,50.00,50.00,2025-12-20 16:56:09.864 +0900
2041,0,0,0,0,0,0,0.00,0,0.00,,50.00,50.00,50.00,2025-12-20 16:56:09.870 +0900
2042,0,0,0,0,0,0,0.00,0,0.00,,50.00,50.00,50.00,2025-12-20 16:56:09.876 +0900
2043,0,0,0,0,0,0,0.00,0,0.00,,50.00,50.00,50.00,2025-12-20 16:56:09.881 +0900
2044,0,0,0,0,0,0,0.00,0,0.00,,50.00,50.00,50.00,2025-12-20 16:56:09.887 +0900
2045,0,0,0,0,0,0,0.00,0,0.00,,50.00,50.00,50.00,2025-12-20 16:56:09.893 +0900
2046,0,0,0,0,0,0,0.00,0,0.00,,50.00,50.00,50.00,2025-12-20 16:56:09.898 +0900
2047,0,0,0,0,0,0,0.00,0,0.00,,50.00,50.00,50.00,2025-12-20 16:56:09.904 +0900
2048,0,0,0,0,0,0,0.00,0,0.00,,50.00,50.00,50.00,2025-12-20 16:56:09.909 +0900
2049,0,0,0,0,0,0,0.00,0,0.00,,50.00,50.00,50.00,2025-12-20 16:56:09.915 +0900
2050,0,0,0,0,0,0,0.00,0,0.00,,50.00,50.00,50.00,2025-12-20 16:56:09.921 +0900
2051,0,0,0,0,0,0,0.00,0,0.00,,50.00,50.00,50.00,2025-12-20 16:56:09.926 +0900
2052,0,0,0,0,0,0,0.00,0,0.00,,50.00,50.00,50.00,2025-12-20 16:56:09.932 +0900
2053,0,0,0,0,0,0,0.00,0,0.00,,50.00,50.00,50.00,2025-12-20 16:56:09.938 +0900
2054,0,0,0,0,0,0,0.00,0,0.00,,50.00,50.00,50.00,2025-12-20 16:56:09.944 +0900
2055,0,0,0,0,0,0,0.00,0,0.00,,50.00,50.00,50.00,2025-12-20 16:56:09.950 +0900
2056,0,0,0,0,0,0,0.00,0,0.00,,50.00,50.00,50.00,2025-12-20 16:56:09.958 +0900
2057,0,0,0,0,0,0,0.00,0,0.00,,50.00,50.00,50.00,2025-12-20 16:56:09.964 +0900
2058,0,0,0,0,0,0,0.00,0,0.00,,50.00,50.00,50.00,2025-12-20 16:56:09.969 +0900
2059,0,0,0,0,0,0,0.00,0,0.00,,50.00,50.00,50.00,2025-12-20 16:56:09.974 +0900
2060,0,0,0,0,0,0,0.00,0,0.00,,50.00,50.00,50.00,2025-12-20 16:56:09.979 +0900
2061,0,0,0,0,0,0,0.00,0,0.00,,50.00,50.00,50.00,2025-12-20 16:56:09.984 +0900
2062,0,0,0,0,0,0,0.00,0,0.00,,50.00,50.00,50.00,2025-12-20 16:56:09.989 +0900
2063,0,0,0,0,0,0,0.00,0,0.00,,50.00,50.00,50.00,2025-12-20 16:56:09.993 +0900
2064,0,0,0,0,0,0,0.00,0,0.00,,50.00,50.00,50.00,2025-12-20 16:56:09.998 +0900
2065,0,0,0,0,0,0,0.00,0,0.00,,50.00,50.00,50.00,2025-12-20 16:56:10.003 +0900
2066,0,0,0,0,0,0,0.00,0,0.00,,50.00,50.00,50.00,2025-12-20 16:56:10.008 +0900
2067,0,0,0,0,0,0,0.00,0,0.00,,50.00,50.00,50.00,2025-12-20 16:56:10.014 +0900
2068,0,0,0,0,0,0,0.00,0,0.00,,50.00,50.00,50.00,2025-12-20 16:56:10.019 +0900
2069,0,0,0,0,0,0,0.00,0,0.00,,50.00,50.00,50.00,2025-12-20 16:56:10.024 +0900
2070,0,0,0,0,0,0,0.00,0,0.00,,50.00,50.00,50.00,2025-12-20 16:56:10.029 +0900
2071,0,0,0,0,0,0,0.00,0,0.00,,50.00,50.00,50.00,2025-12-20 16:56:10.037 +0900
2072,0,0,0,0,0,0,0.00,0,0.00,,50.00,50.00,50.00,2025-12-20 16:56:10.045 +0900
2073,0,0,0,0,0,0,0.00,0,0.00,,50.00,50.00,50.00,2025-12-20 16:56:10.050 +0900
2074,0,0,0,0,0,0,0.00,0,0.00,,50.00,50.00,50.00,2025-12-20 16:56:10.056 +0900
2075,0,0,0,0,0,0,0.00,0,0.00,,50.00,50.00,50.00,2025-12-20 16:56:10.060 +0900
2076,0,0,0,0,0,0,0.00,0,0.00,,50.00,50.00,50.00,2025-12-20 16:56:10.065 +0900
2077,0,0,0,0,0,0,0.00,0,0.00,,50.00,50.00,50.00,2025-12-20 16:56:10.070 +0900
2078,0,0,0,0,0,0,0.00,0,0.00,,50.00,50.00,50.00,2025-12-20 16:56:10.075 +0900
2079,0,0,0,0,0,0,0.00,0,0.00,,50.00,50.00,50.00,2025-12-20 16:56:10.083 +0900
2080,0,0,0,0,0,0,0.00,0,0.00,,50.00,50.00,50.00,2025-12-20 16:56:10.090 +0900
2081,0,0,0,0,0,0,0.00,0,0.00,,50.00,50.00,50.00,2025-12-20 16:56:10.098 +0900
2082,0,0,0,0,0,0,0.00,0,0.00,,50.00,50.00,50.00,2025-12-20 16:56:10.106 +0900
2083,0,0,0,0,0,0,0.00,0,0.00,,50.00,50.00,50.00,2025-12-20 16:56:10.114 +0900
2084,0,0,0,0,0,0,0.00,0,0.00,,50.00,50.00,50.00,2025-12-20 16:56:10.120 +0900
2085,0,0,0,0,0,0,0.00,0,0.00,,50.00,50.00,50.00,2025-12-20 16:56:10.130 +0900
2086,0,0,0,0,0,0,0.00,0,0.00,,50.00,50.00,50.00,2025-12-20 16:56:10.138 +0900
2087,0,0,0,0,0,0,0.00,0,0.00,,50.00,50.00,50.00,2025-12-20 16:56:10.146 +0900
2088,0,0,0,0,0,0,0.00,0,0.00,,50.00,50.00,50.00,2025-12-20 16:56:10.151 +0900
2089,0,0,0,0,0,0,0.00,0,0.00,,50.00,50.00,50.00,2025-12-20 16:56:10.158 +0900
2090,0,0,0,0,0,0,0.00,0,0.00,,50.00,50.00,50.00,2025-12-20 16:56:10.164 +0900
2091,0,0,0,0,0,0,0.00,0,0.00,,50.00,50.00,50.00,2025-12-20 16:56:10.173 +0900
2092,0,0,0,0,0,0,0.00,0,0.00,,50.00,50.00,50.00,2025-12-20 16:56:10.181 +0900
2093,0,0,0,0,0,0,0.00,0,0.00,,50.00,50.00,50.00,2025-12-20 16:56:10.190 +0900
2094,0,0,0,0,0,0,0.00,0,0.00,,50.00,50.00,50.00,2025-12-20 16:56:10.198 +0900
2095,0,0,0,0,0,0,0.00,0,0.00,,50.00,50.00,50.00,2025-12-20 16:56:10.208 +0900
2096,0,0,0,0,0,0,0.00,0,0.00,,50.00,50.00,50.00,2025-12-20 16:56:10.216 +0900
2097,0,0,0,0,0,0,0.00,0,0.00,,50.00,50.00,50.00,2025-12-20 16:56:10.223 +0900
2098,0,0,0,0,0,0,0.00,0,0.00,,50.00,50.00,50.00,2025-12-20 16:56:10.232 +0900
2099,0,0,0,0,0,0,0.00,0,0.00,,50.00,50.00,50.00,2025-12-20 16:56:10.237 +0900
2100,0,0,0,0,0,0,0.00,0,0.00,,50.00,50.00,50.00,2025-12-20 16:56:10.243 +0900
2101,0,0,0,0,0,0,0.00,0,0.00,,50.00,50.00,50.00,2025-12-20 16:56:10.250 +0900
2102,0,0,0,0,0,0,0.00,0,0.00,,50.00,50.00,50.00,2025-12-20 16:56:10.256 +0900
2103,0,0,0,0,0,0,0.00,0,0.00,,50.00,50.00,50.00,2025-12-20 16:56:10.262 +0900
2104,0,0,0,0,0,0,0.00,0,0.00,,50.00,50.00,50.00,2025-12-20 16:56:10.268 +0900
2105,0,0,0,0,0,0,0.00,0,0.00,,50.00,50.00,50.00,2025-12-20 16:56:10.274 +0900
2106,0,0,0,0,0,0,0.00,0,0.00,,50.00,50.00,50.00,2025-12-20 16:56:10.280 +0900
2107,0,0,0,0,0,0,0.00,0,0.00,,50.00,50.00,50.00,2025-12-20 16:56:10.286 +0900
2108,0,0,0,0,0,0,0.00,0,0.00,,50.00,50.00,50.00,2025-12-20 16:56:10.292 +0900
2109,0,0,0,0,0,0,0.00,0,0.00,,50.00,50.00,50.00,2025-12-20 16:56:10.298 +0900
2110,0,0,0,0,0,0,0.00,0,0.00,,50.00,50.00,50.00,2025-12-20 16:56:10.305 +0900
2111,0,0,0,0,0,0,0.00,0,0.00,,50.00,50.00,50.00,2025-12-20 16:56:10.312 +0900
2112,0,0,0,0,0,0,0.00,0,0.00,,50.00,50.00,50.00,2025-12-20 16:56:10.319 +0900
2113,0,0,0,0,0,0,0.00,0,0.00,,50.00,50.00,50.00,2025-12-20 16:56:10.325 +0900
2114,0,0,0,0,0,0,0.00,0,0.00,,50.00,50.00,50.00,2025-12-20 16:56:10.332 +0900
2115,0,0,0,0,0,0,0.00,0,0.00,,50.00,50.00,50.00,2025-12-20 16:56:10.338 +0900
2116,0,0,0,0,0,0,0.00,0,0.00,,50.00,50.00,50.00,2025-12-20 16:56:10.344 +0900
2117,0,0,0,0,0,0,0.00,0,0.00,,50.00,50.00,50.00,2025-12-20 16:56:10.350 +0900
2118,0,0,0,0,0,0,0.00,0,0.00,,50.00,50.00,50.00,2025-12-20 16:56:10.356 +0900
2119,0,0,0,0,0,0,0.00,0,0.00,,50.00,50.00,50.00,2025-12-20 16:56:10.362 +0900
2120,0,0,0,0,0,0,0.00,0,0.00,,50.00,50.00,50.00,2025-12-20 16:56:10.368 +0900
2121,0,0,0,0,0,0,0.00,0,0.00,,50.00,50.00,50.00,2025-12-20 16:56:10.374 +0900
2122,0,0,0,0,0,0,0.00,0,0.00,,50.00,50.00,50.00,2025-12-20 16:56:10.380 +0900
2123,0,0,0,0,0,0,0.00,0,0.00,,50.00,50.00,50.00,2025-12-20 16:56:10.386 +0900
2124,0,0,0,0,0,0,0.00,0,0.00,,50.00,50.00,50.00,2025-12-20 16:56:10.393 +0900
2125,0,0,0,0,0,0,0.00,0,0.00,,50.00,50.00,50.00,2025-12-20 16:56:10.399 +0900
2126,0,0,0,0,0,0,0.00,0,0.00,,50.00,50.00,50.00,2025-12-20 16:56:10.405 +0900
2127,0,0,0,0,0,0,0.00,0,0.00,,50.00,50.00,50.00,2025-12-20 16:56:10.412 +0900
2128,0,0,0,0,0,0,0.00,0,0.00,,50.00,50.00,50.00,2025-12-20 16:56:10.418 +0900
2129,0,0,0,0,0,0,0.00,0,0.00,,50.00,50.00,50.00,2025-12-20 16:56:10.424 +0900
2130,0,0,0,0,0,0,0.00,0,0.00,,50.00,50.00,50.00,2025-12-20 16:56:10.430 +0900
2131,0,0,0,0,0,0,0.00,0,0.00,,50.00,50.00,50.00,2025-12-20 16:56:10.436 +0900
2132,0,0,0,0,0,0,0.00,0,0.00,,50.00,50.00,50.00,2025-12-20 16:56:10.441 +0900
2133,0,0,0,0,0,0,0.00,0,0.00,,50.00,50.00,50.00,2025-12-20 16:56:10.447 +0900
2134,0,0,0,0,0,0,0.00,0,0.00,,50.00,50.00,50.00,2025-12-20 16:56:10.453 +0900
2135,0,0,0,0,0,0,0.00,0,0.00,,50.00,50.00,50.00,2025-12-20 16:56:10.458 +0900
2136,0,0,0,0,0,0,0.00,0,0.00,,50.00,50.00,50.00,2025-12-20 16:56:10.464 +0900
2137,0,0,0,0,0,0,0.00,0,0.00,,50.00,50.00,50.00,2025-12-20 16:56:10.470 +0900
2138,0,0,0,0,0,0,0.00,0,0.00,,50.00,50.00,50.00,2025-12-20 16:56:10.476 +0900
2139,0,0,0,0,0,0,0.00,0,0.00,,50.00,50.00,50.00,2025-12-20 16:56:10.483 +0900
2140,0,0,0,0,0,0,0.00,0,0.00,,50.00,50.00,50.00,2025-12-20 16:56:10.489 +0900
2141,0,0,0,0,0,0,0.00,0,0.00,,50.00,50.00,50.00,2025-12-20 16:56:10.495 +0900
2142,0,0,0,0,0,0,0.00,0,0.00,,50.00,50.00,50.00,2025-12-20 16:56:10.502 +0900
2143,0,0,0,0,0,0,0.00,0,0.00,,50.00,50.00,50.00,2025-12-20 16:56:10.509 +0900
2144,0,0,0,0,0,0,0.00,0,0.00,,50.00,50.00,50.00,2025-12-20 16:56:10.516 +0900
2145,0,0,0,0,0,0,0.00,0,0.00,,50.00,50.00,50.00,2025-12-20 16:56:10.522 +0900
2146,0,0,0,0,0,0,0.00,0,0.00,,50.00,50.00,50.00,2025-12-20 16:56:10.529 +0900
2147,0,0,0,0,0,0,0.00,0,0.00,,50.00,50.00,50.00,2025-12-20 16:56:10.536 +0900
2148,0,0,0,0,0,0,0.00,0,0.00,,50.00,50.00,50.00,2025-12-20 16:56:10.543 +0900
2149,0,0,0,0,0,0,0.00,0,0.00,,50.00,50.00,50.00,2025-12-20 16:56:10.551 +0900
2150,0,0,0,0,0,0,0.00,0,0.00,,50.00,50.00,50.00,2025-12-20 16:56:10.557 +0900
2151,0,0,0,0,0,0,0.00,0,0.00,,50.00,50.00,50.00,2025-12-20 16:56:10.564 +0900
2152,0,0,0,0,0,0,0.00,0,0.00,,50.00,50.00,50.00,2025-12-20 16:56:10.572 +0900
2153,0,0,0,0,0,0,0.00,0,0.00,,50.00,50.00,50.00,2025-12-20 16:56:10.579 +0900
2154,0,0,0,0,0,0,0.00,0,0.00,,50.00,50.00,50.00,2025-12-20 16:56:10.586 +0900
2155,0,0,0,0,0,0,0.00,0,0.00,,50.00,50.00,50.00,2025-12-20 16:56:10.593 +0900
2156,0,0,0,0,0,0,0.00,0,0.00,,50.00,50.00,50.00,2025-12-20 16:56:10.600 +0900
2157,0,0,0,0,0,0,0.00,0,0.00,,50.00,50.00,50.00,2025-12-20 16:56:10.607 +0900
2158,0,0,0,0,0,0,0.00,0,0.00,,50.00,50.00,50.00,2025-12-20 16:56:10.614 +0900
2159,0,0,0,0,0,0,0.00,0,0.00,,50.00,50.00,50.00,2025-12-20 16:56:10.621 +0900
2160,0,0,0,0,0,0,0.00,0,0.00,,50.00,50.00,50.00,2025-12-20 16:56:10.628 +0900
2161,0,0,0,0,0,0,0.00,0,0.00,,50.00,50.00,50.00,2025-12-20 16:56:10.635 +0900
2162,0,0,0,0,0,0,0.00,0,0.00,,50.00,50.00,50.00,2025-12-20 16:56:10.642 +0900
2163,0,0,0,0,0,0,0.00,0,0.00,,50.00,50.00,50.00,2025-12-20 16:56:10.649 +0900
2164,0,0,0,0,0,0,0.00,0,0.00,,50.00,50.00,50.00,2025-12-20 16:56:10.656 +0900
2165,0,0,0,0,0,0,0.00,0,0.00,,50.00,50.00,50.00,2025-12-20 16:56:10.662 +0900
2166,0,0,0,0,0,0,0.00,0,0.00,,50.00,50.00,50.00,2025-12-20 16:56:10.670 +0900
2167,0,0,0,0,0,0,0.00,0,0.00,,50.00,50.00,50.00,2025-12-20 16:56:10.677 +0900
2168,0,0,0,0,0,0,0.00,0,0.00,,50.00,50.00,50.00,2025-12-20 16:56:10.683 +0900
2169,0,0,0,0,0,0,0.00,0,0.00,,50.00,50.00,50.00,2025-12-20 16:56:10.690 +0900
2170,0,0,0,0,0,0,0.00,0,0.00,,50.00,50.00,50.00,2025-12-20 16:56:10.697 +0900
2171,0,0,0,0,0,0,0.00,0,0.00,,50.00,50.00,50.00,2025-12-20 16:56:10.703 +0900
2172,0,0,0,0,0,0,0.00,0,0.00,,50.00,50.00,50.00,2025-12-20 16:56:10.708 +0900
2173,0,0,0,0,0,0,0.00,0,0.00,,50.00,50.00,50.00,2025-12-20 16:56:10.714 +0900
2174,0,0,0,0,0,0,0.00,0,0.00,,50.00,50.00,50.00,2025-12-20 16:56:10.720 +0900
2175,0,0,0,0,0,0,0.00,0,0.00,,50.00,50.00,50.00,2025-12-20 16:56:10.725 +0900
2176,0,0,0,0,0,0,0.00,0,0.00,,50.00,50.00,50.00,2025-12-20 16:56:10.731 +0900
2177,0,0,0,0,0,0,0.00,0,0.00,,50.00,50.00,50.00,2025-12-20 16:56:10.737 +0900
2178,0,0,0,0,0,0,0.00,0,0.00,,50.00,50.00,50.00,2025-12-20 16:56:10.743 +0900
2179,0,0,0,0,0,0,0.00,0,0.00,,50.00,50.00,50.00,2025-12-20 16:56:10.749 +0900
2180,0,0,0,0,0,0,0.00,0,0.00,,50.00,50.00,50.00,2025-12-20 16:56:10.755 +0900
2181,0,0,0,0,0,0,0.00,0,0.00,,50.00,50.00,50.00,2025-12-20 16:56:10.763 +0900
2182,0,0,0,0,0,0,0.00,0,0.00,,50.00,50.00,50.00,2025-12-20 16:56:10.771 +0900
2183,0,0,0,0,0,0,0.00,0,0.00,,50.00,50.00,50.00,2025-12-20 16:56:10.778 +0900
2184,0,0,0,0,0,0,0.00,0,0.00,,50.00,50.00,50.00,2025-12-20 16:56:10.786 +0900
2185,0,0,0,0,0,0,0.00,0,0.00,,50.00,50.00,50.00,2025-12-20 16:56:10.793 +0900
2186,0,0,0,0,0,0,0.00,0,0.00,,50.00,50.00,50.00,2025-12-20 16:56:10.804 +0900
2187,0,0,0,0,0,0,0.00,0,0.00,,50.00,50.00,50.00,2025-12-20 16:56:10.813 +0900
2188,0,0,0,0,0,0,0.00,0,0.00,,50.00,50.00,50.00,2025-12-20 16:56:10.819 +0900
2189,0,0,0,0,0,0,0.00,0,0.00,,50.00,50.00,50.00,2025-12-20 16:56:10.825 +0900
2190,0,0,0,0,0,0,0.00,0,0.00,,50.00,50.00,50.00,2025-12-20 16:56:10.830 +0900
2191,0,0,0,0,0,0,0.00,0,0.00,,50.00,50.00,50.00,2025-12-20 16:56:10.836 +0900
2192,0,0,0,0,0,0,0.00,0,0.00,,50.00,50.00,50.00,2025-12-20 16:56:10.842 +0900
2193,0,0,0,0,0,0,0.00,0,0.00,,50.00,50.00,50.00,2025-12-20 16:56:10.848 +0900
2194,0,0,0,0,0,0,0.00,0,0.00,,50.00,50.00,50.00,2025-12-20 16:56:10.853 +0900
2195,0,0,0,0,0,0,0.00,0,0.00,,50.00,50.00,50.00,2025-12-20 16:56:10.859 +0900
2196,0,0,0,0,0,0,0.00,0,0.00,,50.00,50.00,50.00,2025-12-20 16:56:10.865 +0900
2197,0,0,0,0,0,0,0.00,0,0.00,,50.00,50.00,50.00,2025-12-20 16:56:10.871 +0900
2198,0,0,0,0,0,0,0.00,0,0.00,,50.00,50.00,50.00,2025-12-20 16:56:10.876 +0900
2199,0,0,0,0,0,0,0.00,0,0.00,,50.00,50.00,50.00,2025-12-20 16:56:10.882 +0900
2200,0,0,0,0,0,0,0.00,0,0.00,,50.00,50.00,50.00,2025-12-20 16:56:10.887 +0900
2201,0,0,0,0,0,0,0.00,0,0.00,,50.00,50.00,50.00,2025-12-20 16:56:10.893 +0900
2202,0,0,0,0,0,0,0.00,0,0.00,,50.00,50.00,50.00,2025-12-20 16:56:10.899 +0900
2203,0,0,0,0,0,0,0.00,0,0.00,,50.00,50.00,50.00,2025-12-20 16:56:10.905 +0900
2204,0,0,0,0,0,0,0.00,0,0.00,,50.00,50.00,50.00,2025-12-20 16:56:10.910 +0900
2205,0,0,0,0,0,0,0.00,0,0.00,,50.00,50.00,50.00,2025-12-20 16:56:10.916 +0900
2206,0,0,0,0,0,0,0.00,0,0.00,,50.00,50.00,50.00,2025-12-20 16:56:10.922 +0900
2207,0,0,0,0,0,0,0.00,0,0.00,,50.00,50.00,50.00,2025-12-20 16:56:10.928 +0900
2208,0,0,0,0,0,0,0.00,0,0.00,,50.00,50.00,50.00,2025-12-20 16:56:10.935 +0900
2209,0,0,0,0,0,0,0.00,0,0.00,,50.00,50.00,50.00,2025-12-20 16:56:10.941 +0900
2210,0,0,0,0,0,0,0.00,0,0.00,,50.00,50.00,50.00,2025-12-20 16:56:10.948 +0900
2211,0,0,0,0,0,0,0.00,0,0.00,,50.00,50.00,50.00,2025-12-20 16:56:10.955 +0900
2212,0,0,0,0,0,0,0.00,0,0.00,,50.00,50.00,50.00,2025-12-20 16:56:10.962 +0900
2213,0,0,0,0,0,0,0.00,0,0.00,,50.00,50.00,50.00,2025-12-20 16:56:10.969 +0900
2214,0,0,0,0,0,0,0.00,0,0.00,,50.00,50.00,50.00,2025-12-20 16:56:10.976 +0900
2215,0,0,0,0,0,0,0.00,0,0.00,,50.00,50.00,50.00,2025-12-20 16:56:10.983 +0900
2216,0,0,0,0,0,0,0.00,0,0.00,,50.00,50.00,50.00,2025-12-20 16:56:10.989 +0900
2217,0,0,0,0,0,0,0.00,0,0.00,,50.00,50.00,50.00,2025-12-20 16:56:10.995 +0900
2218,0,0,0,0,0,0,0.00,0,0.00,,50.00,50.00,50.00,2025-12-20 16:56:11.002 +0900
2219,0,0,0,0,0,0,0.00,0,0.00,,50.00,50.00,50.00,2025-12-20 16:56:11.009 +0900
2220,0,0,0,0,0,0,0.00,0,0.00,,50.00,50.00,50.00,2025-12-20 16:56:11.015 +0900
2221,0,0,0,0,0,0,0.00,0,0.00,,50.00,50.00,50.00,2025-12-20 16:56:11.021 +0900
2222,0,0,0,0,0,0,0.00,0,0.00,,50.00,50.00,50.00,2025-12-20 16:56:11.027 +0900
2223,0,0,0,0,0,0,0.00,0,0.00,,50.00,50.00,50.00,2025-12-20 16:56:11.034 +0900
2224,0,0,0,0,0,0,0.00,0,0.00,,50.00,50.00,50.00,2025-12-20 16:56:11.041 +0900
2225,0,0,0,0,0,0,0.00,0,0.00,,50.00,50.00,50.00,2025-12-20 16:56:11.047 +0900
2226,0,0,0,0,0,0,0.00,0,0.00,,50.00,50.00,50.00,2025-12-20 16:56:11.053 +0900
2227,0,0,0,0,0,0,0.00,0,0.00,,50.00,50.00,50.00,2025-12-20 16:56:11.059 +0900
2228,0,0,0,0,0,0,0.00,0,0.00,,50.00,50.00,50.00,2025-12-20 16:56:11.065 +0900
2229,0,0,0,0,0,0,0.00,0,0.00,,50.00,50.00,50.00,2025-12-20 16:56:11.071 +0900
2230,0,0,0,0,0,0,0.00,0,0.00,,50.00,50.00,50.00,2025-12-20 16:56:11.077 +0900
2231,0,0,0,0,0,0,0.00,0,0.00,,50.00,50.00,50.00,2025-12-20 16:56:11.083 +0900
2232,0,0,0,0,0,0,0.00,0,0.00,,50.00,50.00,50.00,2025-12-20 16:56:11.089 +0900
2233,0,0,0,0,0,0,0.00,0,0.00,,50.00,50.00,50.00,2025-12-20 16:56:11.095 +0900
2234,0,0,0,0,0,0,0.00,0,0.00,,50.00,50.00,50.00,2025-12-20 16:56:11.101 +0900
2235,0,0,0,0,0,0,0.00,0,0.00,,50.00,50.00,50.00,2025-12-20 16:56:11.107 +0900
2236,0,0,0,0,0,0,0.00,0,0.00,,50.00,50.00,50.00,2025-12-20 16:56:11.114 +0900
2237,0,0,0,0,0,0,0.00,0,0.00,,50.00,50.00,50.00,2025-12-20 16:56:11.120 +0900
2238,0,0,0,0,0,0,0.00,0,0.00,,50.00,50.00,50.00,2025-12-20 16:56:11.126 +0900
2239,0,0,0,0,0,0,0.00,0,0.00,,50.00,50.00,50.00,2025-12-20 16:56:11.132 +0900
2240,0,0,0,0,0,0,0.00,0,0.00,,50.00,50.00,50.00,2025-12-20 16:56:11.138 +0900
2241,0,0,0,0,0,0,0.00,0,0.00,,50.00,50.00,50.00,2025-12-20 16:56:11.144 +0900
2242,0,0,0,0,0,0,0.00,0,0.00,,50.00,50.00,50.00,2025-12-20 16:56:11.149 +0900
2243,0,0,0,0,0,0,0.00,0,0.00,,50.00,50.00,50.00,2025-12-20 16:56:11.156 +0900
2244,0,0,0,0,0,0,0.00,0,0.00,,50.00,50.00,50.00,2025-12-20 16:56:11.163 +0900
2245,0,0,0,0,0,0,0.00,0,0.00,,50.00,50.00,50.00,2025-12-20 16:56:11.169 +0900
2246,0,0,0,0,0,0,0.00,0,0.00,,50.00,50.00,50.00,2025-12-20 16:56:11.175 +0900
2247,0,0,0,0,0,0,0.00,0,0.00,,50.00,50.00,50.00,2025-12-20 16:56:11.182 +0900
2248,0,0,0,0,0,0,0.00,0,0.00,,50.00,50.00,50.00,2025-12-20 16:56:11.188 +0900
2249,0,0,0,0,0,0,0.00,0,0.00,,50.00,50.00,50.00,2025-12-20 16:56:11.195 +0900
2250,0,0,0,0,0,0,0.00,0,0.00,,50.00,50.00,50.00,2025-12-20 16:56:11.201 +0900
2251,0,0,0,0,0,0,0.00,0,0.00,,50.00,50.00,50.00,2025-12-20 16:56:11.207 +0900
2252,0,0,0,0,0,0,0.00,0,0.00,,50.00,50.00,50.00,2025-12-20 16:56:11.213 +0900
2253,0,0,0,0,0,0,0.00,0,0.00,,50.00,50.00,50.00,2025-12-20 16:56:11.219 +0900
2254,0,0,0,0,0,0,0.00,0,0.00,,50.00,50.00,50.00,2025-12-20 16:56:11.225 +0900
2255,0,0,0,0,0,0,0.00,0,0.00,,50.00,50.00,50.00,2025-12-20 16:56:11.232 +0900
2256,0,0,0,0,0,0,0.00,0,0.00,,50.00,50.00,50.00,2025-12-20 16:56:11.238 +0900
2257,0,0,0,0,0,0,0.00,0,0.00,,50.00,50.00,50.00,2025-12-20 16:56:11.244 +0900
2258,0,0,0,0,0,0,0.00,0,0.00,,50.00,50.00,50.00,2025-12-20 16:56:11.251 +0900
2259,0,0,0,0,0,0,0.00,0,0.00,,50.00,50.00,50.00,2025-12-20 16:56:11.258 +0900
2260,0,0,0,0,0,0,0.00,0,0.00,,50.00,50.00,50.00,2025-12-20 16:56:11.265 +0900
2261,0,0,0,0,0,0,0.00,0,0.00,,50.00,50.00,50.00,2025-12-20 16:56:11.270 +0900
2262,0,0,0,0,0,0,0.00,0,0.00,,50.00,50.00,50.00,2025-12-20 16:56:11.276 +0900
2263,0,0,0,0,0,0,0.00,0,0.00,,50.00,50.00,50.00,2025-12-20 16:56:11.282 +0900
2264,0,0,0,0,0,0,0.00,0,0.00,,50.00,50.00,50.00,2025-12-20 16:56:11.288 +0900
2265,0,0,0,0,0,0,0.00,0,0.00,,50.00,50.00,50.00,2025-12-20 16:56:11.294 +0900
2266,0,0,0,0,0,0,0.00,0,0.00,,50.00,50.00,50.00,2025-12-20 16:56:11.300 +0900
2267,0,0,0,0,0,0,0.00,0,0.00,,50.00,50.00,50.00,2025-12-20 16:56:11.305 +0900
2268,0,0,0,0,0,0,0.00,0,0.00,,50.00,50.00,50.00,2025-12-20 16:56:11.311 +0900
2269,0,0,0,0,0,0,0.00,0,0.00,,50.00,50.00,50.00,2025-12-20 16:56:11.317 +0900
2270,0,0,0,0,0,0,0.00,0,0.00,,50.00,50.00,50.00,2025-12-20 16:56:11.323 +0900
2271,0,0,0,0,0,0,0.00,0,0.00,,50.00,50.00,50.00,2025-12-20 16:56:11.328 +0900
2272,0,0,0,0,0,0,0.00,0,0.00,,50.00,50.00,50.00,2025-12-20 16:56:11.335 +0900
2273,0,0,0,0,0,0,0.00,0,0.00,,50.00,50.00,50.00,2025-12-20 16:56:11.341 +0900
2274,0,0,0,0,0,0,0.00,0,0.00,,50.00,50.00,50.00,2025-12-20 16:56:11.347 +0900
2276,0,0,0,0,0,0,0.00,0,0.00,,50.00,50.00,50.00,2025-12-20 16:56:11.359 +0900
2277,0,0,0,0,0,0,0.00,0,0.00,,50.00,50.00,50.00,2025-12-20 16:56:11.366 +0900
2278,0,0,0,0,0,0,0.00,0,0.00,,50.00,50.00,50.00,2025-12-20 16:56:11.373 +0900
2279,0,0,0,0,0,0,0.00,0,0.00,,50.00,50.00,50.00,2025-12-20 16:56:11.379 +0900
2280,0,0,0,0,0,0,0.00,0,0.00,,50.00,50.00,50.00,2025-12-20 16:56:11.386 +0900
2281,0,0,0,0,0,0,0.00,0,0.00,,50.00,50.00,50.00,2025-12-20 16:56:11.392 +0900
2282,0,0,0,0,0,0,0.00,0,0.00,,50.00,50.00,50.00,2025-12-20 16:56:11.399 +0900
2283,0,0,0,0,0,0,0.00,0,0.00,,50.00,50.00,50.00,2025-12-20 16:56:11.405 +0900
2284,0,0,0,0,0,0,0.00,0,0.00,,50.00,50.00,50.00,2025-12-20 16:56:11.411 +0900
2285,0,0,0,0,0,0,0.00,0,0.00,,50.00,50.00,50.00,2025-12-20 16:56:11.417 +0900
2286,0,0,0,0,0,0,0.00,0,0.00,,50.00,50.00,50.00,2025-12-20 16:56:11.423 +0900
2287,0,0,0,0,0,0,0.00,0,0.00,,50.00,50.00,50.00,2025-12-20 16:56:11.429 +0900
2288,0,0,0,0,0,0,0.00,0,0.00,,50.00,50.00,50.00,2025-12-20 16:56:11.436 +0900
2289,0,0,0,0,0,0,0.00,0,0.00,,50.00,50.00,50.00,2025-12-20 16:56:11.442 +0900
2290,0,0,0,0,0,0,0.00,0,0.00,,50.00,50.00,50.00,2025-12-20 16:56:11.448 +0900
2291,0,0,0,0,0,0,0.00,0,0.00,,50.00,50.00,50.00,2025-12-20 16:56:11.454 +0900
2292,0,0,0,0,0,0,0.00,0,0.00,,50.00,50.00,50.00,2025-12-20 16:56:11.460 +0900
2293,0,0,0,0,0,0,0.00,0,0.00,,50.00,50.00,50.00,2025-12-20 16:56:11.467 +0900
2294,0,0,0,0,0,0,0.00,0,0.00,,50.00,50.00,50.00,2025-12-20 16:56:11.474 +0900
2295,0,0,0,0,0,0,0.00,0,0.00,,50.00,50.00,50.00,2025-12-20 16:56:11.479 +0900
2296,0,0,0,0,0,0,0.00,0,0.00,,50.00,50.00,50.00,2025-12-20 16:56:11.485 +0900
2297,0,0,0,0,0,0,0.00,0,0.00,,50.00,50.00,50.00,2025-12-20 16:56:11.492 +0900
2298,0,0,0,0,0,0,0.00,0,0.00,,50.00,50.00,50.00,2025-12-20 16:56:11.498 +0900
2299,0,0,0,0,0,0,0.00,0,0.00,,50.00,50.00,50.00,2025-12-20 16:56:11.505 +0900
2300,0,0,0,0,0,0,0.00,0,0.00,,50.00,50.00,50.00,2025-12-20 16:56:11.512 +0900
2301,0,0,0,0,0,0,0.00,0,0.00,,50.00,50.00,50.00,2025-12-20 16:56:11.518 +0900
2302,0,0,0,0,0,0,0.00,0,0.00,,50.00,50.00,50.00,2025-12-20 16:56:11.525 +0900
2303,0,0,0,0,0,0,0.00,0,0.00,,50.00,50.00,50.00,2025-12-20 16:56:11.533 +0900
2304,0,0,0,0,0,0,0.00,0,0.00,,50.00,50.00,50.00,2025-12-20 16:56:11.540 +0900
2305,0,0,0,0,0,0,0.00,0,0.00,,50.00,50.00,50.00,2025-12-20 16:56:11.546 +0900
2306,0,0,0,0,0,0,0.00,0,0.00,,50.00,50.00,50.00,2025-12-20 16:56:11.553 +0900
2307,0,0,0,0,0,0,0.00,0,0.00,,50.00,50.00,50.00,2025-12-20 16:56:11.560 +0900
2308,0,0,0,0,0,0,0.00,0,0.00,,50.00,50.00,50.00,2025-12-20 16:56:11.567 +0900
2309,0,0,0,0,0,0,0.00,0,0.00,,50.00,50.00,50.00,2025-12-20 16:56:11.574 +0900
2310,0,0,0,0,0,0,0.00,0,0.00,,50.00,50.00,50.00,2025-12-20 16:56:11.580 +0900
2311,0,0,0,0,0,0,0.00,0,0.00,,50.00,50.00,50.00,2025-12-20 16:56:11.587 +0900
2312,0,0,0,0,0,0,0.00,0,0.00,,50.00,50.00,50.00,2025-12-20 16:56:11.594 +0900
2313,0,0,0,0,0,0,0.00,0,0.00,,50.00,50.00,50.00,2025-12-20 16:56:11.600 +0900
2314,0,0,0,0,0,0,0.00,0,0.00,,50.00,50.00,50.00,2025-12-20 16:56:11.606 +0900
2315,0,0,0,0,0,0,0.00,0,0.00,,50.00,50.00,50.00,2025-12-20 16:56:11.612 +0900
2316,0,0,0,0,0,0,0.00,0,0.00,,50.00,50.00,50.00,2025-12-20 16:56:11.619 +0900
2317,0,0,0,0,0,0,0.00,0,0.00,,50.00,50.00,50.00,2025-12-20 16:56:11.625 +0900
2318,0,0,0,0,0,0,0.00,0,0.00,,50.00,50.00,50.00,2025-12-20 16:56:11.631 +0900
2319,0,0,0,0,0,0,0.00,0,0.00,,50.00,50.00,50.00,2025-12-20 16:56:11.637 +0900
2320,0,0,0,0,0,0,0.00,0,0.00,,50.00,50.00,50.00,2025-12-20 16:56:11.642 +0900
2321,0,0,0,0,0,0,0.00,0,0.00,,50.00,50.00,50.00,2025-12-20 16:56:11.648 +0900
2322,0,0,0,0,0,0,0.00,0,0.00,,50.00,50.00,50.00,2025-12-20 16:56:11.655 +0900
2323,0,0,0,0,0,0,0.00,0,0.00,,50.00,50.00,50.00,2025-12-20 16:56:11.662 +0900
2324,0,0,0,0,0,0,0.00,0,0.00,,50.00,50.00,50.00,2025-12-20 16:56:11.668 +0900
2325,0,0,0,0,0,0,0.00,0,0.00,,50.00,50.00,50.00,2025-12-20 16:56:11.675 +0900
2326,0,0,0,0,0,0,0.00,0,0.00,,50.00,50.00,50.00,2025-12-20 16:56:11.682 +0900
2327,0,0,0,0,0,0,0.00,0,0.00,,50.00,50.00,50.00,2025-12-20 16:56:11.689 +0900
2328,0,0,0,0,0,0,0.00,0,0.00,,50.00,50.00,50.00,2025-12-20 16:56:11.695 +0900
2329,0,0,0,0,0,0,0.00,0,0.00,,50.00,50.00,50.00,2025-12-20 16:56:11.701 +0900
2330,0,0,0,0,0,0,0.00,0,0.00,,50.00,50.00,50.00,2025-12-20 16:56:11.707 +0900
2331,0,0,0,0,0,0,0.00,0,0.00,,50.00,50.00,50.00,2025-12-20 16:56:11.713 +0900
2332,0,0,0,0,0,0,0.00,0,0.00,,50.00,50.00,50.00,2025-12-20 16:56:11.720 +0900
2333,0,0,0,0,0,0,0.00,0,0.00,,50.00,50.00,50.00,2025-12-20 16:56:11.726 +0900
2334,0,0,0,0,0,0,0.00,0,0.00,,50.00,50.00,50.00,2025-12-20 16:56:11.732 +0900
2335,0,0,0,0,0,0,0.00,0,0.00,,50.00,50.00,50.00,2025-12-20 16:56:11.739 +0900
2336,0,0,0,0,0,0,0.00,0,0.00,,50.00,50.00,50.00,2025-12-20 16:56:11.744 +0900
2337,0,0,0,0,0,0,0.00,0,0.00,,50.00,50.00,50.00,2025-12-20 16:56:11.751 +0900
2338,0,0,0,0,0,0,0.00,0,0.00,,50.00,50.00,50.00,2025-12-20 16:56:11.757 +0900
2339,0,0,0,0,0,0,0.00,0,0.00,,50.00,50.00,50.00,2025-12-20 16:56:11.763 +0900
2340,0,0,0,0,0,0,0.00,0,0.00,,50.00,50.00,50.00,2025-12-20 16:56:11.769 +0900
2341,0,0,0,0,0,0,0.00,0,0.00,,50.00,50.00,50.00,2025-12-20 16:56:11.775 +0900
2342,0,0,0,0,0,0,0.00,0,0.00,,50.00,50.00,50.00,2025-12-20 16:56:11.782 +0900
2343,0,0,0,0,0,0,0.00,0,0.00,,50.00,50.00,50.00,2025-12-20 16:56:11.790 +0900
2344,0,0,0,0,0,0,0.00,0,0.00,,50.00,50.00,50.00,2025-12-20 16:56:11.795 +0900
2345,0,0,0,0,0,0,0.00,0,0.00,,50.00,50.00,50.00,2025-12-20 16:56:11.805 +0900
2346,0,0,0,0,0,0,0.00,0,0.00,,50.00,50.00,50.00,2025-12-20 16:56:11.812 +0900
2347,0,0,0,0,0,0,0.00,0,0.00,,50.00,50.00,50.00,2025-12-20 16:56:11.819 +0900
2348,0,0,0,0,0,0,0.00,0,0.00,,50.00,50.00,50.00,2025-12-20 16:56:11.824 +0900
2349,0,0,0,0,0,0,0.00,0,0.00,,50.00,50.00,50.00,2025-12-20 16:56:11.829 +0900
2350,0,0,0,0,0,0,0.00,0,0.00,,50.00,50.00,50.00,2025-12-20 16:56:11.835 +0900
2351,0,0,0,0,0,0,0.00,0,0.00,,50.00,50.00,50.00,2025-12-20 16:56:11.841 +0900
2352,0,0,0,0,0,0,0.00,0,0.00,,50.00,50.00,50.00,2025-12-20 16:56:11.850 +0900
2353,0,0,0,0,0,0,0.00,0,0.00,,50.00,50.00,50.00,2025-12-20 16:56:11.855 +0900
2354,0,0,0,0,0,0,0.00,0,0.00,,50.00,50.00,50.00,2025-12-20 16:56:11.862 +0900
2355,0,0,0,0,0,0,0.00,0,0.00,,50.00,50.00,50.00,2025-12-20 16:56:11.870 +0900
2356,0,0,0,0,0,0,0.00,0,0.00,,50.00,50.00,50.00,2025-12-20 16:56:11.876 +0900
2357,0,0,0,0,0,0,0.00,0,0.00,,50.00,50.00,50.00,2025-12-20 16:56:11.880 +0900
2358,0,0,0,0,0,0,0.00,0,0.00,,50.00,50.00,50.00,2025-12-20 16:56:11.888 +0900
2359,0,0,0,0,0,0,0.00,0,0.00,,50.00,50.00,50.00,2025-12-20 16:56:11.893 +0900
2360,0,0,0,0,0,0,0.00,0,0.00,,50.00,50.00,50.00,2025-12-20 16:56:11.900 +0900
2361,0,0,0,0,0,0,0.00,0,0.00,,50.00,50.00,50.00,2025-12-20 16:56:11.908 +0900
2362,0,0,0,0,0,0,0.00,0,0.00,,50.00,50.00,50.00,2025-12-20 16:56:11.915 +0900
2363,0,0,0,0,0,0,0.00,0,0.00,,50.00,50.00,50.00,2025-12-20 16:56:11.922 +0900
2364,0,0,0,0,0,0,0.00,0,0.00,,50.00,50.00,50.00,2025-12-20 16:56:11.929 +0900
2365,0,0,0,0,0,0,0.00,0,0.00,,50.00,50.00,50.00,2025-12-20 16:56:11.937 +0900
2366,0,0,0,0,0,0,0.00,0,0.00,,50.00,50.00,50.00,2025-12-20 16:56:11.944 +0900
2367,0,0,0,0,0,0,0.00,0,0.00,,50.00,50.00,50.00,2025-12-20 16:56:11.950 +0900
2368,0,0,0,0,0,0,0.00,0,0.00,,50.00,50.00,50.00,2025-12-20 16:56:11.955 +0900
2369,0,0,0,0,0,0,0.00,0,0.00,,50.00,50.00,50.00,2025-12-20 16:56:11.961 +0900
2370,0,0,0,0,0,0,0.00,0,0.00,,50.00,50.00,50.00,2025-12-20 16:56:11.969 +0900
2371,0,0,0,0,0,0,0.00,0,0.00,,50.00,50.00,50.00,2025-12-20 16:56:11.973 +0900
2372,0,0,0,0,0,0,0.00,0,0.00,,50.00,50.00,50.00,2025-12-20 16:56:11.980 +0900
2373,0,0,0,0,0,0,0.00,0,0.00,,50.00,50.00,50.00,2025-12-20 16:56:11.990 +0900
2374,0,0,0,0,0,0,0.00,0,0.00,,50.00,50.00,50.00,2025-12-20 16:56:11.999 +0900
2375,0,0,0,0,0,0,0.00,0,0.00,,50.00,50.00,50.00,2025-12-20 16:56:12.006 +0900
2376,0,0,0,0,0,0,0.00,0,0.00,,50.00,50.00,50.00,2025-12-20 16:56:12.012 +0900
2377,0,0,0,0,0,0,0.00,0,0.00,,50.00,50.00,50.00,2025-12-20 16:56:12.018 +0900
2378,0,0,0,0,0,0,0.00,0,0.00,,50.00,50.00,50.00,2025-12-20 16:56:12.023 +0900
2379,0,0,0,0,0,0,0.00,0,0.00,,50.00,50.00,50.00,2025-12-20 16:56:12.029 +0900
2380,0,0,0,0,0,0,0.00,0,0.00,,50.00,50.00,50.00,2025-12-20 16:56:12.036 +0900
2381,0,0,0,0,0,0,0.00,0,0.00,,50.00,50.00,50.00,2025-12-20 16:56:12.044 +0900
2382,0,0,0,0,0,0,0.00,0,0.00,,50.00,50.00,50.00,2025-12-20 16:56:12.052 +0900
2383,0,0,0,0,0,0,0.00,0,0.00,,50.00,50.00,50.00,2025-12-20 16:56:12.058 +0900
2384,0,0,0,0,0,0,0.00,0,0.00,,50.00,50.00,50.00,2025-12-20 16:56:12.064 +0900
2385,0,0,0,0,0,0,0.00,0,0.00,,50.00,50.00,50.00,2025-12-20 16:56:12.070 +0900
2386,0,0,0,0,0,0,0.00,0,0.00,,50.00,50.00,50.00,2025-12-20 16:56:12.076 +0900
2387,0,0,0,0,0,0,0.00,0,0.00,,50.00,50.00,50.00,2025-12-20 16:56:12.083 +0900
2388,0,0,0,0,0,0,0.00,0,0.00,,50.00,50.00,50.00,2025-12-20 16:56:12.093 +0900
2389,0,0,0,0,0,0,0.00,0,0.00,,50.00,50.00,50.00,2025-12-20 16:56:12.105 +0900
2390,0,0,0,0,0,0,0.00,0,0.00,,50.00,50.00,50.00,2025-12-20 16:56:12.114 +0900
2391,0,0,0,0,0,0,0.00,0,0.00,,50.00,50.00,50.00,2025-12-20 16:56:12.122 +0900
2392,0,0,0,0,0,0,0.00,0,0.00,,50.00,50.00,50.00,2025-12-20 16:56:12.134 +0900
2393,0,0,0,0,0,0,0.00,0,0.00,,50.00,50.00,50.00,2025-12-20 16:56:12.143 +0900
2394,0,0,0,0,0,0,0.00,0,0.00,,50.00,50.00,50.00,2025-12-20 16:56:12.149 +0900
2395,0,0,0,0,0,0,0.00,0,0.00,,50.00,50.00,50.00,2025-12-20 16:56:12.154 +0900
2396,0,0,0,0,0,0,0.00,0,0.00,,50.00,50.00,50.00,2025-12-20 16:56:12.159 +0900
2397,0,0,0,0,0,0,0.00,0,0.00,,50.00,50.00,50.00,2025-12-20 16:56:12.164 +0900
2398,0,0,0,0,0,0,0.00,0,0.00,,50.00,50.00,50.00,2025-12-20 16:56:12.170 +0900
2399,0,0,0,0,0,0,0.00,0,0.00,,50.00,50.00,50.00,2025-12-20 16:56:12.176 +0900
2400,0,0,0,0,0,0,0.00,0,0.00,,50.00,50.00,50.00,2025-12-20 16:56:12.183 +0900
2401,0,0,0,0,0,0,0.00,0,0.00,,50.00,50.00,50.00,2025-12-20 16:56:12.187 +0900
2402,0,0,0,0,0,0,0.00,0,0.00,,50.00,50.00,50.00,2025-12-20 16:56:12.196 +0900
2403,0,0,0,0,0,0,0.00,0,0.00,,50.00,50.00,50.00,2025-12-20 16:56:12.206 +0900
2404,0,0,0,0,0,0,0.00,0,0.00,,50.00,50.00,50.00,2025-12-20 16:56:12.213 +0900
2405,0,0,0,0,0,0,0.00,0,0.00,,50.00,50.00,50.00,2025-12-20 16:56:12.218 +0900
2406,0,0,0,0,0,0,0.00,0,0.00,,50.00,50.00,50.00,2025-12-20 16:56:12.223 +0900
2407,0,0,0,0,0,0,0.00,0,0.00,,50.00,50.00,50.00,2025-12-20 16:56:12.230 +0900
2408,0,0,0,0,0,0,0.00,0,0.00,,50.00,50.00,50.00,2025-12-20 16:56:12.238 +0900
2409,0,0,0,0,0,0,0.00,0,0.00,,50.00,50.00,50.00,2025-12-20 16:56:12.243 +0900
2410,0,0,0,0,0,0,0.00,0,0.00,,50.00,50.00,50.00,2025-12-20 16:56:12.249 +0900
2411,0,0,0,0,0,0,0.00,0,0.00,,50.00,50.00,50.00,2025-12-20 16:56:12.256 +0900
2412,0,0,0,0,0,0,0.00,0,0.00,,50.00,50.00,50.00,2025-12-20 16:56:12.262 +0900
2413,0,0,0,0,0,0,0.00,0,0.00,,50.00,50.00,50.00,2025-12-20 16:56:12.267 +0900
2414,0,0,0,0,0,0,0.00,0,0.00,,50.00,50.00,50.00,2025-12-20 16:56:12.273 +0900
2415,0,0,0,0,0,0,0.00,0,0.00,,50.00,50.00,50.00,2025-12-20 16:56:12.279 +0900
2417,0,0,0,0,0,0,0.00,0,0.00,,50.00,50.00,50.00,2025-12-20 16:56:12.292 +0900
2418,0,0,0,0,0,0,0.00,0,0.00,,50.00,50.00,50.00,2025-12-20 16:56:12.298 +0900
2419,0,0,0,0,0,0,0.00,0,0.00,,50.00,50.00,50.00,2025-12-20 16:56:12.304 +0900
2420,0,0,0,0,0,0,0.00,0,0.00,,50.00,50.00,50.00,2025-12-20 16:56:12.309 +0900
2421,0,0,0,0,0,0,0.00,0,0.00,,50.00,50.00,50.00,2025-12-20 16:56:12.315 +0900
2422,0,0,0,0,0,0,0.00,0,0.00,,50.00,50.00,50.00,2025-12-20 16:56:12.321 +0900
2423,0,0,0,0,0,0,0.00,0,0.00,,50.00,50.00,50.00,2025-12-20 16:56:12.326 +0900
2424,0,0,0,0,0,0,0.00,0,0.00,,50.00,50.00,50.00,2025-12-20 16:56:12.332 +0900
2425,0,0,0,0,0,0,0.00,0,0.00,,50.00,50.00,50.00,2025-12-20 16:56:12.338 +0900
2426,0,0,0,0,0,0,0.00,0,0.00,,50.00,50.00,50.00,2025-12-20 16:56:12.345 +0900
2427,0,0,0,0,0,0,0.00,0,0.00,,50.00,50.00,50.00,2025-12-20 16:56:12.351 +0900
2428,0,0,0,0,0,0,0.00,0,0.00,,50.00,50.00,50.00,2025-12-20 16:56:12.357 +0900
2429,0,0,0,0,0,0,0.00,0,0.00,,50.00,50.00,50.00,2025-12-20 16:56:12.363 +0900
2430,0,0,0,0,0,0,0.00,0,0.00,,50.00,50.00,50.00,2025-12-20 16:56:12.369 +0900
2431,0,0,0,0,0,0,0.00,0,0.00,,50.00,50.00,50.00,2025-12-20 16:56:12.375 +0900
2432,0,0,0,0,0,0,0.00,0,0.00,,50.00,50.00,50.00,2025-12-20 16:56:12.381 +0900
2433,0,0,0,0,0,0,0.00,0,0.00,,50.00,50.00,50.00,2025-12-20 16:56:12.386 +0900
2434,0,0,0,0,0,0,0.00,0,0.00,,50.00,50.00,50.00,2025-12-20 16:56:12.392 +0900
2436,0,0,0,0,0,0,0.00,0,0.00,,50.00,50.00,50.00,2025-12-20 16:56:12.403 +0900
2416,1,0,0,0,0,0,0.00,0,0.00,,50.00,50.00,50.00,2025-12-20 16:56:12.286 +0900
2437,0,0,0,0,0,0,0.00,0,0.00,,50.00,50.00,50.00,2025-12-20 16:56:12.408 +0900
2438,0,0,0,0,0,0,0.00,0,0.00,,50.00,50.00,50.00,2025-12-20 16:56:12.414 +0900
2439,0,0,0,0,0,0,0.00,0,0.00,,50.00,50.00,50.00,2025-12-20 16:56:12.421 +0900
2440,0,0,0,0,0,0,0.00,0,0.00,,50.00,50.00,50.00,2025-12-20 16:56:12.426 +0900
2441,0,0,0,0,0,0,0.00,0,0.00,,50.00,50.00,50.00,2025-12-20 16:56:12.432 +0900
2442,0,0,0,0,0,0,0.00,0,0.00,,50.00,50.00,50.00,2025-12-20 16:56:12.437 +0900
2444,0,0,0,0,0,0,0.00,0,0.00,,50.00,50.00,50.00,2025-12-20 16:56:12.448 +0900
2445,0,0,0,0,0,0,0.00,0,0.00,,50.00,50.00,50.00,2025-12-20 16:56:12.453 +0900
2446,0,0,0,0,0,0,0.00,0,0.00,,50.00,50.00,50.00,2025-12-20 16:56:12.459 +0900
2447,0,0,0,0,0,0,0.00,0,0.00,,50.00,50.00,50.00,2025-12-20 16:56:12.464 +0900
2448,0,0,0,0,0,0,0.00,0,0.00,,50.00,50.00,50.00,2025-12-20 16:56:12.470 +0900
2449,0,0,0,0,0,0,0.00,0,0.00,,50.00,50.00,50.00,2025-12-20 16:56:12.476 +0900
2450,0,0,0,0,0,0,0.00,0,0.00,,50.00,50.00,50.00,2025-12-20 16:56:12.483 +0900
2451,0,0,0,0,0,0,0.00,0,0.00,,50.00,50.00,50.00,2025-12-20 16:56:12.490 +0900
2452,0,0,0,0,0,0,0.00,0,0.00,,50.00,50.00,50.00,2025-12-20 16:56:12.495 +0900
2453,0,0,0,0,0,0,0.00,0,0.00,,50.00,50.00,50.00,2025-12-20 16:56:12.501 +0900
2454,0,0,0,0,0,0,0.00,0,0.00,,50.00,50.00,50.00,2025-12-20 16:56:12.507 +0900
2455,0,0,0,0,0,0,0.00,0,0.00,,50.00,50.00,50.00,2025-12-20 16:56:12.513 +0900
2456,0,0,0,0,0,0,0.00,0,0.00,,50.00,50.00,50.00,2025-12-20 16:56:12.519 +0900
2457,0,0,0,0,0,0,0.00,0,0.00,,50.00,50.00,50.00,2025-12-20 16:56:12.525 +0900
2458,0,0,0,0,0,0,0.00,0,0.00,,50.00,50.00,50.00,2025-12-20 16:56:12.531 +0900
2459,0,0,0,0,0,0,0.00,0,0.00,,50.00,50.00,50.00,2025-12-20 16:56:12.536 +0900
2460,0,0,0,0,0,0,0.00,0,0.00,,50.00,50.00,50.00,2025-12-20 16:56:12.543 +0900
2461,0,0,0,0,0,0,0.00,0,0.00,,50.00,50.00,50.00,2025-12-20 16:56:12.549 +0900
2462,0,0,0,0,0,0,0.00,0,0.00,,50.00,50.00,50.00,2025-12-20 16:56:12.555 +0900
2463,0,0,0,0,0,0,0.00,0,0.00,,50.00,50.00,50.00,2025-12-20 16:56:12.561 +0900
2464,0,0,0,0,0,0,0.00,0,0.00,,50.00,50.00,50.00,2025-12-20 16:56:12.568 +0900
2465,0,0,0,0,0,0,0.00,0,0.00,,50.00,50.00,50.00,2025-12-20 16:56:12.574 +0900
2466,0,0,0,0,0,0,0.00,0,0.00,,50.00,50.00,50.00,2025-12-20 16:56:12.581 +0900
2467,0,0,0,0,0,0,0.00,0,0.00,,50.00,50.00,50.00,2025-12-20 16:56:12.588 +0900
2468,0,0,0,0,0,0,0.00,0,0.00,,50.00,50.00,50.00,2025-12-20 16:56:12.593 +0900
2469,0,0,0,0,0,0,0.00,0,0.00,,50.00,50.00,50.00,2025-12-20 16:56:12.599 +0900
2470,0,0,0,0,0,0,0.00,0,0.00,,50.00,50.00,50.00,2025-12-20 16:56:12.605 +0900
2471,0,0,0,0,0,0,0.00,0,0.00,,50.00,50.00,50.00,2025-12-20 16:56:12.610 +0900
2472,0,0,0,0,0,0,0.00,0,0.00,,50.00,50.00,50.00,2025-12-20 16:56:12.616 +0900
2473,0,0,0,0,0,0,0.00,0,0.00,,50.00,50.00,50.00,2025-12-20 16:56:12.622 +0900
2474,0,0,0,0,0,0,0.00,0,0.00,,50.00,50.00,50.00,2025-12-20 16:56:12.628 +0900
2475,0,0,0,0,0,0,0.00,0,0.00,,50.00,50.00,50.00,2025-12-20 16:56:12.634 +0900
2476,0,0,0,0,0,0,0.00,0,0.00,,50.00,50.00,50.00,2025-12-20 16:56:12.641 +0900
2477,0,0,0,0,0,0,0.00,0,0.00,,50.00,50.00,50.00,2025-12-20 16:56:12.647 +0900
2478,0,0,0,0,0,0,0.00,0,0.00,,50.00,50.00,50.00,2025-12-20 16:56:12.653 +0900
2479,0,0,0,0,0,0,0.00,0,0.00,,50.00,50.00,50.00,2025-12-20 16:56:12.659 +0900
2480,0,0,0,0,0,0,0.00,0,0.00,,50.00,50.00,50.00,2025-12-20 16:56:12.666 +0900
2481,0,0,0,0,0,0,0.00,0,0.00,,50.00,50.00,50.00,2025-12-20 16:56:12.672 +0900
2482,0,0,0,0,0,0,0.00,0,0.00,,50.00,50.00,50.00,2025-12-20 16:56:12.678 +0900
2483,0,0,0,0,0,0,0.00,0,0.00,,50.00,50.00,50.00,2025-12-20 16:56:12.684 +0900
2484,0,0,0,0,0,0,0.00,0,0.00,,50.00,50.00,50.00,2025-12-20 16:56:12.690 +0900
2485,0,0,0,0,0,0,0.00,0,0.00,,50.00,50.00,50.00,2025-12-20 16:56:12.696 +0900
2486,0,0,0,0,0,0,0.00,0,0.00,,50.00,50.00,50.00,2025-12-20 16:56:12.702 +0900
2487,0,0,0,0,0,0,0.00,0,0.00,,50.00,50.00,50.00,2025-12-20 16:56:12.708 +0900
2488,0,0,0,0,0,0,0.00,0,0.00,,50.00,50.00,50.00,2025-12-20 16:56:12.713 +0900
2489,0,0,0,0,0,0,0.00,0,0.00,,50.00,50.00,50.00,2025-12-20 16:56:12.719 +0900
2490,0,0,0,0,0,0,0.00,0,0.00,,50.00,50.00,50.00,2025-12-20 16:56:12.725 +0900
2491,0,0,0,0,0,0,0.00,0,0.00,,50.00,50.00,50.00,2025-12-20 16:56:12.730 +0900
2492,0,0,0,0,0,0,0.00,0,0.00,,50.00,50.00,50.00,2025-12-20 16:56:12.736 +0900
2493,0,0,0,0,0,0,0.00,0,0.00,,50.00,50.00,50.00,2025-12-20 16:56:12.742 +0900
2494,0,0,0,0,0,0,0.00,0,0.00,,50.00,50.00,50.00,2025-12-20 16:56:12.748 +0900
2495,0,0,0,0,0,0,0.00,0,0.00,,50.00,50.00,50.00,2025-12-20 16:56:12.754 +0900
2496,0,0,0,0,0,0,0.00,0,0.00,,50.00,50.00,50.00,2025-12-20 16:56:12.761 +0900
2497,0,0,0,0,0,0,0.00,0,0.00,,50.00,50.00,50.00,2025-12-20 16:56:12.766 +0900
2498,0,0,0,0,0,0,0.00,0,0.00,,50.00,50.00,50.00,2025-12-20 16:56:12.772 +0900
2499,0,0,0,0,0,0,0.00,0,0.00,,50.00,50.00,50.00,2025-12-20 16:56:12.778 +0900
2500,0,0,0,0,0,0,0.00,0,0.00,,50.00,50.00,50.00,2025-12-20 16:56:12.784 +0900
2501,0,0,0,0,0,0,0.00,0,0.00,,50.00,50.00,50.00,2025-12-20 16:56:12.790 +0900
2502,0,0,0,0,0,0,0.00,0,0.00,,50.00,50.00,50.00,2025-12-20 16:56:12.797 +0900
2503,0,0,0,0,0,0,0.00,0,0.00,,50.00,50.00,50.00,2025-12-20 16:56:12.803 +0900
2504,0,0,0,0,0,0,0.00,0,0.00,,50.00,50.00,50.00,2025-12-20 16:56:12.809 +0900
2505,0,0,0,0,0,0,0.00,0,0.00,,50.00,50.00,50.00,2025-12-20 16:56:12.814 +0900
2506,0,0,0,0,0,0,0.00,0,0.00,,50.00,50.00,50.00,2025-12-20 16:56:12.820 +0900
2507,0,0,0,0,0,0,0.00,0,0.00,,50.00,50.00,50.00,2025-12-20 16:56:12.825 +0900
2508,0,0,0,0,0,0,0.00,0,0.00,,50.00,50.00,50.00,2025-12-20 16:56:12.831 +0900
2509,0,0,0,0,0,0,0.00,0,0.00,,50.00,50.00,50.00,2025-12-20 16:56:12.837 +0900
2510,0,0,0,0,0,0,0.00,0,0.00,,50.00,50.00,50.00,2025-12-20 16:56:12.843 +0900
2511,0,0,0,0,0,0,0.00,0,0.00,,50.00,50.00,50.00,2025-12-20 16:56:12.850 +0900
2512,0,0,0,0,0,0,0.00,0,0.00,,50.00,50.00,50.00,2025-12-20 16:56:12.855 +0900
2513,0,0,0,0,0,0,0.00,0,0.00,,50.00,50.00,50.00,2025-12-20 16:56:12.861 +0900
2514,0,0,0,0,0,0,0.00,0,0.00,,50.00,50.00,50.00,2025-12-20 16:56:12.867 +0900
2515,0,0,0,0,0,0,0.00,0,0.00,,50.00,50.00,50.00,2025-12-20 16:56:12.872 +0900
2516,0,0,0,0,0,0,0.00,0,0.00,,50.00,50.00,50.00,2025-12-20 16:56:12.878 +0900
2517,0,0,0,0,0,0,0.00,0,0.00,,50.00,50.00,50.00,2025-12-20 16:56:12.884 +0900
2518,0,0,0,0,0,0,0.00,0,0.00,,50.00,50.00,50.00,2025-12-20 16:56:12.890 +0900
2519,0,0,0,0,0,0,0.00,0,0.00,,50.00,50.00,50.00,2025-12-20 16:56:12.896 +0900
2520,0,0,0,0,0,0,0.00,0,0.00,,50.00,50.00,50.00,2025-12-20 16:56:12.902 +0900
2521,0,0,0,0,0,0,0.00,0,0.00,,50.00,50.00,50.00,2025-12-20 16:56:12.908 +0900
2522,0,0,0,0,0,0,0.00,0,0.00,,50.00,50.00,50.00,2025-12-20 16:56:12.914 +0900
2523,0,0,0,0,0,0,0.00,0,0.00,,50.00,50.00,50.00,2025-12-20 16:56:12.919 +0900
2524,0,0,0,0,0,0,0.00,0,0.00,,50.00,50.00,50.00,2025-12-20 16:56:12.926 +0900
2525,0,0,0,0,0,0,0.00,0,0.00,,50.00,50.00,50.00,2025-12-20 16:56:12.932 +0900
2526,0,0,0,0,0,0,0.00,0,0.00,,50.00,50.00,50.00,2025-12-20 16:56:12.938 +0900
2527,0,0,0,0,0,0,0.00,0,0.00,,50.00,50.00,50.00,2025-12-20 16:56:12.945 +0900
2528,0,0,0,0,0,0,0.00,0,0.00,,50.00,50.00,50.00,2025-12-20 16:56:12.952 +0900
2529,0,0,0,0,0,0,0.00,0,0.00,,50.00,50.00,50.00,2025-12-20 16:56:12.959 +0900
2530,0,0,0,0,0,0,0.00,0,0.00,,50.00,50.00,50.00,2025-12-20 16:56:12.964 +0900
2531,0,0,0,0,0,0,0.00,0,0.00,,50.00,50.00,50.00,2025-12-20 16:56:12.970 +0900
2532,0,0,0,0,0,0,0.00,0,0.00,,50.00,50.00,50.00,2025-12-20 16:56:12.976 +0900
2533,0,0,0,0,0,0,0.00,0,0.00,,50.00,50.00,50.00,2025-12-20 16:56:12.982 +0900
2534,0,0,0,0,0,0,0.00,0,0.00,,50.00,50.00,50.00,2025-12-20 16:56:12.988 +0900
2535,0,0,0,0,0,0,0.00,0,0.00,,50.00,50.00,50.00,2025-12-20 16:56:12.994 +0900
2536,0,0,0,0,0,0,0.00,0,0.00,,50.00,50.00,50.00,2025-12-20 16:56:13.001 +0900
2537,0,0,0,0,0,0,0.00,0,0.00,,50.00,50.00,50.00,2025-12-20 16:56:13.008 +0900
2538,0,0,0,0,0,0,0.00,0,0.00,,50.00,50.00,50.00,2025-12-20 16:56:13.014 +0900
2539,0,0,0,0,0,0,0.00,0,0.00,,50.00,50.00,50.00,2025-12-20 16:56:13.021 +0900
2540,0,0,0,0,0,0,0.00,0,0.00,,50.00,50.00,50.00,2025-12-20 16:56:13.027 +0900
2541,0,0,0,0,0,0,0.00,0,0.00,,50.00,50.00,50.00,2025-12-20 16:56:13.034 +0900
2542,0,0,0,0,0,0,0.00,0,0.00,,50.00,50.00,50.00,2025-12-20 16:56:13.042 +0900
2543,0,0,0,0,0,0,0.00,0,0.00,,50.00,50.00,50.00,2025-12-20 16:56:13.048 +0900
2544,0,0,0,0,0,0,0.00,0,0.00,,50.00,50.00,50.00,2025-12-20 16:56:13.054 +0900
2545,0,0,0,0,0,0,0.00,0,0.00,,50.00,50.00,50.00,2025-12-20 16:56:13.060 +0900
2546,0,0,0,0,0,0,0.00,0,0.00,,50.00,50.00,50.00,2025-12-20 16:56:13.066 +0900
2547,0,0,0,0,0,0,0.00,0,0.00,,50.00,50.00,50.00,2025-12-20 16:56:13.073 +0900
2548,0,0,0,0,0,0,0.00,0,0.00,,50.00,50.00,50.00,2025-12-20 16:56:13.079 +0900
2549,0,0,0,0,0,0,0.00,0,0.00,,50.00,50.00,50.00,2025-12-20 16:56:13.086 +0900
2550,0,0,0,0,0,0,0.00,0,0.00,,50.00,50.00,50.00,2025-12-20 16:56:13.092 +0900
2551,0,0,0,0,0,0,0.00,0,0.00,,50.00,50.00,50.00,2025-12-20 16:56:13.099 +0900
2552,0,0,0,0,0,0,0.00,0,0.00,,50.00,50.00,50.00,2025-12-20 16:56:13.106 +0900
2553,0,0,0,0,0,0,0.00,0,0.00,,50.00,50.00,50.00,2025-12-20 16:56:13.112 +0900
2554,0,0,0,0,0,0,0.00,0,0.00,,50.00,50.00,50.00,2025-12-20 16:56:13.119 +0900
2555,0,0,0,0,0,0,0.00,0,0.00,,50.00,50.00,50.00,2025-12-20 16:56:13.126 +0900
2556,0,0,0,0,0,0,0.00,0,0.00,,50.00,50.00,50.00,2025-12-20 16:56:13.133 +0900
2557,0,0,0,0,0,0,0.00,0,0.00,,50.00,50.00,50.00,2025-12-20 16:56:13.139 +0900
2558,0,0,0,0,0,0,0.00,0,0.00,,50.00,50.00,50.00,2025-12-20 16:56:13.145 +0900
2559,0,0,0,0,0,0,0.00,0,0.00,,50.00,50.00,50.00,2025-12-20 16:56:13.152 +0900
2560,0,0,0,0,0,0,0.00,0,0.00,,50.00,50.00,50.00,2025-12-20 16:56:13.158 +0900
2561,0,0,0,0,0,0,0.00,0,0.00,,50.00,50.00,50.00,2025-12-20 16:56:13.165 +0900
2562,0,0,0,0,0,0,0.00,0,0.00,,50.00,50.00,50.00,2025-12-20 16:56:13.172 +0900
2563,0,0,0,0,0,0,0.00,0,0.00,,50.00,50.00,50.00,2025-12-20 16:56:13.178 +0900
2564,0,0,0,0,0,0,0.00,0,0.00,,50.00,50.00,50.00,2025-12-20 16:56:13.185 +0900
2565,0,0,0,0,0,0,0.00,0,0.00,,50.00,50.00,50.00,2025-12-20 16:56:13.191 +0900
2566,0,0,0,0,0,0,0.00,0,0.00,,50.00,50.00,50.00,2025-12-20 16:56:13.197 +0900
2567,0,0,0,0,0,0,0.00,0,0.00,,50.00,50.00,50.00,2025-12-20 16:56:13.204 +0900
2568,0,0,0,0,0,0,0.00,0,0.00,,50.00,50.00,50.00,2025-12-20 16:56:13.211 +0900
2569,0,0,0,0,0,0,0.00,0,0.00,,50.00,50.00,50.00,2025-12-20 16:56:13.217 +0900
2570,0,0,0,0,0,0,0.00,0,0.00,,50.00,50.00,50.00,2025-12-20 16:56:13.224 +0900
2571,0,0,0,0,0,0,0.00,0,0.00,,50.00,50.00,50.00,2025-12-20 16:56:13.230 +0900
2572,0,0,0,0,0,0,0.00,0,0.00,,50.00,50.00,50.00,2025-12-20 16:56:13.236 +0900
2573,0,0,0,0,0,0,0.00,0,0.00,,50.00,50.00,50.00,2025-12-20 16:56:13.242 +0900
2574,0,0,0,0,0,0,0.00,0,0.00,,50.00,50.00,50.00,2025-12-20 16:56:13.248 +0900
2575,0,0,0,0,0,0,0.00,0,0.00,,50.00,50.00,50.00,2025-12-20 16:56:13.255 +0900
2576,0,0,0,0,0,0,0.00,0,0.00,,50.00,50.00,50.00,2025-12-20 16:56:13.261 +0900
2577,0,0,0,0,0,0,0.00,0,0.00,,50.00,50.00,50.00,2025-12-20 16:56:13.267 +0900
2578,0,0,0,0,0,0,0.00,0,0.00,,50.00,50.00,50.00,2025-12-20 16:56:13.274 +0900
2579,0,0,0,0,0,0,0.00,0,0.00,,50.00,50.00,50.00,2025-12-20 16:56:13.280 +0900
2580,0,0,0,0,0,0,0.00,0,0.00,,50.00,50.00,50.00,2025-12-20 16:56:13.286 +0900
2581,0,0,0,0,0,0,0.00,0,0.00,,50.00,50.00,50.00,2025-12-20 16:56:13.292 +0900
2583,0,0,0,0,0,0,0.00,0,0.00,,50.00,50.00,50.00,2025-12-20 16:56:13.304 +0900
2584,0,0,0,0,0,0,0.00,0,0.00,,50.00,50.00,50.00,2025-12-20 16:56:13.310 +0900
2585,0,0,0,0,0,0,0.00,0,0.00,,50.00,50.00,50.00,2025-12-20 16:56:13.316 +0900
2586,0,0,0,0,0,0,0.00,0,0.00,,50.00,50.00,50.00,2025-12-20 16:56:13.323 +0900
2587,0,0,0,0,0,0,0.00,0,0.00,,50.00,50.00,50.00,2025-12-20 16:56:13.329 +0900
2588,0,0,0,0,0,0,0.00,0,0.00,,50.00,50.00,50.00,2025-12-20 16:56:13.335 +0900
2589,0,0,0,0,0,0,0.00,0,0.00,,50.00,50.00,50.00,2025-12-20 16:56:13.341 +0900
2590,0,0,0,0,0,0,0.00,0,0.00,,50.00,50.00,50.00,2025-12-20 16:56:13.346 +0900
2592,0,0,0,0,0,0,0.00,0,0.00,,50.00,50.00,50.00,2025-12-20 16:56:13.358 +0900
2593,0,0,0,0,0,0,0.00,0,0.00,,50.00,50.00,50.00,2025-12-20 16:56:13.364 +0900
2594,0,0,0,0,0,0,0.00,0,0.00,,50.00,50.00,50.00,2025-12-20 16:56:13.370 +0900
2595,0,0,0,0,0,0,0.00,0,0.00,,50.00,50.00,50.00,2025-12-20 16:56:13.376 +0900
2596,0,0,0,0,0,0,0.00,0,0.00,,50.00,50.00,50.00,2025-12-20 16:56:13.382 +0900
2597,0,0,0,0,0,0,0.00,0,0.00,,50.00,50.00,50.00,2025-12-20 16:56:13.388 +0900
2598,0,0,0,0,0,0,0.00,0,0.00,,50.00,50.00,50.00,2025-12-20 16:56:13.393 +0900
2599,0,0,0,0,0,0,0.00,0,0.00,,50.00,50.00,50.00,2025-12-20 16:56:13.399 +0900
2600,0,0,0,0,0,0,0.00,0,0.00,,50.00,50.00,50.00,2025-12-20 16:56:13.405 +0900
2601,0,0,0,0,0,0,0.00,0,0.00,,50.00,50.00,50.00,2025-12-20 16:56:13.411 +0900
2602,0,0,0,0,0,0,0.00,0,0.00,,50.00,50.00,50.00,2025-12-20 16:56:13.417 +0900
2603,0,0,0,0,0,0,0.00,0,0.00,,50.00,50.00,50.00,2025-12-20 16:56:13.422 +0900
2604,0,0,0,0,0,0,0.00,0,0.00,,50.00,50.00,50.00,2025-12-20 16:56:13.428 +0900
2605,0,0,0,0,0,0,0.00,0,0.00,,50.00,50.00,50.00,2025-12-20 16:56:13.434 +0900
2606,0,0,0,0,0,0,0.00,0,0.00,,50.00,50.00,50.00,2025-12-20 16:56:13.440 +0900
2607,0,0,0,0,0,0,0.00,0,0.00,,50.00,50.00,50.00,2025-12-20 16:56:13.445 +0900
2608,0,0,0,0,0,0,0.00,0,0.00,,50.00,50.00,50.00,2025-12-20 16:56:13.451 +0900
2609,0,0,0,0,0,0,0.00,0,0.00,,50.00,50.00,50.00,2025-12-20 16:56:13.456 +0900
2610,0,0,0,0,0,0,0.00,0,0.00,,50.00,50.00,50.00,2025-12-20 16:56:13.462 +0900
2582,4,0,1,0,1,0,0.00,0,0.00,,50.00,50.00,50.00,2025-12-20 16:56:13.299 +0900
2611,0,0,0,0,0,0,0.00,0,0.00,,50.00,50.00,50.00,2025-12-20 16:56:13.467 +0900
2612,0,0,0,0,0,0,0.00,0,0.00,,50.00,50.00,50.00,2025-12-20 16:56:13.473 +0900
2613,0,0,0,0,0,0,0.00,0,0.00,,50.00,50.00,50.00,2025-12-20 16:56:13.478 +0900
2614,0,0,0,0,0,0,0.00,0,0.00,,50.00,50.00,50.00,2025-12-20 16:56:13.484 +0900
2615,0,0,0,0,0,0,0.00,0,0.00,,50.00,50.00,50.00,2025-12-20 16:56:13.489 +0900
2616,0,0,0,0,0,0,0.00,0,0.00,,50.00,50.00,50.00,2025-12-20 16:56:13.495 +0900
2617,0,0,0,0,0,0,0.00,0,0.00,,50.00,50.00,50.00,2025-12-20 16:56:13.500 +0900
2618,0,0,0,0,0,0,0.00,0,0.00,,50.00,50.00,50.00,2025-12-20 16:56:13.506 +0900
2619,0,0,0,0,0,0,0.00,0,0.00,,50.00,50.00,50.00,2025-12-20 16:56:13.511 +0900
2620,0,0,0,0,0,0,0.00,0,0.00,,50.00,50.00,50.00,2025-12-20 16:56:13.517 +0900
2621,0,0,0,0,0,0,0.00,0,0.00,,50.00,50.00,50.00,2025-12-20 16:56:13.523 +0900
2622,0,0,0,0,0,0,0.00,0,0.00,,50.00,50.00,50.00,2025-12-20 16:56:13.529 +0900
2623,0,0,0,0,0,0,0.00,0,0.00,,50.00,50.00,50.00,2025-12-20 16:56:13.535 +0900
2624,0,0,0,0,0,0,0.00,0,0.00,,50.00,50.00,50.00,2025-12-20 16:56:13.540 +0900
2625,0,0,0,0,0,0,0.00,0,0.00,,50.00,50.00,50.00,2025-12-20 16:56:13.546 +0900
2626,0,0,0,0,0,0,0.00,0,0.00,,50.00,50.00,50.00,2025-12-20 16:56:13.552 +0900
2627,0,0,0,0,0,0,0.00,0,0.00,,50.00,50.00,50.00,2025-12-20 16:56:13.557 +0900
2628,0,0,0,0,0,0,0.00,0,0.00,,50.00,50.00,50.00,2025-12-20 16:56:13.563 +0900
2629,0,0,0,0,0,0,0.00,0,0.00,,50.00,50.00,50.00,2025-12-20 16:56:13.569 +0900
2630,0,0,0,0,0,0,0.00,0,0.00,,50.00,50.00,50.00,2025-12-20 16:56:13.574 +0900
2631,0,0,0,0,0,0,0.00,0,0.00,,50.00,50.00,50.00,2025-12-20 16:56:13.580 +0900
2632,0,0,0,0,0,0,0.00,0,0.00,,50.00,50.00,50.00,2025-12-20 16:56:13.586 +0900
2633,0,0,0,0,0,0,0.00,0,0.00,,50.00,50.00,50.00,2025-12-20 16:56:13.592 +0900
2634,0,0,0,0,0,0,0.00,0,0.00,,50.00,50.00,50.00,2025-12-20 16:56:13.597 +0900
2635,0,0,0,0,0,0,0.00,0,0.00,,50.00,50.00,50.00,2025-12-20 16:56:13.603 +0900
2636,0,0,0,0,0,0,0.00,0,0.00,,50.00,50.00,50.00,2025-12-20 16:56:13.609 +0900
2637,0,0,0,0,0,0,0.00,0,0.00,,50.00,50.00,50.00,2025-12-20 16:56:13.614 +0900
2638,0,0,0,0,0,0,0.00,0,0.00,,50.00,50.00,50.00,2025-12-20 16:56:13.620 +0900
2639,0,0,0,0,0,0,0.00,0,0.00,,50.00,50.00,50.00,2025-12-20 16:56:13.625 +0900
2640,0,0,0,0,0,0,0.00,0,0.00,,50.00,50.00,50.00,2025-12-20 16:56:13.631 +0900
2641,0,0,0,0,0,0,0.00,0,0.00,,50.00,50.00,50.00,2025-12-20 16:56:13.637 +0900
2642,0,0,0,0,0,0,0.00,0,0.00,,50.00,50.00,50.00,2025-12-20 16:56:13.643 +0900
2643,0,0,0,0,0,0,0.00,0,0.00,,50.00,50.00,50.00,2025-12-20 16:56:13.649 +0900
2644,0,0,0,0,0,0,0.00,0,0.00,,50.00,50.00,50.00,2025-12-20 16:56:13.654 +0900
2645,0,0,0,0,0,0,0.00,0,0.00,,50.00,50.00,50.00,2025-12-20 16:56:13.660 +0900
2646,0,0,0,0,0,0,0.00,0,0.00,,50.00,50.00,50.00,2025-12-20 16:56:13.665 +0900
2647,0,0,0,0,0,0,0.00,0,0.00,,50.00,50.00,50.00,2025-12-20 16:56:13.671 +0900
2648,0,0,0,0,0,0,0.00,0,0.00,,50.00,50.00,50.00,2025-12-20 16:56:13.677 +0900
2649,0,0,0,0,0,0,0.00,0,0.00,,50.00,50.00,50.00,2025-12-20 16:56:13.682 +0900
2650,0,0,0,0,0,0,0.00,0,0.00,,50.00,50.00,50.00,2025-12-20 16:56:13.688 +0900
2651,0,0,0,0,0,0,0.00,0,0.00,,50.00,50.00,50.00,2025-12-20 16:56:13.694 +0900
2652,0,0,0,0,0,0,0.00,0,0.00,,50.00,50.00,50.00,2025-12-20 16:56:13.699 +0900
2653,0,0,0,0,0,0,0.00,0,0.00,,50.00,50.00,50.00,2025-12-20 16:56:13.705 +0900
2654,0,0,0,0,0,0,0.00,0,0.00,,50.00,50.00,50.00,2025-12-20 16:56:13.710 +0900
2655,0,0,0,0,0,0,0.00,0,0.00,,50.00,50.00,50.00,2025-12-20 16:56:13.716 +0900
2656,0,0,0,0,0,0,0.00,0,0.00,,50.00,50.00,50.00,2025-12-20 16:56:13.721 +0900
2657,0,0,0,0,0,0,0.00,0,0.00,,50.00,50.00,50.00,2025-12-20 16:56:13.727 +0900
2658,0,0,0,0,0,0,0.00,0,0.00,,50.00,50.00,50.00,2025-12-20 16:56:13.733 +0900
2659,0,0,0,0,0,0,0.00,0,0.00,,50.00,50.00,50.00,2025-12-20 16:56:13.740 +0900
2660,0,0,0,0,0,0,0.00,0,0.00,,50.00,50.00,50.00,2025-12-20 16:56:13.745 +0900
2661,0,0,0,0,0,0,0.00,0,0.00,,50.00,50.00,50.00,2025-12-20 16:56:13.751 +0900
2662,0,0,0,0,0,0,0.00,0,0.00,,50.00,50.00,50.00,2025-12-20 16:56:13.756 +0900
2663,0,0,0,0,0,0,0.00,0,0.00,,50.00,50.00,50.00,2025-12-20 16:56:13.763 +0900
2664,0,0,0,0,0,0,0.00,0,0.00,,50.00,50.00,50.00,2025-12-20 16:56:13.768 +0900
2665,0,0,0,0,0,0,0.00,0,0.00,,50.00,50.00,50.00,2025-12-20 16:56:13.774 +0900
2666,0,0,0,0,0,0,0.00,0,0.00,,50.00,50.00,50.00,2025-12-20 16:56:13.779 +0900
2667,0,0,0,0,0,0,0.00,0,0.00,,50.00,50.00,50.00,2025-12-20 16:56:13.785 +0900
2668,0,0,0,0,0,0,0.00,0,0.00,,50.00,50.00,50.00,2025-12-20 16:56:13.791 +0900
2669,0,0,0,0,0,0,0.00,0,0.00,,50.00,50.00,50.00,2025-12-20 16:56:13.797 +0900
2670,0,0,0,0,0,0,0.00,0,0.00,,50.00,50.00,50.00,2025-12-20 16:56:13.803 +0900
2671,0,0,0,0,0,0,0.00,0,0.00,,50.00,50.00,50.00,2025-12-20 16:56:13.808 +0900
2672,0,0,0,0,0,0,0.00,0,0.00,,50.00,50.00,50.00,2025-12-20 16:56:13.814 +0900
2673,0,0,0,0,0,0,0.00,0,0.00,,50.00,50.00,50.00,2025-12-20 16:56:13.820 +0900
2674,0,0,0,0,0,0,0.00,0,0.00,,50.00,50.00,50.00,2025-12-20 16:56:13.825 +0900
2675,0,0,0,0,0,0,0.00,0,0.00,,50.00,50.00,50.00,2025-12-20 16:56:13.831 +0900
2676,0,0,0,0,0,0,0.00,0,0.00,,50.00,50.00,50.00,2025-12-20 16:56:13.836 +0900
2677,0,0,0,0,0,0,0.00,0,0.00,,50.00,50.00,50.00,2025-12-20 16:56:13.842 +0900
2678,0,0,0,0,0,0,0.00,0,0.00,,50.00,50.00,50.00,2025-12-20 16:56:13.847 +0900
2679,0,0,0,0,0,0,0.00,0,0.00,,50.00,50.00,50.00,2025-12-20 16:56:13.853 +0900
2680,0,0,0,0,0,0,0.00,0,0.00,,50.00,50.00,50.00,2025-12-20 16:56:13.859 +0900
2681,0,0,0,0,0,0,0.00,0,0.00,,50.00,50.00,50.00,2025-12-20 16:56:13.865 +0900
2682,0,0,0,0,0,0,0.00,0,0.00,,50.00,50.00,50.00,2025-12-20 16:56:13.871 +0900
2683,0,0,0,0,0,0,0.00,0,0.00,,50.00,50.00,50.00,2025-12-20 16:56:13.876 +0900
2684,0,0,0,0,0,0,0.00,0,0.00,,50.00,50.00,50.00,2025-12-20 16:56:13.882 +0900
2685,0,0,0,0,0,0,0.00,0,0.00,,50.00,50.00,50.00,2025-12-20 16:56:13.888 +0900
2686,0,0,0,0,0,0,0.00,0,0.00,,50.00,50.00,50.00,2025-12-20 16:56:13.893 +0900
2687,0,0,0,0,0,0,0.00,0,0.00,,50.00,50.00,50.00,2025-12-20 16:56:13.899 +0900
2688,0,0,0,0,0,0,0.00,0,0.00,,50.00,50.00,50.00,2025-12-20 16:56:13.905 +0900
2689,0,0,0,0,0,0,0.00,0,0.00,,50.00,50.00,50.00,2025-12-20 16:56:13.910 +0900
2690,0,0,0,0,0,0,0.00,0,0.00,,50.00,50.00,50.00,2025-12-20 16:56:13.916 +0900
2691,0,0,0,0,0,0,0.00,0,0.00,,50.00,50.00,50.00,2025-12-20 16:56:13.921 +0900
2692,0,0,0,0,0,0,0.00,0,0.00,,50.00,50.00,50.00,2025-12-20 16:56:13.928 +0900
2693,0,0,0,0,0,0,0.00,0,0.00,,50.00,50.00,50.00,2025-12-20 16:56:13.934 +0900
2694,0,0,0,0,0,0,0.00,0,0.00,,50.00,50.00,50.00,2025-12-20 16:56:13.940 +0900
2695,0,0,0,0,0,0,0.00,0,0.00,,50.00,50.00,50.00,2025-12-20 16:56:13.946 +0900
2696,0,0,0,0,0,0,0.00,0,0.00,,50.00,50.00,50.00,2025-12-20 16:56:13.952 +0900
2697,0,0,0,0,0,0,0.00,0,0.00,,50.00,50.00,50.00,2025-12-20 16:56:13.957 +0900
2698,0,0,0,0,0,0,0.00,0,0.00,,50.00,50.00,50.00,2025-12-20 16:56:13.963 +0900
2699,0,0,0,0,0,0,0.00,0,0.00,,50.00,50.00,50.00,2025-12-20 16:56:13.969 +0900
2700,0,0,0,0,0,0,0.00,0,0.00,,50.00,50.00,50.00,2025-12-20 16:56:13.974 +0900
2701,0,0,0,0,0,0,0.00,0,0.00,,50.00,50.00,50.00,2025-12-20 16:56:13.980 +0900
2702,0,0,0,0,0,0,0.00,0,0.00,,50.00,50.00,50.00,2025-12-20 16:56:13.986 +0900
2703,0,0,0,0,0,0,0.00,0,0.00,,50.00,50.00,50.00,2025-12-20 16:56:13.992 +0900
2704,0,0,0,0,0,0,0.00,0,0.00,,50.00,50.00,50.00,2025-12-20 16:56:13.997 +0900
2705,0,0,0,0,0,0,0.00,0,0.00,,50.00,50.00,50.00,2025-12-20 16:56:14.003 +0900
2706,0,0,0,0,0,0,0.00,0,0.00,,50.00,50.00,50.00,2025-12-20 16:56:14.011 +0900
2707,0,0,0,0,0,0,0.00,0,0.00,,50.00,50.00,50.00,2025-12-20 16:56:14.020 +0900
2708,0,0,0,0,0,0,0.00,0,0.00,,50.00,50.00,50.00,2025-12-20 16:56:14.028 +0900
2709,0,0,0,0,0,0,0.00,0,0.00,,50.00,50.00,50.00,2025-12-20 16:56:14.035 +0900
2710,0,0,0,0,0,0,0.00,0,0.00,,50.00,50.00,50.00,2025-12-20 16:56:14.043 +0900
2711,0,0,0,0,0,0,0.00,0,0.00,,50.00,50.00,50.00,2025-12-20 16:56:14.051 +0900
2712,0,0,0,0,0,0,0.00,0,0.00,,50.00,50.00,50.00,2025-12-20 16:56:14.056 +0900
2713,0,0,0,0,0,0,0.00,0,0.00,,50.00,50.00,50.00,2025-12-20 16:56:14.062 +0900
2714,0,0,0,0,0,0,0.00,0,0.00,,50.00,50.00,50.00,2025-12-20 16:56:14.068 +0900
2715,0,0,0,0,0,0,0.00,0,0.00,,50.00,50.00,50.00,2025-12-20 16:56:14.073 +0900
2716,0,0,0,0,0,0,0.00,0,0.00,,50.00,50.00,50.00,2025-12-20 16:56:14.079 +0900
2717,0,0,0,0,0,0,0.00,0,0.00,,50.00,50.00,50.00,2025-12-20 16:56:14.085 +0900
2718,0,0,0,0,0,0,0.00,0,0.00,,50.00,50.00,50.00,2025-12-20 16:56:14.091 +0900
2719,0,0,0,0,0,0,0.00,0,0.00,,50.00,50.00,50.00,2025-12-20 16:56:14.096 +0900
2720,0,0,0,0,0,0,0.00,0,0.00,,50.00,50.00,50.00,2025-12-20 16:56:14.102 +0900
2721,0,0,0,0,0,0,0.00,0,0.00,,50.00,50.00,50.00,2025-12-20 16:56:14.107 +0900
2722,0,0,0,0,0,0,0.00,0,0.00,,50.00,50.00,50.00,2025-12-20 16:56:14.113 +0900
2723,0,0,0,0,0,0,0.00,0,0.00,,50.00,50.00,50.00,2025-12-20 16:56:14.119 +0900
2724,0,0,0,0,0,0,0.00,0,0.00,,50.00,50.00,50.00,2025-12-20 16:56:14.125 +0900
2725,0,0,0,0,0,0,0.00,0,0.00,,50.00,50.00,50.00,2025-12-20 16:56:14.130 +0900
2726,0,0,0,0,0,0,0.00,0,0.00,,50.00,50.00,50.00,2025-12-20 16:56:14.136 +0900
2727,0,0,0,0,0,0,0.00,0,0.00,,50.00,50.00,50.00,2025-12-20 16:56:14.141 +0900
2728,0,0,0,0,0,0,0.00,0,0.00,,50.00,50.00,50.00,2025-12-20 16:56:14.147 +0900
2729,0,0,0,0,0,0,0.00,0,0.00,,50.00,50.00,50.00,2025-12-20 16:56:14.153 +0900
2730,0,0,0,0,0,0,0.00,0,0.00,,50.00,50.00,50.00,2025-12-20 16:56:14.158 +0900
2731,0,0,0,0,0,0,0.00,0,0.00,,50.00,50.00,50.00,2025-12-20 16:56:14.164 +0900
2732,0,0,0,0,0,0,0.00,0,0.00,,50.00,50.00,50.00,2025-12-20 16:56:14.169 +0900
2733,0,0,0,0,0,0,0.00,0,0.00,,50.00,50.00,50.00,2025-12-20 16:56:14.175 +0900
2734,0,0,0,0,0,0,0.00,0,0.00,,50.00,50.00,50.00,2025-12-20 16:56:14.180 +0900
2735,0,0,0,0,0,0,0.00,0,0.00,,50.00,50.00,50.00,2025-12-20 16:56:14.186 +0900
2736,0,0,0,0,0,0,0.00,0,0.00,,50.00,50.00,50.00,2025-12-20 16:56:14.192 +0900
2737,0,0,0,0,0,0,0.00,0,0.00,,50.00,50.00,50.00,2025-12-20 16:56:14.198 +0900
2738,0,0,0,0,0,0,0.00,0,0.00,,50.00,50.00,50.00,2025-12-20 16:56:14.204 +0900
2739,0,0,0,0,0,0,0.00,0,0.00,,50.00,50.00,50.00,2025-12-20 16:56:14.211 +0900
2740,0,0,0,0,0,0,0.00,0,0.00,,50.00,50.00,50.00,2025-12-20 16:56:14.216 +0900
2741,0,0,0,0,0,0,0.00,0,0.00,,50.00,50.00,50.00,2025-12-20 16:56:14.222 +0900
2742,0,0,0,0,0,0,0.00,0,0.00,,50.00,50.00,50.00,2025-12-20 16:56:14.227 +0900
2743,0,0,0,0,0,0,0.00,0,0.00,,50.00,50.00,50.00,2025-12-20 16:56:14.232 +0900
2744,0,0,0,0,0,0,0.00,0,0.00,,50.00,50.00,50.00,2025-12-20 16:56:14.238 +0900
2745,0,0,0,0,0,0,0.00,0,0.00,,50.00,50.00,50.00,2025-12-20 16:56:14.244 +0900
2746,0,0,0,0,0,0,0.00,0,0.00,,50.00,50.00,50.00,2025-12-20 16:56:14.249 +0900
2747,0,0,0,0,0,0,0.00,0,0.00,,50.00,50.00,50.00,2025-12-20 16:56:14.256 +0900
2748,0,0,0,0,0,0,0.00,0,0.00,,50.00,50.00,50.00,2025-12-20 16:56:14.262 +0900
2749,0,0,0,0,0,0,0.00,0,0.00,,50.00,50.00,50.00,2025-12-20 16:56:14.267 +0900
2750,0,0,0,0,0,0,0.00,0,0.00,,50.00,50.00,50.00,2025-12-20 16:56:14.273 +0900
2751,0,0,0,0,0,0,0.00,0,0.00,,50.00,50.00,50.00,2025-12-20 16:56:14.280 +0900
2752,0,0,0,0,0,0,0.00,0,0.00,,50.00,50.00,50.00,2025-12-20 16:56:14.285 +0900
2753,0,0,0,0,0,0,0.00,0,0.00,,50.00,50.00,50.00,2025-12-20 16:56:14.291 +0900
2754,0,0,0,0,0,0,0.00,0,0.00,,50.00,50.00,50.00,2025-12-20 16:56:14.298 +0900
2755,0,0,0,0,0,0,0.00,0,0.00,,50.00,50.00,50.00,2025-12-20 16:56:14.303 +0900
2756,0,0,0,0,0,0,0.00,0,0.00,,50.00,50.00,50.00,2025-12-20 16:56:14.309 +0900
2757,0,0,0,0,0,0,0.00,0,0.00,,50.00,50.00,50.00,2025-12-20 16:56:14.315 +0900
2758,0,0,0,0,0,0,0.00,0,0.00,,50.00,50.00,50.00,2025-12-20 16:56:14.320 +0900
2759,0,0,0,0,0,0,0.00,0,0.00,,50.00,50.00,50.00,2025-12-20 16:56:14.326 +0900
2760,0,0,0,0,0,0,0.00,0,0.00,,50.00,50.00,50.00,2025-12-20 16:56:14.332 +0900
2761,0,0,0,0,0,0,0.00,0,0.00,,50.00,50.00,50.00,2025-12-20 16:56:14.340 +0900
2762,0,0,0,0,0,0,0.00,0,0.00,,50.00,50.00,50.00,2025-12-20 16:56:14.346 +0900
2763,0,0,0,0,0,0,0.00,0,0.00,,50.00,50.00,50.00,2025-12-20 16:56:14.352 +0900
2764,0,0,0,0,0,0,0.00,0,0.00,,50.00,50.00,50.00,2025-12-20 16:56:14.358 +0900
2765,0,0,0,0,0,0,0.00,0,0.00,,50.00,50.00,50.00,2025-12-20 16:56:14.364 +0900
2766,0,0,0,0,0,0,0.00,0,0.00,,50.00,50.00,50.00,2025-12-20 16:56:14.370 +0900
2767,0,0,0,0,0,0,0.00,0,0.00,,50.00,50.00,50.00,2025-12-20 16:56:14.375 +0900
2768,0,0,0,0,0,0,0.00,0,0.00,,50.00,50.00,50.00,2025-12-20 16:56:14.380 +0900
2769,0,0,0,0,0,0,0.00,0,0.00,,50.00,50.00,50.00,2025-12-20 16:56:14.386 +0900
2770,0,0,0,0,0,0,0.00,0,0.00,,50.00,50.00,50.00,2025-12-20 16:56:14.394 +0900
2771,0,0,0,0,0,0,0.00,0,0.00,,50.00,50.00,50.00,2025-12-20 16:56:14.400 +0900
2772,0,0,0,0,0,0,0.00,0,0.00,,50.00,50.00,50.00,2025-12-20 16:56:14.405 +0900
2773,0,0,0,0,0,0,0.00,0,0.00,,50.00,50.00,50.00,2025-12-20 16:56:14.412 +0900
2774,0,0,0,0,0,0,0.00,0,0.00,,50.00,50.00,50.00,2025-12-20 16:56:14.421 +0900
2775,0,0,0,0,0,0,0.00,0,0.00,,50.00,50.00,50.00,2025-12-20 16:56:14.427 +0900
2776,0,0,0,0,0,0,0.00,0,0.00,,50.00,50.00,50.00,2025-12-20 16:56:14.432 +0900
2777,0,0,0,0,0,0,0.00,0,0.00,,50.00,50.00,50.00,2025-12-20 16:56:14.437 +0900
2778,0,0,0,0,0,0,0.00,0,0.00,,50.00,50.00,50.00,2025-12-20 16:56:14.443 +0900
2779,0,0,0,0,0,0,0.00,0,0.00,,50.00,50.00,50.00,2025-12-20 16:56:14.448 +0900
2780,0,0,0,0,0,0,0.00,0,0.00,,50.00,50.00,50.00,2025-12-20 16:56:14.453 +0900
2781,0,0,0,0,0,0,0.00,0,0.00,,50.00,50.00,50.00,2025-12-20 16:56:14.458 +0900
2782,0,0,0,0,0,0,0.00,0,0.00,,50.00,50.00,50.00,2025-12-20 16:56:14.463 +0900
2783,0,0,0,0,0,0,0.00,0,0.00,,50.00,50.00,50.00,2025-12-20 16:56:14.468 +0900
2784,0,0,0,0,0,0,0.00,0,0.00,,50.00,50.00,50.00,2025-12-20 16:56:14.474 +0900
2785,0,0,0,0,0,0,0.00,0,0.00,,50.00,50.00,50.00,2025-12-20 16:56:14.480 +0900
2786,0,0,0,0,0,0,0.00,0,0.00,,50.00,50.00,50.00,2025-12-20 16:56:14.486 +0900
2787,0,0,0,0,0,0,0.00,0,0.00,,50.00,50.00,50.00,2025-12-20 16:56:14.492 +0900
2788,0,0,0,0,0,0,0.00,0,0.00,,50.00,50.00,50.00,2025-12-20 16:56:14.497 +0900
2789,0,0,0,0,0,0,0.00,0,0.00,,50.00,50.00,50.00,2025-12-20 16:56:14.503 +0900
2790,0,0,0,0,0,0,0.00,0,0.00,,50.00,50.00,50.00,2025-12-20 16:56:14.509 +0900
2791,0,0,0,0,0,0,0.00,0,0.00,,50.00,50.00,50.00,2025-12-20 16:56:14.515 +0900
2792,0,0,0,0,0,0,0.00,0,0.00,,50.00,50.00,50.00,2025-12-20 16:56:14.520 +0900
2793,0,0,0,0,0,0,0.00,0,0.00,,50.00,50.00,50.00,2025-12-20 16:56:14.526 +0900
2794,0,0,0,0,0,0,0.00,0,0.00,,50.00,50.00,50.00,2025-12-20 16:56:14.531 +0900
2795,0,0,0,0,0,0,0.00,0,0.00,,50.00,50.00,50.00,2025-12-20 16:56:14.537 +0900
2796,0,0,0,0,0,0,0.00,0,0.00,,50.00,50.00,50.00,2025-12-20 16:56:14.543 +0900
2797,0,0,0,0,0,0,0.00,0,0.00,,50.00,50.00,50.00,2025-12-20 16:56:14.550 +0900
2798,0,0,0,0,0,0,0.00,0,0.00,,50.00,50.00,50.00,2025-12-20 16:56:14.556 +0900
2799,0,0,0,0,0,0,0.00,0,0.00,,50.00,50.00,50.00,2025-12-20 16:56:14.561 +0900
2800,0,0,0,0,0,0,0.00,0,0.00,,50.00,50.00,50.00,2025-12-20 16:56:14.567 +0900
2801,0,0,0,0,0,0,0.00,0,0.00,,50.00,50.00,50.00,2025-12-20 16:56:14.573 +0900
2802,0,0,0,0,0,0,0.00,0,0.00,,50.00,50.00,50.00,2025-12-20 16:56:14.578 +0900
2803,0,0,0,0,0,0,0.00,0,0.00,,50.00,50.00,50.00,2025-12-20 16:56:14.584 +0900
2804,0,0,0,0,0,0,0.00,0,0.00,,50.00,50.00,50.00,2025-12-20 16:56:14.590 +0900
2805,0,0,0,0,0,0,0.00,0,0.00,,50.00,50.00,50.00,2025-12-20 16:56:14.595 +0900
2806,0,0,0,0,0,0,0.00,0,0.00,,50.00,50.00,50.00,2025-12-20 16:56:14.601 +0900
2807,0,0,0,0,0,0,0.00,0,0.00,,50.00,50.00,50.00,2025-12-20 16:56:14.607 +0900
2808,0,0,0,0,0,0,0.00,0,0.00,,50.00,50.00,50.00,2025-12-20 16:56:14.612 +0900
2809,0,0,0,0,0,0,0.00,0,0.00,,50.00,50.00,50.00,2025-12-20 16:56:14.618 +0900
2810,0,0,0,0,0,0,0.00,0,0.00,,50.00,50.00,50.00,2025-12-20 16:56:14.624 +0900
2811,0,0,0,0,0,0,0.00,0,0.00,,50.00,50.00,50.00,2025-12-20 16:56:14.630 +0900
2812,0,0,0,0,0,0,0.00,0,0.00,,50.00,50.00,50.00,2025-12-20 16:56:14.635 +0900
2813,0,0,0,0,0,0,0.00,0,0.00,,50.00,50.00,50.00,2025-12-20 16:56:14.641 +0900
2814,0,0,0,0,0,0,0.00,0,0.00,,50.00,50.00,50.00,2025-12-20 16:56:14.647 +0900
2815,0,0,0,0,0,0,0.00,0,0.00,,50.00,50.00,50.00,2025-12-20 16:56:14.652 +0900
2816,0,0,0,0,0,0,0.00,0,0.00,,50.00,50.00,50.00,2025-12-20 16:56:14.658 +0900
2817,0,0,0,0,0,0,0.00,0,0.00,,50.00,50.00,50.00,2025-12-20 16:56:14.664 +0900
2818,0,0,0,0,0,0,0.00,0,0.00,,50.00,50.00,50.00,2025-12-20 16:56:14.670 +0900
2819,0,0,0,0,0,0,0.00,0,0.00,,50.00,50.00,50.00,2025-12-20 16:56:14.676 +0900
2820,0,0,0,0,0,0,0.00,0,0.00,,50.00,50.00,50.00,2025-12-20 16:56:14.682 +0900
2821,0,0,0,0,0,0,0.00,0,0.00,,50.00,50.00,50.00,2025-12-20 16:56:14.688 +0900
2822,0,0,0,0,0,0,0.00,0,0.00,,50.00,50.00,50.00,2025-12-20 16:56:14.694 +0900
2823,0,0,0,0,0,0,0.00,0,0.00,,50.00,50.00,50.00,2025-12-20 16:56:14.700 +0900
2824,0,0,0,0,0,0,0.00,0,0.00,,50.00,50.00,50.00,2025-12-20 16:56:14.706 +0900
2825,0,0,0,0,0,0,0.00,0,0.00,,50.00,50.00,50.00,2025-12-20 16:56:14.712 +0900
2826,0,0,0,0,0,0,0.00,0,0.00,,50.00,50.00,50.00,2025-12-20 16:56:14.717 +0900
2827,0,0,0,0,0,0,0.00,0,0.00,,50.00,50.00,50.00,2025-12-20 16:56:14.723 +0900
2828,0,0,0,0,0,0,0.00,0,0.00,,50.00,50.00,50.00,2025-12-20 16:56:14.729 +0900
2829,0,0,0,0,0,0,0.00,0,0.00,,50.00,50.00,50.00,2025-12-20 16:56:14.735 +0900
2830,0,0,0,0,0,0,0.00,0,0.00,,50.00,50.00,50.00,2025-12-20 16:56:14.740 +0900
2831,0,0,0,0,0,0,0.00,0,0.00,,50.00,50.00,50.00,2025-12-20 16:56:14.746 +0900
2832,0,0,0,0,0,0,0.00,0,0.00,,50.00,50.00,50.00,2025-12-20 16:56:14.752 +0900
2833,0,0,0,0,0,0,0.00,0,0.00,,50.00,50.00,50.00,2025-12-20 16:56:14.757 +0900
2834,0,0,0,0,0,0,0.00,0,0.00,,50.00,50.00,50.00,2025-12-20 16:56:14.763 +0900
2835,0,0,0,0,0,0,0.00,0,0.00,,50.00,50.00,50.00,2025-12-20 16:56:14.769 +0900
2836,0,0,0,0,0,0,0.00,0,0.00,,50.00,50.00,50.00,2025-12-20 16:56:14.775 +0900
2837,0,0,0,0,0,0,0.00,0,0.00,,50.00,50.00,50.00,2025-12-20 16:56:14.781 +0900
2838,0,0,0,0,0,0,0.00,0,0.00,,50.00,50.00,50.00,2025-12-20 16:56:14.786 +0900
2839,0,0,0,0,0,0,0.00,0,0.00,,50.00,50.00,50.00,2025-12-20 16:56:14.792 +0900
2840,0,0,0,0,0,0,0.00,0,0.00,,50.00,50.00,50.00,2025-12-20 16:56:14.798 +0900
2841,0,0,0,0,0,0,0.00,0,0.00,,50.00,50.00,50.00,2025-12-20 16:56:14.804 +0900
2842,0,0,0,0,0,0,0.00,0,0.00,,50.00,50.00,50.00,2025-12-20 16:56:14.810 +0900
2843,0,0,0,0,0,0,0.00,0,0.00,,50.00,50.00,50.00,2025-12-20 16:56:14.815 +0900
2844,0,0,0,0,0,0,0.00,0,0.00,,50.00,50.00,50.00,2025-12-20 16:56:14.821 +0900
2845,0,0,0,0,0,0,0.00,0,0.00,,50.00,50.00,50.00,2025-12-20 16:56:14.827 +0900
2846,0,0,0,0,0,0,0.00,0,0.00,,50.00,50.00,50.00,2025-12-20 16:56:14.833 +0900
2847,0,0,0,0,0,0,0.00,0,0.00,,50.00,50.00,50.00,2025-12-20 16:56:14.839 +0900
2848,0,0,0,0,0,0,0.00,0,0.00,,50.00,50.00,50.00,2025-12-20 16:56:14.844 +0900
2849,0,0,0,0,0,0,0.00,0,0.00,,50.00,50.00,50.00,2025-12-20 16:56:14.850 +0900
2850,0,0,0,0,0,0,0.00,0,0.00,,50.00,50.00,50.00,2025-12-20 16:56:14.856 +0900
2851,0,0,0,0,0,0,0.00,0,0.00,,50.00,50.00,50.00,2025-12-20 16:56:14.861 +0900
2852,0,0,0,0,0,0,0.00,0,0.00,,50.00,50.00,50.00,2025-12-20 16:56:14.867 +0900
2853,0,0,0,0,0,0,0.00,0,0.00,,50.00,50.00,50.00,2025-12-20 16:56:14.873 +0900
2854,0,0,0,0,0,0,0.00,0,0.00,,50.00,50.00,50.00,2025-12-20 16:56:14.879 +0900
2855,0,0,0,0,0,0,0.00,0,0.00,,50.00,50.00,50.00,2025-12-20 16:56:14.884 +0900
2856,0,0,0,0,0,0,0.00,0,0.00,,50.00,50.00,50.00,2025-12-20 16:56:14.890 +0900
2857,0,0,0,0,0,0,0.00,0,0.00,,50.00,50.00,50.00,2025-12-20 16:56:14.896 +0900
2858,0,0,0,0,0,0,0.00,0,0.00,,50.00,50.00,50.00,2025-12-20 16:56:14.901 +0900
2859,0,0,0,0,0,0,0.00,0,0.00,,50.00,50.00,50.00,2025-12-20 16:56:14.907 +0900
2860,0,0,0,0,0,0,0.00,0,0.00,,50.00,50.00,50.00,2025-12-20 16:56:14.913 +0900
2861,0,0,0,0,0,0,0.00,0,0.00,,50.00,50.00,50.00,2025-12-20 16:56:14.919 +0900
2862,0,0,0,0,0,0,0.00,0,0.00,,50.00,50.00,50.00,2025-12-20 16:56:14.924 +0900
2863,0,0,0,0,0,0,0.00,0,0.00,,50.00,50.00,50.00,2025-12-20 16:56:14.930 +0900
2864,0,0,0,0,0,0,0.00,0,0.00,,50.00,50.00,50.00,2025-12-20 16:56:14.936 +0900
2865,0,0,0,0,0,0,0.00,0,0.00,,50.00,50.00,50.00,2025-12-20 16:56:14.942 +0900
2866,0,0,0,0,0,0,0.00,0,0.00,,50.00,50.00,50.00,2025-12-20 16:56:14.948 +0900
2867,0,0,0,0,0,0,0.00,0,0.00,,50.00,50.00,50.00,2025-12-20 16:56:14.953 +0900
2868,0,0,0,0,0,0,0.00,0,0.00,,50.00,50.00,50.00,2025-12-20 16:56:14.960 +0900
2869,0,0,0,0,0,0,0.00,0,0.00,,50.00,50.00,50.00,2025-12-20 16:56:14.966 +0900
2870,0,0,0,0,0,0,0.00,0,0.00,,50.00,50.00,50.00,2025-12-20 16:56:14.972 +0900
2871,0,0,0,0,0,0,0.00,0,0.00,,50.00,50.00,50.00,2025-12-20 16:56:14.978 +0900
2872,0,0,0,0,0,0,0.00,0,0.00,,50.00,50.00,50.00,2025-12-20 16:56:14.984 +0900
2873,0,0,0,0,0,0,0.00,0,0.00,,50.00,50.00,50.00,2025-12-20 16:56:14.990 +0900
2874,0,0,0,0,0,0,0.00,0,0.00,,50.00,50.00,50.00,2025-12-20 16:56:14.996 +0900
2875,0,0,0,0,0,0,0.00,0,0.00,,50.00,50.00,50.00,2025-12-20 16:56:15.002 +0900
2876,0,0,0,0,0,0,0.00,0,0.00,,50.00,50.00,50.00,2025-12-20 16:56:15.008 +0900
2877,0,0,0,0,0,0,0.00,0,0.00,,50.00,50.00,50.00,2025-12-20 16:56:15.014 +0900
2878,0,0,0,0,0,0,0.00,0,0.00,,50.00,50.00,50.00,2025-12-20 16:56:15.020 +0900
2879,0,0,0,0,0,0,0.00,0,0.00,,50.00,50.00,50.00,2025-12-20 16:56:15.026 +0900
2880,0,0,0,0,0,0,0.00,0,0.00,,50.00,50.00,50.00,2025-12-20 16:56:15.032 +0900
2881,0,0,0,0,0,0,0.00,0,0.00,,50.00,50.00,50.00,2025-12-20 16:56:15.038 +0900
2882,0,0,0,0,0,0,0.00,0,0.00,,50.00,50.00,50.00,2025-12-20 16:56:15.044 +0900
2883,0,0,0,0,0,0,0.00,0,0.00,,50.00,50.00,50.00,2025-12-20 16:56:15.050 +0900
2884,0,0,0,0,0,0,0.00,0,0.00,,50.00,50.00,50.00,2025-12-20 16:56:15.056 +0900
2885,0,0,0,0,0,0,0.00,0,0.00,,50.00,50.00,50.00,2025-12-20 16:56:15.062 +0900
2886,0,0,0,0,0,0,0.00,0,0.00,,50.00,50.00,50.00,2025-12-20 16:56:15.068 +0900
2887,0,0,0,0,0,0,0.00,0,0.00,,50.00,50.00,50.00,2025-12-20 16:56:15.074 +0900
2888,0,0,0,0,0,0,0.00,0,0.00,,50.00,50.00,50.00,2025-12-20 16:56:15.080 +0900
2889,0,0,0,0,0,0,0.00,0,0.00,,50.00,50.00,50.00,2025-12-20 16:56:15.087 +0900
2890,0,0,0,0,0,0,0.00,0,0.00,,50.00,50.00,50.00,2025-12-20 16:56:15.093 +0900
2891,0,0,0,0,0,0,0.00,0,0.00,,50.00,50.00,50.00,2025-12-20 16:56:15.099 +0900
2892,0,0,0,0,0,0,0.00,0,0.00,,50.00,50.00,50.00,2025-12-20 16:56:15.105 +0900
2893,0,0,0,0,0,0,0.00,0,0.00,,50.00,50.00,50.00,2025-12-20 16:56:15.111 +0900
2894,0,0,0,0,0,0,0.00,0,0.00,,50.00,50.00,50.00,2025-12-20 16:56:15.118 +0900
2895,0,0,0,0,0,0,0.00,0,0.00,,50.00,50.00,50.00,2025-12-20 16:56:15.124 +0900
2896,0,0,0,0,0,0,0.00,0,0.00,,50.00,50.00,50.00,2025-12-20 16:56:15.130 +0900
2897,0,0,0,0,0,0,0.00,0,0.00,,50.00,50.00,50.00,2025-12-20 16:56:15.136 +0900
2898,0,0,0,0,0,0,0.00,0,0.00,,50.00,50.00,50.00,2025-12-20 16:56:15.142 +0900
2899,0,0,0,0,0,0,0.00,0,0.00,,50.00,50.00,50.00,2025-12-20 16:56:15.148 +0900
2900,0,0,0,0,0,0,0.00,0,0.00,,50.00,50.00,50.00,2025-12-20 16:56:15.155 +0900
2901,0,0,0,0,0,0,0.00,0,0.00,,50.00,50.00,50.00,2025-12-20 16:56:15.161 +0900
2902,0,0,0,0,0,0,0.00,0,0.00,,50.00,50.00,50.00,2025-12-20 16:56:15.167 +0900
2903,0,0,0,0,0,0,0.00,0,0.00,,50.00,50.00,50.00,2025-12-20 16:56:15.173 +0900
2904,0,0,0,0,0,0,0.00,0,0.00,,50.00,50.00,50.00,2025-12-20 16:56:15.179 +0900
2905,0,0,0,0,0,0,0.00,0,0.00,,50.00,50.00,50.00,2025-12-20 16:56:15.185 +0900
2906,0,0,0,0,0,0,0.00,0,0.00,,50.00,50.00,50.00,2025-12-20 16:56:15.191 +0900
2907,0,0,0,0,0,0,0.00,0,0.00,,50.00,50.00,50.00,2025-12-20 16:56:15.198 +0900
2908,0,0,0,0,0,0,0.00,0,0.00,,50.00,50.00,50.00,2025-12-20 16:56:15.204 +0900
2909,0,0,0,0,0,0,0.00,0,0.00,,50.00,50.00,50.00,2025-12-20 16:56:15.210 +0900
2910,0,0,0,0,0,0,0.00,0,0.00,,50.00,50.00,50.00,2025-12-20 16:56:15.216 +0900
2911,0,0,0,0,0,0,0.00,0,0.00,,50.00,50.00,50.00,2025-12-20 16:56:15.222 +0900
2912,0,0,0,0,0,0,0.00,0,0.00,,50.00,50.00,50.00,2025-12-20 16:56:15.228 +0900
2913,0,0,0,0,0,0,0.00,0,0.00,,50.00,50.00,50.00,2025-12-20 16:56:15.234 +0900
2914,0,0,0,0,0,0,0.00,0,0.00,,50.00,50.00,50.00,2025-12-20 16:56:15.240 +0900
2915,0,0,0,0,0,0,0.00,0,0.00,,50.00,50.00,50.00,2025-12-20 16:56:15.246 +0900
2916,0,0,0,0,0,0,0.00,0,0.00,,50.00,50.00,50.00,2025-12-20 16:56:15.252 +0900
2917,0,0,0,0,0,0,0.00,0,0.00,,50.00,50.00,50.00,2025-12-20 16:56:15.258 +0900
2918,0,0,0,0,0,0,0.00,0,0.00,,50.00,50.00,50.00,2025-12-20 16:56:15.263 +0900
2919,0,0,0,0,0,0,0.00,0,0.00,,50.00,50.00,50.00,2025-12-20 16:56:15.269 +0900
2920,0,0,0,0,0,0,0.00,0,0.00,,50.00,50.00,50.00,2025-12-20 16:56:15.275 +0900
2921,0,0,0,0,0,0,0.00,0,0.00,,50.00,50.00,50.00,2025-12-20 16:56:15.281 +0900
2922,0,0,0,0,0,0,0.00,0,0.00,,50.00,50.00,50.00,2025-12-20 16:56:15.287 +0900
2923,0,0,0,0,0,0,0.00,0,0.00,,50.00,50.00,50.00,2025-12-20 16:56:15.293 +0900
2924,0,0,0,0,0,0,0.00,0,0.00,,50.00,50.00,50.00,2025-12-20 16:56:15.300 +0900
2925,0,0,0,0,0,0,0.00,0,0.00,,50.00,50.00,50.00,2025-12-20 16:56:15.305 +0900
2926,0,0,0,0,0,0,0.00,0,0.00,,50.00,50.00,50.00,2025-12-20 16:56:15.311 +0900
2927,0,0,0,0,0,0,0.00,0,0.00,,50.00,50.00,50.00,2025-12-20 16:56:15.317 +0900
2928,0,0,0,0,0,0,0.00,0,0.00,,50.00,50.00,50.00,2025-12-20 16:56:15.323 +0900
2929,0,0,0,0,0,0,0.00,0,0.00,,50.00,50.00,50.00,2025-12-20 16:56:15.329 +0900
2930,0,0,0,0,0,0,0.00,0,0.00,,50.00,50.00,50.00,2025-12-20 16:56:15.335 +0900
2931,0,0,0,0,0,0,0.00,0,0.00,,50.00,50.00,50.00,2025-12-20 16:56:15.342 +0900
2932,0,0,0,0,0,0,0.00,0,0.00,,50.00,50.00,50.00,2025-12-20 16:56:15.347 +0900
2933,0,0,0,0,0,0,0.00,0,0.00,,50.00,50.00,50.00,2025-12-20 16:56:15.353 +0900
2934,0,0,0,0,0,0,0.00,0,0.00,,50.00,50.00,50.00,2025-12-20 16:56:15.360 +0900
2935,0,0,0,0,0,0,0.00,0,0.00,,50.00,50.00,50.00,2025-12-20 16:56:15.366 +0900
2936,0,0,0,0,0,0,0.00,0,0.00,,50.00,50.00,50.00,2025-12-20 16:56:15.373 +0900
2937,0,0,0,0,0,0,0.00,0,0.00,,50.00,50.00,50.00,2025-12-20 16:56:15.379 +0900
2938,0,0,0,0,0,0,0.00,0,0.00,,50.00,50.00,50.00,2025-12-20 16:56:15.385 +0900
2939,0,0,0,0,0,0,0.00,0,0.00,,50.00,50.00,50.00,2025-12-20 16:56:15.391 +0900
2940,0,0,0,0,0,0,0.00,0,0.00,,50.00,50.00,50.00,2025-12-20 16:56:15.397 +0900
2941,0,0,0,0,0,0,0.00,0,0.00,,50.00,50.00,50.00,2025-12-20 16:56:15.403 +0900
2942,0,0,0,0,0,0,0.00,0,0.00,,50.00,50.00,50.00,2025-12-20 16:56:15.409 +0900
2943,0,0,0,0,0,0,0.00,0,0.00,,50.00,50.00,50.00,2025-12-20 16:56:15.415 +0900
2944,0,0,0,0,0,0,0.00,0,0.00,,50.00,50.00,50.00,2025-12-20 16:56:15.422 +0900
2945,0,0,0,0,0,0,0.00,0,0.00,,50.00,50.00,50.00,2025-12-20 16:56:15.428 +0900
2946,0,0,0,0,0,0,0.00,0,0.00,,50.00,50.00,50.00,2025-12-20 16:56:15.435 +0900
2947,0,0,0,0,0,0,0.00,0,0.00,,50.00,50.00,50.00,2025-12-20 16:56:15.440 +0900
2948,0,0,0,0,0,0,0.00,0,0.00,,50.00,50.00,50.00,2025-12-20 16:56:15.446 +0900
2949,0,0,0,0,0,0,0.00,0,0.00,,50.00,50.00,50.00,2025-12-20 16:56:15.452 +0900
2950,0,0,0,0,0,0,0.00,0,0.00,,50.00,50.00,50.00,2025-12-20 16:56:15.457 +0900
2951,0,0,0,0,0,0,0.00,0,0.00,,50.00,50.00,50.00,2025-12-20 16:56:15.463 +0900
2952,0,0,0,0,0,0,0.00,0,0.00,,50.00,50.00,50.00,2025-12-20 16:56:15.469 +0900
2953,0,0,0,0,0,0,0.00,0,0.00,,50.00,50.00,50.00,2025-12-20 16:56:15.475 +0900
2954,0,0,0,0,0,0,0.00,0,0.00,,50.00,50.00,50.00,2025-12-20 16:56:15.481 +0900
2955,0,0,0,0,0,0,0.00,0,0.00,,50.00,50.00,50.00,2025-12-20 16:56:15.487 +0900
2956,0,0,0,0,0,0,0.00,0,0.00,,50.00,50.00,50.00,2025-12-20 16:56:15.493 +0900
2957,0,0,0,0,0,0,0.00,0,0.00,,50.00,50.00,50.00,2025-12-20 16:56:15.500 +0900
2958,0,0,0,0,0,0,0.00,0,0.00,,50.00,50.00,50.00,2025-12-20 16:56:15.505 +0900
2959,0,0,0,0,0,0,0.00,0,0.00,,50.00,50.00,50.00,2025-12-20 16:56:15.512 +0900
2960,0,0,0,0,0,0,0.00,0,0.00,,50.00,50.00,50.00,2025-12-20 16:56:15.518 +0900
2961,0,0,0,0,0,0,0.00,0,0.00,,50.00,50.00,50.00,2025-12-20 16:56:15.524 +0900
2962,0,0,0,0,0,0,0.00,0,0.00,,50.00,50.00,50.00,2025-12-20 16:56:15.531 +0900
2963,0,0,0,0,0,0,0.00,0,0.00,,50.00,50.00,50.00,2025-12-20 16:56:15.537 +0900
2964,0,0,0,0,0,0,0.00,0,0.00,,50.00,50.00,50.00,2025-12-20 16:56:15.543 +0900
2965,0,0,0,0,0,0,0.00,0,0.00,,50.00,50.00,50.00,2025-12-20 16:56:15.550 +0900
2966,0,0,0,0,0,0,0.00,0,0.00,,50.00,50.00,50.00,2025-12-20 16:56:15.556 +0900
2967,0,0,0,0,0,0,0.00,0,0.00,,50.00,50.00,50.00,2025-12-20 16:56:15.562 +0900
2968,0,0,0,0,0,0,0.00,0,0.00,,50.00,50.00,50.00,2025-12-20 16:56:15.568 +0900
2969,0,0,0,0,0,0,0.00,0,0.00,,50.00,50.00,50.00,2025-12-20 16:56:15.574 +0900
2970,0,0,0,0,0,0,0.00,0,0.00,,50.00,50.00,50.00,2025-12-20 16:56:15.580 +0900
2971,0,0,0,0,0,0,0.00,0,0.00,,50.00,50.00,50.00,2025-12-20 16:56:15.587 +0900
2972,0,0,0,0,0,0,0.00,0,0.00,,50.00,50.00,50.00,2025-12-20 16:56:15.593 +0900
2973,0,0,0,0,0,0,0.00,0,0.00,,50.00,50.00,50.00,2025-12-20 16:56:15.599 +0900
2974,0,0,0,0,0,0,0.00,0,0.00,,50.00,50.00,50.00,2025-12-20 16:56:15.605 +0900
2975,0,0,0,0,0,0,0.00,0,0.00,,50.00,50.00,50.00,2025-12-20 16:56:15.611 +0900
2976,0,0,0,0,0,0,0.00,0,0.00,,50.00,50.00,50.00,2025-12-20 16:56:15.617 +0900
2977,0,0,0,0,0,0,0.00,0,0.00,,50.00,50.00,50.00,2025-12-20 16:56:15.623 +0900
2978,0,0,0,0,0,0,0.00,0,0.00,,50.00,50.00,50.00,2025-12-20 16:56:15.629 +0900
2979,0,0,0,0,0,0,0.00,0,0.00,,50.00,50.00,50.00,2025-12-20 16:56:15.635 +0900
2980,0,0,0,0,0,0,0.00,0,0.00,,50.00,50.00,50.00,2025-12-20 16:56:15.641 +0900
2981,0,0,0,0,0,0,0.00,0,0.00,,50.00,50.00,50.00,2025-12-20 16:56:15.648 +0900
2982,0,0,0,0,0,0,0.00,0,0.00,,50.00,50.00,50.00,2025-12-20 16:56:15.654 +0900
2983,0,0,0,0,0,0,0.00,0,0.00,,50.00,50.00,50.00,2025-12-20 16:56:15.660 +0900
2984,0,0,0,0,0,0,0.00,0,0.00,,50.00,50.00,50.00,2025-12-20 16:56:15.666 +0900
2985,0,0,0,0,0,0,0.00,0,0.00,,50.00,50.00,50.00,2025-12-20 16:56:15.673 +0900
2986,0,0,0,0,0,0,0.00,0,0.00,,50.00,50.00,50.00,2025-12-20 16:56:15.678 +0900
2987,0,0,0,0,0,0,0.00,0,0.00,,50.00,50.00,50.00,2025-12-20 16:56:15.685 +0900
2988,0,0,0,0,0,0,0.00,0,0.00,,50.00,50.00,50.00,2025-12-20 16:56:15.692 +0900
2989,0,0,0,0,0,0,0.00,0,0.00,,50.00,50.00,50.00,2025-12-20 16:56:15.698 +0900
2990,0,0,0,0,0,0,0.00,0,0.00,,50.00,50.00,50.00,2025-12-20 16:56:15.703 +0900
2991,0,0,0,0,0,0,0.00,0,0.00,,50.00,50.00,50.00,2025-12-20 16:56:15.709 +0900
2992,0,0,0,0,0,0,0.00,0,0.00,,50.00,50.00,50.00,2025-12-20 16:56:15.716 +0900
2993,0,0,0,0,0,0,0.00,0,0.00,,50.00,50.00,50.00,2025-12-20 16:56:15.723 +0900
2994,0,0,0,0,0,0,0.00,0,0.00,,50.00,50.00,50.00,2025-12-20 16:56:15.729 +0900
2995,0,0,0,0,0,0,0.00,0,0.00,,50.00,50.00,50.00,2025-12-20 16:56:15.736 +0900
2996,0,0,0,0,0,0,0.00,0,0.00,,50.00,50.00,50.00,2025-12-20 16:56:15.742 +0900
2997,0,0,0,0,0,0,0.00,0,0.00,,50.00,50.00,50.00,2025-12-20 16:56:15.748 +0900
2998,0,0,0,0,0,0,0.00,0,0.00,,50.00,50.00,50.00,2025-12-20 16:56:15.754 +0900
2999,0,0,0,0,0,0,0.00,0,0.00,,50.00,50.00,50.00,2025-12-20 16:56:15.761 +0900
3000,0,0,0,0,0,0,0.00,0,0.00,,50.00,50.00,50.00,2025-12-20 16:56:15.767 +0900
3001,0,0,0,0,0,0,0.00,0,0.00,,50.00,50.00,50.00,2025-12-20 16:56:15.774 +0900
3002,0,0,0,0,0,0,0.00,0,0.00,,50.00,50.00,50.00,2025-12-20 16:56:15.780 +0900
3003,0,0,0,0,0,0,0.00,0,0.00,,50.00,50.00,50.00,2025-12-20 16:56:15.785 +0900
3004,0,0,0,0,0,0,0.00,0,0.00,,50.00,50.00,50.00,2025-12-20 16:56:15.792 +0900
3005,0,0,0,0,0,0,0.00,0,0.00,,50.00,50.00,50.00,2025-12-20 16:56:15.797 +0900
3006,0,0,0,0,0,0,0.00,0,0.00,,50.00,50.00,50.00,2025-12-20 16:56:15.803 +0900
3007,0,0,0,0,0,0,0.00,0,0.00,,50.00,50.00,50.00,2025-12-20 16:56:15.809 +0900
3008,0,0,0,0,0,0,0.00,0,0.00,,50.00,50.00,50.00,2025-12-20 16:56:15.817 +0900
3009,0,0,0,0,0,0,0.00,0,0.00,,50.00,50.00,50.00,2025-12-20 16:56:15.826 +0900
3010,0,0,0,0,0,0,0.00,0,0.00,,50.00,50.00,50.00,2025-12-20 16:56:15.834 +0900
3011,0,0,0,0,0,0,0.00,0,0.00,,50.00,50.00,50.00,2025-12-20 16:56:15.841 +0900
3012,0,0,0,0,0,0,0.00,0,0.00,,50.00,50.00,50.00,2025-12-20 16:56:15.849 +0900
3013,0,0,0,0,0,0,0.00,0,0.00,,50.00,50.00,50.00,2025-12-20 16:56:15.858 +0900
3014,0,0,0,0,0,0,0.00,0,0.00,,50.00,50.00,50.00,2025-12-20 16:56:15.866 +0900
3015,0,0,0,0,0,0,0.00,0,0.00,,50.00,50.00,50.00,2025-12-20 16:56:15.873 +0900
3016,0,0,0,0,0,0,0.00,0,0.00,,50.00,50.00,50.00,2025-12-20 16:56:15.878 +0900
3017,0,0,0,0,0,0,0.00,0,0.00,,50.00,50.00,50.00,2025-12-20 16:56:15.884 +0900
3018,0,0,0,0,0,0,0.00,0,0.00,,50.00,50.00,50.00,2025-12-20 16:56:15.891 +0900
3019,0,0,0,0,0,0,0.00,0,0.00,,50.00,50.00,50.00,2025-12-20 16:56:15.896 +0900
3020,0,0,0,0,0,0,0.00,0,0.00,,50.00,50.00,50.00,2025-12-20 16:56:15.902 +0900
3021,0,0,0,0,0,0,0.00,0,0.00,,50.00,50.00,50.00,2025-12-20 16:56:15.908 +0900
3022,0,0,0,0,0,0,0.00,0,0.00,,50.00,50.00,50.00,2025-12-20 16:56:15.914 +0900
3023,0,0,0,0,0,0,0.00,0,0.00,,50.00,50.00,50.00,2025-12-20 16:56:15.920 +0900
3024,0,0,0,0,0,0,0.00,0,0.00,,50.00,50.00,50.00,2025-12-20 16:56:15.926 +0900
3025,0,0,0,0,0,0,0.00,0,0.00,,50.00,50.00,50.00,2025-12-20 16:56:15.932 +0900
3026,0,0,0,0,0,0,0.00,0,0.00,,50.00,50.00,50.00,2025-12-20 16:56:15.938 +0900
3027,0,0,0,0,0,0,0.00,0,0.00,,50.00,50.00,50.00,2025-12-20 16:56:15.944 +0900
3028,0,0,0,0,0,0,0.00,0,0.00,,50.00,50.00,50.00,2025-12-20 16:56:15.950 +0900
3029,0,0,0,0,0,0,0.00,0,0.00,,50.00,50.00,50.00,2025-12-20 16:56:15.956 +0900
3030,0,0,0,0,0,0,0.00,0,0.00,,50.00,50.00,50.00,2025-12-20 16:56:15.962 +0900
3031,0,0,0,0,0,0,0.00,0,0.00,,50.00,50.00,50.00,2025-12-20 16:56:15.968 +0900
3032,0,0,0,0,0,0,0.00,0,0.00,,50.00,50.00,50.00,2025-12-20 16:56:15.974 +0900
3033,0,0,0,0,0,0,0.00,0,0.00,,50.00,50.00,50.00,2025-12-20 16:56:15.980 +0900
3034,0,0,0,0,0,0,0.00,0,0.00,,50.00,50.00,50.00,2025-12-20 16:56:15.985 +0900
3035,0,0,0,0,0,0,0.00,0,0.00,,50.00,50.00,50.00,2025-12-20 16:56:15.992 +0900
3036,0,0,0,0,0,0,0.00,0,0.00,,50.00,50.00,50.00,2025-12-20 16:56:15.998 +0900
3037,0,0,0,0,0,0,0.00,0,0.00,,50.00,50.00,50.00,2025-12-20 16:56:16.004 +0900
3038,0,0,0,0,0,0,0.00,0,0.00,,50.00,50.00,50.00,2025-12-20 16:56:16.010 +0900
3039,0,0,0,0,0,0,0.00,0,0.00,,50.00,50.00,50.00,2025-12-20 16:56:16.016 +0900
3040,0,0,0,0,0,0,0.00,0,0.00,,50.00,50.00,50.00,2025-12-20 16:56:16.022 +0900
3041,0,0,0,0,0,0,0.00,0,0.00,,50.00,50.00,50.00,2025-12-20 16:56:16.028 +0900
3042,0,0,0,0,0,0,0.00,0,0.00,,50.00,50.00,50.00,2025-12-20 16:56:16.034 +0900
3043,0,0,0,0,0,0,0.00,0,0.00,,50.00,50.00,50.00,2025-12-20 16:56:16.041 +0900
3044,0,0,0,0,0,0,0.00,0,0.00,,50.00,50.00,50.00,2025-12-20 16:56:16.047 +0900
3045,0,0,0,0,0,0,0.00,0,0.00,,50.00,50.00,50.00,2025-12-20 16:56:16.054 +0900
3046,0,0,0,0,0,0,0.00,0,0.00,,50.00,50.00,50.00,2025-12-20 16:56:16.060 +0900
3047,0,0,0,0,0,0,0.00,0,0.00,,50.00,50.00,50.00,2025-12-20 16:56:16.066 +0900
3048,0,0,0,0,0,0,0.00,0,0.00,,50.00,50.00,50.00,2025-12-20 16:56:16.073 +0900
3049,0,0,0,0,0,0,0.00,0,0.00,,50.00,50.00,50.00,2025-12-20 16:56:16.079 +0900
3050,0,0,0,0,0,0,0.00,0,0.00,,50.00,50.00,50.00,2025-12-20 16:56:16.085 +0900
3051,0,0,0,0,0,0,0.00,0,0.00,,50.00,50.00,50.00,2025-12-20 16:56:16.091 +0900
3052,0,0,0,0,0,0,0.00,0,0.00,,50.00,50.00,50.00,2025-12-20 16:56:16.097 +0900
3053,0,0,0,0,0,0,0.00,0,0.00,,50.00,50.00,50.00,2025-12-20 16:56:16.103 +0900
3054,0,0,0,0,0,0,0.00,0,0.00,,50.00,50.00,50.00,2025-12-20 16:56:16.109 +0900
3055,0,0,0,0,0,0,0.00,0,0.00,,50.00,50.00,50.00,2025-12-20 16:56:16.115 +0900
3056,0,0,0,0,0,0,0.00,0,0.00,,50.00,50.00,50.00,2025-12-20 16:56:16.121 +0900
3057,0,0,0,0,0,0,0.00,0,0.00,,50.00,50.00,50.00,2025-12-20 16:56:16.127 +0900
3058,0,0,0,0,0,0,0.00,0,0.00,,50.00,50.00,50.00,2025-12-20 16:56:16.133 +0900
3059,0,0,0,0,0,0,0.00,0,0.00,,50.00,50.00,50.00,2025-12-20 16:56:16.140 +0900
3060,0,0,0,0,0,0,0.00,0,0.00,,50.00,50.00,50.00,2025-12-20 16:56:16.146 +0900
3061,0,0,0,0,0,0,0.00,0,0.00,,50.00,50.00,50.00,2025-12-20 16:56:16.152 +0900
3062,0,0,0,0,0,0,0.00,0,0.00,,50.00,50.00,50.00,2025-12-20 16:56:16.158 +0900
3063,0,0,0,0,0,0,0.00,0,0.00,,50.00,50.00,50.00,2025-12-20 16:56:16.164 +0900
3064,0,0,0,0,0,0,0.00,0,0.00,,50.00,50.00,50.00,2025-12-20 16:56:16.172 +0900
3065,0,0,0,0,0,0,0.00,0,0.00,,50.00,50.00,50.00,2025-12-20 16:56:16.179 +0900
3066,0,0,0,0,0,0,0.00,0,0.00,,50.00,50.00,50.00,2025-12-20 16:56:16.185 +0900
3067,0,0,0,0,0,0,0.00,0,0.00,,50.00,50.00,50.00,2025-12-20 16:56:16.191 +0900
3068,0,0,0,0,0,0,0.00,0,0.00,,50.00,50.00,50.00,2025-12-20 16:56:16.198 +0900
3069,0,0,0,0,0,0,0.00,0,0.00,,50.00,50.00,50.00,2025-12-20 16:56:16.204 +0900
3070,0,0,0,0,0,0,0.00,0,0.00,,50.00,50.00,50.00,2025-12-20 16:56:16.210 +0900
3071,0,0,0,0,0,0,0.00,0,0.00,,50.00,50.00,50.00,2025-12-20 16:56:16.217 +0900
3072,0,0,0,0,0,0,0.00,0,0.00,,50.00,50.00,50.00,2025-12-20 16:56:16.223 +0900
3073,0,0,0,0,0,0,0.00,0,0.00,,50.00,50.00,50.00,2025-12-20 16:56:16.229 +0900
3074,0,0,0,0,0,0,0.00,0,0.00,,50.00,50.00,50.00,2025-12-20 16:56:16.235 +0900
3075,0,0,0,0,0,0,0.00,0,0.00,,50.00,50.00,50.00,2025-12-20 16:56:16.241 +0900
3076,0,0,0,0,0,0,0.00,0,0.00,,50.00,50.00,50.00,2025-12-20 16:56:16.247 +0900
3077,0,0,0,0,0,0,0.00,0,0.00,,50.00,50.00,50.00,2025-12-20 16:56:16.253 +0900
3078,0,0,0,0,0,0,0.00,0,0.00,,50.00,50.00,50.00,2025-12-20 16:56:16.259 +0900
3079,0,0,0,0,0,0,0.00,0,0.00,,50.00,50.00,50.00,2025-12-20 16:56:16.265 +0900
3080,0,0,0,0,0,0,0.00,0,0.00,,50.00,50.00,50.00,2025-12-20 16:56:16.271 +0900
3081,0,0,0,0,0,0,0.00,0,0.00,,50.00,50.00,50.00,2025-12-20 16:56:16.278 +0900
3082,0,0,0,0,0,0,0.00,0,0.00,,50.00,50.00,50.00,2025-12-20 16:56:16.284 +0900
3083,0,0,0,0,0,0,0.00,0,0.00,,50.00,50.00,50.00,2025-12-20 16:56:16.290 +0900
3084,0,0,0,0,0,0,0.00,0,0.00,,50.00,50.00,50.00,2025-12-20 16:56:16.297 +0900
3085,0,0,0,0,0,0,0.00,0,0.00,,50.00,50.00,50.00,2025-12-20 16:56:16.304 +0900
3086,0,0,0,0,0,0,0.00,0,0.00,,50.00,50.00,50.00,2025-12-20 16:56:16.310 +0900
3087,0,0,0,0,0,0,0.00,0,0.00,,50.00,50.00,50.00,2025-12-20 16:56:16.316 +0900
3088,0,0,0,0,0,0,0.00,0,0.00,,50.00,50.00,50.00,2025-12-20 16:56:16.322 +0900
3089,0,0,0,0,0,0,0.00,0,0.00,,50.00,50.00,50.00,2025-12-20 16:56:16.329 +0900
3090,0,0,0,0,0,0,0.00,0,0.00,,50.00,50.00,50.00,2025-12-20 16:56:16.335 +0900
3091,0,0,0,0,0,0,0.00,0,0.00,,50.00,50.00,50.00,2025-12-20 16:56:16.342 +0900
3092,0,0,0,0,0,0,0.00,0,0.00,,50.00,50.00,50.00,2025-12-20 16:56:16.348 +0900
3093,0,0,0,0,0,0,0.00,0,0.00,,50.00,50.00,50.00,2025-12-20 16:56:16.354 +0900
3094,0,0,0,0,0,0,0.00,0,0.00,,50.00,50.00,50.00,2025-12-20 16:56:16.360 +0900
3095,0,0,0,0,0,0,0.00,0,0.00,,50.00,50.00,50.00,2025-12-20 16:56:16.366 +0900
3096,0,0,0,0,0,0,0.00,0,0.00,,50.00,50.00,50.00,2025-12-20 16:56:16.372 +0900
3097,0,0,0,0,0,0,0.00,0,0.00,,50.00,50.00,50.00,2025-12-20 16:56:16.378 +0900
3098,0,0,0,0,0,0,0.00,0,0.00,,50.00,50.00,50.00,2025-12-20 16:56:16.384 +0900
3099,0,0,0,0,0,0,0.00,0,0.00,,50.00,50.00,50.00,2025-12-20 16:56:16.391 +0900
3100,0,0,0,0,0,0,0.00,0,0.00,,50.00,50.00,50.00,2025-12-20 16:56:16.397 +0900
3101,0,0,0,0,0,0,0.00,0,0.00,,50.00,50.00,50.00,2025-12-20 16:56:16.403 +0900
3102,0,0,0,0,0,0,0.00,0,0.00,,50.00,50.00,50.00,2025-12-20 16:56:16.409 +0900
3103,0,0,0,0,0,0,0.00,0,0.00,,50.00,50.00,50.00,2025-12-20 16:56:16.415 +0900
3104,0,0,0,0,0,0,0.00,0,0.00,,50.00,50.00,50.00,2025-12-20 16:56:16.421 +0900
3105,0,0,0,0,0,0,0.00,0,0.00,,50.00,50.00,50.00,2025-12-20 16:56:16.427 +0900
3106,0,0,0,0,0,0,0.00,0,0.00,,50.00,50.00,50.00,2025-12-20 16:56:16.433 +0900
3107,0,0,0,0,0,0,0.00,0,0.00,,50.00,50.00,50.00,2025-12-20 16:56:16.440 +0900
3108,0,0,0,0,0,0,0.00,0,0.00,,50.00,50.00,50.00,2025-12-20 16:56:16.448 +0900
3109,0,0,0,0,0,0,0.00,0,0.00,,50.00,50.00,50.00,2025-12-20 16:56:16.454 +0900
3110,0,0,0,0,0,0,0.00,0,0.00,,50.00,50.00,50.00,2025-12-20 16:56:16.460 +0900
3111,0,0,0,0,0,0,0.00,0,0.00,,50.00,50.00,50.00,2025-12-20 16:56:16.467 +0900
3112,0,0,0,0,0,0,0.00,0,0.00,,50.00,50.00,50.00,2025-12-20 16:56:16.473 +0900
3113,0,0,0,0,0,0,0.00,0,0.00,,50.00,50.00,50.00,2025-12-20 16:56:16.479 +0900
3114,0,0,0,0,0,0,0.00,0,0.00,,50.00,50.00,50.00,2025-12-20 16:56:16.485 +0900
3115,0,0,0,0,0,0,0.00,0,0.00,,50.00,50.00,50.00,2025-12-20 16:56:16.491 +0900
3116,0,0,0,0,0,0,0.00,0,0.00,,50.00,50.00,50.00,2025-12-20 16:56:16.498 +0900
3117,0,0,0,0,0,0,0.00,0,0.00,,50.00,50.00,50.00,2025-12-20 16:56:16.504 +0900
3118,0,0,0,0,0,0,0.00,0,0.00,,50.00,50.00,50.00,2025-12-20 16:56:16.510 +0900
3119,0,0,0,0,0,0,0.00,0,0.00,,50.00,50.00,50.00,2025-12-20 16:56:16.517 +0900
3120,0,0,0,0,0,0,0.00,0,0.00,,50.00,50.00,50.00,2025-12-20 16:56:16.523 +0900
3121,0,0,0,0,0,0,0.00,0,0.00,,50.00,50.00,50.00,2025-12-20 16:56:16.529 +0900
3122,0,0,0,0,0,0,0.00,0,0.00,,50.00,50.00,50.00,2025-12-20 16:56:16.536 +0900
3123,0,0,0,0,0,0,0.00,0,0.00,,50.00,50.00,50.00,2025-12-20 16:56:16.542 +0900
3124,0,0,0,0,0,0,0.00,0,0.00,,50.00,50.00,50.00,2025-12-20 16:56:16.548 +0900
3125,0,0,0,0,0,0,0.00,0,0.00,,50.00,50.00,50.00,2025-12-20 16:56:16.554 +0900
3126,0,0,0,0,0,0,0.00,0,0.00,,50.00,50.00,50.00,2025-12-20 16:56:16.560 +0900
3127,0,0,0,0,0,0,0.00,0,0.00,,50.00,50.00,50.00,2025-12-20 16:56:16.567 +0900
3128,0,0,0,0,0,0,0.00,0,0.00,,50.00,50.00,50.00,2025-12-20 16:56:16.573 +0900
3129,0,0,0,0,0,0,0.00,0,0.00,,50.00,50.00,50.00,2025-12-20 16:56:16.579 +0900
3130,0,0,0,0,0,0,0.00,0,0.00,,50.00,50.00,50.00,2025-12-20 16:56:16.585 +0900
3131,0,0,0,0,0,0,0.00,0,0.00,,50.00,50.00,50.00,2025-12-20 16:56:16.591 +0900
3132,0,0,0,0,0,0,0.00,0,0.00,,50.00,50.00,50.00,2025-12-20 16:56:16.597 +0900
3133,0,0,0,0,0,0,0.00,0,0.00,,50.00,50.00,50.00,2025-12-20 16:56:16.603 +0900
3134,0,0,0,0,0,0,0.00,0,0.00,,50.00,50.00,50.00,2025-12-20 16:56:16.609 +0900
3135,0,0,0,0,0,0,0.00,0,0.00,,50.00,50.00,50.00,2025-12-20 16:56:16.615 +0900
3136,0,0,0,0,0,0,0.00,0,0.00,,50.00,50.00,50.00,2025-12-20 16:56:16.621 +0900
3137,0,0,0,0,0,0,0.00,0,0.00,,50.00,50.00,50.00,2025-12-20 16:56:16.627 +0900
3138,0,0,0,0,0,0,0.00,0,0.00,,50.00,50.00,50.00,2025-12-20 16:56:16.633 +0900
3139,0,0,0,0,0,0,0.00,0,0.00,,50.00,50.00,50.00,2025-12-20 16:56:16.639 +0900
3140,0,0,0,0,0,0,0.00,0,0.00,,50.00,50.00,50.00,2025-12-20 16:56:16.645 +0900
3141,0,0,0,0,0,0,0.00,0,0.00,,50.00,50.00,50.00,2025-12-20 16:56:16.651 +0900
3142,0,0,0,0,0,0,0.00,0,0.00,,50.00,50.00,50.00,2025-12-20 16:56:16.657 +0900
3143,0,0,0,0,0,0,0.00,0,0.00,,50.00,50.00,50.00,2025-12-20 16:56:16.663 +0900
3144,0,0,0,0,0,0,0.00,0,0.00,,50.00,50.00,50.00,2025-12-20 16:56:16.669 +0900
3145,0,0,0,0,0,0,0.00,0,0.00,,50.00,50.00,50.00,2025-12-20 16:56:16.675 +0900
3146,0,0,0,0,0,0,0.00,0,0.00,,50.00,50.00,50.00,2025-12-20 16:56:16.681 +0900
3147,0,0,0,0,0,0,0.00,0,0.00,,50.00,50.00,50.00,2025-12-20 16:56:16.688 +0900
3148,0,0,0,0,0,0,0.00,0,0.00,,50.00,50.00,50.00,2025-12-20 16:56:16.695 +0900
3149,0,0,0,0,0,0,0.00,0,0.00,,50.00,50.00,50.00,2025-12-20 16:56:16.702 +0900
3150,0,0,0,0,0,0,0.00,0,0.00,,50.00,50.00,50.00,2025-12-20 16:56:16.708 +0900
3151,0,0,0,0,0,0,0.00,0,0.00,,50.00,50.00,50.00,2025-12-20 16:56:16.714 +0900
3152,0,0,0,0,0,0,0.00,0,0.00,,50.00,50.00,50.00,2025-12-20 16:56:16.720 +0900
3153,0,0,0,0,0,0,0.00,0,0.00,,50.00,50.00,50.00,2025-12-20 16:56:16.727 +0900
3154,0,0,0,0,0,0,0.00,0,0.00,,50.00,50.00,50.00,2025-12-20 16:56:16.733 +0900
3155,0,0,0,0,0,0,0.00,0,0.00,,50.00,50.00,50.00,2025-12-20 16:56:16.739 +0900
3156,0,0,0,0,0,0,0.00,0,0.00,,50.00,50.00,50.00,2025-12-20 16:56:16.745 +0900
3157,0,0,0,0,0,0,0.00,0,0.00,,50.00,50.00,50.00,2025-12-20 16:56:16.751 +0900
3158,0,0,0,0,0,0,0.00,0,0.00,,50.00,50.00,50.00,2025-12-20 16:56:16.758 +0900
3159,0,0,0,0,0,0,0.00,0,0.00,,50.00,50.00,50.00,2025-12-20 16:56:16.763 +0900
3160,0,0,0,0,0,0,0.00,0,0.00,,50.00,50.00,50.00,2025-12-20 16:56:16.770 +0900
3161,0,0,0,0,0,0,0.00,0,0.00,,50.00,50.00,50.00,2025-12-20 16:56:16.776 +0900
3162,0,0,0,0,0,0,0.00,0,0.00,,50.00,50.00,50.00,2025-12-20 16:56:16.782 +0900
3163,0,0,0,0,0,0,0.00,0,0.00,,50.00,50.00,50.00,2025-12-20 16:56:16.788 +0900
3164,0,0,0,0,0,0,0.00,0,0.00,,50.00,50.00,50.00,2025-12-20 16:56:16.794 +0900
3165,0,0,0,0,0,0,0.00,0,0.00,,50.00,50.00,50.00,2025-12-20 16:56:16.800 +0900
3166,0,0,0,0,0,0,0.00,0,0.00,,50.00,50.00,50.00,2025-12-20 16:56:16.806 +0900
3167,0,0,0,0,0,0,0.00,0,0.00,,50.00,50.00,50.00,2025-12-20 16:56:16.812 +0900
3168,0,0,0,0,0,0,0.00,0,0.00,,50.00,50.00,50.00,2025-12-20 16:56:16.818 +0900
3169,0,0,0,0,0,0,0.00,0,0.00,,50.00,50.00,50.00,2025-12-20 16:56:16.825 +0900
3170,0,0,0,0,0,0,0.00,0,0.00,,50.00,50.00,50.00,2025-12-20 16:56:16.831 +0900
3171,0,0,0,0,0,0,0.00,0,0.00,,50.00,50.00,50.00,2025-12-20 16:56:16.837 +0900
3172,0,0,0,0,0,0,0.00,0,0.00,,50.00,50.00,50.00,2025-12-20 16:56:16.843 +0900
3173,0,0,0,0,0,0,0.00,0,0.00,,50.00,50.00,50.00,2025-12-20 16:56:16.849 +0900
3174,0,0,0,0,0,0,0.00,0,0.00,,50.00,50.00,50.00,2025-12-20 16:56:16.855 +0900
3175,0,0,0,0,0,0,0.00,0,0.00,,50.00,50.00,50.00,2025-12-20 16:56:16.861 +0900
3176,0,0,0,0,0,0,0.00,0,0.00,,50.00,50.00,50.00,2025-12-20 16:56:16.868 +0900
3177,0,0,0,0,0,0,0.00,0,0.00,,50.00,50.00,50.00,2025-12-20 16:56:16.874 +0900
3178,0,0,0,0,0,0,0.00,0,0.00,,50.00,50.00,50.00,2025-12-20 16:56:16.880 +0900
3179,0,0,0,0,0,0,0.00,0,0.00,,50.00,50.00,50.00,2025-12-20 16:56:16.887 +0900
3180,0,0,0,0,0,0,0.00,0,0.00,,50.00,50.00,50.00,2025-12-20 16:56:16.893 +0900
3181,0,0,0,0,0,0,0.00,0,0.00,,50.00,50.00,50.00,2025-12-20 16:56:16.899 +0900
3182,0,0,0,0,0,0,0.00,0,0.00,,50.00,50.00,50.00,2025-12-20 16:56:16.906 +0900
3183,0,0,0,0,0,0,0.00,0,0.00,,50.00,50.00,50.00,2025-12-20 16:56:16.912 +0900
3184,0,0,0,0,0,0,0.00,0,0.00,,50.00,50.00,50.00,2025-12-20 16:56:16.918 +0900
3185,0,0,0,0,0,0,0.00,0,0.00,,50.00,50.00,50.00,2025-12-20 16:56:16.924 +0900
3186,0,0,0,0,0,0,0.00,0,0.00,,50.00,50.00,50.00,2025-12-20 16:56:16.930 +0900
3187,0,0,0,0,0,0,0.00,0,0.00,,50.00,50.00,50.00,2025-12-20 16:56:16.937 +0900
3188,0,0,0,0,0,0,0.00,0,0.00,,50.00,50.00,50.00,2025-12-20 16:56:16.942 +0900
3189,0,0,0,0,0,0,0.00,0,0.00,,50.00,50.00,50.00,2025-12-20 16:56:16.948 +0900
3190,0,0,0,0,0,0,0.00,0,0.00,,50.00,50.00,50.00,2025-12-20 16:56:16.954 +0900
3191,0,0,0,0,0,0,0.00,0,0.00,,50.00,50.00,50.00,2025-12-20 16:56:16.960 +0900
3192,0,0,0,0,0,0,0.00,0,0.00,,50.00,50.00,50.00,2025-12-20 16:56:16.966 +0900
3193,0,0,0,0,0,0,0.00,0,0.00,,50.00,50.00,50.00,2025-12-20 16:56:16.972 +0900
3194,0,0,0,0,0,0,0.00,0,0.00,,50.00,50.00,50.00,2025-12-20 16:56:16.977 +0900
3195,0,0,0,0,0,0,0.00,0,0.00,,50.00,50.00,50.00,2025-12-20 16:56:16.983 +0900
3196,0,0,0,0,0,0,0.00,0,0.00,,50.00,50.00,50.00,2025-12-20 16:56:16.989 +0900
3197,0,0,0,0,0,0,0.00,0,0.00,,50.00,50.00,50.00,2025-12-20 16:56:16.995 +0900
3198,0,0,0,0,0,0,0.00,0,0.00,,50.00,50.00,50.00,2025-12-20 16:56:17.001 +0900
3199,0,0,0,0,0,0,0.00,0,0.00,,50.00,50.00,50.00,2025-12-20 16:56:17.007 +0900
3200,0,0,0,0,0,0,0.00,0,0.00,,50.00,50.00,50.00,2025-12-20 16:56:17.013 +0900
3201,0,0,0,0,0,0,0.00,0,0.00,,50.00,50.00,50.00,2025-12-20 16:56:17.019 +0900
3202,0,0,0,0,0,0,0.00,0,0.00,,50.00,50.00,50.00,2025-12-20 16:56:17.025 +0900
3203,0,0,0,0,0,0,0.00,0,0.00,,50.00,50.00,50.00,2025-12-20 16:56:17.031 +0900
3204,0,0,0,0,0,0,0.00,0,0.00,,50.00,50.00,50.00,2025-12-20 16:56:17.036 +0900
3205,0,0,0,0,0,0,0.00,0,0.00,,50.00,50.00,50.00,2025-12-20 16:56:17.042 +0900
3206,0,0,0,0,0,0,0.00,0,0.00,,50.00,50.00,50.00,2025-12-20 16:56:17.048 +0900
3207,0,0,0,0,0,0,0.00,0,0.00,,50.00,50.00,50.00,2025-12-20 16:56:17.054 +0900
3208,0,0,0,0,0,0,0.00,0,0.00,,50.00,50.00,50.00,2025-12-20 16:56:17.060 +0900
3209,0,0,0,0,0,0,0.00,0,0.00,,50.00,50.00,50.00,2025-12-20 16:56:17.066 +0900
3210,0,0,0,0,0,0,0.00,0,0.00,,50.00,50.00,50.00,2025-12-20 16:56:17.073 +0900
3211,0,0,0,0,0,0,0.00,0,0.00,,50.00,50.00,50.00,2025-12-20 16:56:17.079 +0900
3212,0,0,0,0,0,0,0.00,0,0.00,,50.00,50.00,50.00,2025-12-20 16:56:17.086 +0900
3213,0,0,0,0,0,0,0.00,0,0.00,,50.00,50.00,50.00,2025-12-20 16:56:17.092 +0900
3214,0,0,0,0,0,0,0.00,0,0.00,,50.00,50.00,50.00,2025-12-20 16:56:17.098 +0900
3215,0,0,0,0,0,0,0.00,0,0.00,,50.00,50.00,50.00,2025-12-20 16:56:17.104 +0900
3216,0,0,0,0,0,0,0.00,0,0.00,,50.00,50.00,50.00,2025-12-20 16:56:17.110 +0900
3217,0,0,0,0,0,0,0.00,0,0.00,,50.00,50.00,50.00,2025-12-20 16:56:17.116 +0900
3218,0,0,0,0,0,0,0.00,0,0.00,,50.00,50.00,50.00,2025-12-20 16:56:17.122 +0900
3219,0,0,0,0,0,0,0.00,0,0.00,,50.00,50.00,50.00,2025-12-20 16:56:17.128 +0900
3220,0,0,0,0,0,0,0.00,0,0.00,,50.00,50.00,50.00,2025-12-20 16:56:17.134 +0900
3221,0,0,0,0,0,0,0.00,0,0.00,,50.00,50.00,50.00,2025-12-20 16:56:17.140 +0900
3222,0,0,0,0,0,0,0.00,0,0.00,,50.00,50.00,50.00,2025-12-20 16:56:17.145 +0900
3223,0,0,0,0,0,0,0.00,0,0.00,,50.00,50.00,50.00,2025-12-20 16:56:17.151 +0900
3224,0,0,0,0,0,0,0.00,0,0.00,,50.00,50.00,50.00,2025-12-20 16:56:17.157 +0900
3225,0,0,0,0,0,0,0.00,0,0.00,,50.00,50.00,50.00,2025-12-20 16:56:17.162 +0900
3226,0,0,0,0,0,0,0.00,0,0.00,,50.00,50.00,50.00,2025-12-20 16:56:17.168 +0900
3227,0,0,0,0,0,0,0.00,0,0.00,,50.00,50.00,50.00,2025-12-20 16:56:17.174 +0900
3228,0,0,0,0,0,0,0.00,0,0.00,,50.00,50.00,50.00,2025-12-20 16:56:17.179 +0900
3229,0,0,0,0,0,0,0.00,0,0.00,,50.00,50.00,50.00,2025-12-20 16:56:17.185 +0900
3230,0,0,0,0,0,0,0.00,0,0.00,,50.00,50.00,50.00,2025-12-20 16:56:17.191 +0900
3231,0,0,0,0,0,0,0.00,0,0.00,,50.00,50.00,50.00,2025-12-20 16:56:17.197 +0900
3232,0,0,0,0,0,0,0.00,0,0.00,,50.00,50.00,50.00,2025-12-20 16:56:17.203 +0900
3233,0,0,0,0,0,0,0.00,0,0.00,,50.00,50.00,50.00,2025-12-20 16:56:17.209 +0900
3234,0,0,0,0,0,0,0.00,0,0.00,,50.00,50.00,50.00,2025-12-20 16:56:17.214 +0900
3235,0,0,0,0,0,0,0.00,0,0.00,,50.00,50.00,50.00,2025-12-20 16:56:17.221 +0900
3236,0,0,0,0,0,0,0.00,0,0.00,,50.00,50.00,50.00,2025-12-20 16:56:17.227 +0900
3237,0,0,0,0,0,0,0.00,0,0.00,,50.00,50.00,50.00,2025-12-20 16:56:17.232 +0900
3238,0,0,0,0,0,0,0.00,0,0.00,,50.00,50.00,50.00,2025-12-20 16:56:17.238 +0900
3239,0,0,0,0,0,0,0.00,0,0.00,,50.00,50.00,50.00,2025-12-20 16:56:17.244 +0900
3240,0,0,0,0,0,0,0.00,0,0.00,,50.00,50.00,50.00,2025-12-20 16:56:17.250 +0900
3241,0,0,0,0,0,0,0.00,0,0.00,,50.00,50.00,50.00,2025-12-20 16:56:17.256 +0900
3242,0,0,0,0,0,0,0.00,0,0.00,,50.00,50.00,50.00,2025-12-20 16:56:17.262 +0900
3243,0,0,0,0,0,0,0.00,0,0.00,,50.00,50.00,50.00,2025-12-20 16:56:17.268 +0900
3244,0,0,0,0,0,0,0.00,0,0.00,,50.00,50.00,50.00,2025-12-20 16:56:17.274 +0900
3245,0,0,0,0,0,0,0.00,0,0.00,,50.00,50.00,50.00,2025-12-20 16:56:17.279 +0900
3246,0,0,0,0,0,0,0.00,0,0.00,,50.00,50.00,50.00,2025-12-20 16:56:17.285 +0900
3247,0,0,0,0,0,0,0.00,0,0.00,,50.00,50.00,50.00,2025-12-20 16:56:17.291 +0900
3248,0,0,0,0,0,0,0.00,0,0.00,,50.00,50.00,50.00,2025-12-20 16:56:17.297 +0900
3249,0,0,0,0,0,0,0.00,0,0.00,,50.00,50.00,50.00,2025-12-20 16:56:17.303 +0900
3250,0,0,0,0,0,0,0.00,0,0.00,,50.00,50.00,50.00,2025-12-20 16:56:17.308 +0900
3251,0,0,0,0,0,0,0.00,0,0.00,,50.00,50.00,50.00,2025-12-20 16:56:17.314 +0900
3252,0,0,0,0,0,0,0.00,0,0.00,,50.00,50.00,50.00,2025-12-20 16:56:17.320 +0900
3253,0,0,0,0,0,0,0.00,0,0.00,,50.00,50.00,50.00,2025-12-20 16:56:17.325 +0900
3254,0,0,0,0,0,0,0.00,0,0.00,,50.00,50.00,50.00,2025-12-20 16:56:17.331 +0900
3255,0,0,0,0,0,0,0.00,0,0.00,,50.00,50.00,50.00,2025-12-20 16:56:17.337 +0900
3256,0,0,0,0,0,0,0.00,0,0.00,,50.00,50.00,50.00,2025-12-20 16:56:17.343 +0900
3257,0,0,0,0,0,0,0.00,0,0.00,,50.00,50.00,50.00,2025-12-20 16:56:17.350 +0900
3258,0,0,0,0,0,0,0.00,0,0.00,,50.00,50.00,50.00,2025-12-20 16:56:17.355 +0900
3259,0,0,0,0,0,0,0.00,0,0.00,,50.00,50.00,50.00,2025-12-20 16:56:17.361 +0900
3260,0,0,0,0,0,0,0.00,0,0.00,,50.00,50.00,50.00,2025-12-20 16:56:17.367 +0900
3261,0,0,0,0,0,0,0.00,0,0.00,,50.00,50.00,50.00,2025-12-20 16:56:17.373 +0900
3262,0,0,0,0,0,0,0.00,0,0.00,,50.00,50.00,50.00,2025-12-20 16:56:17.379 +0900
3263,0,0,0,0,0,0,0.00,0,0.00,,50.00,50.00,50.00,2025-12-20 16:56:17.384 +0900
3264,0,0,0,0,0,0,0.00,0,0.00,,50.00,50.00,50.00,2025-12-20 16:56:17.390 +0900
3265,0,0,0,0,0,0,0.00,0,0.00,,50.00,50.00,50.00,2025-12-20 16:56:17.396 +0900
3266,0,0,0,0,0,0,0.00,0,0.00,,50.00,50.00,50.00,2025-12-20 16:56:17.401 +0900
3267,0,0,0,0,0,0,0.00,0,0.00,,50.00,50.00,50.00,2025-12-20 16:56:17.408 +0900
3268,0,0,0,0,0,0,0.00,0,0.00,,50.00,50.00,50.00,2025-12-20 16:56:17.414 +0900
3269,0,0,0,0,0,0,0.00,0,0.00,,50.00,50.00,50.00,2025-12-20 16:56:17.420 +0900
3270,0,0,0,0,0,0,0.00,0,0.00,,50.00,50.00,50.00,2025-12-20 16:56:17.426 +0900
3271,0,0,0,0,0,0,0.00,0,0.00,,50.00,50.00,50.00,2025-12-20 16:56:17.432 +0900
3272,0,0,0,0,0,0,0.00,0,0.00,,50.00,50.00,50.00,2025-12-20 16:56:17.437 +0900
3273,0,0,0,0,0,0,0.00,0,0.00,,50.00,50.00,50.00,2025-12-20 16:56:17.442 +0900
3274,0,0,0,0,0,0,0.00,0,0.00,,50.00,50.00,50.00,2025-12-20 16:56:17.448 +0900
3275,0,0,0,0,0,0,0.00,0,0.00,,50.00,50.00,50.00,2025-12-20 16:56:17.453 +0900
3276,0,0,0,0,0,0,0.00,0,0.00,,50.00,50.00,50.00,2025-12-20 16:56:17.459 +0900
3277,0,0,0,0,0,0,0.00,0,0.00,,50.00,50.00,50.00,2025-12-20 16:56:17.465 +0900
3278,0,0,0,0,0,0,0.00,0,0.00,,50.00,50.00,50.00,2025-12-20 16:56:17.471 +0900
3279,0,0,0,0,0,0,0.00,0,0.00,,50.00,50.00,50.00,2025-12-20 16:56:17.476 +0900
3280,0,0,0,0,0,0,0.00,0,0.00,,50.00,50.00,50.00,2025-12-20 16:56:17.482 +0900
3281,0,0,0,0,0,0,0.00,0,0.00,,50.00,50.00,50.00,2025-12-20 16:56:17.487 +0900
3282,0,0,0,0,0,0,0.00,0,0.00,,50.00,50.00,50.00,2025-12-20 16:56:17.493 +0900
3283,0,0,0,0,0,0,0.00,0,0.00,,50.00,50.00,50.00,2025-12-20 16:56:17.499 +0900
3284,0,0,0,0,0,0,0.00,0,0.00,,50.00,50.00,50.00,2025-12-20 16:56:17.504 +0900
3285,0,0,0,0,0,0,0.00,0,0.00,,50.00,50.00,50.00,2025-12-20 16:56:17.510 +0900
3286,0,0,0,0,0,0,0.00,0,0.00,,50.00,50.00,50.00,2025-12-20 16:56:17.515 +0900
3287,0,0,0,0,0,0,0.00,0,0.00,,50.00,50.00,50.00,2025-12-20 16:56:17.521 +0900
3288,0,0,0,0,0,0,0.00,0,0.00,,50.00,50.00,50.00,2025-12-20 16:56:17.527 +0900
3289,0,0,0,0,0,0,0.00,0,0.00,,50.00,50.00,50.00,2025-12-20 16:56:17.533 +0900
3290,0,0,0,0,0,0,0.00,0,0.00,,50.00,50.00,50.00,2025-12-20 16:56:17.539 +0900
3291,0,0,0,0,0,0,0.00,0,0.00,,50.00,50.00,50.00,2025-12-20 16:56:17.545 +0900
3292,0,0,0,0,0,0,0.00,0,0.00,,50.00,50.00,50.00,2025-12-20 16:56:17.551 +0900
3293,0,0,0,0,0,0,0.00,0,0.00,,50.00,50.00,50.00,2025-12-20 16:56:17.556 +0900
3294,0,0,0,0,0,0,0.00,0,0.00,,50.00,50.00,50.00,2025-12-20 16:56:17.564 +0900
3295,0,0,0,0,0,0,0.00,0,0.00,,50.00,50.00,50.00,2025-12-20 16:56:17.570 +0900
3296,0,0,0,0,0,0,0.00,0,0.00,,50.00,50.00,50.00,2025-12-20 16:56:17.576 +0900
3297,0,0,0,0,0,0,0.00,0,0.00,,50.00,50.00,50.00,2025-12-20 16:56:17.582 +0900
3298,0,0,0,0,0,0,0.00,0,0.00,,50.00,50.00,50.00,2025-12-20 16:56:17.587 +0900
3299,0,0,0,0,0,0,0.00,0,0.00,,50.00,50.00,50.00,2025-12-20 16:56:17.593 +0900
3300,0,0,0,0,0,0,0.00,0,0.00,,50.00,50.00,50.00,2025-12-20 16:56:17.599 +0900
3301,0,0,0,0,0,0,0.00,0,0.00,,50.00,50.00,50.00,2025-12-20 16:56:17.605 +0900
3302,0,0,0,0,0,0,0.00,0,0.00,,50.00,50.00,50.00,2025-12-20 16:56:17.611 +0900
3303,0,0,0,0,0,0,0.00,0,0.00,,50.00,50.00,50.00,2025-12-20 16:56:17.617 +0900
3304,0,0,0,0,0,0,0.00,0,0.00,,50.00,50.00,50.00,2025-12-20 16:56:17.623 +0900
3305,0,0,0,0,0,0,0.00,0,0.00,,50.00,50.00,50.00,2025-12-20 16:56:17.629 +0900
3306,0,0,0,0,0,0,0.00,0,0.00,,50.00,50.00,50.00,2025-12-20 16:56:17.634 +0900
3307,0,0,0,0,0,0,0.00,0,0.00,,50.00,50.00,50.00,2025-12-20 16:56:17.640 +0900
3308,0,0,0,0,0,0,0.00,0,0.00,,50.00,50.00,50.00,2025-12-20 16:56:17.646 +0900
3309,0,0,0,0,0,0,0.00,0,0.00,,50.00,50.00,50.00,2025-12-20 16:56:17.652 +0900
3310,0,0,0,0,0,0,0.00,0,0.00,,50.00,50.00,50.00,2025-12-20 16:56:17.657 +0900
3311,0,0,0,0,0,0,0.00,0,0.00,,50.00,50.00,50.00,2025-12-20 16:56:17.663 +0900
3312,0,0,0,0,0,0,0.00,0,0.00,,50.00,50.00,50.00,2025-12-20 16:56:17.669 +0900
3313,0,0,0,0,0,0,0.00,0,0.00,,50.00,50.00,50.00,2025-12-20 16:56:17.675 +0900
3314,0,0,0,0,0,0,0.00,0,0.00,,50.00,50.00,50.00,2025-12-20 16:56:17.680 +0900
3315,0,0,0,0,0,0,0.00,0,0.00,,50.00,50.00,50.00,2025-12-20 16:56:17.686 +0900
3316,0,0,0,0,0,0,0.00,0,0.00,,50.00,50.00,50.00,2025-12-20 16:56:17.692 +0900
3317,0,0,0,0,0,0,0.00,0,0.00,,50.00,50.00,50.00,2025-12-20 16:56:17.698 +0900
3318,0,0,0,0,0,0,0.00,0,0.00,,50.00,50.00,50.00,2025-12-20 16:56:17.704 +0900
3319,0,0,0,0,0,0,0.00,0,0.00,,50.00,50.00,50.00,2025-12-20 16:56:17.710 +0900
3320,0,0,0,0,0,0,0.00,0,0.00,,50.00,50.00,50.00,2025-12-20 16:56:17.715 +0900
3321,0,0,0,0,0,0,0.00,0,0.00,,50.00,50.00,50.00,2025-12-20 16:56:17.721 +0900
3322,0,0,0,0,0,0,0.00,0,0.00,,50.00,50.00,50.00,2025-12-20 16:56:17.727 +0900
3323,0,0,0,0,0,0,0.00,0,0.00,,50.00,50.00,50.00,2025-12-20 16:56:17.733 +0900
3324,0,0,0,0,0,0,0.00,0,0.00,,50.00,50.00,50.00,2025-12-20 16:56:17.739 +0900
3325,0,0,0,0,0,0,0.00,0,0.00,,50.00,50.00,50.00,2025-12-20 16:56:17.744 +0900
3326,0,0,0,0,0,0,0.00,0,0.00,,50.00,50.00,50.00,2025-12-20 16:56:17.750 +0900
3327,0,0,0,0,0,0,0.00,0,0.00,,50.00,50.00,50.00,2025-12-20 16:56:17.756 +0900
3328,0,0,0,0,0,0,0.00,0,0.00,,50.00,50.00,50.00,2025-12-20 16:56:17.761 +0900
3329,0,0,0,0,0,0,0.00,0,0.00,,50.00,50.00,50.00,2025-12-20 16:56:17.767 +0900
3330,0,0,0,0,0,0,0.00,0,0.00,,50.00,50.00,50.00,2025-12-20 16:56:17.772 +0900
3331,0,0,0,0,0,0,0.00,0,0.00,,50.00,50.00,50.00,2025-12-20 16:56:17.778 +0900
3332,0,0,0,0,0,0,0.00,0,0.00,,50.00,50.00,50.00,2025-12-20 16:56:17.784 +0900
3333,0,0,0,0,0,0,0.00,0,0.00,,50.00,50.00,50.00,2025-12-20 16:56:17.790 +0900
3334,0,0,0,0,0,0,0.00,0,0.00,,50.00,50.00,50.00,2025-12-20 16:56:17.796 +0900
3335,0,0,0,0,0,0,0.00,0,0.00,,50.00,50.00,50.00,2025-12-20 16:56:17.801 +0900
3336,0,0,0,0,0,0,0.00,0,0.00,,50.00,50.00,50.00,2025-12-20 16:56:17.807 +0900
3337,0,0,0,0,0,0,0.00,0,0.00,,50.00,50.00,50.00,2025-12-20 16:56:17.813 +0900
3338,0,0,0,0,0,0,0.00,0,0.00,,50.00,50.00,50.00,2025-12-20 16:56:17.819 +0900
3339,0,0,0,0,0,0,0.00,0,0.00,,50.00,50.00,50.00,2025-12-20 16:56:17.824 +0900
3340,0,0,0,0,0,0,0.00,0,0.00,,50.00,50.00,50.00,2025-12-20 16:56:17.830 +0900
3341,0,0,0,0,0,0,0.00,0,0.00,,50.00,50.00,50.00,2025-12-20 16:56:17.836 +0900
3342,0,0,0,0,0,0,0.00,0,0.00,,50.00,50.00,50.00,2025-12-20 16:56:17.841 +0900
3343,0,0,0,0,0,0,0.00,0,0.00,,50.00,50.00,50.00,2025-12-20 16:56:17.847 +0900
3344,0,0,0,0,0,0,0.00,0,0.00,,50.00,50.00,50.00,2025-12-20 16:56:17.852 +0900
3345,0,0,0,0,0,0,0.00,0,0.00,,50.00,50.00,50.00,2025-12-20 16:56:17.858 +0900
3346,0,0,0,0,0,0,0.00,0,0.00,,50.00,50.00,50.00,2025-12-20 16:56:17.864 +0900
3347,0,0,0,0,0,0,0.00,0,0.00,,50.00,50.00,50.00,2025-12-20 16:56:17.870 +0900
3348,0,0,0,0,0,0,0.00,0,0.00,,50.00,50.00,50.00,2025-12-20 16:56:17.875 +0900
3349,0,0,0,0,0,0,0.00,0,0.00,,50.00,50.00,50.00,2025-12-20 16:56:17.881 +0900
3350,0,0,0,0,0,0,0.00,0,0.00,,50.00,50.00,50.00,2025-12-20 16:56:17.887 +0900
3351,0,0,0,0,0,0,0.00,0,0.00,,50.00,50.00,50.00,2025-12-20 16:56:17.894 +0900
3352,0,0,0,0,0,0,0.00,0,0.00,,50.00,50.00,50.00,2025-12-20 16:56:17.900 +0900
3353,0,0,0,0,0,0,0.00,0,0.00,,50.00,50.00,50.00,2025-12-20 16:56:17.906 +0900
3354,0,0,0,0,0,0,0.00,0,0.00,,50.00,50.00,50.00,2025-12-20 16:56:17.913 +0900
3355,0,0,0,0,0,0,0.00,0,0.00,,50.00,50.00,50.00,2025-12-20 16:56:17.919 +0900
3356,0,0,0,0,0,0,0.00,0,0.00,,50.00,50.00,50.00,2025-12-20 16:56:17.924 +0900
3357,0,0,0,0,0,0,0.00,0,0.00,,50.00,50.00,50.00,2025-12-20 16:56:17.930 +0900
3358,0,0,0,0,0,0,0.00,0,0.00,,50.00,50.00,50.00,2025-12-20 16:56:17.936 +0900
3359,0,0,0,0,0,0,0.00,0,0.00,,50.00,50.00,50.00,2025-12-20 16:56:17.941 +0900
3360,0,0,0,0,0,0,0.00,0,0.00,,50.00,50.00,50.00,2025-12-20 16:56:17.948 +0900
3361,0,0,0,0,0,0,0.00,0,0.00,,50.00,50.00,50.00,2025-12-20 16:56:17.954 +0900
3362,0,0,0,0,0,0,0.00,0,0.00,,50.00,50.00,50.00,2025-12-20 16:56:17.960 +0900
3363,0,0,0,0,0,0,0.00,0,0.00,,50.00,50.00,50.00,2025-12-20 16:56:17.965 +0900
3364,0,0,0,0,0,0,0.00,0,0.00,,50.00,50.00,50.00,2025-12-20 16:56:17.971 +0900
3365,0,0,0,0,0,0,0.00,0,0.00,,50.00,50.00,50.00,2025-12-20 16:56:17.977 +0900
3366,0,0,0,0,0,0,0.00,0,0.00,,50.00,50.00,50.00,2025-12-20 16:56:17.983 +0900
3367,0,0,0,0,0,0,0.00,0,0.00,,50.00,50.00,50.00,2025-12-20 16:56:17.989 +0900
3368,0,0,0,0,0,0,0.00,0,0.00,,50.00,50.00,50.00,2025-12-20 16:56:17.995 +0900
3369,0,0,0,0,0,0,0.00,0,0.00,,50.00,50.00,50.00,2025-12-20 16:56:18.001 +0900
3370,0,0,0,0,0,0,0.00,0,0.00,,50.00,50.00,50.00,2025-12-20 16:56:18.007 +0900
3371,0,0,0,0,0,0,0.00,0,0.00,,50.00,50.00,50.00,2025-12-20 16:56:18.013 +0900
3372,0,0,0,0,0,0,0.00,0,0.00,,50.00,50.00,50.00,2025-12-20 16:56:18.019 +0900
3373,0,0,0,0,0,0,0.00,0,0.00,,50.00,50.00,50.00,2025-12-20 16:56:18.024 +0900
3374,0,0,0,0,0,0,0.00,0,0.00,,50.00,50.00,50.00,2025-12-20 16:56:18.030 +0900
3375,0,0,0,0,0,0,0.00,0,0.00,,50.00,50.00,50.00,2025-12-20 16:56:18.036 +0900
3376,0,0,0,0,0,0,0.00,0,0.00,,50.00,50.00,50.00,2025-12-20 16:56:18.042 +0900
3377,0,0,0,0,0,0,0.00,0,0.00,,50.00,50.00,50.00,2025-12-20 16:56:18.048 +0900
3378,0,0,0,0,0,0,0.00,0,0.00,,50.00,50.00,50.00,2025-12-20 16:56:18.053 +0900
3379,0,0,0,0,0,0,0.00,0,0.00,,50.00,50.00,50.00,2025-12-20 16:56:18.059 +0900
3380,0,0,0,0,0,0,0.00,0,0.00,,50.00,50.00,50.00,2025-12-20 16:56:18.065 +0900
3381,0,0,0,0,0,0,0.00,0,0.00,,50.00,50.00,50.00,2025-12-20 16:56:18.071 +0900
3382,0,0,0,0,0,0,0.00,0,0.00,,50.00,50.00,50.00,2025-12-20 16:56:18.077 +0900
3383,0,0,0,0,0,0,0.00,0,0.00,,50.00,50.00,50.00,2025-12-20 16:56:18.082 +0900
3384,0,0,0,0,0,0,0.00,0,0.00,,50.00,50.00,50.00,2025-12-20 16:56:18.088 +0900
3385,0,0,0,0,0,0,0.00,0,0.00,,50.00,50.00,50.00,2025-12-20 16:56:18.094 +0900
3386,0,0,0,0,0,0,0.00,0,0.00,,50.00,50.00,50.00,2025-12-20 16:56:18.100 +0900
3387,0,0,0,0,0,0,0.00,0,0.00,,50.00,50.00,50.00,2025-12-20 16:56:18.105 +0900
3388,0,0,0,0,0,0,0.00,0,0.00,,50.00,50.00,50.00,2025-12-20 16:56:18.112 +0900
3389,0,0,0,0,0,0,0.00,0,0.00,,50.00,50.00,50.00,2025-12-20 16:56:18.117 +0900
3390,0,0,0,0,0,0,0.00,0,0.00,,50.00,50.00,50.00,2025-12-20 16:56:18.123 +0900
3391,0,0,0,0,0,0,0.00,0,0.00,,50.00,50.00,50.00,2025-12-20 16:56:18.129 +0900
3392,0,0,0,0,0,0,0.00,0,0.00,,50.00,50.00,50.00,2025-12-20 16:56:18.135 +0900
3393,0,0,0,0,0,0,0.00,0,0.00,,50.00,50.00,50.00,2025-12-20 16:56:18.141 +0900
3394,0,0,0,0,0,0,0.00,0,0.00,,50.00,50.00,50.00,2025-12-20 16:56:18.147 +0900
3395,0,0,0,0,0,0,0.00,0,0.00,,50.00,50.00,50.00,2025-12-20 16:56:18.153 +0900
3396,0,0,0,0,0,0,0.00,0,0.00,,50.00,50.00,50.00,2025-12-20 16:56:18.159 +0900
3397,0,0,0,0,0,0,0.00,0,0.00,,50.00,50.00,50.00,2025-12-20 16:56:18.166 +0900
3398,0,0,0,0,0,0,0.00,0,0.00,,50.00,50.00,50.00,2025-12-20 16:56:18.171 +0900
3399,0,0,0,0,0,0,0.00,0,0.00,,50.00,50.00,50.00,2025-12-20 16:56:18.177 +0900
3400,0,0,0,0,0,0,0.00,0,0.00,,50.00,50.00,50.00,2025-12-20 16:56:18.183 +0900
3401,0,0,0,0,0,0,0.00,0,0.00,,50.00,50.00,50.00,2025-12-20 16:56:18.189 +0900
3402,0,0,0,0,0,0,0.00,0,0.00,,50.00,50.00,50.00,2025-12-20 16:56:18.195 +0900
3403,0,0,0,0,0,0,0.00,0,0.00,,50.00,50.00,50.00,2025-12-20 16:56:18.201 +0900
3404,0,0,0,0,0,0,0.00,0,0.00,,50.00,50.00,50.00,2025-12-20 16:56:18.207 +0900
3405,0,0,0,0,0,0,0.00,0,0.00,,50.00,50.00,50.00,2025-12-20 16:56:18.213 +0900
3406,0,0,0,0,0,0,0.00,0,0.00,,50.00,50.00,50.00,2025-12-20 16:56:18.220 +0900
3407,0,0,0,0,0,0,0.00,0,0.00,,50.00,50.00,50.00,2025-12-20 16:56:18.226 +0900
3408,0,0,0,0,0,0,0.00,0,0.00,,50.00,50.00,50.00,2025-12-20 16:56:18.232 +0900
3409,0,0,0,0,0,0,0.00,0,0.00,,50.00,50.00,50.00,2025-12-20 16:56:18.237 +0900
3410,0,0,0,0,0,0,0.00,0,0.00,,50.00,50.00,50.00,2025-12-20 16:56:18.243 +0900
3411,0,0,0,0,0,0,0.00,0,0.00,,50.00,50.00,50.00,2025-12-20 16:56:18.249 +0900
3412,0,0,0,0,0,0,0.00,0,0.00,,50.00,50.00,50.00,2025-12-20 16:56:18.255 +0900
3413,0,0,0,0,0,0,0.00,0,0.00,,50.00,50.00,50.00,2025-12-20 16:56:18.262 +0900
3414,0,0,0,0,0,0,0.00,0,0.00,,50.00,50.00,50.00,2025-12-20 16:56:18.267 +0900
3415,0,0,0,0,0,0,0.00,0,0.00,,50.00,50.00,50.00,2025-12-20 16:56:18.273 +0900
3416,0,0,0,0,0,0,0.00,0,0.00,,50.00,50.00,50.00,2025-12-20 16:56:18.279 +0900
3417,0,0,0,0,0,0,0.00,0,0.00,,50.00,50.00,50.00,2025-12-20 16:56:18.285 +0900
3418,0,0,0,0,0,0,0.00,0,0.00,,50.00,50.00,50.00,2025-12-20 16:56:18.292 +0900
3419,0,0,0,0,0,0,0.00,0,0.00,,50.00,50.00,50.00,2025-12-20 16:56:18.298 +0900
3420,0,0,0,0,0,0,0.00,0,0.00,,50.00,50.00,50.00,2025-12-20 16:56:18.304 +0900
3421,0,0,0,0,0,0,0.00,0,0.00,,50.00,50.00,50.00,2025-12-20 16:56:18.310 +0900
3422,0,0,0,0,0,0,0.00,0,0.00,,50.00,50.00,50.00,2025-12-20 16:56:18.316 +0900
3423,0,0,0,0,0,0,0.00,0,0.00,,50.00,50.00,50.00,2025-12-20 16:56:18.322 +0900
3424,0,0,0,0,0,0,0.00,0,0.00,,50.00,50.00,50.00,2025-12-20 16:56:18.328 +0900
3425,0,0,0,0,0,0,0.00,0,0.00,,50.00,50.00,50.00,2025-12-20 16:56:18.334 +0900
3426,0,0,0,0,0,0,0.00,0,0.00,,50.00,50.00,50.00,2025-12-20 16:56:18.340 +0900
3427,0,0,0,0,0,0,0.00,0,0.00,,50.00,50.00,50.00,2025-12-20 16:56:18.346 +0900
3428,0,0,0,0,0,0,0.00,0,0.00,,50.00,50.00,50.00,2025-12-20 16:56:18.352 +0900
3429,0,0,0,0,0,0,0.00,0,0.00,,50.00,50.00,50.00,2025-12-20 16:56:18.358 +0900
3430,0,0,0,0,0,0,0.00,0,0.00,,50.00,50.00,50.00,2025-12-20 16:56:18.364 +0900
3431,0,0,0,0,0,0,0.00,0,0.00,,50.00,50.00,50.00,2025-12-20 16:56:18.370 +0900
3432,0,0,0,0,0,0,0.00,0,0.00,,50.00,50.00,50.00,2025-12-20 16:56:18.376 +0900
3433,0,0,0,0,0,0,0.00,0,0.00,,50.00,50.00,50.00,2025-12-20 16:56:18.382 +0900
3434,0,0,0,0,0,0,0.00,0,0.00,,50.00,50.00,50.00,2025-12-20 16:56:18.388 +0900
3435,0,0,0,0,0,0,0.00,0,0.00,,50.00,50.00,50.00,2025-12-20 16:56:18.395 +0900
3436,0,0,0,0,0,0,0.00,0,0.00,,50.00,50.00,50.00,2025-12-20 16:56:18.401 +0900
3437,0,0,0,0,0,0,0.00,0,0.00,,50.00,50.00,50.00,2025-12-20 16:56:18.407 +0900
3438,0,0,0,0,0,0,0.00,0,0.00,,50.00,50.00,50.00,2025-12-20 16:56:18.413 +0900
3439,0,0,0,0,0,0,0.00,0,0.00,,50.00,50.00,50.00,2025-12-20 16:56:18.419 +0900
3440,0,0,0,0,0,0,0.00,0,0.00,,50.00,50.00,50.00,2025-12-20 16:56:18.424 +0900
3441,0,0,0,0,0,0,0.00,0,0.00,,50.00,50.00,50.00,2025-12-20 16:56:18.430 +0900
3442,0,0,0,0,0,0,0.00,0,0.00,,50.00,50.00,50.00,2025-12-20 16:56:18.436 +0900
3443,0,0,0,0,0,0,0.00,0,0.00,,50.00,50.00,50.00,2025-12-20 16:56:18.442 +0900
3444,0,0,0,0,0,0,0.00,0,0.00,,50.00,50.00,50.00,2025-12-20 16:56:18.448 +0900
3445,0,0,0,0,0,0,0.00,0,0.00,,50.00,50.00,50.00,2025-12-20 16:56:18.454 +0900
3446,0,0,0,0,0,0,0.00,0,0.00,,50.00,50.00,50.00,2025-12-20 16:56:18.460 +0900
3447,0,0,0,0,0,0,0.00,0,0.00,,50.00,50.00,50.00,2025-12-20 16:56:18.466 +0900
3448,0,0,0,0,0,0,0.00,0,0.00,,50.00,50.00,50.00,2025-12-20 16:56:18.472 +0900
3449,0,0,0,0,0,0,0.00,0,0.00,,50.00,50.00,50.00,2025-12-20 16:56:18.478 +0900
3450,0,0,0,0,0,0,0.00,0,0.00,,50.00,50.00,50.00,2025-12-20 16:56:18.484 +0900
3451,0,0,0,0,0,0,0.00,0,0.00,,50.00,50.00,50.00,2025-12-20 16:56:18.490 +0900
3452,0,0,0,0,0,0,0.00,0,0.00,,50.00,50.00,50.00,2025-12-20 16:56:18.496 +0900
3453,0,0,0,0,0,0,0.00,0,0.00,,50.00,50.00,50.00,2025-12-20 16:56:18.502 +0900
3454,0,0,0,0,0,0,0.00,0,0.00,,50.00,50.00,50.00,2025-12-20 16:56:18.508 +0900
3455,0,0,0,0,0,0,0.00,0,0.00,,50.00,50.00,50.00,2025-12-20 16:56:18.514 +0900
3456,0,0,0,0,0,0,0.00,0,0.00,,50.00,50.00,50.00,2025-12-20 16:56:18.520 +0900
3457,0,0,0,0,0,0,0.00,0,0.00,,50.00,50.00,50.00,2025-12-20 16:56:18.527 +0900
3458,0,0,0,0,0,0,0.00,0,0.00,,50.00,50.00,50.00,2025-12-20 16:56:18.533 +0900
3459,0,0,0,0,0,0,0.00,0,0.00,,50.00,50.00,50.00,2025-12-20 16:56:18.538 +0900
3460,0,0,0,0,0,0,0.00,0,0.00,,50.00,50.00,50.00,2025-12-20 16:56:18.544 +0900
3461,0,0,0,0,0,0,0.00,0,0.00,,50.00,50.00,50.00,2025-12-20 16:56:18.550 +0900
3462,0,0,0,0,0,0,0.00,0,0.00,,50.00,50.00,50.00,2025-12-20 16:56:18.556 +0900
3463,0,0,0,0,0,0,0.00,0,0.00,,50.00,50.00,50.00,2025-12-20 16:56:18.563 +0900
3464,0,0,0,0,0,0,0.00,0,0.00,,50.00,50.00,50.00,2025-12-20 16:56:18.569 +0900
3465,0,0,0,0,0,0,0.00,0,0.00,,50.00,50.00,50.00,2025-12-20 16:56:18.575 +0900
3466,0,0,0,0,0,0,0.00,0,0.00,,50.00,50.00,50.00,2025-12-20 16:56:18.581 +0900
3467,0,0,0,0,0,0,0.00,0,0.00,,50.00,50.00,50.00,2025-12-20 16:56:18.588 +0900
3468,0,0,0,0,0,0,0.00,0,0.00,,50.00,50.00,50.00,2025-12-20 16:56:18.594 +0900
3469,0,0,0,0,0,0,0.00,0,0.00,,50.00,50.00,50.00,2025-12-20 16:56:18.600 +0900
3470,0,0,0,0,0,0,0.00,0,0.00,,50.00,50.00,50.00,2025-12-20 16:56:18.606 +0900
3471,0,0,0,0,0,0,0.00,0,0.00,,50.00,50.00,50.00,2025-12-20 16:56:18.612 +0900
3472,0,0,0,0,0,0,0.00,0,0.00,,50.00,50.00,50.00,2025-12-20 16:56:18.618 +0900
3473,0,0,0,0,0,0,0.00,0,0.00,,50.00,50.00,50.00,2025-12-20 16:56:18.624 +0900
3474,0,0,0,0,0,0,0.00,0,0.00,,50.00,50.00,50.00,2025-12-20 16:56:18.630 +0900
3475,0,0,0,0,0,0,0.00,0,0.00,,50.00,50.00,50.00,2025-12-20 16:56:18.636 +0900
3476,0,0,0,0,0,0,0.00,0,0.00,,50.00,50.00,50.00,2025-12-20 16:56:18.642 +0900
3477,0,0,0,0,0,0,0.00,0,0.00,,50.00,50.00,50.00,2025-12-20 16:56:18.648 +0900
3478,0,0,0,0,0,0,0.00,0,0.00,,50.00,50.00,50.00,2025-12-20 16:56:18.654 +0900
3479,0,0,0,0,0,0,0.00,0,0.00,,50.00,50.00,50.00,2025-12-20 16:56:18.660 +0900
3480,0,0,0,0,0,0,0.00,0,0.00,,50.00,50.00,50.00,2025-12-20 16:56:18.666 +0900
3481,0,0,0,0,0,0,0.00,0,0.00,,50.00,50.00,50.00,2025-12-20 16:56:18.672 +0900
3482,0,0,0,0,0,0,0.00,0,0.00,,50.00,50.00,50.00,2025-12-20 16:56:18.678 +0900
3483,0,0,0,0,0,0,0.00,0,0.00,,50.00,50.00,50.00,2025-12-20 16:56:18.684 +0900
3484,0,0,0,0,0,0,0.00,0,0.00,,50.00,50.00,50.00,2025-12-20 16:56:18.690 +0900
3485,0,0,0,0,0,0,0.00,0,0.00,,50.00,50.00,50.00,2025-12-20 16:56:18.696 +0900
3486,0,0,0,0,0,0,0.00,0,0.00,,50.00,50.00,50.00,2025-12-20 16:56:18.702 +0900
3487,0,0,0,0,0,0,0.00,0,0.00,,50.00,50.00,50.00,2025-12-20 16:56:18.707 +0900
3488,0,0,0,0,0,0,0.00,0,0.00,,50.00,50.00,50.00,2025-12-20 16:56:18.713 +0900
3489,0,0,0,0,0,0,0.00,0,0.00,,50.00,50.00,50.00,2025-12-20 16:56:18.719 +0900
3490,0,0,0,0,0,0,0.00,0,0.00,,50.00,50.00,50.00,2025-12-20 16:56:18.725 +0900
3491,0,0,0,0,0,0,0.00,0,0.00,,50.00,50.00,50.00,2025-12-20 16:56:18.731 +0900
3492,0,0,0,0,0,0,0.00,0,0.00,,50.00,50.00,50.00,2025-12-20 16:56:18.737 +0900
3493,0,0,0,0,0,0,0.00,0,0.00,,50.00,50.00,50.00,2025-12-20 16:56:18.742 +0900
3494,0,0,0,0,0,0,0.00,0,0.00,,50.00,50.00,50.00,2025-12-20 16:56:18.748 +0900
3495,0,0,0,0,0,0,0.00,0,0.00,,50.00,50.00,50.00,2025-12-20 16:56:18.754 +0900
3496,0,0,0,0,0,0,0.00,0,0.00,,50.00,50.00,50.00,2025-12-20 16:56:18.760 +0900
3497,0,0,0,0,0,0,0.00,0,0.00,,50.00,50.00,50.00,2025-12-20 16:56:18.766 +0900
3498,0,0,0,0,0,0,0.00,0,0.00,,50.00,50.00,50.00,2025-12-20 16:56:18.772 +0900
3499,0,0,0,0,0,0,0.00,0,0.00,,50.00,50.00,50.00,2025-12-20 16:56:18.778 +0900
3500,0,0,0,0,0,0,0.00,0,0.00,,50.00,50.00,50.00,2025-12-20 16:56:18.784 +0900
3501,0,0,0,0,0,0,0.00,0,0.00,,50.00,50.00,50.00,2025-12-20 16:56:18.790 +0900
3502,0,0,0,0,0,0,0.00,0,0.00,,50.00,50.00,50.00,2025-12-20 16:56:18.796 +0900
3503,0,0,0,0,0,0,0.00,0,0.00,,50.00,50.00,50.00,2025-12-20 16:56:18.802 +0900
3504,0,0,0,0,0,0,0.00,0,0.00,,50.00,50.00,50.00,2025-12-20 16:56:18.808 +0900
3505,0,0,0,0,0,0,0.00,0,0.00,,50.00,50.00,50.00,2025-12-20 16:56:18.814 +0900
3506,0,0,0,0,0,0,0.00,0,0.00,,50.00,50.00,50.00,2025-12-20 16:56:18.820 +0900
3507,0,0,0,0,0,0,0.00,0,0.00,,50.00,50.00,50.00,2025-12-20 16:56:18.826 +0900
3508,0,0,0,0,0,0,0.00,0,0.00,,50.00,50.00,50.00,2025-12-20 16:56:18.832 +0900
3509,0,0,0,0,0,0,0.00,0,0.00,,50.00,50.00,50.00,2025-12-20 16:56:18.837 +0900
3510,0,0,0,0,0,0,0.00,0,0.00,,50.00,50.00,50.00,2025-12-20 16:56:18.843 +0900
3511,0,0,0,0,0,0,0.00,0,0.00,,50.00,50.00,50.00,2025-12-20 16:56:18.849 +0900
3512,0,0,0,0,0,0,0.00,0,0.00,,50.00,50.00,50.00,2025-12-20 16:56:18.855 +0900
3513,0,0,0,0,0,0,0.00,0,0.00,,50.00,50.00,50.00,2025-12-20 16:56:18.861 +0900
3514,0,0,0,0,0,0,0.00,0,0.00,,50.00,50.00,50.00,2025-12-20 16:56:18.868 +0900
3515,0,0,0,0,0,0,0.00,0,0.00,,50.00,50.00,50.00,2025-12-20 16:56:18.874 +0900
3516,0,0,0,0,0,0,0.00,0,0.00,,50.00,50.00,50.00,2025-12-20 16:56:18.879 +0900
3517,0,0,0,0,0,0,0.00,0,0.00,,50.00,50.00,50.00,2025-12-20 16:56:18.885 +0900
3518,0,0,0,0,0,0,0.00,0,0.00,,50.00,50.00,50.00,2025-12-20 16:56:18.891 +0900
3519,0,0,0,0,0,0,0.00,0,0.00,,50.00,50.00,50.00,2025-12-20 16:56:18.898 +0900
3520,0,0,0,0,0,0,0.00,0,0.00,,50.00,50.00,50.00,2025-12-20 16:56:18.903 +0900
3521,0,0,0,0,0,0,0.00,0,0.00,,50.00,50.00,50.00,2025-12-20 16:56:18.910 +0900
3522,0,0,0,0,0,0,0.00,0,0.00,,50.00,50.00,50.00,2025-12-20 16:56:18.916 +0900
3523,0,0,0,0,0,0,0.00,0,0.00,,50.00,50.00,50.00,2025-12-20 16:56:18.922 +0900
3524,0,0,0,0,0,0,0.00,0,0.00,,50.00,50.00,50.00,2025-12-20 16:56:18.928 +0900
3525,0,0,0,0,0,0,0.00,0,0.00,,50.00,50.00,50.00,2025-12-20 16:56:18.934 +0900
3526,0,0,0,0,0,0,0.00,0,0.00,,50.00,50.00,50.00,2025-12-20 16:56:18.940 +0900
3527,0,0,0,0,0,0,0.00,0,0.00,,50.00,50.00,50.00,2025-12-20 16:56:18.946 +0900
3528,0,0,0,0,0,0,0.00,0,0.00,,50.00,50.00,50.00,2025-12-20 16:56:18.952 +0900
3529,0,0,0,0,0,0,0.00,0,0.00,,50.00,50.00,50.00,2025-12-20 16:56:18.960 +0900
3530,0,0,0,0,0,0,0.00,0,0.00,,50.00,50.00,50.00,2025-12-20 16:56:18.966 +0900
3531,0,0,0,0,0,0,0.00,0,0.00,,50.00,50.00,50.00,2025-12-20 16:56:18.972 +0900
3532,0,0,0,0,0,0,0.00,0,0.00,,50.00,50.00,50.00,2025-12-20 16:56:18.979 +0900
3533,0,0,0,0,0,0,0.00,0,0.00,,50.00,50.00,50.00,2025-12-20 16:56:18.985 +0900
3534,0,0,0,0,0,0,0.00,0,0.00,,50.00,50.00,50.00,2025-12-20 16:56:18.991 +0900
3535,0,0,0,0,0,0,0.00,0,0.00,,50.00,50.00,50.00,2025-12-20 16:56:18.998 +0900
3536,0,0,0,0,0,0,0.00,0,0.00,,50.00,50.00,50.00,2025-12-20 16:56:19.004 +0900
3537,0,0,0,0,0,0,0.00,0,0.00,,50.00,50.00,50.00,2025-12-20 16:56:19.010 +0900
3538,0,0,0,0,0,0,0.00,0,0.00,,50.00,50.00,50.00,2025-12-20 16:56:19.016 +0900
3539,0,0,0,0,0,0,0.00,0,0.00,,50.00,50.00,50.00,2025-12-20 16:56:19.022 +0900
3540,0,0,0,0,0,0,0.00,0,0.00,,50.00,50.00,50.00,2025-12-20 16:56:19.028 +0900
3541,0,0,0,0,0,0,0.00,0,0.00,,50.00,50.00,50.00,2025-12-20 16:56:19.034 +0900
3542,0,0,0,0,0,0,0.00,0,0.00,,50.00,50.00,50.00,2025-12-20 16:56:19.041 +0900
3543,0,0,0,0,0,0,0.00,0,0.00,,50.00,50.00,50.00,2025-12-20 16:56:19.047 +0900
3544,0,0,0,0,0,0,0.00,0,0.00,,50.00,50.00,50.00,2025-12-20 16:56:19.055 +0900
3545,0,0,0,0,0,0,0.00,0,0.00,,50.00,50.00,50.00,2025-12-20 16:56:19.063 +0900
3546,0,0,0,0,0,0,0.00,0,0.00,,50.00,50.00,50.00,2025-12-20 16:56:19.071 +0900
3547,0,0,0,0,0,0,0.00,0,0.00,,50.00,50.00,50.00,2025-12-20 16:56:19.080 +0900
3548,0,0,0,0,0,0,0.00,0,0.00,,50.00,50.00,50.00,2025-12-20 16:56:19.087 +0900
3549,0,0,0,0,0,0,0.00,0,0.00,,50.00,50.00,50.00,2025-12-20 16:56:19.096 +0900
3550,0,0,0,0,0,0,0.00,0,0.00,,50.00,50.00,50.00,2025-12-20 16:56:19.104 +0900
3551,0,0,0,0,0,0,0.00,0,0.00,,50.00,50.00,50.00,2025-12-20 16:56:19.111 +0900
3552,0,0,0,0,0,0,0.00,0,0.00,,50.00,50.00,50.00,2025-12-20 16:56:19.117 +0900
3553,0,0,0,0,0,0,0.00,0,0.00,,50.00,50.00,50.00,2025-12-20 16:56:19.123 +0900
3554,0,0,0,0,0,0,0.00,0,0.00,,50.00,50.00,50.00,2025-12-20 16:56:19.129 +0900
3555,0,0,0,0,0,0,0.00,0,0.00,,50.00,50.00,50.00,2025-12-20 16:56:19.135 +0900
3556,0,0,0,0,0,0,0.00,0,0.00,,50.00,50.00,50.00,2025-12-20 16:56:19.141 +0900
3557,0,0,0,0,0,0,0.00,0,0.00,,50.00,50.00,50.00,2025-12-20 16:56:19.147 +0900
3558,0,0,0,0,0,0,0.00,0,0.00,,50.00,50.00,50.00,2025-12-20 16:56:19.153 +0900
3559,0,0,0,0,0,0,0.00,0,0.00,,50.00,50.00,50.00,2025-12-20 16:56:19.159 +0900
3560,0,0,0,0,0,0,0.00,0,0.00,,50.00,50.00,50.00,2025-12-20 16:56:19.165 +0900
3561,0,0,0,0,0,0,0.00,0,0.00,,50.00,50.00,50.00,2025-12-20 16:56:19.171 +0900
3562,0,0,0,0,0,0,0.00,0,0.00,,50.00,50.00,50.00,2025-12-20 16:56:19.178 +0900
3563,0,0,0,0,0,0,0.00,0,0.00,,50.00,50.00,50.00,2025-12-20 16:56:19.184 +0900
3564,0,0,0,0,0,0,0.00,0,0.00,,50.00,50.00,50.00,2025-12-20 16:56:19.190 +0900
3565,0,0,0,0,0,0,0.00,0,0.00,,50.00,50.00,50.00,2025-12-20 16:56:19.196 +0900
3566,0,0,0,0,0,0,0.00,0,0.00,,50.00,50.00,50.00,2025-12-20 16:56:19.202 +0900
3567,0,0,0,0,0,0,0.00,0,0.00,,50.00,50.00,50.00,2025-12-20 16:56:19.209 +0900
3568,0,0,0,0,0,0,0.00,0,0.00,,50.00,50.00,50.00,2025-12-20 16:56:19.215 +0900
3569,0,0,0,0,0,0,0.00,0,0.00,,50.00,50.00,50.00,2025-12-20 16:56:19.221 +0900
3570,0,0,0,0,0,0,0.00,0,0.00,,50.00,50.00,50.00,2025-12-20 16:56:19.227 +0900
3571,0,0,0,0,0,0,0.00,0,0.00,,50.00,50.00,50.00,2025-12-20 16:56:19.232 +0900
3572,0,0,0,0,0,0,0.00,0,0.00,,50.00,50.00,50.00,2025-12-20 16:56:19.238 +0900
3573,0,0,0,0,0,0,0.00,0,0.00,,50.00,50.00,50.00,2025-12-20 16:56:19.244 +0900
3574,0,0,0,0,0,0,0.00,0,0.00,,50.00,50.00,50.00,2025-12-20 16:56:19.251 +0900
3575,0,0,0,0,0,0,0.00,0,0.00,,50.00,50.00,50.00,2025-12-20 16:56:19.257 +0900
3576,0,0,0,0,0,0,0.00,0,0.00,,50.00,50.00,50.00,2025-12-20 16:56:19.263 +0900
3577,0,0,0,0,0,0,0.00,0,0.00,,50.00,50.00,50.00,2025-12-20 16:56:19.269 +0900
3578,0,0,0,0,0,0,0.00,0,0.00,,50.00,50.00,50.00,2025-12-20 16:56:19.275 +0900
3579,0,0,0,0,0,0,0.00,0,0.00,,50.00,50.00,50.00,2025-12-20 16:56:19.281 +0900
3580,0,0,0,0,0,0,0.00,0,0.00,,50.00,50.00,50.00,2025-12-20 16:56:19.287 +0900
3581,0,0,0,0,0,0,0.00,0,0.00,,50.00,50.00,50.00,2025-12-20 16:56:19.293 +0900
3582,0,0,0,0,0,0,0.00,0,0.00,,50.00,50.00,50.00,2025-12-20 16:56:19.299 +0900
3583,0,0,0,0,0,0,0.00,0,0.00,,50.00,50.00,50.00,2025-12-20 16:56:19.305 +0900
3584,0,0,0,0,0,0,0.00,0,0.00,,50.00,50.00,50.00,2025-12-20 16:56:19.311 +0900
3585,0,0,0,0,0,0,0.00,0,0.00,,50.00,50.00,50.00,2025-12-20 16:56:19.317 +0900
3586,0,0,0,0,0,0,0.00,0,0.00,,50.00,50.00,50.00,2025-12-20 16:56:19.323 +0900
3587,0,0,0,0,0,0,0.00,0,0.00,,50.00,50.00,50.00,2025-12-20 16:56:19.329 +0900
3588,0,0,0,0,0,0,0.00,0,0.00,,50.00,50.00,50.00,2025-12-20 16:56:19.336 +0900
3589,0,0,0,0,0,0,0.00,0,0.00,,50.00,50.00,50.00,2025-12-20 16:56:19.341 +0900
3590,0,0,0,0,0,0,0.00,0,0.00,,50.00,50.00,50.00,2025-12-20 16:56:19.348 +0900
3591,0,0,0,0,0,0,0.00,0,0.00,,50.00,50.00,50.00,2025-12-20 16:56:19.354 +0900
3592,0,0,0,0,0,0,0.00,0,0.00,,50.00,50.00,50.00,2025-12-20 16:56:19.359 +0900
3593,0,0,0,0,0,0,0.00,0,0.00,,50.00,50.00,50.00,2025-12-20 16:56:19.365 +0900
3594,0,0,0,0,0,0,0.00,0,0.00,,50.00,50.00,50.00,2025-12-20 16:56:19.372 +0900
3595,0,0,0,0,0,0,0.00,0,0.00,,50.00,50.00,50.00,2025-12-20 16:56:19.377 +0900
3596,0,0,0,0,0,0,0.00,0,0.00,,50.00,50.00,50.00,2025-12-20 16:56:19.383 +0900
3597,0,0,0,0,0,0,0.00,0,0.00,,50.00,50.00,50.00,2025-12-20 16:56:19.389 +0900
3598,0,0,0,0,0,0,0.00,0,0.00,,50.00,50.00,50.00,2025-12-20 16:56:19.395 +0900
3599,0,0,0,0,0,0,0.00,0,0.00,,50.00,50.00,50.00,2025-12-20 16:56:19.401 +0900
3600,0,0,0,0,0,0,0.00,0,0.00,,50.00,50.00,50.00,2025-12-20 16:56:19.407 +0900
3601,0,0,0,0,0,0,0.00,0,0.00,,50.00,50.00,50.00,2025-12-20 16:56:19.413 +0900
3602,0,0,0,0,0,0,0.00,0,0.00,,50.00,50.00,50.00,2025-12-20 16:56:19.419 +0900
3603,0,0,0,0,0,0,0.00,0,0.00,,50.00,50.00,50.00,2025-12-20 16:56:19.425 +0900
3604,0,0,0,0,0,0,0.00,0,0.00,,50.00,50.00,50.00,2025-12-20 16:56:19.432 +0900
3605,0,0,0,0,0,0,0.00,0,0.00,,50.00,50.00,50.00,2025-12-20 16:56:19.437 +0900
3606,0,0,0,0,0,0,0.00,0,0.00,,50.00,50.00,50.00,2025-12-20 16:56:19.444 +0900
3607,0,0,0,0,0,0,0.00,0,0.00,,50.00,50.00,50.00,2025-12-20 16:56:19.449 +0900
3608,0,0,0,0,0,0,0.00,0,0.00,,50.00,50.00,50.00,2025-12-20 16:56:19.456 +0900
3609,0,0,0,0,0,0,0.00,0,0.00,,50.00,50.00,50.00,2025-12-20 16:56:19.461 +0900
3610,0,0,0,0,0,0,0.00,0,0.00,,50.00,50.00,50.00,2025-12-20 16:56:19.468 +0900
3611,0,0,0,0,0,0,0.00,0,0.00,,50.00,50.00,50.00,2025-12-20 16:56:19.474 +0900
3612,0,0,0,0,0,0,0.00,0,0.00,,50.00,50.00,50.00,2025-12-20 16:56:19.480 +0900
3613,0,0,0,0,0,0,0.00,0,0.00,,50.00,50.00,50.00,2025-12-20 16:56:19.486 +0900
3614,0,0,0,0,0,0,0.00,0,0.00,,50.00,50.00,50.00,2025-12-20 16:56:19.491 +0900
3615,0,0,0,0,0,0,0.00,0,0.00,,50.00,50.00,50.00,2025-12-20 16:56:19.497 +0900
3616,0,0,0,0,0,0,0.00,0,0.00,,50.00,50.00,50.00,2025-12-20 16:56:19.503 +0900
3617,0,0,0,0,0,0,0.00,0,0.00,,50.00,50.00,50.00,2025-12-20 16:56:19.510 +0900
3618,0,0,0,0,0,0,0.00,0,0.00,,50.00,50.00,50.00,2025-12-20 16:56:19.516 +0900
3619,0,0,0,0,0,0,0.00,0,0.00,,50.00,50.00,50.00,2025-12-20 16:56:19.522 +0900
3620,0,0,0,0,0,0,0.00,0,0.00,,50.00,50.00,50.00,2025-12-20 16:56:19.528 +0900
3621,0,0,0,0,0,0,0.00,0,0.00,,50.00,50.00,50.00,2025-12-20 16:56:19.535 +0900
3622,0,0,0,0,0,0,0.00,0,0.00,,50.00,50.00,50.00,2025-12-20 16:56:19.541 +0900
3623,0,0,0,0,0,0,0.00,0,0.00,,50.00,50.00,50.00,2025-12-20 16:56:19.547 +0900
3624,0,0,0,0,0,0,0.00,0,0.00,,50.00,50.00,50.00,2025-12-20 16:56:19.553 +0900
3625,0,0,0,0,0,0,0.00,0,0.00,,50.00,50.00,50.00,2025-12-20 16:56:19.559 +0900
3626,0,0,0,0,0,0,0.00,0,0.00,,50.00,50.00,50.00,2025-12-20 16:56:19.565 +0900
3627,0,0,0,0,0,0,0.00,0,0.00,,50.00,50.00,50.00,2025-12-20 16:56:19.571 +0900
3628,0,0,0,0,0,0,0.00,0,0.00,,50.00,50.00,50.00,2025-12-20 16:56:19.577 +0900
3629,0,0,0,0,0,0,0.00,0,0.00,,50.00,50.00,50.00,2025-12-20 16:56:19.583 +0900
3630,0,0,0,0,0,0,0.00,0,0.00,,50.00,50.00,50.00,2025-12-20 16:56:19.590 +0900
3631,0,0,0,0,0,0,0.00,0,0.00,,50.00,50.00,50.00,2025-12-20 16:56:19.596 +0900
3632,0,0,0,0,0,0,0.00,0,0.00,,50.00,50.00,50.00,2025-12-20 16:56:19.602 +0900
3633,0,0,0,0,0,0,0.00,0,0.00,,50.00,50.00,50.00,2025-12-20 16:56:19.608 +0900
3634,0,0,0,0,0,0,0.00,0,0.00,,50.00,50.00,50.00,2025-12-20 16:56:19.614 +0900
3635,0,0,0,0,0,0,0.00,0,0.00,,50.00,50.00,50.00,2025-12-20 16:56:19.620 +0900
3636,0,0,0,0,0,0,0.00,0,0.00,,50.00,50.00,50.00,2025-12-20 16:56:19.626 +0900
3637,0,0,0,0,0,0,0.00,0,0.00,,50.00,50.00,50.00,2025-12-20 16:56:19.632 +0900
3638,0,0,0,0,0,0,0.00,0,0.00,,50.00,50.00,50.00,2025-12-20 16:56:19.639 +0900
3639,0,0,0,0,0,0,0.00,0,0.00,,50.00,50.00,50.00,2025-12-20 16:56:19.644 +0900
3640,0,0,0,0,0,0,0.00,0,0.00,,50.00,50.00,50.00,2025-12-20 16:56:19.650 +0900
3641,0,0,0,0,0,0,0.00,0,0.00,,50.00,50.00,50.00,2025-12-20 16:56:19.656 +0900
3642,0,0,0,0,0,0,0.00,0,0.00,,50.00,50.00,50.00,2025-12-20 16:56:19.662 +0900
3643,0,0,0,0,0,0,0.00,0,0.00,,50.00,50.00,50.00,2025-12-20 16:56:19.668 +0900
3644,0,0,0,0,0,0,0.00,0,0.00,,50.00,50.00,50.00,2025-12-20 16:56:19.674 +0900
3645,0,0,0,0,0,0,0.00,0,0.00,,50.00,50.00,50.00,2025-12-20 16:56:19.680 +0900
3646,0,0,0,0,0,0,0.00,0,0.00,,50.00,50.00,50.00,2025-12-20 16:56:19.686 +0900
3647,0,0,0,0,0,0,0.00,0,0.00,,50.00,50.00,50.00,2025-12-20 16:56:19.692 +0900
3648,0,0,0,0,0,0,0.00,0,0.00,,50.00,50.00,50.00,2025-12-20 16:56:19.698 +0900
3649,0,0,0,0,0,0,0.00,0,0.00,,50.00,50.00,50.00,2025-12-20 16:56:19.703 +0900
3650,0,0,0,0,0,0,0.00,0,0.00,,50.00,50.00,50.00,2025-12-20 16:56:19.709 +0900
3651,0,0,0,0,0,0,0.00,0,0.00,,50.00,50.00,50.00,2025-12-20 16:56:19.715 +0900
3652,0,0,0,0,0,0,0.00,0,0.00,,50.00,50.00,50.00,2025-12-20 16:56:19.721 +0900
3653,0,0,0,0,0,0,0.00,0,0.00,,50.00,50.00,50.00,2025-12-20 16:56:19.727 +0900
3654,0,0,0,0,0,0,0.00,0,0.00,,50.00,50.00,50.00,2025-12-20 16:56:19.733 +0900
3655,0,0,0,0,0,0,0.00,0,0.00,,50.00,50.00,50.00,2025-12-20 16:56:19.739 +0900
3656,0,0,0,0,0,0,0.00,0,0.00,,50.00,50.00,50.00,2025-12-20 16:56:19.745 +0900
3657,0,0,0,0,0,0,0.00,0,0.00,,50.00,50.00,50.00,2025-12-20 16:56:19.751 +0900
3658,0,0,0,0,0,0,0.00,0,0.00,,50.00,50.00,50.00,2025-12-20 16:56:19.757 +0900
3659,0,0,0,0,0,0,0.00,0,0.00,,50.00,50.00,50.00,2025-12-20 16:56:19.763 +0900
3660,0,0,0,0,0,0,0.00,0,0.00,,50.00,50.00,50.00,2025-12-20 16:56:19.769 +0900
3661,0,0,0,0,0,0,0.00,0,0.00,,50.00,50.00,50.00,2025-12-20 16:56:19.775 +0900
3662,0,0,0,0,0,0,0.00,0,0.00,,50.00,50.00,50.00,2025-12-20 16:56:19.781 +0900
3663,0,0,0,0,0,0,0.00,0,0.00,,50.00,50.00,50.00,2025-12-20 16:56:19.786 +0900
3664,0,0,0,0,0,0,0.00,0,0.00,,50.00,50.00,50.00,2025-12-20 16:56:19.792 +0900
3665,0,0,0,0,0,0,0.00,0,0.00,,50.00,50.00,50.00,2025-12-20 16:56:19.799 +0900
3666,0,0,0,0,0,0,0.00,0,0.00,,50.00,50.00,50.00,2025-12-20 16:56:19.805 +0900
3667,0,0,0,0,0,0,0.00,0,0.00,,50.00,50.00,50.00,2025-12-20 16:56:19.811 +0900
3668,0,0,0,0,0,0,0.00,0,0.00,,50.00,50.00,50.00,2025-12-20 16:56:19.817 +0900
3669,0,0,0,0,0,0,0.00,0,0.00,,50.00,50.00,50.00,2025-12-20 16:56:19.823 +0900
3670,0,0,0,0,0,0,0.00,0,0.00,,50.00,50.00,50.00,2025-12-20 16:56:19.829 +0900
3671,0,0,0,0,0,0,0.00,0,0.00,,50.00,50.00,50.00,2025-12-20 16:56:19.835 +0900
3672,0,0,0,0,0,0,0.00,0,0.00,,50.00,50.00,50.00,2025-12-20 16:56:19.841 +0900
3673,0,0,0,0,0,0,0.00,0,0.00,,50.00,50.00,50.00,2025-12-20 16:56:19.848 +0900
3674,0,0,0,0,0,0,0.00,0,0.00,,50.00,50.00,50.00,2025-12-20 16:56:19.853 +0900
3675,0,0,0,0,0,0,0.00,0,0.00,,50.00,50.00,50.00,2025-12-20 16:56:19.859 +0900
3676,0,0,0,0,0,0,0.00,0,0.00,,50.00,50.00,50.00,2025-12-20 16:56:19.864 +0900
3677,0,0,0,0,0,0,0.00,0,0.00,,50.00,50.00,50.00,2025-12-20 16:56:19.871 +0900
3678,0,0,0,0,0,0,0.00,0,0.00,,50.00,50.00,50.00,2025-12-20 16:56:19.878 +0900
3679,0,0,0,0,0,0,0.00,0,0.00,,50.00,50.00,50.00,2025-12-20 16:56:19.884 +0900
3680,0,0,0,0,0,0,0.00,0,0.00,,50.00,50.00,50.00,2025-12-20 16:56:19.890 +0900
3681,0,0,0,0,0,0,0.00,0,0.00,,50.00,50.00,50.00,2025-12-20 16:56:19.896 +0900
3682,0,0,0,0,0,0,0.00,0,0.00,,50.00,50.00,50.00,2025-12-20 16:56:19.902 +0900
3683,0,0,0,0,0,0,0.00,0,0.00,,50.00,50.00,50.00,2025-12-20 16:56:19.908 +0900
3684,0,0,0,0,0,0,0.00,0,0.00,,50.00,50.00,50.00,2025-12-20 16:56:19.914 +0900
3685,0,0,0,0,0,0,0.00,0,0.00,,50.00,50.00,50.00,2025-12-20 16:56:19.919 +0900
3686,0,0,0,0,0,0,0.00,0,0.00,,50.00,50.00,50.00,2025-12-20 16:56:19.926 +0900
3687,0,0,0,0,0,0,0.00,0,0.00,,50.00,50.00,50.00,2025-12-20 16:56:19.932 +0900
3688,0,0,0,0,0,0,0.00,0,0.00,,50.00,50.00,50.00,2025-12-20 16:56:19.937 +0900
3689,0,0,0,0,0,0,0.00,0,0.00,,50.00,50.00,50.00,2025-12-20 16:56:19.943 +0900
3690,0,0,0,0,0,0,0.00,0,0.00,,50.00,50.00,50.00,2025-12-20 16:56:19.949 +0900
3691,0,0,0,0,0,0,0.00,0,0.00,,50.00,50.00,50.00,2025-12-20 16:56:19.955 +0900
3692,0,0,0,0,0,0,0.00,0,0.00,,50.00,50.00,50.00,2025-12-20 16:56:19.961 +0900
3693,0,0,0,0,0,0,0.00,0,0.00,,50.00,50.00,50.00,2025-12-20 16:56:19.966 +0900
3694,0,0,0,0,0,0,0.00,0,0.00,,50.00,50.00,50.00,2025-12-20 16:56:19.972 +0900
3695,0,0,0,0,0,0,0.00,0,0.00,,50.00,50.00,50.00,2025-12-20 16:56:19.978 +0900
3696,0,0,0,0,0,0,0.00,0,0.00,,50.00,50.00,50.00,2025-12-20 16:56:19.984 +0900
3697,0,0,0,0,0,0,0.00,0,0.00,,50.00,50.00,50.00,2025-12-20 16:56:19.990 +0900
3698,0,0,0,0,0,0,0.00,0,0.00,,50.00,50.00,50.00,2025-12-20 16:56:19.996 +0900
3699,0,0,0,0,0,0,0.00,0,0.00,,50.00,50.00,50.00,2025-12-20 16:56:20.002 +0900
3700,0,0,0,0,0,0,0.00,0,0.00,,50.00,50.00,50.00,2025-12-20 16:56:20.008 +0900
3701,0,0,0,0,0,0,0.00,0,0.00,,50.00,50.00,50.00,2025-12-20 16:56:20.014 +0900
3702,0,0,0,0,0,0,0.00,0,0.00,,50.00,50.00,50.00,2025-12-20 16:56:20.020 +0900
3703,0,0,0,0,0,0,0.00,0,0.00,,50.00,50.00,50.00,2025-12-20 16:56:20.026 +0900
3704,0,0,0,0,0,0,0.00,0,0.00,,50.00,50.00,50.00,2025-12-20 16:56:20.032 +0900
3705,0,0,0,0,0,0,0.00,0,0.00,,50.00,50.00,50.00,2025-12-20 16:56:20.039 +0900
3706,0,0,0,0,0,0,0.00,0,0.00,,50.00,50.00,50.00,2025-12-20 16:56:20.045 +0900
3707,0,0,0,0,0,0,0.00,0,0.00,,50.00,50.00,50.00,2025-12-20 16:56:20.051 +0900
3708,0,0,0,0,0,0,0.00,0,0.00,,50.00,50.00,50.00,2025-12-20 16:56:20.059 +0900
3709,0,0,0,0,0,0,0.00,0,0.00,,50.00,50.00,50.00,2025-12-20 16:56:20.065 +0900
3710,0,0,0,0,0,0,0.00,0,0.00,,50.00,50.00,50.00,2025-12-20 16:56:20.071 +0900
3711,0,0,0,0,0,0,0.00,0,0.00,,50.00,50.00,50.00,2025-12-20 16:56:20.077 +0900
3712,0,0,0,0,0,0,0.00,0,0.00,,50.00,50.00,50.00,2025-12-20 16:56:20.083 +0900
3713,0,0,0,0,0,0,0.00,0,0.00,,50.00,50.00,50.00,2025-12-20 16:56:20.089 +0900
3714,0,0,0,0,0,0,0.00,0,0.00,,50.00,50.00,50.00,2025-12-20 16:56:20.094 +0900
3715,0,0,0,0,0,0,0.00,0,0.00,,50.00,50.00,50.00,2025-12-20 16:56:20.101 +0900
3716,0,0,0,0,0,0,0.00,0,0.00,,50.00,50.00,50.00,2025-12-20 16:56:20.106 +0900
3717,0,0,0,0,0,0,0.00,0,0.00,,50.00,50.00,50.00,2025-12-20 16:56:20.112 +0900
3718,0,0,0,0,0,0,0.00,0,0.00,,50.00,50.00,50.00,2025-12-20 16:56:20.119 +0900
3719,0,0,0,0,0,0,0.00,0,0.00,,50.00,50.00,50.00,2025-12-20 16:56:20.124 +0900
3720,0,0,0,0,0,0,0.00,0,0.00,,50.00,50.00,50.00,2025-12-20 16:56:20.131 +0900
3721,0,0,0,0,0,0,0.00,0,0.00,,50.00,50.00,50.00,2025-12-20 16:56:20.137 +0900
3722,0,0,0,0,0,0,0.00,0,0.00,,50.00,50.00,50.00,2025-12-20 16:56:20.142 +0900
3723,0,0,0,0,0,0,0.00,0,0.00,,50.00,50.00,50.00,2025-12-20 16:56:20.148 +0900
3724,0,0,0,0,0,0,0.00,0,0.00,,50.00,50.00,50.00,2025-12-20 16:56:20.154 +0900
3725,0,0,0,0,0,0,0.00,0,0.00,,50.00,50.00,50.00,2025-12-20 16:56:20.162 +0900
3726,0,0,0,0,0,0,0.00,0,0.00,,50.00,50.00,50.00,2025-12-20 16:56:20.168 +0900
3727,0,0,0,0,0,0,0.00,0,0.00,,50.00,50.00,50.00,2025-12-20 16:56:20.174 +0900
3728,0,0,0,0,0,0,0.00,0,0.00,,50.00,50.00,50.00,2025-12-20 16:56:20.180 +0900
3729,0,0,0,0,0,0,0.00,0,0.00,,50.00,50.00,50.00,2025-12-20 16:56:20.188 +0900
3730,0,0,0,0,0,0,0.00,0,0.00,,50.00,50.00,50.00,2025-12-20 16:56:20.194 +0900
3731,0,0,0,0,0,0,0.00,0,0.00,,50.00,50.00,50.00,2025-12-20 16:56:20.200 +0900
3732,0,0,0,0,0,0,0.00,0,0.00,,50.00,50.00,50.00,2025-12-20 16:56:20.207 +0900
3733,0,0,0,0,0,0,0.00,0,0.00,,50.00,50.00,50.00,2025-12-20 16:56:20.213 +0900
3734,0,0,0,0,0,0,0.00,0,0.00,,50.00,50.00,50.00,2025-12-20 16:56:20.219 +0900
3735,0,0,0,0,0,0,0.00,0,0.00,,50.00,50.00,50.00,2025-12-20 16:56:20.225 +0900
3736,0,0,0,0,0,0,0.00,0,0.00,,50.00,50.00,50.00,2025-12-20 16:56:20.232 +0900
3737,0,0,0,0,0,0,0.00,0,0.00,,50.00,50.00,50.00,2025-12-20 16:56:20.240 +0900
3738,0,0,0,0,0,0,0.00,0,0.00,,50.00,50.00,50.00,2025-12-20 16:56:20.246 +0900
3739,0,0,0,0,0,0,0.00,0,0.00,,50.00,50.00,50.00,2025-12-20 16:56:20.252 +0900
3740,0,0,0,0,0,0,0.00,0,0.00,,50.00,50.00,50.00,2025-12-20 16:56:20.259 +0900
3741,0,0,0,0,0,0,0.00,0,0.00,,50.00,50.00,50.00,2025-12-20 16:56:20.265 +0900
3742,0,0,0,0,0,0,0.00,0,0.00,,50.00,50.00,50.00,2025-12-20 16:56:20.271 +0900
3743,0,0,0,0,0,0,0.00,0,0.00,,50.00,50.00,50.00,2025-12-20 16:56:20.278 +0900
3744,0,0,0,0,0,0,0.00,0,0.00,,50.00,50.00,50.00,2025-12-20 16:56:20.284 +0900
3745,0,0,0,0,0,0,0.00,0,0.00,,50.00,50.00,50.00,2025-12-20 16:56:20.290 +0900
3746,0,0,0,0,0,0,0.00,0,0.00,,50.00,50.00,50.00,2025-12-20 16:56:20.296 +0900
3747,0,0,0,0,0,0,0.00,0,0.00,,50.00,50.00,50.00,2025-12-20 16:56:20.304 +0900
3748,0,0,0,0,0,0,0.00,0,0.00,,50.00,50.00,50.00,2025-12-20 16:56:20.310 +0900
3749,0,0,0,0,0,0,0.00,0,0.00,,50.00,50.00,50.00,2025-12-20 16:56:20.317 +0900
3750,0,0,0,0,0,0,0.00,0,0.00,,50.00,50.00,50.00,2025-12-20 16:56:20.323 +0900
3751,0,0,0,0,0,0,0.00,0,0.00,,50.00,50.00,50.00,2025-12-20 16:56:20.329 +0900
3752,0,0,0,0,0,0,0.00,0,0.00,,50.00,50.00,50.00,2025-12-20 16:56:20.335 +0900
3753,0,0,0,0,0,0,0.00,0,0.00,,50.00,50.00,50.00,2025-12-20 16:56:20.342 +0900
3754,0,0,0,0,0,0,0.00,0,0.00,,50.00,50.00,50.00,2025-12-20 16:56:20.348 +0900
3755,0,0,0,0,0,0,0.00,0,0.00,,50.00,50.00,50.00,2025-12-20 16:56:20.354 +0900
3756,0,0,0,0,0,0,0.00,0,0.00,,50.00,50.00,50.00,2025-12-20 16:56:20.361 +0900
3757,0,0,0,0,0,0,0.00,0,0.00,,50.00,50.00,50.00,2025-12-20 16:56:20.367 +0900
3758,0,0,0,0,0,0,0.00,0,0.00,,50.00,50.00,50.00,2025-12-20 16:56:20.373 +0900
3759,0,0,0,0,0,0,0.00,0,0.00,,50.00,50.00,50.00,2025-12-20 16:56:20.379 +0900
3760,0,0,0,0,0,0,0.00,0,0.00,,50.00,50.00,50.00,2025-12-20 16:56:20.386 +0900
3761,0,0,0,0,0,0,0.00,0,0.00,,50.00,50.00,50.00,2025-12-20 16:56:20.392 +0900
3762,0,0,0,0,0,0,0.00,0,0.00,,50.00,50.00,50.00,2025-12-20 16:56:20.398 +0900
3763,0,0,0,0,0,0,0.00,0,0.00,,50.00,50.00,50.00,2025-12-20 16:56:20.404 +0900
3764,0,0,0,0,0,0,0.00,0,0.00,,50.00,50.00,50.00,2025-12-20 16:56:20.411 +0900
3765,0,0,0,0,0,0,0.00,0,0.00,,50.00,50.00,50.00,2025-12-20 16:56:20.417 +0900
3766,0,0,0,0,0,0,0.00,0,0.00,,50.00,50.00,50.00,2025-12-20 16:56:20.424 +0900
3767,0,0,0,0,0,0,0.00,0,0.00,,50.00,50.00,50.00,2025-12-20 16:56:20.430 +0900
3768,0,0,0,0,0,0,0.00,0,0.00,,50.00,50.00,50.00,2025-12-20 16:56:20.436 +0900
3769,0,0,0,0,0,0,0.00,0,0.00,,50.00,50.00,50.00,2025-12-20 16:56:20.442 +0900
3770,0,0,0,0,0,0,0.00,0,0.00,,50.00,50.00,50.00,2025-12-20 16:56:20.448 +0900
3771,0,0,0,0,0,0,0.00,0,0.00,,50.00,50.00,50.00,2025-12-20 16:56:20.454 +0900
3772,0,0,0,0,0,0,0.00,0,0.00,,50.00,50.00,50.00,2025-12-20 16:56:20.461 +0900
3773,0,0,0,0,0,0,0.00,0,0.00,,50.00,50.00,50.00,2025-12-20 16:56:20.467 +0900
3774,0,0,0,0,0,0,0.00,0,0.00,,50.00,50.00,50.00,2025-12-20 16:56:20.473 +0900
3775,0,0,0,0,0,0,0.00,0,0.00,,50.00,50.00,50.00,2025-12-20 16:56:20.480 +0900
3776,0,0,0,0,0,0,0.00,0,0.00,,50.00,50.00,50.00,2025-12-20 16:56:20.486 +0900
3777,0,0,0,0,0,0,0.00,0,0.00,,50.00,50.00,50.00,2025-12-20 16:56:20.492 +0900
3778,0,0,0,0,0,0,0.00,0,0.00,,50.00,50.00,50.00,2025-12-20 16:56:20.498 +0900
3779,0,0,0,0,0,0,0.00,0,0.00,,50.00,50.00,50.00,2025-12-20 16:56:20.504 +0900
3780,0,0,0,0,0,0,0.00,0,0.00,,50.00,50.00,50.00,2025-12-20 16:56:20.509 +0900
3781,0,0,0,0,0,0,0.00,0,0.00,,50.00,50.00,50.00,2025-12-20 16:56:20.516 +0900
3782,0,0,0,0,0,0,0.00,0,0.00,,50.00,50.00,50.00,2025-12-20 16:56:20.522 +0900
3783,0,0,0,0,0,0,0.00,0,0.00,,50.00,50.00,50.00,2025-12-20 16:56:20.528 +0900
3784,0,0,0,0,0,0,0.00,0,0.00,,50.00,50.00,50.00,2025-12-20 16:56:20.534 +0900
3785,0,0,0,0,0,0,0.00,0,0.00,,50.00,50.00,50.00,2025-12-20 16:56:20.540 +0900
3786,0,0,0,0,0,0,0.00,0,0.00,,50.00,50.00,50.00,2025-12-20 16:56:20.547 +0900
3787,0,0,0,0,0,0,0.00,0,0.00,,50.00,50.00,50.00,2025-12-20 16:56:20.552 +0900
3788,0,0,0,0,0,0,0.00,0,0.00,,50.00,50.00,50.00,2025-12-20 16:56:20.559 +0900
3789,0,0,0,0,0,0,0.00,0,0.00,,50.00,50.00,50.00,2025-12-20 16:56:20.565 +0900
3790,0,0,0,0,0,0,0.00,0,0.00,,50.00,50.00,50.00,2025-12-20 16:56:20.572 +0900
3791,0,0,0,0,0,0,0.00,0,0.00,,50.00,50.00,50.00,2025-12-20 16:56:20.580 +0900
3792,0,0,0,0,0,0,0.00,0,0.00,,50.00,50.00,50.00,2025-12-20 16:56:20.586 +0900
3793,0,0,0,0,0,0,0.00,0,0.00,,50.00,50.00,50.00,2025-12-20 16:56:20.593 +0900
3794,0,0,0,0,0,0,0.00,0,0.00,,50.00,50.00,50.00,2025-12-20 16:56:20.599 +0900
3795,0,0,0,0,0,0,0.00,0,0.00,,50.00,50.00,50.00,2025-12-20 16:56:20.605 +0900
3796,0,0,0,0,0,0,0.00,0,0.00,,50.00,50.00,50.00,2025-12-20 16:56:20.612 +0900
3797,0,0,0,0,0,0,0.00,0,0.00,,50.00,50.00,50.00,2025-12-20 16:56:20.619 +0900
3798,0,0,0,0,0,0,0.00,0,0.00,,50.00,50.00,50.00,2025-12-20 16:56:20.626 +0900
3799,0,0,0,0,0,0,0.00,0,0.00,,50.00,50.00,50.00,2025-12-20 16:56:20.633 +0900
3801,0,0,0,0,0,0,0.00,0,0.00,,50.00,50.00,50.00,2025-12-20 16:56:20.647 +0900
3802,0,0,0,0,0,0,0.00,0,0.00,,50.00,50.00,50.00,2025-12-20 16:56:20.654 +0900
3803,0,0,0,0,0,0,0.00,0,0.00,,50.00,50.00,50.00,2025-12-20 16:56:20.660 +0900
3804,0,0,0,0,0,0,0.00,0,0.00,,50.00,50.00,50.00,2025-12-20 16:56:20.666 +0900
3805,0,0,0,0,0,0,0.00,0,0.00,,50.00,50.00,50.00,2025-12-20 16:56:20.673 +0900
3806,0,0,0,0,0,0,0.00,0,0.00,,50.00,50.00,50.00,2025-12-20 16:56:20.681 +0900
3807,0,0,0,0,0,0,0.00,0,0.00,,50.00,50.00,50.00,2025-12-20 16:56:20.687 +0900
3808,0,0,0,0,0,0,0.00,0,0.00,,50.00,50.00,50.00,2025-12-20 16:56:20.693 +0900
3809,0,0,0,0,0,0,0.00,0,0.00,,50.00,50.00,50.00,2025-12-20 16:56:20.699 +0900
3810,0,0,0,0,0,0,0.00,0,0.00,,50.00,50.00,50.00,2025-12-20 16:56:20.705 +0900
3811,0,0,0,0,0,0,0.00,0,0.00,,50.00,50.00,50.00,2025-12-20 16:56:20.712 +0900
3812,0,0,0,0,0,0,0.00,0,0.00,,50.00,50.00,50.00,2025-12-20 16:56:20.718 +0900
3813,0,0,0,0,0,0,0.00,0,0.00,,50.00,50.00,50.00,2025-12-20 16:56:20.725 +0900
3814,0,0,0,0,0,0,0.00,0,0.00,,50.00,50.00,50.00,2025-12-20 16:56:20.732 +0900
3815,0,0,0,0,0,0,0.00,0,0.00,,50.00,50.00,50.00,2025-12-20 16:56:20.738 +0900
3816,0,0,0,0,0,0,0.00,0,0.00,,50.00,50.00,50.00,2025-12-20 16:56:20.744 +0900
3817,0,0,0,0,0,0,0.00,0,0.00,,50.00,50.00,50.00,2025-12-20 16:56:20.750 +0900
3818,0,0,0,0,0,0,0.00,0,0.00,,50.00,50.00,50.00,2025-12-20 16:56:20.756 +0900
3819,0,0,0,0,0,0,0.00,0,0.00,,50.00,50.00,50.00,2025-12-20 16:56:20.763 +0900
3820,0,0,0,0,0,0,0.00,0,0.00,,50.00,50.00,50.00,2025-12-20 16:56:20.769 +0900
3821,0,0,0,0,0,0,0.00,0,0.00,,50.00,50.00,50.00,2025-12-20 16:56:20.776 +0900
3822,0,0,0,0,0,0,0.00,0,0.00,,50.00,50.00,50.00,2025-12-20 16:56:20.782 +0900
3823,0,0,0,0,0,0,0.00,0,0.00,,50.00,50.00,50.00,2025-12-20 16:56:20.789 +0900
3824,0,0,0,0,0,0,0.00,0,0.00,,50.00,50.00,50.00,2025-12-20 16:56:20.795 +0900
3825,0,0,0,0,0,0,0.00,0,0.00,,50.00,50.00,50.00,2025-12-20 16:56:20.801 +0900
3826,0,0,0,0,0,0,0.00,0,0.00,,50.00,50.00,50.00,2025-12-20 16:56:20.807 +0900
3827,0,0,0,0,0,0,0.00,0,0.00,,50.00,50.00,50.00,2025-12-20 16:56:20.813 +0900
3828,0,0,0,0,0,0,0.00,0,0.00,,50.00,50.00,50.00,2025-12-20 16:56:20.819 +0900
3829,0,0,0,0,0,0,0.00,0,0.00,,50.00,50.00,50.00,2025-12-20 16:56:20.825 +0900
3830,0,0,0,0,0,0,0.00,0,0.00,,50.00,50.00,50.00,2025-12-20 16:56:20.832 +0900
3831,0,0,0,0,0,0,0.00,0,0.00,,50.00,50.00,50.00,2025-12-20 16:56:20.837 +0900
3832,0,0,0,0,0,0,0.00,0,0.00,,50.00,50.00,50.00,2025-12-20 16:56:20.843 +0900
3833,0,0,0,0,0,0,0.00,0,0.00,,50.00,50.00,50.00,2025-12-20 16:56:20.849 +0900
3834,0,0,0,0,0,0,0.00,0,0.00,,50.00,50.00,50.00,2025-12-20 16:56:20.855 +0900
3835,0,0,0,0,0,0,0.00,0,0.00,,50.00,50.00,50.00,2025-12-20 16:56:20.861 +0900
3836,0,0,0,0,0,0,0.00,0,0.00,,50.00,50.00,50.00,2025-12-20 16:56:20.869 +0900
3837,0,0,0,0,0,0,0.00,0,0.00,,50.00,50.00,50.00,2025-12-20 16:56:20.878 +0900
3838,0,0,0,0,0,0,0.00,0,0.00,,50.00,50.00,50.00,2025-12-20 16:56:20.885 +0900
3839,0,0,0,0,0,0,0.00,0,0.00,,50.00,50.00,50.00,2025-12-20 16:56:20.892 +0900
3840,0,0,0,0,0,0,0.00,0,0.00,,50.00,50.00,50.00,2025-12-20 16:56:20.901 +0900
3841,0,0,0,0,0,0,0.00,0,0.00,,50.00,50.00,50.00,2025-12-20 16:56:20.911 +0900
3842,0,0,0,0,0,0,0.00,0,0.00,,50.00,50.00,50.00,2025-12-20 16:56:20.919 +0900
3843,0,0,0,0,0,0,0.00,0,0.00,,50.00,50.00,50.00,2025-12-20 16:56:20.926 +0900
3844,0,0,0,0,0,0,0.00,0,0.00,,50.00,50.00,50.00,2025-12-20 16:56:20.932 +0900
3845,0,0,0,0,0,0,0.00,0,0.00,,50.00,50.00,50.00,2025-12-20 16:56:20.937 +0900
3846,0,0,0,0,0,0,0.00,0,0.00,,50.00,50.00,50.00,2025-12-20 16:56:20.943 +0900
3847,0,0,0,0,0,0,0.00,0,0.00,,50.00,50.00,50.00,2025-12-20 16:56:20.949 +0900
3848,0,0,0,0,0,0,0.00,0,0.00,,50.00,50.00,50.00,2025-12-20 16:56:20.955 +0900
3849,0,0,0,0,0,0,0.00,0,0.00,,50.00,50.00,50.00,2025-12-20 16:56:20.961 +0900
3850,0,0,0,0,0,0,0.00,0,0.00,,50.00,50.00,50.00,2025-12-20 16:56:20.967 +0900
3851,0,0,0,0,0,0,0.00,0,0.00,,50.00,50.00,50.00,2025-12-20 16:56:20.973 +0900
3852,0,0,0,0,0,0,0.00,0,0.00,,50.00,50.00,50.00,2025-12-20 16:56:20.979 +0900
3853,0,0,0,0,0,0,0.00,0,0.00,,50.00,50.00,50.00,2025-12-20 16:56:20.985 +0900
3854,0,0,0,0,0,0,0.00,0,0.00,,50.00,50.00,50.00,2025-12-20 16:56:20.991 +0900
3855,0,0,0,0,0,0,0.00,0,0.00,,50.00,50.00,50.00,2025-12-20 16:56:20.998 +0900
3856,0,0,0,0,0,0,0.00,0,0.00,,50.00,50.00,50.00,2025-12-20 16:56:21.004 +0900
3857,0,0,0,0,0,0,0.00,0,0.00,,50.00,50.00,50.00,2025-12-20 16:56:21.010 +0900
3858,0,0,0,0,0,0,0.00,0,0.00,,50.00,50.00,50.00,2025-12-20 16:56:21.016 +0900
3859,0,0,0,0,0,0,0.00,0,0.00,,50.00,50.00,50.00,2025-12-20 16:56:21.023 +0900
3860,0,0,0,0,0,0,0.00,0,0.00,,50.00,50.00,50.00,2025-12-20 16:56:21.030 +0900
3861,0,0,0,0,0,0,0.00,0,0.00,,50.00,50.00,50.00,2025-12-20 16:56:21.036 +0900
3862,0,0,0,0,0,0,0.00,0,0.00,,50.00,50.00,50.00,2025-12-20 16:56:21.042 +0900
3863,0,0,0,0,0,0,0.00,0,0.00,,50.00,50.00,50.00,2025-12-20 16:56:21.048 +0900
3864,0,0,0,0,0,0,0.00,0,0.00,,50.00,50.00,50.00,2025-12-20 16:56:21.055 +0900
3865,0,0,0,0,0,0,0.00,0,0.00,,50.00,50.00,50.00,2025-12-20 16:56:21.061 +0900
3866,0,0,0,0,0,0,0.00,0,0.00,,50.00,50.00,50.00,2025-12-20 16:56:21.068 +0900
3867,0,0,0,0,0,0,0.00,0,0.00,,50.00,50.00,50.00,2025-12-20 16:56:21.074 +0900
3868,0,0,0,0,0,0,0.00,0,0.00,,50.00,50.00,50.00,2025-12-20 16:56:21.081 +0900
3869,0,0,0,0,0,0,0.00,0,0.00,,50.00,50.00,50.00,2025-12-20 16:56:21.087 +0900
3870,0,0,0,0,0,0,0.00,0,0.00,,50.00,50.00,50.00,2025-12-20 16:56:21.094 +0900
3871,0,0,0,0,0,0,0.00,0,0.00,,50.00,50.00,50.00,2025-12-20 16:56:21.100 +0900
3872,0,0,0,0,0,0,0.00,0,0.00,,50.00,50.00,50.00,2025-12-20 16:56:21.106 +0900
3873,0,0,0,0,0,0,0.00,0,0.00,,50.00,50.00,50.00,2025-12-20 16:56:21.113 +0900
3874,0,0,0,0,0,0,0.00,0,0.00,,50.00,50.00,50.00,2025-12-20 16:56:21.119 +0900
3875,0,0,0,0,0,0,0.00,0,0.00,,50.00,50.00,50.00,2025-12-20 16:56:21.125 +0900
3876,0,0,0,0,0,0,0.00,0,0.00,,50.00,50.00,50.00,2025-12-20 16:56:21.132 +0900
3877,0,0,0,0,0,0,0.00,0,0.00,,50.00,50.00,50.00,2025-12-20 16:56:21.138 +0900
3878,0,0,0,0,0,0,0.00,0,0.00,,50.00,50.00,50.00,2025-12-20 16:56:21.144 +0900
3879,0,0,0,0,0,0,0.00,0,0.00,,50.00,50.00,50.00,2025-12-20 16:56:21.150 +0900
3880,0,0,0,0,0,0,0.00,0,0.00,,50.00,50.00,50.00,2025-12-20 16:56:21.156 +0900
3881,0,0,0,0,0,0,0.00,0,0.00,,50.00,50.00,50.00,2025-12-20 16:56:21.162 +0900
3882,0,0,0,0,0,0,0.00,0,0.00,,50.00,50.00,50.00,2025-12-20 16:56:21.168 +0900
3883,0,0,0,0,0,0,0.00,0,0.00,,50.00,50.00,50.00,2025-12-20 16:56:21.175 +0900
3884,0,0,0,0,0,0,0.00,0,0.00,,50.00,50.00,50.00,2025-12-20 16:56:21.182 +0900
3885,0,0,0,0,0,0,0.00,0,0.00,,50.00,50.00,50.00,2025-12-20 16:56:21.188 +0900
3886,0,0,0,0,0,0,0.00,0,0.00,,50.00,50.00,50.00,2025-12-20 16:56:21.195 +0900
3887,0,0,0,0,0,0,0.00,0,0.00,,50.00,50.00,50.00,2025-12-20 16:56:21.201 +0900
3888,0,0,0,0,0,0,0.00,0,0.00,,50.00,50.00,50.00,2025-12-20 16:56:21.208 +0900
3889,0,0,0,0,0,0,0.00,0,0.00,,50.00,50.00,50.00,2025-12-20 16:56:21.214 +0900
3890,0,0,0,0,0,0,0.00,0,0.00,,50.00,50.00,50.00,2025-12-20 16:56:21.221 +0900
3891,0,0,0,0,0,0,0.00,0,0.00,,50.00,50.00,50.00,2025-12-20 16:56:21.227 +0900
3892,0,0,0,0,0,0,0.00,0,0.00,,50.00,50.00,50.00,2025-12-20 16:56:21.233 +0900
3893,0,0,0,0,0,0,0.00,0,0.00,,50.00,50.00,50.00,2025-12-20 16:56:21.240 +0900
3894,0,0,0,0,0,0,0.00,0,0.00,,50.00,50.00,50.00,2025-12-20 16:56:21.246 +0900
3895,0,0,0,0,0,0,0.00,0,0.00,,50.00,50.00,50.00,2025-12-20 16:56:21.253 +0900
3896,0,0,0,0,0,0,0.00,0,0.00,,50.00,50.00,50.00,2025-12-20 16:56:21.259 +0900
3897,0,0,0,0,0,0,0.00,0,0.00,,50.00,50.00,50.00,2025-12-20 16:56:21.266 +0900
3898,0,0,0,0,0,0,0.00,0,0.00,,50.00,50.00,50.00,2025-12-20 16:56:21.271 +0900
3899,0,0,0,0,0,0,0.00,0,0.00,,50.00,50.00,50.00,2025-12-20 16:56:21.278 +0900
3900,0,0,0,0,0,0,0.00,0,0.00,,50.00,50.00,50.00,2025-12-20 16:56:21.285 +0900
3901,0,0,0,0,0,0,0.00,0,0.00,,50.00,50.00,50.00,2025-12-20 16:56:21.291 +0900
3902,0,0,0,0,0,0,0.00,0,0.00,,50.00,50.00,50.00,2025-12-20 16:56:21.298 +0900
3903,0,0,0,0,0,0,0.00,0,0.00,,50.00,50.00,50.00,2025-12-20 16:56:21.304 +0900
3904,0,0,0,0,0,0,0.00,0,0.00,,50.00,50.00,50.00,2025-12-20 16:56:21.310 +0900
3905,0,0,0,0,0,0,0.00,0,0.00,,50.00,50.00,50.00,2025-12-20 16:56:21.316 +0900
3906,0,0,0,0,0,0,0.00,0,0.00,,50.00,50.00,50.00,2025-12-20 16:56:21.323 +0900
3907,0,0,0,0,0,0,0.00,0,0.00,,50.00,50.00,50.00,2025-12-20 16:56:21.329 +0900
3908,0,0,0,0,0,0,0.00,0,0.00,,50.00,50.00,50.00,2025-12-20 16:56:21.335 +0900
3909,0,0,0,0,0,0,0.00,0,0.00,,50.00,50.00,50.00,2025-12-20 16:56:21.342 +0900
3910,0,0,0,0,0,0,0.00,0,0.00,,50.00,50.00,50.00,2025-12-20 16:56:21.348 +0900
3911,0,0,0,0,0,0,0.00,0,0.00,,50.00,50.00,50.00,2025-12-20 16:56:21.355 +0900
3912,0,0,0,0,0,0,0.00,0,0.00,,50.00,50.00,50.00,2025-12-20 16:56:21.361 +0900
3913,0,0,0,0,0,0,0.00,0,0.00,,50.00,50.00,50.00,2025-12-20 16:56:21.367 +0900
3914,0,0,0,0,0,0,0.00,0,0.00,,50.00,50.00,50.00,2025-12-20 16:56:21.373 +0900
3915,0,0,0,0,0,0,0.00,0,0.00,,50.00,50.00,50.00,2025-12-20 16:56:21.379 +0900
3916,0,0,0,0,0,0,0.00,0,0.00,,50.00,50.00,50.00,2025-12-20 16:56:21.385 +0900
3917,0,0,0,0,0,0,0.00,0,0.00,,50.00,50.00,50.00,2025-12-20 16:56:21.391 +0900
3918,0,0,0,0,0,0,0.00,0,0.00,,50.00,50.00,50.00,2025-12-20 16:56:21.398 +0900
3919,0,0,0,0,0,0,0.00,0,0.00,,50.00,50.00,50.00,2025-12-20 16:56:21.404 +0900
3920,0,0,0,0,0,0,0.00,0,0.00,,50.00,50.00,50.00,2025-12-20 16:56:21.409 +0900
3921,0,0,0,0,0,0,0.00,0,0.00,,50.00,50.00,50.00,2025-12-20 16:56:21.416 +0900
3922,0,0,0,0,0,0,0.00,0,0.00,,50.00,50.00,50.00,2025-12-20 16:56:21.422 +0900
3923,0,0,0,0,0,0,0.00,0,0.00,,50.00,50.00,50.00,2025-12-20 16:56:21.427 +0900
3924,0,0,0,0,0,0,0.00,0,0.00,,50.00,50.00,50.00,2025-12-20 16:56:21.433 +0900
3925,0,0,0,0,0,0,0.00,0,0.00,,50.00,50.00,50.00,2025-12-20 16:56:21.439 +0900
3926,0,0,0,0,0,0,0.00,0,0.00,,50.00,50.00,50.00,2025-12-20 16:56:21.445 +0900
3927,0,0,0,0,0,0,0.00,0,0.00,,50.00,50.00,50.00,2025-12-20 16:56:21.451 +0900
3928,0,0,0,0,0,0,0.00,0,0.00,,50.00,50.00,50.00,2025-12-20 16:56:21.457 +0900
3929,0,0,0,0,0,0,0.00,0,0.00,,50.00,50.00,50.00,2025-12-20 16:56:21.463 +0900
3930,0,0,0,0,0,0,0.00,0,0.00,,50.00,50.00,50.00,2025-12-20 16:56:21.469 +0900
3931,0,0,0,0,0,0,0.00,0,0.00,,50.00,50.00,50.00,2025-12-20 16:56:21.475 +0900
3932,0,0,0,0,0,0,0.00,0,0.00,,50.00,50.00,50.00,2025-12-20 16:56:21.482 +0900
3933,0,0,0,0,0,0,0.00,0,0.00,,50.00,50.00,50.00,2025-12-20 16:56:21.488 +0900
3934,0,0,0,0,0,0,0.00,0,0.00,,50.00,50.00,50.00,2025-12-20 16:56:21.494 +0900
3935,0,0,0,0,0,0,0.00,0,0.00,,50.00,50.00,50.00,2025-12-20 16:56:21.500 +0900
3936,0,0,0,0,0,0,0.00,0,0.00,,50.00,50.00,50.00,2025-12-20 16:56:21.507 +0900
3937,0,0,0,0,0,0,0.00,0,0.00,,50.00,50.00,50.00,2025-12-20 16:56:21.513 +0900
3938,0,0,0,0,0,0,0.00,0,0.00,,50.00,50.00,50.00,2025-12-20 16:56:21.520 +0900
3939,0,0,0,0,0,0,0.00,0,0.00,,50.00,50.00,50.00,2025-12-20 16:56:21.526 +0900
3940,0,0,0,0,0,0,0.00,0,0.00,,50.00,50.00,50.00,2025-12-20 16:56:21.533 +0900
3941,0,0,0,0,0,0,0.00,0,0.00,,50.00,50.00,50.00,2025-12-20 16:56:21.539 +0900
3942,0,0,0,0,0,0,0.00,0,0.00,,50.00,50.00,50.00,2025-12-20 16:56:21.545 +0900
3943,0,0,0,0,0,0,0.00,0,0.00,,50.00,50.00,50.00,2025-12-20 16:56:21.552 +0900
3944,0,0,0,0,0,0,0.00,0,0.00,,50.00,50.00,50.00,2025-12-20 16:56:21.558 +0900
3945,0,0,0,0,0,0,0.00,0,0.00,,50.00,50.00,50.00,2025-12-20 16:56:21.564 +0900
3946,0,0,0,0,0,0,0.00,0,0.00,,50.00,50.00,50.00,2025-12-20 16:56:21.570 +0900
3947,0,0,0,0,0,0,0.00,0,0.00,,50.00,50.00,50.00,2025-12-20 16:56:21.576 +0900
3948,0,0,0,0,0,0,0.00,0,0.00,,50.00,50.00,50.00,2025-12-20 16:56:21.582 +0900
3949,0,0,0,0,0,0,0.00,0,0.00,,50.00,50.00,50.00,2025-12-20 16:56:21.587 +0900
3950,0,0,0,0,0,0,0.00,0,0.00,,50.00,50.00,50.00,2025-12-20 16:56:21.593 +0900
3951,0,0,0,0,0,0,0.00,0,0.00,,50.00,50.00,50.00,2025-12-20 16:56:21.600 +0900
3952,0,0,0,0,0,0,0.00,0,0.00,,50.00,50.00,50.00,2025-12-20 16:56:21.607 +0900
3953,0,0,0,0,0,0,0.00,0,0.00,,50.00,50.00,50.00,2025-12-20 16:56:21.613 +0900
3954,0,0,0,0,0,0,0.00,0,0.00,,50.00,50.00,50.00,2025-12-20 16:56:21.619 +0900
3955,0,0,0,0,0,0,0.00,0,0.00,,50.00,50.00,50.00,2025-12-20 16:56:21.626 +0900
3956,0,0,0,0,0,0,0.00,0,0.00,,50.00,50.00,50.00,2025-12-20 16:56:21.632 +0900
3957,0,0,0,0,0,0,0.00,0,0.00,,50.00,50.00,50.00,2025-12-20 16:56:21.638 +0900
3958,0,0,0,0,0,0,0.00,0,0.00,,50.00,50.00,50.00,2025-12-20 16:56:21.644 +0900
3959,0,0,0,0,0,0,0.00,0,0.00,,50.00,50.00,50.00,2025-12-20 16:56:21.650 +0900
3960,0,0,0,0,0,0,0.00,0,0.00,,50.00,50.00,50.00,2025-12-20 16:56:21.656 +0900
3961,0,0,0,0,0,0,0.00,0,0.00,,50.00,50.00,50.00,2025-12-20 16:56:21.663 +0900
3962,0,0,0,0,0,0,0.00,0,0.00,,50.00,50.00,50.00,2025-12-20 16:56:21.669 +0900
3963,0,0,0,0,0,0,0.00,0,0.00,,50.00,50.00,50.00,2025-12-20 16:56:21.675 +0900
3964,0,0,0,0,0,0,0.00,0,0.00,,50.00,50.00,50.00,2025-12-20 16:56:21.681 +0900
3965,0,0,0,0,0,0,0.00,0,0.00,,50.00,50.00,50.00,2025-12-20 16:56:21.687 +0900
3966,0,0,0,0,0,0,0.00,0,0.00,,50.00,50.00,50.00,2025-12-20 16:56:21.693 +0900
3967,0,0,0,0,0,0,0.00,0,0.00,,50.00,50.00,50.00,2025-12-20 16:56:21.699 +0900
3968,0,0,0,0,0,0,0.00,0,0.00,,50.00,50.00,50.00,2025-12-20 16:56:21.705 +0900
3969,0,0,0,0,0,0,0.00,0,0.00,,50.00,50.00,50.00,2025-12-20 16:56:21.712 +0900
3970,0,0,0,0,0,0,0.00,0,0.00,,50.00,50.00,50.00,2025-12-20 16:56:21.718 +0900
3971,0,0,0,0,0,0,0.00,0,0.00,,50.00,50.00,50.00,2025-12-20 16:56:21.723 +0900
3972,0,0,0,0,0,0,0.00,0,0.00,,50.00,50.00,50.00,2025-12-20 16:56:21.730 +0900
3973,0,0,0,0,0,0,0.00,0,0.00,,50.00,50.00,50.00,2025-12-20 16:56:21.736 +0900
3974,0,0,0,0,0,0,0.00,0,0.00,,50.00,50.00,50.00,2025-12-20 16:56:21.742 +0900
3975,0,0,0,0,0,0,0.00,0,0.00,,50.00,50.00,50.00,2025-12-20 16:56:21.748 +0900
3976,0,0,0,0,0,0,0.00,0,0.00,,50.00,50.00,50.00,2025-12-20 16:56:21.755 +0900
3977,0,0,0,0,0,0,0.00,0,0.00,,50.00,50.00,50.00,2025-12-20 16:56:21.761 +0900
3978,0,0,0,0,0,0,0.00,0,0.00,,50.00,50.00,50.00,2025-12-20 16:56:21.768 +0900
3979,0,0,0,0,0,0,0.00,0,0.00,,50.00,50.00,50.00,2025-12-20 16:56:21.774 +0900
3980,0,0,0,0,0,0,0.00,0,0.00,,50.00,50.00,50.00,2025-12-20 16:56:21.780 +0900
3981,0,0,0,0,0,0,0.00,0,0.00,,50.00,50.00,50.00,2025-12-20 16:56:21.786 +0900
3982,0,0,0,0,0,0,0.00,0,0.00,,50.00,50.00,50.00,2025-12-20 16:56:21.792 +0900
3983,0,0,0,0,0,0,0.00,0,0.00,,50.00,50.00,50.00,2025-12-20 16:56:21.799 +0900
3984,0,0,0,0,0,0,0.00,0,0.00,,50.00,50.00,50.00,2025-12-20 16:56:21.805 +0900
3985,0,0,0,0,0,0,0.00,0,0.00,,50.00,50.00,50.00,2025-12-20 16:56:21.811 +0900
3986,0,0,0,0,0,0,0.00,0,0.00,,50.00,50.00,50.00,2025-12-20 16:56:21.817 +0900
3987,0,0,0,0,0,0,0.00,0,0.00,,50.00,50.00,50.00,2025-12-20 16:56:21.824 +0900
3988,0,0,0,0,0,0,0.00,0,0.00,,50.00,50.00,50.00,2025-12-20 16:56:21.832 +0900
3989,0,0,0,0,0,0,0.00,0,0.00,,50.00,50.00,50.00,2025-12-20 16:56:21.838 +0900
3990,0,0,0,0,0,0,0.00,0,0.00,,50.00,50.00,50.00,2025-12-20 16:56:21.844 +0900
3991,0,0,0,0,0,0,0.00,0,0.00,,50.00,50.00,50.00,2025-12-20 16:56:21.850 +0900
3992,0,0,0,0,0,0,0.00,0,0.00,,50.00,50.00,50.00,2025-12-20 16:56:21.857 +0900
3993,0,0,0,0,0,0,0.00,0,0.00,,50.00,50.00,50.00,2025-12-20 16:56:21.863 +0900
3994,0,0,0,0,0,0,0.00,0,0.00,,50.00,50.00,50.00,2025-12-20 16:56:21.869 +0900
3995,0,0,0,0,0,0,0.00,0,0.00,,50.00,50.00,50.00,2025-12-20 16:56:21.875 +0900
3996,0,0,0,0,0,0,0.00,0,0.00,,50.00,50.00,50.00,2025-12-20 16:56:21.882 +0900
3997,0,0,0,0,0,0,0.00,0,0.00,,50.00,50.00,50.00,2025-12-20 16:56:21.888 +0900
3998,0,0,0,0,0,0,0.00,0,0.00,,50.00,50.00,50.00,2025-12-20 16:56:21.895 +0900
3999,0,0,0,0,0,0,0.00,0,0.00,,50.00,50.00,50.00,2025-12-20 16:56:21.902 +0900
4000,0,0,0,0,0,0,0.00,0,0.00,,50.00,50.00,50.00,2025-12-20 16:56:21.908 +0900
4001,0,0,0,0,0,0,0.00,0,0.00,,50.00,50.00,50.00,2025-12-20 16:56:21.914 +0900
4002,0,0,0,0,0,0,0.00,0,0.00,,50.00,50.00,50.00,2025-12-20 16:56:21.920 +0900
4003,0,0,0,0,0,0,0.00,0,0.00,,50.00,50.00,50.00,2025-12-20 16:56:21.927 +0900
4004,0,0,0,0,0,0,0.00,0,0.00,,50.00,50.00,50.00,2025-12-20 16:56:21.933 +0900
4005,0,0,0,0,0,0,0.00,0,0.00,,50.00,50.00,50.00,2025-12-20 16:56:21.939 +0900
4006,0,0,0,0,0,0,0.00,0,0.00,,50.00,50.00,50.00,2025-12-20 16:56:21.945 +0900
4007,0,0,0,0,0,0,0.00,0,0.00,,50.00,50.00,50.00,2025-12-20 16:56:21.952 +0900
4008,0,0,0,0,0,0,0.00,0,0.00,,50.00,50.00,50.00,2025-12-20 16:56:21.958 +0900
4009,0,0,0,0,0,0,0.00,0,0.00,,50.00,50.00,50.00,2025-12-20 16:56:21.966 +0900
4010,0,0,0,0,0,0,0.00,0,0.00,,50.00,50.00,50.00,2025-12-20 16:56:21.972 +0900
4011,0,0,0,0,0,0,0.00,0,0.00,,50.00,50.00,50.00,2025-12-20 16:56:21.978 +0900
4012,0,0,0,0,0,0,0.00,0,0.00,,50.00,50.00,50.00,2025-12-20 16:56:21.984 +0900
4013,0,0,0,0,0,0,0.00,0,0.00,,50.00,50.00,50.00,2025-12-20 16:56:21.990 +0900
4014,0,0,0,0,0,0,0.00,0,0.00,,50.00,50.00,50.00,2025-12-20 16:56:21.996 +0900
4015,0,0,0,0,0,0,0.00,0,0.00,,50.00,50.00,50.00,2025-12-20 16:56:22.002 +0900
4016,0,0,0,0,0,0,0.00,0,0.00,,50.00,50.00,50.00,2025-12-20 16:56:22.008 +0900
4017,0,0,0,0,0,0,0.00,0,0.00,,50.00,50.00,50.00,2025-12-20 16:56:22.014 +0900
4018,0,0,0,0,0,0,0.00,0,0.00,,50.00,50.00,50.00,2025-12-20 16:56:22.020 +0900
4019,0,0,0,0,0,0,0.00,0,0.00,,50.00,50.00,50.00,2025-12-20 16:56:22.026 +0900
4020,0,0,0,0,0,0,0.00,0,0.00,,50.00,50.00,50.00,2025-12-20 16:56:22.033 +0900
4021,0,0,0,0,0,0,0.00,0,0.00,,50.00,50.00,50.00,2025-12-20 16:56:22.039 +0900
4022,0,0,0,0,0,0,0.00,0,0.00,,50.00,50.00,50.00,2025-12-20 16:56:22.045 +0900
4023,0,0,0,0,0,0,0.00,0,0.00,,50.00,50.00,50.00,2025-12-20 16:56:22.052 +0900
4024,0,0,0,0,0,0,0.00,0,0.00,,50.00,50.00,50.00,2025-12-20 16:56:22.058 +0900
4025,0,0,0,0,0,0,0.00,0,0.00,,50.00,50.00,50.00,2025-12-20 16:56:22.064 +0900
4026,0,0,0,0,0,0,0.00,0,0.00,,50.00,50.00,50.00,2025-12-20 16:56:22.070 +0900
4027,0,0,0,0,0,0,0.00,0,0.00,,50.00,50.00,50.00,2025-12-20 16:56:22.076 +0900
4028,0,0,0,0,0,0,0.00,0,0.00,,50.00,50.00,50.00,2025-12-20 16:56:22.082 +0900
4029,0,0,0,0,0,0,0.00,0,0.00,,50.00,50.00,50.00,2025-12-20 16:56:22.090 +0900
4030,0,0,0,0,0,0,0.00,0,0.00,,50.00,50.00,50.00,2025-12-20 16:56:22.096 +0900
4031,0,0,0,0,0,0,0.00,0,0.00,,50.00,50.00,50.00,2025-12-20 16:56:22.102 +0900
4032,0,0,0,0,0,0,0.00,0,0.00,,50.00,50.00,50.00,2025-12-20 16:56:22.109 +0900
4033,0,0,0,0,0,0,0.00,0,0.00,,50.00,50.00,50.00,2025-12-20 16:56:22.116 +0900
4034,0,0,0,0,0,0,0.00,0,0.00,,50.00,50.00,50.00,2025-12-20 16:56:22.121 +0900
4035,0,0,0,0,0,0,0.00,0,0.00,,50.00,50.00,50.00,2025-12-20 16:56:22.128 +0900
4036,0,0,0,0,0,0,0.00,0,0.00,,50.00,50.00,50.00,2025-12-20 16:56:22.134 +0900
4037,0,0,0,0,0,0,0.00,0,0.00,,50.00,50.00,50.00,2025-12-20 16:56:22.140 +0900
4038,0,0,0,0,0,0,0.00,0,0.00,,50.00,50.00,50.00,2025-12-20 16:56:22.147 +0900
4039,0,0,0,0,0,0,0.00,0,0.00,,50.00,50.00,50.00,2025-12-20 16:56:22.154 +0900
4040,0,0,0,0,0,0,0.00,0,0.00,,50.00,50.00,50.00,2025-12-20 16:56:22.160 +0900
4041,0,0,0,0,0,0,0.00,0,0.00,,50.00,50.00,50.00,2025-12-20 16:56:22.166 +0900
4042,0,0,0,0,0,0,0.00,0,0.00,,50.00,50.00,50.00,2025-12-20 16:56:22.172 +0900
4043,0,0,0,0,0,0,0.00,0,0.00,,50.00,50.00,50.00,2025-12-20 16:56:22.178 +0900
4044,0,0,0,0,0,0,0.00,0,0.00,,50.00,50.00,50.00,2025-12-20 16:56:22.184 +0900
4045,0,0,0,0,0,0,0.00,0,0.00,,50.00,50.00,50.00,2025-12-20 16:56:22.191 +0900
4046,0,0,0,0,0,0,0.00,0,0.00,,50.00,50.00,50.00,2025-12-20 16:56:22.197 +0900
4047,0,0,0,0,0,0,0.00,0,0.00,,50.00,50.00,50.00,2025-12-20 16:56:22.203 +0900
4048,0,0,0,0,0,0,0.00,0,0.00,,50.00,50.00,50.00,2025-12-20 16:56:22.210 +0900
4049,0,0,0,0,0,0,0.00,0,0.00,,50.00,50.00,50.00,2025-12-20 16:56:22.215 +0900
4050,0,0,0,0,0,0,0.00,0,0.00,,50.00,50.00,50.00,2025-12-20 16:56:22.221 +0900
4051,0,0,0,0,0,0,0.00,0,0.00,,50.00,50.00,50.00,2025-12-20 16:56:22.228 +0900
4052,0,0,0,0,0,0,0.00,0,0.00,,50.00,50.00,50.00,2025-12-20 16:56:22.234 +0900
4053,0,0,0,0,0,0,0.00,0,0.00,,50.00,50.00,50.00,2025-12-20 16:56:22.241 +0900
4054,0,0,0,0,0,0,0.00,0,0.00,,50.00,50.00,50.00,2025-12-20 16:56:22.246 +0900
4055,0,0,0,0,0,0,0.00,0,0.00,,50.00,50.00,50.00,2025-12-20 16:56:22.253 +0900
4056,0,0,0,0,0,0,0.00,0,0.00,,50.00,50.00,50.00,2025-12-20 16:56:22.259 +0900
4057,0,0,0,0,0,0,0.00,0,0.00,,50.00,50.00,50.00,2025-12-20 16:56:22.266 +0900
4058,0,0,0,0,0,0,0.00,0,0.00,,50.00,50.00,50.00,2025-12-20 16:56:22.272 +0900
4059,0,0,0,0,0,0,0.00,0,0.00,,50.00,50.00,50.00,2025-12-20 16:56:22.279 +0900
4060,0,0,0,0,0,0,0.00,0,0.00,,50.00,50.00,50.00,2025-12-20 16:56:22.285 +0900
4061,0,0,0,0,0,0,0.00,0,0.00,,50.00,50.00,50.00,2025-12-20 16:56:22.292 +0900
4062,0,0,0,0,0,0,0.00,0,0.00,,50.00,50.00,50.00,2025-12-20 16:56:22.298 +0900
4063,0,0,0,0,0,0,0.00,0,0.00,,50.00,50.00,50.00,2025-12-20 16:56:22.304 +0900
4064,0,0,0,0,0,0,0.00,0,0.00,,50.00,50.00,50.00,2025-12-20 16:56:22.310 +0900
4065,0,0,0,0,0,0,0.00,0,0.00,,50.00,50.00,50.00,2025-12-20 16:56:22.316 +0900
4066,0,0,0,0,0,0,0.00,0,0.00,,50.00,50.00,50.00,2025-12-20 16:56:22.322 +0900
4067,0,0,0,0,0,0,0.00,0,0.00,,50.00,50.00,50.00,2025-12-20 16:56:22.328 +0900
4068,0,0,0,0,0,0,0.00,0,0.00,,50.00,50.00,50.00,2025-12-20 16:56:22.335 +0900
4069,0,0,0,0,0,0,0.00,0,0.00,,50.00,50.00,50.00,2025-12-20 16:56:22.341 +0900
4070,0,0,0,0,0,0,0.00,0,0.00,,50.00,50.00,50.00,2025-12-20 16:56:22.347 +0900
4071,0,0,0,0,0,0,0.00,0,0.00,,50.00,50.00,50.00,2025-12-20 16:56:22.354 +0900
4072,0,0,0,0,0,0,0.00,0,0.00,,50.00,50.00,50.00,2025-12-20 16:56:22.361 +0900
4073,0,0,0,0,0,0,0.00,0,0.00,,50.00,50.00,50.00,2025-12-20 16:56:22.367 +0900
4074,0,0,0,0,0,0,0.00,0,0.00,,50.00,50.00,50.00,2025-12-20 16:56:22.373 +0900
4075,0,0,0,0,0,0,0.00,0,0.00,,50.00,50.00,50.00,2025-12-20 16:56:22.380 +0900
4076,0,0,0,0,0,0,0.00,0,0.00,,50.00,50.00,50.00,2025-12-20 16:56:22.386 +0900
4077,0,0,0,0,0,0,0.00,0,0.00,,50.00,50.00,50.00,2025-12-20 16:56:22.392 +0900
4078,0,0,0,0,0,0,0.00,0,0.00,,50.00,50.00,50.00,2025-12-20 16:56:22.399 +0900
4079,0,0,0,0,0,0,0.00,0,0.00,,50.00,50.00,50.00,2025-12-20 16:56:22.405 +0900
4080,0,0,0,0,0,0,0.00,0,0.00,,50.00,50.00,50.00,2025-12-20 16:56:22.411 +0900
4081,0,0,0,0,0,0,0.00,0,0.00,,50.00,50.00,50.00,2025-12-20 16:56:22.417 +0900
4082,0,0,0,0,0,0,0.00,0,0.00,,50.00,50.00,50.00,2025-12-20 16:56:22.423 +0900
4083,0,0,0,0,0,0,0.00,0,0.00,,50.00,50.00,50.00,2025-12-20 16:56:22.430 +0900
4084,0,0,0,0,0,0,0.00,0,0.00,,50.00,50.00,50.00,2025-12-20 16:56:22.435 +0900
4085,0,0,0,0,0,0,0.00,0,0.00,,50.00,50.00,50.00,2025-12-20 16:56:22.442 +0900
4086,0,0,0,0,0,0,0.00,0,0.00,,50.00,50.00,50.00,2025-12-20 16:56:22.448 +0900
4087,0,0,0,0,0,0,0.00,0,0.00,,50.00,50.00,50.00,2025-12-20 16:56:22.454 +0900
4088,0,0,0,0,0,0,0.00,0,0.00,,50.00,50.00,50.00,2025-12-20 16:56:22.461 +0900
4089,0,0,0,0,0,0,0.00,0,0.00,,50.00,50.00,50.00,2025-12-20 16:56:22.466 +0900
4090,0,0,0,0,0,0,0.00,0,0.00,,50.00,50.00,50.00,2025-12-20 16:56:22.473 +0900
4091,0,0,0,0,0,0,0.00,0,0.00,,50.00,50.00,50.00,2025-12-20 16:56:22.480 +0900
4092,0,0,0,0,0,0,0.00,0,0.00,,50.00,50.00,50.00,2025-12-20 16:56:22.486 +0900
4093,0,0,0,0,0,0,0.00,0,0.00,,50.00,50.00,50.00,2025-12-20 16:56:22.492 +0900
4094,0,0,0,0,0,0,0.00,0,0.00,,50.00,50.00,50.00,2025-12-20 16:56:22.498 +0900
4095,0,0,0,0,0,0,0.00,0,0.00,,50.00,50.00,50.00,2025-12-20 16:56:22.504 +0900
4096,0,0,0,0,0,0,0.00,0,0.00,,50.00,50.00,50.00,2025-12-20 16:56:22.510 +0900
4097,0,0,0,0,0,0,0.00,0,0.00,,50.00,50.00,50.00,2025-12-20 16:56:22.517 +0900
4098,0,0,0,0,0,0,0.00,0,0.00,,50.00,50.00,50.00,2025-12-20 16:56:22.522 +0900
4099,0,0,0,0,0,0,0.00,0,0.00,,50.00,50.00,50.00,2025-12-20 16:56:22.529 +0900
4100,0,0,0,0,0,0,0.00,0,0.00,,50.00,50.00,50.00,2025-12-20 16:56:22.536 +0900
4101,0,0,0,0,0,0,0.00,0,0.00,,50.00,50.00,50.00,2025-12-20 16:56:22.542 +0900
4102,0,0,0,0,0,0,0.00,0,0.00,,50.00,50.00,50.00,2025-12-20 16:56:22.548 +0900
4103,0,0,0,0,0,0,0.00,0,0.00,,50.00,50.00,50.00,2025-12-20 16:56:22.555 +0900
4104,0,0,0,0,0,0,0.00,0,0.00,,50.00,50.00,50.00,2025-12-20 16:56:22.561 +0900
4105,0,0,0,0,0,0,0.00,0,0.00,,50.00,50.00,50.00,2025-12-20 16:56:22.568 +0900
4106,0,0,0,0,0,0,0.00,0,0.00,,50.00,50.00,50.00,2025-12-20 16:56:22.574 +0900
4107,0,0,0,0,0,0,0.00,0,0.00,,50.00,50.00,50.00,2025-12-20 16:56:22.580 +0900
4108,0,0,0,0,0,0,0.00,0,0.00,,50.00,50.00,50.00,2025-12-20 16:56:22.587 +0900
4109,0,0,0,0,0,0,0.00,0,0.00,,50.00,50.00,50.00,2025-12-20 16:56:22.593 +0900
4110,0,0,0,0,0,0,0.00,0,0.00,,50.00,50.00,50.00,2025-12-20 16:56:22.599 +0900
4111,0,0,0,0,0,0,0.00,0,0.00,,50.00,50.00,50.00,2025-12-20 16:56:22.606 +0900
4112,0,0,0,0,0,0,0.00,0,0.00,,50.00,50.00,50.00,2025-12-20 16:56:22.612 +0900
4113,0,0,0,0,0,0,0.00,0,0.00,,50.00,50.00,50.00,2025-12-20 16:56:22.619 +0900
4114,0,0,0,0,0,0,0.00,0,0.00,,50.00,50.00,50.00,2025-12-20 16:56:22.625 +0900
4115,0,0,0,0,0,0,0.00,0,0.00,,50.00,50.00,50.00,2025-12-20 16:56:22.631 +0900
4116,0,0,0,0,0,0,0.00,0,0.00,,50.00,50.00,50.00,2025-12-20 16:56:22.637 +0900
4117,0,0,0,0,0,0,0.00,0,0.00,,50.00,50.00,50.00,2025-12-20 16:56:22.644 +0900
4118,0,0,0,0,0,0,0.00,0,0.00,,50.00,50.00,50.00,2025-12-20 16:56:22.650 +0900
4119,0,0,0,0,0,0,0.00,0,0.00,,50.00,50.00,50.00,2025-12-20 16:56:22.656 +0900
4120,0,0,0,0,0,0,0.00,0,0.00,,50.00,50.00,50.00,2025-12-20 16:56:22.662 +0900
4121,0,0,0,0,0,0,0.00,0,0.00,,50.00,50.00,50.00,2025-12-20 16:56:22.668 +0900
4122,0,0,0,0,0,0,0.00,0,0.00,,50.00,50.00,50.00,2025-12-20 16:56:22.675 +0900
4123,0,0,0,0,0,0,0.00,0,0.00,,50.00,50.00,50.00,2025-12-20 16:56:22.681 +0900
4124,0,0,0,0,0,0,0.00,0,0.00,,50.00,50.00,50.00,2025-12-20 16:56:22.687 +0900
4125,0,0,0,0,0,0,0.00,0,0.00,,50.00,50.00,50.00,2025-12-20 16:56:22.694 +0900
4126,0,0,0,0,0,0,0.00,0,0.00,,50.00,50.00,50.00,2025-12-20 16:56:22.699 +0900
4127,0,0,0,0,0,0,0.00,0,0.00,,50.00,50.00,50.00,2025-12-20 16:56:22.706 +0900
4128,0,0,0,0,0,0,0.00,0,0.00,,50.00,50.00,50.00,2025-12-20 16:56:22.712 +0900
4129,0,0,0,0,0,0,0.00,0,0.00,,50.00,50.00,50.00,2025-12-20 16:56:22.718 +0900
4130,0,0,0,0,0,0,0.00,0,0.00,,50.00,50.00,50.00,2025-12-20 16:56:22.724 +0900
4131,0,0,0,0,0,0,0.00,0,0.00,,50.00,50.00,50.00,2025-12-20 16:56:22.729 +0900
4132,0,0,0,0,0,0,0.00,0,0.00,,50.00,50.00,50.00,2025-12-20 16:56:22.735 +0900
4133,0,0,0,0,0,0,0.00,0,0.00,,50.00,50.00,50.00,2025-12-20 16:56:22.741 +0900
4134,0,0,0,0,0,0,0.00,0,0.00,,50.00,50.00,50.00,2025-12-20 16:56:22.747 +0900
4135,0,0,0,0,0,0,0.00,0,0.00,,50.00,50.00,50.00,2025-12-20 16:56:22.753 +0900
4136,0,0,0,0,0,0,0.00,0,0.00,,50.00,50.00,50.00,2025-12-20 16:56:22.760 +0900
4137,0,0,0,0,0,0,0.00,0,0.00,,50.00,50.00,50.00,2025-12-20 16:56:22.767 +0900
4138,0,0,0,0,0,0,0.00,0,0.00,,50.00,50.00,50.00,2025-12-20 16:56:22.773 +0900
4139,0,0,0,0,0,0,0.00,0,0.00,,50.00,50.00,50.00,2025-12-20 16:56:22.779 +0900
4140,0,0,0,0,0,0,0.00,0,0.00,,50.00,50.00,50.00,2025-12-20 16:56:22.785 +0900
4141,0,0,0,0,0,0,0.00,0,0.00,,50.00,50.00,50.00,2025-12-20 16:56:22.791 +0900
4142,0,0,0,0,0,0,0.00,0,0.00,,50.00,50.00,50.00,2025-12-20 16:56:22.797 +0900
4143,0,0,0,0,0,0,0.00,0,0.00,,50.00,50.00,50.00,2025-12-20 16:56:22.803 +0900
4144,0,0,0,0,0,0,0.00,0,0.00,,50.00,50.00,50.00,2025-12-20 16:56:22.808 +0900
4145,0,0,0,0,0,0,0.00,0,0.00,,50.00,50.00,50.00,2025-12-20 16:56:22.814 +0900
4146,0,0,0,0,0,0,0.00,0,0.00,,50.00,50.00,50.00,2025-12-20 16:56:22.820 +0900
4147,0,0,0,0,0,0,0.00,0,0.00,,50.00,50.00,50.00,2025-12-20 16:56:22.826 +0900
4148,0,0,0,0,0,0,0.00,0,0.00,,50.00,50.00,50.00,2025-12-20 16:56:22.832 +0900
4149,0,0,0,0,0,0,0.00,0,0.00,,50.00,50.00,50.00,2025-12-20 16:56:22.838 +0900
4150,0,0,0,0,0,0,0.00,0,0.00,,50.00,50.00,50.00,2025-12-20 16:56:22.845 +0900
4151,0,0,0,0,0,0,0.00,0,0.00,,50.00,50.00,50.00,2025-12-20 16:56:22.850 +0900
4152,0,0,0,0,0,0,0.00,0,0.00,,50.00,50.00,50.00,2025-12-20 16:56:22.856 +0900
4153,0,0,0,0,0,0,0.00,0,0.00,,50.00,50.00,50.00,2025-12-20 16:56:22.862 +0900
4154,0,0,0,0,0,0,0.00,0,0.00,,50.00,50.00,50.00,2025-12-20 16:56:22.868 +0900
4155,0,0,0,0,0,0,0.00,0,0.00,,50.00,50.00,50.00,2025-12-20 16:56:22.874 +0900
4156,0,0,0,0,0,0,0.00,0,0.00,,50.00,50.00,50.00,2025-12-20 16:56:22.880 +0900
4157,0,0,0,0,0,0,0.00,0,0.00,,50.00,50.00,50.00,2025-12-20 16:56:22.886 +0900
4158,0,0,0,0,0,0,0.00,0,0.00,,50.00,50.00,50.00,2025-12-20 16:56:22.892 +0900
4159,0,0,0,0,0,0,0.00,0,0.00,,50.00,50.00,50.00,2025-12-20 16:56:22.898 +0900
4160,0,0,0,0,0,0,0.00,0,0.00,,50.00,50.00,50.00,2025-12-20 16:56:22.904 +0900
4161,0,0,0,0,0,0,0.00,0,0.00,,50.00,50.00,50.00,2025-12-20 16:56:22.911 +0900
4162,0,0,0,0,0,0,0.00,0,0.00,,50.00,50.00,50.00,2025-12-20 16:56:22.917 +0900
4163,0,0,0,0,0,0,0.00,0,0.00,,50.00,50.00,50.00,2025-12-20 16:56:22.924 +0900
4164,0,0,0,0,0,0,0.00,0,0.00,,50.00,50.00,50.00,2025-12-20 16:56:22.930 +0900
4165,0,0,0,0,0,0,0.00,0,0.00,,50.00,50.00,50.00,2025-12-20 16:56:22.936 +0900
4166,0,0,0,0,0,0,0.00,0,0.00,,50.00,50.00,50.00,2025-12-20 16:56:22.942 +0900
4167,0,0,0,0,0,0,0.00,0,0.00,,50.00,50.00,50.00,2025-12-20 16:56:22.948 +0900
4168,0,0,0,0,0,0,0.00,0,0.00,,50.00,50.00,50.00,2025-12-20 16:56:22.954 +0900
4169,0,0,0,0,0,0,0.00,0,0.00,,50.00,50.00,50.00,2025-12-20 16:56:22.960 +0900
4170,0,0,0,0,0,0,0.00,0,0.00,,50.00,50.00,50.00,2025-12-20 16:56:22.966 +0900
4171,0,0,0,0,0,0,0.00,0,0.00,,50.00,50.00,50.00,2025-12-20 16:56:22.972 +0900
4172,0,0,0,0,0,0,0.00,0,0.00,,50.00,50.00,50.00,2025-12-20 16:56:22.978 +0900
4173,0,0,0,0,0,0,0.00,0,0.00,,50.00,50.00,50.00,2025-12-20 16:56:22.984 +0900
4174,0,0,0,0,0,0,0.00,0,0.00,,50.00,50.00,50.00,2025-12-20 16:56:22.990 +0900
4175,0,0,0,0,0,0,0.00,0,0.00,,50.00,50.00,50.00,2025-12-20 16:56:22.996 +0900
4176,0,0,0,0,0,0,0.00,0,0.00,,50.00,50.00,50.00,2025-12-20 16:56:23.002 +0900
4177,0,0,0,0,0,0,0.00,0,0.00,,50.00,50.00,50.00,2025-12-20 16:56:23.008 +0900
4178,0,0,0,0,0,0,0.00,0,0.00,,50.00,50.00,50.00,2025-12-20 16:56:23.014 +0900
4179,0,0,0,0,0,0,0.00,0,0.00,,50.00,50.00,50.00,2025-12-20 16:56:23.020 +0900
4180,0,0,0,0,0,0,0.00,0,0.00,,50.00,50.00,50.00,2025-12-20 16:56:23.026 +0900
4181,0,0,0,0,0,0,0.00,0,0.00,,50.00,50.00,50.00,2025-12-20 16:56:23.033 +0900
4182,0,0,0,0,0,0,0.00,0,0.00,,50.00,50.00,50.00,2025-12-20 16:56:23.039 +0900
4183,0,0,0,0,0,0,0.00,0,0.00,,50.00,50.00,50.00,2025-12-20 16:56:23.045 +0900
4184,0,0,0,0,0,0,0.00,0,0.00,,50.00,50.00,50.00,2025-12-20 16:56:23.051 +0900
4185,0,0,0,0,0,0,0.00,0,0.00,,50.00,50.00,50.00,2025-12-20 16:56:23.057 +0900
4186,0,0,0,0,0,0,0.00,0,0.00,,50.00,50.00,50.00,2025-12-20 16:56:23.063 +0900
4187,0,0,0,0,0,0,0.00,0,0.00,,50.00,50.00,50.00,2025-12-20 16:56:23.070 +0900
4188,0,0,0,0,0,0,0.00,0,0.00,,50.00,50.00,50.00,2025-12-20 16:56:23.076 +0900
4189,0,0,0,0,0,0,0.00,0,0.00,,50.00,50.00,50.00,2025-12-20 16:56:23.082 +0900
4190,0,0,0,0,0,0,0.00,0,0.00,,50.00,50.00,50.00,2025-12-20 16:56:23.089 +0900
4191,0,0,0,0,0,0,0.00,0,0.00,,50.00,50.00,50.00,2025-12-20 16:56:23.095 +0900
4192,0,0,0,0,0,0,0.00,0,0.00,,50.00,50.00,50.00,2025-12-20 16:56:23.101 +0900
4193,0,0,0,0,0,0,0.00,0,0.00,,50.00,50.00,50.00,2025-12-20 16:56:23.107 +0900
4194,0,0,0,0,0,0,0.00,0,0.00,,50.00,50.00,50.00,2025-12-20 16:56:23.113 +0900
4195,0,0,0,0,0,0,0.00,0,0.00,,50.00,50.00,50.00,2025-12-20 16:56:23.119 +0900
4196,0,0,0,0,0,0,0.00,0,0.00,,50.00,50.00,50.00,2025-12-20 16:56:23.125 +0900
4197,0,0,0,0,0,0,0.00,0,0.00,,50.00,50.00,50.00,2025-12-20 16:56:23.131 +0900
4198,0,0,0,0,0,0,0.00,0,0.00,,50.00,50.00,50.00,2025-12-20 16:56:23.137 +0900
4199,0,0,0,0,0,0,0.00,0,0.00,,50.00,50.00,50.00,2025-12-20 16:56:23.143 +0900
4200,0,0,0,0,0,0,0.00,0,0.00,,50.00,50.00,50.00,2025-12-20 16:56:23.149 +0900
4201,0,0,0,0,0,0,0.00,0,0.00,,50.00,50.00,50.00,2025-12-20 16:56:23.155 +0900
4202,0,0,0,0,0,0,0.00,0,0.00,,50.00,50.00,50.00,2025-12-20 16:56:23.161 +0900
4203,0,0,0,0,0,0,0.00,0,0.00,,50.00,50.00,50.00,2025-12-20 16:56:23.167 +0900
4204,0,0,0,0,0,0,0.00,0,0.00,,50.00,50.00,50.00,2025-12-20 16:56:23.173 +0900
4205,0,0,0,0,0,0,0.00,0,0.00,,50.00,50.00,50.00,2025-12-20 16:56:23.179 +0900
4206,0,0,0,0,0,0,0.00,0,0.00,,50.00,50.00,50.00,2025-12-20 16:56:23.185 +0900
4207,0,0,0,0,0,0,0.00,0,0.00,,50.00,50.00,50.00,2025-12-20 16:56:23.191 +0900
4208,0,0,0,0,0,0,0.00,0,0.00,,50.00,50.00,50.00,2025-12-20 16:56:23.198 +0900
4209,0,0,0,0,0,0,0.00,0,0.00,,50.00,50.00,50.00,2025-12-20 16:56:23.204 +0900
4210,0,0,0,0,0,0,0.00,0,0.00,,50.00,50.00,50.00,2025-12-20 16:56:23.210 +0900
4211,0,0,0,0,0,0,0.00,0,0.00,,50.00,50.00,50.00,2025-12-20 16:56:23.216 +0900
4212,0,0,0,0,0,0,0.00,0,0.00,,50.00,50.00,50.00,2025-12-20 16:56:23.222 +0900
4213,0,0,0,0,0,0,0.00,0,0.00,,50.00,50.00,50.00,2025-12-20 16:56:23.228 +0900
4214,0,0,0,0,0,0,0.00,0,0.00,,50.00,50.00,50.00,2025-12-20 16:56:23.234 +0900
4215,0,0,0,0,0,0,0.00,0,0.00,,50.00,50.00,50.00,2025-12-20 16:56:23.240 +0900
4216,0,0,0,0,0,0,0.00,0,0.00,,50.00,50.00,50.00,2025-12-20 16:56:23.246 +0900
4217,0,0,0,0,0,0,0.00,0,0.00,,50.00,50.00,50.00,2025-12-20 16:56:23.253 +0900
4218,0,0,0,0,0,0,0.00,0,0.00,,50.00,50.00,50.00,2025-12-20 16:56:23.259 +0900
4219,0,0,0,0,0,0,0.00,0,0.00,,50.00,50.00,50.00,2025-12-20 16:56:23.265 +0900
4220,0,0,0,0,0,0,0.00,0,0.00,,50.00,50.00,50.00,2025-12-20 16:56:23.271 +0900
4221,0,0,0,0,0,0,0.00,0,0.00,,50.00,50.00,50.00,2025-12-20 16:56:23.277 +0900
4222,0,0,0,0,0,0,0.00,0,0.00,,50.00,50.00,50.00,2025-12-20 16:56:23.283 +0900
4223,0,0,0,0,0,0,0.00,0,0.00,,50.00,50.00,50.00,2025-12-20 16:56:23.290 +0900
4224,0,0,0,0,0,0,0.00,0,0.00,,50.00,50.00,50.00,2025-12-20 16:56:23.296 +0900
4225,0,0,0,0,0,0,0.00,0,0.00,,50.00,50.00,50.00,2025-12-20 16:56:23.301 +0900
4226,0,0,0,0,0,0,0.00,0,0.00,,50.00,50.00,50.00,2025-12-20 16:56:23.307 +0900
4227,0,0,0,0,0,0,0.00,0,0.00,,50.00,50.00,50.00,2025-12-20 16:56:23.313 +0900
4228,0,0,0,0,0,0,0.00,0,0.00,,50.00,50.00,50.00,2025-12-20 16:56:23.320 +0900
4229,0,0,0,0,0,0,0.00,0,0.00,,50.00,50.00,50.00,2025-12-20 16:56:23.326 +0900
4230,0,0,0,0,0,0,0.00,0,0.00,,50.00,50.00,50.00,2025-12-20 16:56:23.332 +0900
4231,0,0,0,0,0,0,0.00,0,0.00,,50.00,50.00,50.00,2025-12-20 16:56:23.338 +0900
4232,0,0,0,0,0,0,0.00,0,0.00,,50.00,50.00,50.00,2025-12-20 16:56:23.344 +0900
4233,0,0,0,0,0,0,0.00,0,0.00,,50.00,50.00,50.00,2025-12-20 16:56:23.350 +0900
4234,0,0,0,0,0,0,0.00,0,0.00,,50.00,50.00,50.00,2025-12-20 16:56:23.356 +0900
4235,0,0,0,0,0,0,0.00,0,0.00,,50.00,50.00,50.00,2025-12-20 16:56:23.362 +0900
4236,0,0,0,0,0,0,0.00,0,0.00,,50.00,50.00,50.00,2025-12-20 16:56:23.368 +0900
4237,0,0,0,0,0,0,0.00,0,0.00,,50.00,50.00,50.00,2025-12-20 16:56:23.374 +0900
4238,0,0,0,0,0,0,0.00,0,0.00,,50.00,50.00,50.00,2025-12-20 16:56:23.380 +0900
4239,0,0,0,0,0,0,0.00,0,0.00,,50.00,50.00,50.00,2025-12-20 16:56:23.386 +0900
4240,0,0,0,0,0,0,0.00,0,0.00,,50.00,50.00,50.00,2025-12-20 16:56:23.392 +0900
4241,0,0,0,0,0,0,0.00,0,0.00,,50.00,50.00,50.00,2025-12-20 16:56:23.398 +0900
4242,0,0,0,0,0,0,0.00,0,0.00,,50.00,50.00,50.00,2025-12-20 16:56:23.404 +0900
4243,0,0,0,0,0,0,0.00,0,0.00,,50.00,50.00,50.00,2025-12-20 16:56:23.410 +0900
4244,0,0,0,0,0,0,0.00,0,0.00,,50.00,50.00,50.00,2025-12-20 16:56:23.416 +0900
4245,0,0,0,0,0,0,0.00,0,0.00,,50.00,50.00,50.00,2025-12-20 16:56:23.422 +0900
4246,0,0,0,0,0,0,0.00,0,0.00,,50.00,50.00,50.00,2025-12-20 16:56:23.428 +0900
4247,0,0,0,0,0,0,0.00,0,0.00,,50.00,50.00,50.00,2025-12-20 16:56:23.434 +0900
4248,0,0,0,0,0,0,0.00,0,0.00,,50.00,50.00,50.00,2025-12-20 16:56:23.440 +0900
4249,0,0,0,0,0,0,0.00,0,0.00,,50.00,50.00,50.00,2025-12-20 16:56:23.446 +0900
4250,0,0,0,0,0,0,0.00,0,0.00,,50.00,50.00,50.00,2025-12-20 16:56:23.452 +0900
4251,0,0,0,0,0,0,0.00,0,0.00,,50.00,50.00,50.00,2025-12-20 16:56:23.458 +0900
4252,0,0,0,0,0,0,0.00,0,0.00,,50.00,50.00,50.00,2025-12-20 16:56:23.464 +0900
4253,0,0,0,0,0,0,0.00,0,0.00,,50.00,50.00,50.00,2025-12-20 16:56:23.470 +0900
4254,0,0,0,0,0,0,0.00,0,0.00,,50.00,50.00,50.00,2025-12-20 16:56:23.476 +0900
4255,0,0,0,0,0,0,0.00,0,0.00,,50.00,50.00,50.00,2025-12-20 16:56:23.482 +0900
4256,0,0,0,0,0,0,0.00,0,0.00,,50.00,50.00,50.00,2025-12-20 16:56:23.488 +0900
4257,0,0,0,0,0,0,0.00,0,0.00,,50.00,50.00,50.00,2025-12-20 16:56:23.494 +0900
4258,0,0,0,0,0,0,0.00,0,0.00,,50.00,50.00,50.00,2025-12-20 16:56:23.500 +0900
4259,0,0,0,0,0,0,0.00,0,0.00,,50.00,50.00,50.00,2025-12-20 16:56:23.506 +0900
4260,0,0,0,0,0,0,0.00,0,0.00,,50.00,50.00,50.00,2025-12-20 16:56:23.512 +0900
4261,0,0,0,0,0,0,0.00,0,0.00,,50.00,50.00,50.00,2025-12-20 16:56:23.519 +0900
4262,0,0,0,0,0,0,0.00,0,0.00,,50.00,50.00,50.00,2025-12-20 16:56:23.525 +0900
4263,0,0,0,0,0,0,0.00,0,0.00,,50.00,50.00,50.00,2025-12-20 16:56:23.532 +0900
4264,0,0,0,0,0,0,0.00,0,0.00,,50.00,50.00,50.00,2025-12-20 16:56:23.538 +0900
4265,0,0,0,0,0,0,0.00,0,0.00,,50.00,50.00,50.00,2025-12-20 16:56:23.544 +0900
4266,0,0,0,0,0,0,0.00,0,0.00,,50.00,50.00,50.00,2025-12-20 16:56:23.550 +0900
4267,0,0,0,0,0,0,0.00,0,0.00,,50.00,50.00,50.00,2025-12-20 16:56:23.556 +0900
4268,0,0,0,0,0,0,0.00,0,0.00,,50.00,50.00,50.00,2025-12-20 16:56:23.563 +0900
4269,0,0,0,0,0,0,0.00,0,0.00,,50.00,50.00,50.00,2025-12-20 16:56:23.569 +0900
4270,0,0,0,0,0,0,0.00,0,0.00,,50.00,50.00,50.00,2025-12-20 16:56:23.575 +0900
4271,0,0,0,0,0,0,0.00,0,0.00,,50.00,50.00,50.00,2025-12-20 16:56:23.581 +0900
4272,0,0,0,0,0,0,0.00,0,0.00,,50.00,50.00,50.00,2025-12-20 16:56:23.588 +0900
4273,0,0,0,0,0,0,0.00,0,0.00,,50.00,50.00,50.00,2025-12-20 16:56:23.595 +0900
4274,0,0,0,0,0,0,0.00,0,0.00,,50.00,50.00,50.00,2025-12-20 16:56:23.601 +0900
4275,0,0,0,0,0,0,0.00,0,0.00,,50.00,50.00,50.00,2025-12-20 16:56:23.607 +0900
4276,0,0,0,0,0,0,0.00,0,0.00,,50.00,50.00,50.00,2025-12-20 16:56:23.613 +0900
4277,0,0,0,0,0,0,0.00,0,0.00,,50.00,50.00,50.00,2025-12-20 16:56:23.619 +0900
4278,0,0,0,0,0,0,0.00,0,0.00,,50.00,50.00,50.00,2025-12-20 16:56:23.625 +0900
4279,0,0,0,0,0,0,0.00,0,0.00,,50.00,50.00,50.00,2025-12-20 16:56:23.631 +0900
4280,0,0,0,0,0,0,0.00,0,0.00,,50.00,50.00,50.00,2025-12-20 16:56:23.638 +0900
4281,0,0,0,0,0,0,0.00,0,0.00,,50.00,50.00,50.00,2025-12-20 16:56:23.644 +0900
4282,0,0,0,0,0,0,0.00,0,0.00,,50.00,50.00,50.00,2025-12-20 16:56:23.650 +0900
4283,0,0,0,0,0,0,0.00,0,0.00,,50.00,50.00,50.00,2025-12-20 16:56:23.656 +0900
4284,0,0,0,0,0,0,0.00,0,0.00,,50.00,50.00,50.00,2025-12-20 16:56:23.662 +0900
4285,0,0,0,0,0,0,0.00,0,0.00,,50.00,50.00,50.00,2025-12-20 16:56:23.668 +0900
4286,0,0,0,0,0,0,0.00,0,0.00,,50.00,50.00,50.00,2025-12-20 16:56:23.674 +0900
4287,0,0,0,0,0,0,0.00,0,0.00,,50.00,50.00,50.00,2025-12-20 16:56:23.680 +0900
4288,0,0,0,0,0,0,0.00,0,0.00,,50.00,50.00,50.00,2025-12-20 16:56:23.687 +0900
4289,0,0,0,0,0,0,0.00,0,0.00,,50.00,50.00,50.00,2025-12-20 16:56:23.693 +0900
4290,0,0,0,0,0,0,0.00,0,0.00,,50.00,50.00,50.00,2025-12-20 16:56:23.699 +0900
4291,0,0,0,0,0,0,0.00,0,0.00,,50.00,50.00,50.00,2025-12-20 16:56:23.705 +0900
4292,0,0,0,0,0,0,0.00,0,0.00,,50.00,50.00,50.00,2025-12-20 16:56:23.711 +0900
4293,0,0,0,0,0,0,0.00,0,0.00,,50.00,50.00,50.00,2025-12-20 16:56:23.717 +0900
4294,0,0,0,0,0,0,0.00,0,0.00,,50.00,50.00,50.00,2025-12-20 16:56:23.723 +0900
4295,0,0,0,0,0,0,0.00,0,0.00,,50.00,50.00,50.00,2025-12-20 16:56:23.729 +0900
4296,0,0,0,0,0,0,0.00,0,0.00,,50.00,50.00,50.00,2025-12-20 16:56:23.735 +0900
4297,0,0,0,0,0,0,0.00,0,0.00,,50.00,50.00,50.00,2025-12-20 16:56:23.741 +0900
4298,0,0,0,0,0,0,0.00,0,0.00,,50.00,50.00,50.00,2025-12-20 16:56:23.747 +0900
4299,0,0,0,0,0,0,0.00,0,0.00,,50.00,50.00,50.00,2025-12-20 16:56:23.753 +0900
4300,0,0,0,0,0,0,0.00,0,0.00,,50.00,50.00,50.00,2025-12-20 16:56:23.759 +0900
4301,0,0,0,0,0,0,0.00,0,0.00,,50.00,50.00,50.00,2025-12-20 16:56:23.765 +0900
4302,0,0,0,0,0,0,0.00,0,0.00,,50.00,50.00,50.00,2025-12-20 16:56:23.771 +0900
4303,0,0,0,0,0,0,0.00,0,0.00,,50.00,50.00,50.00,2025-12-20 16:56:23.777 +0900
4304,0,0,0,0,0,0,0.00,0,0.00,,50.00,50.00,50.00,2025-12-20 16:56:23.783 +0900
4305,0,0,0,0,0,0,0.00,0,0.00,,50.00,50.00,50.00,2025-12-20 16:56:23.789 +0900
4306,0,0,0,0,0,0,0.00,0,0.00,,50.00,50.00,50.00,2025-12-20 16:56:23.795 +0900
4307,0,0,0,0,0,0,0.00,0,0.00,,50.00,50.00,50.00,2025-12-20 16:56:23.801 +0900
4308,0,0,0,0,0,0,0.00,0,0.00,,50.00,50.00,50.00,2025-12-20 16:56:23.807 +0900
4309,0,0,0,0,0,0,0.00,0,0.00,,50.00,50.00,50.00,2025-12-20 16:56:23.813 +0900
4310,0,0,0,0,0,0,0.00,0,0.00,,50.00,50.00,50.00,2025-12-20 16:56:23.820 +0900
4311,0,0,0,0,0,0,0.00,0,0.00,,50.00,50.00,50.00,2025-12-20 16:56:23.825 +0900
4312,0,0,0,0,0,0,0.00,0,0.00,,50.00,50.00,50.00,2025-12-20 16:56:23.831 +0900
4313,0,0,0,0,0,0,0.00,0,0.00,,50.00,50.00,50.00,2025-12-20 16:56:23.838 +0900
4314,0,0,0,0,0,0,0.00,0,0.00,,50.00,50.00,50.00,2025-12-20 16:56:23.844 +0900
4315,0,0,0,0,0,0,0.00,0,0.00,,50.00,50.00,50.00,2025-12-20 16:56:23.850 +0900
4316,0,0,0,0,0,0,0.00,0,0.00,,50.00,50.00,50.00,2025-12-20 16:56:23.856 +0900
4317,0,0,0,0,0,0,0.00,0,0.00,,50.00,50.00,50.00,2025-12-20 16:56:23.862 +0900
4318,0,0,0,0,0,0,0.00,0,0.00,,50.00,50.00,50.00,2025-12-20 16:56:23.868 +0900
4319,0,0,0,0,0,0,0.00,0,0.00,,50.00,50.00,50.00,2025-12-20 16:56:23.874 +0900
4320,0,0,0,0,0,0,0.00,0,0.00,,50.00,50.00,50.00,2025-12-20 16:56:23.879 +0900
4321,0,0,0,0,0,0,0.00,0,0.00,,50.00,50.00,50.00,2025-12-20 16:56:23.885 +0900
4322,0,0,0,0,0,0,0.00,0,0.00,,50.00,50.00,50.00,2025-12-20 16:56:23.892 +0900
4323,0,0,0,0,0,0,0.00,0,0.00,,50.00,50.00,50.00,2025-12-20 16:56:23.898 +0900
4324,0,0,0,0,0,0,0.00,0,0.00,,50.00,50.00,50.00,2025-12-20 16:56:23.904 +0900
4325,0,0,0,0,0,0,0.00,0,0.00,,50.00,50.00,50.00,2025-12-20 16:56:23.909 +0900
4326,0,0,0,0,0,0,0.00,0,0.00,,50.00,50.00,50.00,2025-12-20 16:56:23.915 +0900
4327,0,0,0,0,0,0,0.00,0,0.00,,50.00,50.00,50.00,2025-12-20 16:56:23.921 +0900
4328,0,0,0,0,0,0,0.00,0,0.00,,50.00,50.00,50.00,2025-12-20 16:56:23.927 +0900
4329,0,0,0,0,0,0,0.00,0,0.00,,50.00,50.00,50.00,2025-12-20 16:56:23.934 +0900
4330,0,0,0,0,0,0,0.00,0,0.00,,50.00,50.00,50.00,2025-12-20 16:56:23.940 +0900
4331,0,0,0,0,0,0,0.00,0,0.00,,50.00,50.00,50.00,2025-12-20 16:56:23.946 +0900
4332,0,0,0,0,0,0,0.00,0,0.00,,50.00,50.00,50.00,2025-12-20 16:56:23.952 +0900
4333,0,0,0,0,0,0,0.00,0,0.00,,50.00,50.00,50.00,2025-12-20 16:56:23.958 +0900
4334,0,0,0,0,0,0,0.00,0,0.00,,50.00,50.00,50.00,2025-12-20 16:56:23.965 +0900
4335,0,0,0,0,0,0,0.00,0,0.00,,50.00,50.00,50.00,2025-12-20 16:56:23.971 +0900
4336,0,0,0,0,0,0,0.00,0,0.00,,50.00,50.00,50.00,2025-12-20 16:56:23.977 +0900
4337,0,0,0,0,0,0,0.00,0,0.00,,50.00,50.00,50.00,2025-12-20 16:56:23.984 +0900
4338,0,0,0,0,0,0,0.00,0,0.00,,50.00,50.00,50.00,2025-12-20 16:56:23.990 +0900
4339,0,0,0,0,0,0,0.00,0,0.00,,50.00,50.00,50.00,2025-12-20 16:56:23.997 +0900
4340,0,0,0,0,0,0,0.00,0,0.00,,50.00,50.00,50.00,2025-12-20 16:56:24.003 +0900
4341,0,0,0,0,0,0,0.00,0,0.00,,50.00,50.00,50.00,2025-12-20 16:56:24.009 +0900
4342,0,0,0,0,0,0,0.00,0,0.00,,50.00,50.00,50.00,2025-12-20 16:56:24.015 +0900
4343,0,0,0,0,0,0,0.00,0,0.00,,50.00,50.00,50.00,2025-12-20 16:56:24.022 +0900
4344,0,0,0,0,0,0,0.00,0,0.00,,50.00,50.00,50.00,2025-12-20 16:56:24.028 +0900
4345,0,0,0,0,0,0,0.00,0,0.00,,50.00,50.00,50.00,2025-12-20 16:56:24.034 +0900
4346,0,0,0,0,0,0,0.00,0,0.00,,50.00,50.00,50.00,2025-12-20 16:56:24.040 +0900
4347,0,0,0,0,0,0,0.00,0,0.00,,50.00,50.00,50.00,2025-12-20 16:56:24.047 +0900
4348,0,0,0,0,0,0,0.00,0,0.00,,50.00,50.00,50.00,2025-12-20 16:56:24.053 +0900
4349,0,0,0,0,0,0,0.00,0,0.00,,50.00,50.00,50.00,2025-12-20 16:56:24.059 +0900
4350,0,0,0,0,0,0,0.00,0,0.00,,50.00,50.00,50.00,2025-12-20 16:56:24.065 +0900
4351,0,0,0,0,0,0,0.00,0,0.00,,50.00,50.00,50.00,2025-12-20 16:56:24.071 +0900
4352,0,0,0,0,0,0,0.00,0,0.00,,50.00,50.00,50.00,2025-12-20 16:56:24.077 +0900
4353,0,0,0,0,0,0,0.00,0,0.00,,50.00,50.00,50.00,2025-12-20 16:56:24.083 +0900
4354,0,0,0,0,0,0,0.00,0,0.00,,50.00,50.00,50.00,2025-12-20 16:56:24.090 +0900
4355,0,0,0,0,0,0,0.00,0,0.00,,50.00,50.00,50.00,2025-12-20 16:56:24.096 +0900
4356,0,0,0,0,0,0,0.00,0,0.00,,50.00,50.00,50.00,2025-12-20 16:56:24.104 +0900
4357,0,0,0,0,0,0,0.00,0,0.00,,50.00,50.00,50.00,2025-12-20 16:56:24.114 +0900
4358,0,0,0,0,0,0,0.00,0,0.00,,50.00,50.00,50.00,2025-12-20 16:56:24.123 +0900
4359,0,0,0,0,0,0,0.00,0,0.00,,50.00,50.00,50.00,2025-12-20 16:56:24.131 +0900
4360,0,0,0,0,0,0,0.00,0,0.00,,50.00,50.00,50.00,2025-12-20 16:56:24.141 +0900
4361,0,0,0,0,0,0,0.00,0,0.00,,50.00,50.00,50.00,2025-12-20 16:56:24.149 +0900
4362,0,0,0,0,0,0,0.00,0,0.00,,50.00,50.00,50.00,2025-12-20 16:56:24.156 +0900
4363,0,0,0,0,0,0,0.00,0,0.00,,50.00,50.00,50.00,2025-12-20 16:56:24.162 +0900
4364,0,0,0,0,0,0,0.00,0,0.00,,50.00,50.00,50.00,2025-12-20 16:56:24.169 +0900
4365,0,0,0,0,0,0,0.00,0,0.00,,50.00,50.00,50.00,2025-12-20 16:56:24.175 +0900
4366,0,0,0,0,0,0,0.00,0,0.00,,50.00,50.00,50.00,2025-12-20 16:56:24.182 +0900
4367,0,0,0,0,0,0,0.00,0,0.00,,50.00,50.00,50.00,2025-12-20 16:56:24.189 +0900
4368,0,0,0,0,0,0,0.00,0,0.00,,50.00,50.00,50.00,2025-12-20 16:56:24.195 +0900
4369,0,0,0,0,0,0,0.00,0,0.00,,50.00,50.00,50.00,2025-12-20 16:56:24.201 +0900
4370,0,0,0,0,0,0,0.00,0,0.00,,50.00,50.00,50.00,2025-12-20 16:56:24.208 +0900
4371,0,0,0,0,0,0,0.00,0,0.00,,50.00,50.00,50.00,2025-12-20 16:56:24.214 +0900
4372,0,0,0,0,0,0,0.00,0,0.00,,50.00,50.00,50.00,2025-12-20 16:56:24.220 +0900
4373,0,0,0,0,0,0,0.00,0,0.00,,50.00,50.00,50.00,2025-12-20 16:56:24.227 +0900
4374,0,0,0,0,0,0,0.00,0,0.00,,50.00,50.00,50.00,2025-12-20 16:56:24.233 +0900
4375,0,0,0,0,0,0,0.00,0,0.00,,50.00,50.00,50.00,2025-12-20 16:56:24.240 +0900
4376,0,0,0,0,0,0,0.00,0,0.00,,50.00,50.00,50.00,2025-12-20 16:56:24.247 +0900
4377,0,0,0,0,0,0,0.00,0,0.00,,50.00,50.00,50.00,2025-12-20 16:56:24.253 +0900
4378,0,0,0,0,0,0,0.00,0,0.00,,50.00,50.00,50.00,2025-12-20 16:56:24.259 +0900
4379,0,0,0,0,0,0,0.00,0,0.00,,50.00,50.00,50.00,2025-12-20 16:56:24.265 +0900
4380,0,0,0,0,0,0,0.00,0,0.00,,50.00,50.00,50.00,2025-12-20 16:56:24.271 +0900
4381,0,0,0,0,0,0,0.00,0,0.00,,50.00,50.00,50.00,2025-12-20 16:56:24.277 +0900
4382,0,0,0,0,0,0,0.00,0,0.00,,50.00,50.00,50.00,2025-12-20 16:56:24.284 +0900
4383,0,0,0,0,0,0,0.00,0,0.00,,50.00,50.00,50.00,2025-12-20 16:56:24.290 +0900
4384,0,0,0,0,0,0,0.00,0,0.00,,50.00,50.00,50.00,2025-12-20 16:56:24.296 +0900
4385,0,0,0,0,0,0,0.00,0,0.00,,50.00,50.00,50.00,2025-12-20 16:56:24.303 +0900
4386,0,0,0,0,0,0,0.00,0,0.00,,50.00,50.00,50.00,2025-12-20 16:56:24.309 +0900
4387,0,0,0,0,0,0,0.00,0,0.00,,50.00,50.00,50.00,2025-12-20 16:56:24.315 +0900
4388,0,0,0,0,0,0,0.00,0,0.00,,50.00,50.00,50.00,2025-12-20 16:56:24.321 +0900
4389,0,0,0,0,0,0,0.00,0,0.00,,50.00,50.00,50.00,2025-12-20 16:56:24.327 +0900
4390,0,0,0,0,0,0,0.00,0,0.00,,50.00,50.00,50.00,2025-12-20 16:56:24.333 +0900
4391,0,0,0,0,0,0,0.00,0,0.00,,50.00,50.00,50.00,2025-12-20 16:56:24.339 +0900
4392,0,0,0,0,0,0,0.00,0,0.00,,50.00,50.00,50.00,2025-12-20 16:56:24.346 +0900
4393,0,0,0,0,0,0,0.00,0,0.00,,50.00,50.00,50.00,2025-12-20 16:56:24.352 +0900
4394,0,0,0,0,0,0,0.00,0,0.00,,50.00,50.00,50.00,2025-12-20 16:56:24.357 +0900
4395,0,0,0,0,0,0,0.00,0,0.00,,50.00,50.00,50.00,2025-12-20 16:56:24.363 +0900
4396,0,0,0,0,0,0,0.00,0,0.00,,50.00,50.00,50.00,2025-12-20 16:56:24.369 +0900
4397,0,0,0,0,0,0,0.00,0,0.00,,50.00,50.00,50.00,2025-12-20 16:56:24.376 +0900
4398,0,0,0,0,0,0,0.00,0,0.00,,50.00,50.00,50.00,2025-12-20 16:56:24.382 +0900
4399,0,0,0,0,0,0,0.00,0,0.00,,50.00,50.00,50.00,2025-12-20 16:56:24.388 +0900
4400,0,0,0,0,0,0,0.00,0,0.00,,50.00,50.00,50.00,2025-12-20 16:56:24.394 +0900
4401,0,0,0,0,0,0,0.00,0,0.00,,50.00,50.00,50.00,2025-12-20 16:56:24.401 +0900
4402,0,0,0,0,0,0,0.00,0,0.00,,50.00,50.00,50.00,2025-12-20 16:56:24.407 +0900
4403,0,0,0,0,0,0,0.00,0,0.00,,50.00,50.00,50.00,2025-12-20 16:56:24.413 +0900
4404,0,0,0,0,0,0,0.00,0,0.00,,50.00,50.00,50.00,2025-12-20 16:56:24.419 +0900
4405,0,0,0,0,0,0,0.00,0,0.00,,50.00,50.00,50.00,2025-12-20 16:56:24.425 +0900
4406,0,0,0,0,0,0,0.00,0,0.00,,50.00,50.00,50.00,2025-12-20 16:56:24.431 +0900
4407,0,0,0,0,0,0,0.00,0,0.00,,50.00,50.00,50.00,2025-12-20 16:56:24.437 +0900
4408,0,0,0,0,0,0,0.00,0,0.00,,50.00,50.00,50.00,2025-12-20 16:56:24.444 +0900
4409,0,0,0,0,0,0,0.00,0,0.00,,50.00,50.00,50.00,2025-12-20 16:56:24.450 +0900
4410,0,0,0,0,0,0,0.00,0,0.00,,50.00,50.00,50.00,2025-12-20 16:56:24.456 +0900
4411,0,0,0,0,0,0,0.00,0,0.00,,50.00,50.00,50.00,2025-12-20 16:56:24.463 +0900
4412,0,0,0,0,0,0,0.00,0,0.00,,50.00,50.00,50.00,2025-12-20 16:56:24.469 +0900
4413,0,0,0,0,0,0,0.00,0,0.00,,50.00,50.00,50.00,2025-12-20 16:56:24.475 +0900
4414,0,0,0,0,0,0,0.00,0,0.00,,50.00,50.00,50.00,2025-12-20 16:56:24.481 +0900
4415,0,0,0,0,0,0,0.00,0,0.00,,50.00,50.00,50.00,2025-12-20 16:56:24.489 +0900
4416,0,0,0,0,0,0,0.00,0,0.00,,50.00,50.00,50.00,2025-12-20 16:56:24.495 +0900
4417,0,0,0,0,0,0,0.00,0,0.00,,50.00,50.00,50.00,2025-12-20 16:56:24.501 +0900
4418,0,0,0,0,0,0,0.00,0,0.00,,50.00,50.00,50.00,2025-12-20 16:56:24.508 +0900
4419,0,0,0,0,0,0,0.00,0,0.00,,50.00,50.00,50.00,2025-12-20 16:56:24.514 +0900
4420,0,0,0,0,0,0,0.00,0,0.00,,50.00,50.00,50.00,2025-12-20 16:56:24.520 +0900
4421,0,0,0,0,0,0,0.00,0,0.00,,50.00,50.00,50.00,2025-12-20 16:56:24.527 +0900
4422,0,0,0,0,0,0,0.00,0,0.00,,50.00,50.00,50.00,2025-12-20 16:56:24.534 +0900
4423,0,0,0,0,0,0,0.00,0,0.00,,50.00,50.00,50.00,2025-12-20 16:56:24.541 +0900
4424,0,0,0,0,0,0,0.00,0,0.00,,50.00,50.00,50.00,2025-12-20 16:56:24.547 +0900
4425,0,0,0,0,0,0,0.00,0,0.00,,50.00,50.00,50.00,2025-12-20 16:56:24.554 +0900
4426,0,0,0,0,0,0,0.00,0,0.00,,50.00,50.00,50.00,2025-12-20 16:56:24.560 +0900
4427,0,0,0,0,0,0,0.00,0,0.00,,50.00,50.00,50.00,2025-12-20 16:56:24.567 +0900
4428,0,0,0,0,0,0,0.00,0,0.00,,50.00,50.00,50.00,2025-12-20 16:56:24.573 +0900
4429,0,0,0,0,0,0,0.00,0,0.00,,50.00,50.00,50.00,2025-12-20 16:56:24.580 +0900
4430,0,0,0,0,0,0,0.00,0,0.00,,50.00,50.00,50.00,2025-12-20 16:56:24.586 +0900
4431,0,0,0,0,0,0,0.00,0,0.00,,50.00,50.00,50.00,2025-12-20 16:56:24.593 +0900
4432,0,0,0,0,0,0,0.00,0,0.00,,50.00,50.00,50.00,2025-12-20 16:56:24.599 +0900
4433,0,0,0,0,0,0,0.00,0,0.00,,50.00,50.00,50.00,2025-12-20 16:56:24.605 +0900
4434,0,0,0,0,0,0,0.00,0,0.00,,50.00,50.00,50.00,2025-12-20 16:56:24.612 +0900
4435,0,0,0,0,0,0,0.00,0,0.00,,50.00,50.00,50.00,2025-12-20 16:56:24.619 +0900
4436,0,0,0,0,0,0,0.00,0,0.00,,50.00,50.00,50.00,2025-12-20 16:56:24.625 +0900
4437,0,0,0,0,0,0,0.00,0,0.00,,50.00,50.00,50.00,2025-12-20 16:56:24.631 +0900
4438,0,0,0,0,0,0,0.00,0,0.00,,50.00,50.00,50.00,2025-12-20 16:56:24.637 +0900
4439,0,0,0,0,0,0,0.00,0,0.00,,50.00,50.00,50.00,2025-12-20 16:56:24.643 +0900
4440,0,0,0,0,0,0,0.00,0,0.00,,50.00,50.00,50.00,2025-12-20 16:56:24.649 +0900
4441,0,0,0,0,0,0,0.00,0,0.00,,50.00,50.00,50.00,2025-12-20 16:56:24.655 +0900
4442,0,0,0,0,0,0,0.00,0,0.00,,50.00,50.00,50.00,2025-12-20 16:56:24.661 +0900
4443,0,0,0,0,0,0,0.00,0,0.00,,50.00,50.00,50.00,2025-12-20 16:56:24.668 +0900
4444,0,0,0,0,0,0,0.00,0,0.00,,50.00,50.00,50.00,2025-12-20 16:56:24.674 +0900
4445,0,0,0,0,0,0,0.00,0,0.00,,50.00,50.00,50.00,2025-12-20 16:56:24.680 +0900
4446,0,0,0,0,0,0,0.00,0,0.00,,50.00,50.00,50.00,2025-12-20 16:56:24.686 +0900
4447,0,0,0,0,0,0,0.00,0,0.00,,50.00,50.00,50.00,2025-12-20 16:56:24.692 +0900
4448,0,0,0,0,0,0,0.00,0,0.00,,50.00,50.00,50.00,2025-12-20 16:56:24.698 +0900
4449,0,0,0,0,0,0,0.00,0,0.00,,50.00,50.00,50.00,2025-12-20 16:56:24.705 +0900
4450,0,0,0,0,0,0,0.00,0,0.00,,50.00,50.00,50.00,2025-12-20 16:56:24.711 +0900
4451,0,0,0,0,0,0,0.00,0,0.00,,50.00,50.00,50.00,2025-12-20 16:56:24.717 +0900
4452,0,0,0,0,0,0,0.00,0,0.00,,50.00,50.00,50.00,2025-12-20 16:56:24.724 +0900
4453,0,0,0,0,0,0,0.00,0,0.00,,50.00,50.00,50.00,2025-12-20 16:56:24.730 +0900
4454,0,0,0,0,0,0,0.00,0,0.00,,50.00,50.00,50.00,2025-12-20 16:56:24.736 +0900
4455,0,0,0,0,0,0,0.00,0,0.00,,50.00,50.00,50.00,2025-12-20 16:56:24.742 +0900
4456,0,0,0,0,0,0,0.00,0,0.00,,50.00,50.00,50.00,2025-12-20 16:56:24.748 +0900
4457,0,0,0,0,0,0,0.00,0,0.00,,50.00,50.00,50.00,2025-12-20 16:56:24.754 +0900
4458,0,0,0,0,0,0,0.00,0,0.00,,50.00,50.00,50.00,2025-12-20 16:56:24.760 +0900
4459,0,0,0,0,0,0,0.00,0,0.00,,50.00,50.00,50.00,2025-12-20 16:56:24.766 +0900
4460,0,0,0,0,0,0,0.00,0,0.00,,50.00,50.00,50.00,2025-12-20 16:56:24.772 +0900
4461,0,0,0,0,0,0,0.00,0,0.00,,50.00,50.00,50.00,2025-12-20 16:56:24.778 +0900
4462,0,0,0,0,0,0,0.00,0,0.00,,50.00,50.00,50.00,2025-12-20 16:56:24.785 +0900
4463,0,0,0,0,0,0,0.00,0,0.00,,50.00,50.00,50.00,2025-12-20 16:56:24.791 +0900
4464,0,0,0,0,0,0,0.00,0,0.00,,50.00,50.00,50.00,2025-12-20 16:56:24.797 +0900
4465,0,0,0,0,0,0,0.00,0,0.00,,50.00,50.00,50.00,2025-12-20 16:56:24.804 +0900
4466,0,0,0,0,0,0,0.00,0,0.00,,50.00,50.00,50.00,2025-12-20 16:56:24.810 +0900
4467,0,0,0,0,0,0,0.00,0,0.00,,50.00,50.00,50.00,2025-12-20 16:56:24.817 +0900
4468,0,0,0,0,0,0,0.00,0,0.00,,50.00,50.00,50.00,2025-12-20 16:56:24.823 +0900
4469,0,0,0,0,0,0,0.00,0,0.00,,50.00,50.00,50.00,2025-12-20 16:56:24.829 +0900
4470,0,0,0,0,0,0,0.00,0,0.00,,50.00,50.00,50.00,2025-12-20 16:56:24.836 +0900
4471,0,0,0,0,0,0,0.00,0,0.00,,50.00,50.00,50.00,2025-12-20 16:56:24.843 +0900
4472,0,0,0,0,0,0,0.00,0,0.00,,50.00,50.00,50.00,2025-12-20 16:56:24.849 +0900
4473,0,0,0,0,0,0,0.00,0,0.00,,50.00,50.00,50.00,2025-12-20 16:56:24.855 +0900
4474,0,0,0,0,0,0,0.00,0,0.00,,50.00,50.00,50.00,2025-12-20 16:56:24.861 +0900
4475,0,0,0,0,0,0,0.00,0,0.00,,50.00,50.00,50.00,2025-12-20 16:56:24.867 +0900
4476,0,0,0,0,0,0,0.00,0,0.00,,50.00,50.00,50.00,2025-12-20 16:56:24.874 +0900
4477,0,0,0,0,0,0,0.00,0,0.00,,50.00,50.00,50.00,2025-12-20 16:56:24.880 +0900
4478,0,0,0,0,0,0,0.00,0,0.00,,50.00,50.00,50.00,2025-12-20 16:56:24.886 +0900
4479,0,0,0,0,0,0,0.00,0,0.00,,50.00,50.00,50.00,2025-12-20 16:56:24.893 +0900
4480,0,0,0,0,0,0,0.00,0,0.00,,50.00,50.00,50.00,2025-12-20 16:56:24.899 +0900
4481,0,0,0,0,0,0,0.00,0,0.00,,50.00,50.00,50.00,2025-12-20 16:56:24.906 +0900
4482,0,0,0,0,0,0,0.00,0,0.00,,50.00,50.00,50.00,2025-12-20 16:56:24.912 +0900
4483,0,0,0,0,0,0,0.00,0,0.00,,50.00,50.00,50.00,2025-12-20 16:56:24.918 +0900
4484,0,0,0,0,0,0,0.00,0,0.00,,50.00,50.00,50.00,2025-12-20 16:56:24.924 +0900
4485,0,0,0,0,0,0,0.00,0,0.00,,50.00,50.00,50.00,2025-12-20 16:56:24.931 +0900
4486,0,0,0,0,0,0,0.00,0,0.00,,50.00,50.00,50.00,2025-12-20 16:56:24.937 +0900
4487,0,0,0,0,0,0,0.00,0,0.00,,50.00,50.00,50.00,2025-12-20 16:56:24.943 +0900
4488,0,0,0,0,0,0,0.00,0,0.00,,50.00,50.00,50.00,2025-12-20 16:56:24.949 +0900
4489,0,0,0,0,0,0,0.00,0,0.00,,50.00,50.00,50.00,2025-12-20 16:56:24.955 +0900
4490,0,0,0,0,0,0,0.00,0,0.00,,50.00,50.00,50.00,2025-12-20 16:56:24.962 +0900
4491,0,0,0,0,0,0,0.00,0,0.00,,50.00,50.00,50.00,2025-12-20 16:56:24.969 +0900
4492,0,0,0,0,0,0,0.00,0,0.00,,50.00,50.00,50.00,2025-12-20 16:56:24.976 +0900
4493,0,0,0,0,0,0,0.00,0,0.00,,50.00,50.00,50.00,2025-12-20 16:56:24.982 +0900
4494,0,0,0,0,0,0,0.00,0,0.00,,50.00,50.00,50.00,2025-12-20 16:56:24.988 +0900
4495,0,0,0,0,0,0,0.00,0,0.00,,50.00,50.00,50.00,2025-12-20 16:56:24.995 +0900
4496,0,0,0,0,0,0,0.00,0,0.00,,50.00,50.00,50.00,2025-12-20 16:56:25.001 +0900
4497,0,0,0,0,0,0,0.00,0,0.00,,50.00,50.00,50.00,2025-12-20 16:56:25.008 +0900
4498,0,0,0,0,0,0,0.00,0,0.00,,50.00,50.00,50.00,2025-12-20 16:56:25.014 +0900
4499,0,0,0,0,0,0,0.00,0,0.00,,50.00,50.00,50.00,2025-12-20 16:56:25.021 +0900
4500,0,0,0,0,0,0,0.00,0,0.00,,50.00,50.00,50.00,2025-12-20 16:56:25.027 +0900
4501,0,0,0,0,0,0,0.00,0,0.00,,50.00,50.00,50.00,2025-12-20 16:56:25.034 +0900
4502,0,0,0,0,0,0,0.00,0,0.00,,50.00,50.00,50.00,2025-12-20 16:56:25.040 +0900
4503,0,0,0,0,0,0,0.00,0,0.00,,50.00,50.00,50.00,2025-12-20 16:56:25.047 +0900
4504,0,0,0,0,0,0,0.00,0,0.00,,50.00,50.00,50.00,2025-12-20 16:56:25.053 +0900
4505,0,0,0,0,0,0,0.00,0,0.00,,50.00,50.00,50.00,2025-12-20 16:56:25.059 +0900
4506,0,0,0,0,0,0,0.00,0,0.00,,50.00,50.00,50.00,2025-12-20 16:56:25.065 +0900
4507,0,0,0,0,0,0,0.00,0,0.00,,50.00,50.00,50.00,2025-12-20 16:56:25.071 +0900
4508,0,0,0,0,0,0,0.00,0,0.00,,50.00,50.00,50.00,2025-12-20 16:56:25.078 +0900
4509,0,0,0,0,0,0,0.00,0,0.00,,50.00,50.00,50.00,2025-12-20 16:56:25.084 +0900
4510,0,0,0,0,0,0,0.00,0,0.00,,50.00,50.00,50.00,2025-12-20 16:56:25.091 +0900
4511,0,0,0,0,0,0,0.00,0,0.00,,50.00,50.00,50.00,2025-12-20 16:56:25.098 +0900
4512,0,0,0,0,0,0,0.00,0,0.00,,50.00,50.00,50.00,2025-12-20 16:56:25.105 +0900
4513,0,0,0,0,0,0,0.00,0,0.00,,50.00,50.00,50.00,2025-12-20 16:56:25.112 +0900
4514,0,0,0,0,0,0,0.00,0,0.00,,50.00,50.00,50.00,2025-12-20 16:56:25.118 +0900
4515,0,0,0,0,0,0,0.00,0,0.00,,50.00,50.00,50.00,2025-12-20 16:56:25.125 +0900
4516,0,0,0,0,0,0,0.00,0,0.00,,50.00,50.00,50.00,2025-12-20 16:56:25.131 +0900
4517,0,0,0,0,0,0,0.00,0,0.00,,50.00,50.00,50.00,2025-12-20 16:56:25.137 +0900
4518,0,0,0,0,0,0,0.00,0,0.00,,50.00,50.00,50.00,2025-12-20 16:56:25.144 +0900
4519,0,0,0,0,0,0,0.00,0,0.00,,50.00,50.00,50.00,2025-12-20 16:56:25.150 +0900
4520,0,0,0,0,0,0,0.00,0,0.00,,50.00,50.00,50.00,2025-12-20 16:56:25.156 +0900
4521,0,0,0,0,0,0,0.00,0,0.00,,50.00,50.00,50.00,2025-12-20 16:56:25.163 +0900
4522,0,0,0,0,0,0,0.00,0,0.00,,50.00,50.00,50.00,2025-12-20 16:56:25.169 +0900
4523,0,0,0,0,0,0,0.00,0,0.00,,50.00,50.00,50.00,2025-12-20 16:56:25.176 +0900
4524,0,0,0,0,0,0,0.00,0,0.00,,50.00,50.00,50.00,2025-12-20 16:56:25.182 +0900
4525,0,0,0,0,0,0,0.00,0,0.00,,50.00,50.00,50.00,2025-12-20 16:56:25.188 +0900
4526,0,0,0,0,0,0,0.00,0,0.00,,50.00,50.00,50.00,2025-12-20 16:56:25.194 +0900
4527,0,0,0,0,0,0,0.00,0,0.00,,50.00,50.00,50.00,2025-12-20 16:56:25.201 +0900
4528,0,0,0,0,0,0,0.00,0,0.00,,50.00,50.00,50.00,2025-12-20 16:56:25.207 +0900
4529,0,0,0,0,0,0,0.00,0,0.00,,50.00,50.00,50.00,2025-12-20 16:56:25.214 +0900
4530,0,0,0,0,0,0,0.00,0,0.00,,50.00,50.00,50.00,2025-12-20 16:56:25.220 +0900
4531,0,0,0,0,0,0,0.00,0,0.00,,50.00,50.00,50.00,2025-12-20 16:56:25.226 +0900
4532,0,0,0,0,0,0,0.00,0,0.00,,50.00,50.00,50.00,2025-12-20 16:56:25.233 +0900
4533,0,0,0,0,0,0,0.00,0,0.00,,50.00,50.00,50.00,2025-12-20 16:56:25.239 +0900
4534,0,0,0,0,0,0,0.00,0,0.00,,50.00,50.00,50.00,2025-12-20 16:56:25.245 +0900
4535,0,0,0,0,0,0,0.00,0,0.00,,50.00,50.00,50.00,2025-12-20 16:56:25.251 +0900
4536,0,0,0,0,0,0,0.00,0,0.00,,50.00,50.00,50.00,2025-12-20 16:56:25.258 +0900
4537,0,0,0,0,0,0,0.00,0,0.00,,50.00,50.00,50.00,2025-12-20 16:56:25.264 +0900
4538,0,0,0,0,0,0,0.00,0,0.00,,50.00,50.00,50.00,2025-12-20 16:56:25.270 +0900
4539,0,0,0,0,0,0,0.00,0,0.00,,50.00,50.00,50.00,2025-12-20 16:56:25.277 +0900
4540,0,0,0,0,0,0,0.00,0,0.00,,50.00,50.00,50.00,2025-12-20 16:56:25.284 +0900
4541,0,0,0,0,0,0,0.00,0,0.00,,50.00,50.00,50.00,2025-12-20 16:56:25.290 +0900
4542,0,0,0,0,0,0,0.00,0,0.00,,50.00,50.00,50.00,2025-12-20 16:56:25.296 +0900
4543,0,0,0,0,0,0,0.00,0,0.00,,50.00,50.00,50.00,2025-12-20 16:56:25.303 +0900
4544,0,0,0,0,0,0,0.00,0,0.00,,50.00,50.00,50.00,2025-12-20 16:56:25.309 +0900
4545,0,0,0,0,0,0,0.00,0,0.00,,50.00,50.00,50.00,2025-12-20 16:56:25.316 +0900
4546,0,0,0,0,0,0,0.00,0,0.00,,50.00,50.00,50.00,2025-12-20 16:56:25.322 +0900
4547,0,0,0,0,0,0,0.00,0,0.00,,50.00,50.00,50.00,2025-12-20 16:56:25.329 +0900
4548,0,0,0,0,0,0,0.00,0,0.00,,50.00,50.00,50.00,2025-12-20 16:56:25.335 +0900
4549,0,0,0,0,0,0,0.00,0,0.00,,50.00,50.00,50.00,2025-12-20 16:56:25.341 +0900
4550,0,0,0,0,0,0,0.00,0,0.00,,50.00,50.00,50.00,2025-12-20 16:56:25.348 +0900
4551,0,0,0,0,0,0,0.00,0,0.00,,50.00,50.00,50.00,2025-12-20 16:56:25.354 +0900
4552,0,0,0,0,0,0,0.00,0,0.00,,50.00,50.00,50.00,2025-12-20 16:56:25.360 +0900
4553,0,0,0,0,0,0,0.00,0,0.00,,50.00,50.00,50.00,2025-12-20 16:56:25.366 +0900
4554,0,0,0,0,0,0,0.00,0,0.00,,50.00,50.00,50.00,2025-12-20 16:56:25.373 +0900
4555,0,0,0,0,0,0,0.00,0,0.00,,50.00,50.00,50.00,2025-12-20 16:56:25.379 +0900
4556,0,0,0,0,0,0,0.00,0,0.00,,50.00,50.00,50.00,2025-12-20 16:56:25.385 +0900
4557,0,0,0,0,0,0,0.00,0,0.00,,50.00,50.00,50.00,2025-12-20 16:56:25.392 +0900
4558,0,0,0,0,0,0,0.00,0,0.00,,50.00,50.00,50.00,2025-12-20 16:56:25.398 +0900
4559,0,0,0,0,0,0,0.00,0,0.00,,50.00,50.00,50.00,2025-12-20 16:56:25.405 +0900
4560,0,0,0,0,0,0,0.00,0,0.00,,50.00,50.00,50.00,2025-12-20 16:56:25.411 +0900
4561,0,0,0,0,0,0,0.00,0,0.00,,50.00,50.00,50.00,2025-12-20 16:56:25.418 +0900
4562,0,0,0,0,0,0,0.00,0,0.00,,50.00,50.00,50.00,2025-12-20 16:56:25.424 +0900
4563,0,0,0,0,0,0,0.00,0,0.00,,50.00,50.00,50.00,2025-12-20 16:56:25.430 +0900
4564,0,0,0,0,0,0,0.00,0,0.00,,50.00,50.00,50.00,2025-12-20 16:56:25.437 +0900
4565,0,0,0,0,0,0,0.00,0,0.00,,50.00,50.00,50.00,2025-12-20 16:56:25.443 +0900
4566,0,0,0,0,0,0,0.00,0,0.00,,50.00,50.00,50.00,2025-12-20 16:56:25.449 +0900
4567,0,0,0,0,0,0,0.00,0,0.00,,50.00,50.00,50.00,2025-12-20 16:56:25.456 +0900
4568,0,0,0,0,0,0,0.00,0,0.00,,50.00,50.00,50.00,2025-12-20 16:56:25.462 +0900
4569,0,0,0,0,0,0,0.00,0,0.00,,50.00,50.00,50.00,2025-12-20 16:56:25.469 +0900
4570,0,0,0,0,0,0,0.00,0,0.00,,50.00,50.00,50.00,2025-12-20 16:56:25.475 +0900
4571,0,0,0,0,0,0,0.00,0,0.00,,50.00,50.00,50.00,2025-12-20 16:56:25.481 +0900
4572,0,0,0,0,0,0,0.00,0,0.00,,50.00,50.00,50.00,2025-12-20 16:56:25.488 +0900
4573,0,0,0,0,0,0,0.00,0,0.00,,50.00,50.00,50.00,2025-12-20 16:56:25.494 +0900
4574,0,0,0,0,0,0,0.00,0,0.00,,50.00,50.00,50.00,2025-12-20 16:56:25.501 +0900
4575,0,0,0,0,0,0,0.00,0,0.00,,50.00,50.00,50.00,2025-12-20 16:56:25.507 +0900
4576,0,0,0,0,0,0,0.00,0,0.00,,50.00,50.00,50.00,2025-12-20 16:56:25.513 +0900
4577,0,0,0,0,0,0,0.00,0,0.00,,50.00,50.00,50.00,2025-12-20 16:56:25.519 +0900
4578,0,0,0,0,0,0,0.00,0,0.00,,50.00,50.00,50.00,2025-12-20 16:56:25.526 +0900
4579,0,0,0,0,0,0,0.00,0,0.00,,50.00,50.00,50.00,2025-12-20 16:56:25.532 +0900
4580,0,0,0,0,0,0,0.00,0,0.00,,50.00,50.00,50.00,2025-12-20 16:56:25.539 +0900
4581,0,0,0,0,0,0,0.00,0,0.00,,50.00,50.00,50.00,2025-12-20 16:56:25.545 +0900
4582,0,0,0,0,0,0,0.00,0,0.00,,50.00,50.00,50.00,2025-12-20 16:56:25.551 +0900
4583,0,0,0,0,0,0,0.00,0,0.00,,50.00,50.00,50.00,2025-12-20 16:56:25.558 +0900
4584,0,0,0,0,0,0,0.00,0,0.00,,50.00,50.00,50.00,2025-12-20 16:56:25.565 +0900
4585,0,0,0,0,0,0,0.00,0,0.00,,50.00,50.00,50.00,2025-12-20 16:56:25.571 +0900
4586,0,0,0,0,0,0,0.00,0,0.00,,50.00,50.00,50.00,2025-12-20 16:56:25.577 +0900
4587,0,0,0,0,0,0,0.00,0,0.00,,50.00,50.00,50.00,2025-12-20 16:56:25.584 +0900
4588,0,0,0,0,0,0,0.00,0,0.00,,50.00,50.00,50.00,2025-12-20 16:56:25.590 +0900
4589,0,0,0,0,0,0,0.00,0,0.00,,50.00,50.00,50.00,2025-12-20 16:56:25.596 +0900
4590,0,0,0,0,0,0,0.00,0,0.00,,50.00,50.00,50.00,2025-12-20 16:56:25.602 +0900
4591,0,0,0,0,0,0,0.00,0,0.00,,50.00,50.00,50.00,2025-12-20 16:56:25.609 +0900
4592,0,0,0,0,0,0,0.00,0,0.00,,50.00,50.00,50.00,2025-12-20 16:56:25.616 +0900
4593,0,0,0,0,0,0,0.00,0,0.00,,50.00,50.00,50.00,2025-12-20 16:56:25.622 +0900
4594,0,0,0,0,0,0,0.00,0,0.00,,50.00,50.00,50.00,2025-12-20 16:56:25.628 +0900
4595,0,0,0,0,0,0,0.00,0,0.00,,50.00,50.00,50.00,2025-12-20 16:56:25.634 +0900
4596,0,0,0,0,0,0,0.00,0,0.00,,50.00,50.00,50.00,2025-12-20 16:56:25.641 +0900
4597,0,0,0,0,0,0,0.00,0,0.00,,50.00,50.00,50.00,2025-12-20 16:56:25.647 +0900
4598,0,0,0,0,0,0,0.00,0,0.00,,50.00,50.00,50.00,2025-12-20 16:56:25.653 +0900
4599,0,0,0,0,0,0,0.00,0,0.00,,50.00,50.00,50.00,2025-12-20 16:56:25.659 +0900
4600,0,0,0,0,0,0,0.00,0,0.00,,50.00,50.00,50.00,2025-12-20 16:56:25.665 +0900
4601,0,0,0,0,0,0,0.00,0,0.00,,50.00,50.00,50.00,2025-12-20 16:56:25.672 +0900
4602,0,0,0,0,0,0,0.00,0,0.00,,50.00,50.00,50.00,2025-12-20 16:56:25.678 +0900
4603,0,0,0,0,0,0,0.00,0,0.00,,50.00,50.00,50.00,2025-12-20 16:56:25.685 +0900
4604,0,0,0,0,0,0,0.00,0,0.00,,50.00,50.00,50.00,2025-12-20 16:56:25.691 +0900
4605,0,0,0,0,0,0,0.00,0,0.00,,50.00,50.00,50.00,2025-12-20 16:56:25.698 +0900
4606,0,0,0,0,0,0,0.00,0,0.00,,50.00,50.00,50.00,2025-12-20 16:56:25.704 +0900
4607,0,0,0,0,0,0,0.00,0,0.00,,50.00,50.00,50.00,2025-12-20 16:56:25.711 +0900
4608,0,0,0,0,0,0,0.00,0,0.00,,50.00,50.00,50.00,2025-12-20 16:56:25.717 +0900
4609,0,0,0,0,0,0,0.00,0,0.00,,50.00,50.00,50.00,2025-12-20 16:56:25.724 +0900
4610,0,0,0,0,0,0,0.00,0,0.00,,50.00,50.00,50.00,2025-12-20 16:56:25.730 +0900
4611,0,0,0,0,0,0,0.00,0,0.00,,50.00,50.00,50.00,2025-12-20 16:56:25.736 +0900
4612,0,0,0,0,0,0,0.00,0,0.00,,50.00,50.00,50.00,2025-12-20 16:56:25.743 +0900
4613,0,0,0,0,0,0,0.00,0,0.00,,50.00,50.00,50.00,2025-12-20 16:56:25.749 +0900
4614,0,0,0,0,0,0,0.00,0,0.00,,50.00,50.00,50.00,2025-12-20 16:56:25.756 +0900
4615,0,0,0,0,0,0,0.00,0,0.00,,50.00,50.00,50.00,2025-12-20 16:56:25.762 +0900
4616,0,0,0,0,0,0,0.00,0,0.00,,50.00,50.00,50.00,2025-12-20 16:56:25.768 +0900
4617,0,0,0,0,0,0,0.00,0,0.00,,50.00,50.00,50.00,2025-12-20 16:56:25.774 +0900
4618,0,0,0,0,0,0,0.00,0,0.00,,50.00,50.00,50.00,2025-12-20 16:56:25.781 +0900
4619,0,0,0,0,0,0,0.00,0,0.00,,50.00,50.00,50.00,2025-12-20 16:56:25.787 +0900
4620,0,0,0,0,0,0,0.00,0,0.00,,50.00,50.00,50.00,2025-12-20 16:56:25.793 +0900
4621,0,0,0,0,0,0,0.00,0,0.00,,50.00,50.00,50.00,2025-12-20 16:56:25.799 +0900
4622,0,0,0,0,0,0,0.00,0,0.00,,50.00,50.00,50.00,2025-12-20 16:56:25.805 +0900
4623,0,0,0,0,0,0,0.00,0,0.00,,50.00,50.00,50.00,2025-12-20 16:56:25.812 +0900
4624,0,0,0,0,0,0,0.00,0,0.00,,50.00,50.00,50.00,2025-12-20 16:56:25.818 +0900
4625,0,0,0,0,0,0,0.00,0,0.00,,50.00,50.00,50.00,2025-12-20 16:56:25.824 +0900
4626,0,0,0,0,0,0,0.00,0,0.00,,50.00,50.00,50.00,2025-12-20 16:56:25.830 +0900
4627,0,0,0,0,0,0,0.00,0,0.00,,50.00,50.00,50.00,2025-12-20 16:56:25.836 +0900
4628,0,0,0,0,0,0,0.00,0,0.00,,50.00,50.00,50.00,2025-12-20 16:56:25.842 +0900
4629,0,0,0,0,0,0,0.00,0,0.00,,50.00,50.00,50.00,2025-12-20 16:56:25.849 +0900
4630,0,0,0,0,0,0,0.00,0,0.00,,50.00,50.00,50.00,2025-12-20 16:56:25.855 +0900
4631,0,0,0,0,0,0,0.00,0,0.00,,50.00,50.00,50.00,2025-12-20 16:56:25.861 +0900
4632,0,0,0,0,0,0,0.00,0,0.00,,50.00,50.00,50.00,2025-12-20 16:56:25.868 +0900
4633,0,0,0,0,0,0,0.00,0,0.00,,50.00,50.00,50.00,2025-12-20 16:56:25.874 +0900
4634,0,0,0,0,0,0,0.00,0,0.00,,50.00,50.00,50.00,2025-12-20 16:56:25.880 +0900
4635,0,0,0,0,0,0,0.00,0,0.00,,50.00,50.00,50.00,2025-12-20 16:56:25.887 +0900
4636,0,0,0,0,0,0,0.00,0,0.00,,50.00,50.00,50.00,2025-12-20 16:56:25.893 +0900
4637,0,0,0,0,0,0,0.00,0,0.00,,50.00,50.00,50.00,2025-12-20 16:56:25.899 +0900
4638,0,0,0,0,0,0,0.00,0,0.00,,50.00,50.00,50.00,2025-12-20 16:56:25.906 +0900
4639,0,0,0,0,0,0,0.00,0,0.00,,50.00,50.00,50.00,2025-12-20 16:56:25.913 +0900
4640,0,0,0,0,0,0,0.00,0,0.00,,50.00,50.00,50.00,2025-12-20 16:56:25.920 +0900
4641,0,0,0,0,0,0,0.00,0,0.00,,50.00,50.00,50.00,2025-12-20 16:56:25.928 +0900
4642,0,0,0,0,0,0,0.00,0,0.00,,50.00,50.00,50.00,2025-12-20 16:56:25.936 +0900
4643,0,0,0,0,0,0,0.00,0,0.00,,50.00,50.00,50.00,2025-12-20 16:56:25.944 +0900
4644,0,0,0,0,0,0,0.00,0,0.00,,50.00,50.00,50.00,2025-12-20 16:56:25.952 +0900
4645,0,0,0,0,0,0,0.00,0,0.00,,50.00,50.00,50.00,2025-12-20 16:56:25.961 +0900
4646,0,0,0,0,0,0,0.00,0,0.00,,50.00,50.00,50.00,2025-12-20 16:56:25.971 +0900
4647,0,0,0,0,0,0,0.00,0,0.00,,50.00,50.00,50.00,2025-12-20 16:56:25.977 +0900
4648,0,0,0,0,0,0,0.00,0,0.00,,50.00,50.00,50.00,2025-12-20 16:56:25.983 +0900
4649,0,0,0,0,0,0,0.00,0,0.00,,50.00,50.00,50.00,2025-12-20 16:56:25.989 +0900
4650,0,0,0,0,0,0,0.00,0,0.00,,50.00,50.00,50.00,2025-12-20 16:56:25.996 +0900
4651,0,0,0,0,0,0,0.00,0,0.00,,50.00,50.00,50.00,2025-12-20 16:56:26.002 +0900
4652,0,0,0,0,0,0,0.00,0,0.00,,50.00,50.00,50.00,2025-12-20 16:56:26.008 +0900
4653,0,0,0,0,0,0,0.00,0,0.00,,50.00,50.00,50.00,2025-12-20 16:56:26.015 +0900
4654,0,0,0,0,0,0,0.00,0,0.00,,50.00,50.00,50.00,2025-12-20 16:56:26.021 +0900
4655,0,0,0,0,0,0,0.00,0,0.00,,50.00,50.00,50.00,2025-12-20 16:56:26.027 +0900
4656,0,0,0,0,0,0,0.00,0,0.00,,50.00,50.00,50.00,2025-12-20 16:56:26.034 +0900
4657,0,0,0,0,0,0,0.00,0,0.00,,50.00,50.00,50.00,2025-12-20 16:56:26.040 +0900
4658,0,0,0,0,0,0,0.00,0,0.00,,50.00,50.00,50.00,2025-12-20 16:56:26.046 +0900
4659,0,0,0,0,0,0,0.00,0,0.00,,50.00,50.00,50.00,2025-12-20 16:56:26.053 +0900
4660,0,0,0,0,0,0,0.00,0,0.00,,50.00,50.00,50.00,2025-12-20 16:56:26.059 +0900
4661,0,0,0,0,0,0,0.00,0,0.00,,50.00,50.00,50.00,2025-12-20 16:56:26.065 +0900
4662,0,0,0,0,0,0,0.00,0,0.00,,50.00,50.00,50.00,2025-12-20 16:56:26.071 +0900
4663,0,0,0,0,0,0,0.00,0,0.00,,50.00,50.00,50.00,2025-12-20 16:56:26.077 +0900
4664,0,0,0,0,0,0,0.00,0,0.00,,50.00,50.00,50.00,2025-12-20 16:56:26.084 +0900
4665,0,0,0,0,0,0,0.00,0,0.00,,50.00,50.00,50.00,2025-12-20 16:56:26.090 +0900
4666,0,0,0,0,0,0,0.00,0,0.00,,50.00,50.00,50.00,2025-12-20 16:56:26.096 +0900
4667,0,0,0,0,0,0,0.00,0,0.00,,50.00,50.00,50.00,2025-12-20 16:56:26.102 +0900
4668,0,0,0,0,0,0,0.00,0,0.00,,50.00,50.00,50.00,2025-12-20 16:56:26.108 +0900
4669,0,0,0,0,0,0,0.00,0,0.00,,50.00,50.00,50.00,2025-12-20 16:56:26.114 +0900
4670,0,0,0,0,0,0,0.00,0,0.00,,50.00,50.00,50.00,2025-12-20 16:56:26.121 +0900
4671,0,0,0,0,0,0,0.00,0,0.00,,50.00,50.00,50.00,2025-12-20 16:56:26.127 +0900
4672,0,0,0,0,0,0,0.00,0,0.00,,50.00,50.00,50.00,2025-12-20 16:56:26.133 +0900
4673,0,0,0,0,0,0,0.00,0,0.00,,50.00,50.00,50.00,2025-12-20 16:56:26.139 +0900
4674,0,0,0,0,0,0,0.00,0,0.00,,50.00,50.00,50.00,2025-12-20 16:56:26.147 +0900
4675,0,0,0,0,0,0,0.00,0,0.00,,50.00,50.00,50.00,2025-12-20 16:56:26.154 +0900
4676,0,0,0,0,0,0,0.00,0,0.00,,50.00,50.00,50.00,2025-12-20 16:56:26.160 +0900
4677,0,0,0,0,0,0,0.00,0,0.00,,50.00,50.00,50.00,2025-12-20 16:56:26.166 +0900
4678,0,0,0,0,0,0,0.00,0,0.00,,50.00,50.00,50.00,2025-12-20 16:56:26.172 +0900
4679,0,0,0,0,0,0,0.00,0,0.00,,50.00,50.00,50.00,2025-12-20 16:56:26.178 +0900
4680,0,0,0,0,0,0,0.00,0,0.00,,50.00,50.00,50.00,2025-12-20 16:56:26.184 +0900
4681,0,0,0,0,0,0,0.00,0,0.00,,50.00,50.00,50.00,2025-12-20 16:56:26.191 +0900
4682,0,0,0,0,0,0,0.00,0,0.00,,50.00,50.00,50.00,2025-12-20 16:56:26.197 +0900
4683,0,0,0,0,0,0,0.00,0,0.00,,50.00,50.00,50.00,2025-12-20 16:56:26.203 +0900
4684,0,0,0,0,0,0,0.00,0,0.00,,50.00,50.00,50.00,2025-12-20 16:56:26.209 +0900
4685,0,0,0,0,0,0,0.00,0,0.00,,50.00,50.00,50.00,2025-12-20 16:56:26.215 +0900
4686,0,0,0,0,0,0,0.00,0,0.00,,50.00,50.00,50.00,2025-12-20 16:56:26.222 +0900
4687,0,0,0,0,0,0,0.00,0,0.00,,50.00,50.00,50.00,2025-12-20 16:56:26.228 +0900
4688,0,0,0,0,0,0,0.00,0,0.00,,50.00,50.00,50.00,2025-12-20 16:56:26.234 +0900
4689,0,0,0,0,0,0,0.00,0,0.00,,50.00,50.00,50.00,2025-12-20 16:56:26.240 +0900
4690,0,0,0,0,0,0,0.00,0,0.00,,50.00,50.00,50.00,2025-12-20 16:56:26.246 +0900
4691,0,0,0,0,0,0,0.00,0,0.00,,50.00,50.00,50.00,2025-12-20 16:56:26.252 +0900
4692,0,0,0,0,0,0,0.00,0,0.00,,50.00,50.00,50.00,2025-12-20 16:56:26.258 +0900
4693,0,0,0,0,0,0,0.00,0,0.00,,50.00,50.00,50.00,2025-12-20 16:56:26.264 +0900
4694,0,0,0,0,0,0,0.00,0,0.00,,50.00,50.00,50.00,2025-12-20 16:56:26.270 +0900
4695,0,0,0,0,0,0,0.00,0,0.00,,50.00,50.00,50.00,2025-12-20 16:56:26.276 +0900
4696,0,0,0,0,0,0,0.00,0,0.00,,50.00,50.00,50.00,2025-12-20 16:56:26.282 +0900
4697,0,0,0,0,0,0,0.00,0,0.00,,50.00,50.00,50.00,2025-12-20 16:56:26.289 +0900
4698,0,0,0,0,0,0,0.00,0,0.00,,50.00,50.00,50.00,2025-12-20 16:56:26.295 +0900
4699,0,0,0,0,0,0,0.00,0,0.00,,50.00,50.00,50.00,2025-12-20 16:56:26.301 +0900
4700,0,0,0,0,0,0,0.00,0,0.00,,50.00,50.00,50.00,2025-12-20 16:56:26.307 +0900
4701,0,0,0,0,0,0,0.00,0,0.00,,50.00,50.00,50.00,2025-12-20 16:56:26.313 +0900
4702,0,0,0,0,0,0,0.00,0,0.00,,50.00,50.00,50.00,2025-12-20 16:56:26.319 +0900
4703,0,0,0,0,0,0,0.00,0,0.00,,50.00,50.00,50.00,2025-12-20 16:56:26.325 +0900
4704,0,0,0,0,0,0,0.00,0,0.00,,50.00,50.00,50.00,2025-12-20 16:56:26.332 +0900
4705,0,0,0,0,0,0,0.00,0,0.00,,50.00,50.00,50.00,2025-12-20 16:56:26.338 +0900
4706,0,0,0,0,0,0,0.00,0,0.00,,50.00,50.00,50.00,2025-12-20 16:56:26.344 +0900
4707,0,0,0,0,0,0,0.00,0,0.00,,50.00,50.00,50.00,2025-12-20 16:56:26.350 +0900
4708,0,0,0,0,0,0,0.00,0,0.00,,50.00,50.00,50.00,2025-12-20 16:56:26.356 +0900
4709,0,0,0,0,0,0,0.00,0,0.00,,50.00,50.00,50.00,2025-12-20 16:56:26.362 +0900
4710,0,0,0,0,0,0,0.00,0,0.00,,50.00,50.00,50.00,2025-12-20 16:56:26.369 +0900
4711,0,0,0,0,0,0,0.00,0,0.00,,50.00,50.00,50.00,2025-12-20 16:56:26.375 +0900
4712,0,0,0,0,0,0,0.00,0,0.00,,50.00,50.00,50.00,2025-12-20 16:56:26.381 +0900
4713,0,0,0,0,0,0,0.00,0,0.00,,50.00,50.00,50.00,2025-12-20 16:56:26.388 +0900
4714,0,0,0,0,0,0,0.00,0,0.00,,50.00,50.00,50.00,2025-12-20 16:56:26.394 +0900
4715,0,0,0,0,0,0,0.00,0,0.00,,50.00,50.00,50.00,2025-12-20 16:56:26.400 +0900
4716,0,0,0,0,0,0,0.00,0,0.00,,50.00,50.00,50.00,2025-12-20 16:56:26.406 +0900
4717,0,0,0,0,0,0,0.00,0,0.00,,50.00,50.00,50.00,2025-12-20 16:56:26.413 +0900
4718,0,0,0,0,0,0,0.00,0,0.00,,50.00,50.00,50.00,2025-12-20 16:56:26.419 +0900
4719,0,0,0,0,0,0,0.00,0,0.00,,50.00,50.00,50.00,2025-12-20 16:56:26.425 +0900
4720,0,0,0,0,0,0,0.00,0,0.00,,50.00,50.00,50.00,2025-12-20 16:56:26.432 +0900
4721,0,0,0,0,0,0,0.00,0,0.00,,50.00,50.00,50.00,2025-12-20 16:56:26.438 +0900
4722,0,0,0,0,0,0,0.00,0,0.00,,50.00,50.00,50.00,2025-12-20 16:56:26.445 +0900
4723,0,0,0,0,0,0,0.00,0,0.00,,50.00,50.00,50.00,2025-12-20 16:56:26.452 +0900
4724,0,0,0,0,0,0,0.00,0,0.00,,50.00,50.00,50.00,2025-12-20 16:56:26.458 +0900
4725,0,0,0,0,0,0,0.00,0,0.00,,50.00,50.00,50.00,2025-12-20 16:56:26.465 +0900
4726,0,0,0,0,0,0,0.00,0,0.00,,50.00,50.00,50.00,2025-12-20 16:56:26.471 +0900
4727,0,0,0,0,0,0,0.00,0,0.00,,50.00,50.00,50.00,2025-12-20 16:56:26.478 +0900
4728,0,0,0,0,0,0,0.00,0,0.00,,50.00,50.00,50.00,2025-12-20 16:56:26.484 +0900
4729,0,0,0,0,0,0,0.00,0,0.00,,50.00,50.00,50.00,2025-12-20 16:56:26.491 +0900
4730,0,0,0,0,0,0,0.00,0,0.00,,50.00,50.00,50.00,2025-12-20 16:56:26.497 +0900
4731,0,0,0,0,0,0,0.00,0,0.00,,50.00,50.00,50.00,2025-12-20 16:56:26.504 +0900
4732,0,0,0,0,0,0,0.00,0,0.00,,50.00,50.00,50.00,2025-12-20 16:56:26.511 +0900
4733,0,0,0,0,0,0,0.00,0,0.00,,50.00,50.00,50.00,2025-12-20 16:56:26.517 +0900
4734,0,0,0,0,0,0,0.00,0,0.00,,50.00,50.00,50.00,2025-12-20 16:56:26.524 +0900
4735,0,0,0,0,0,0,0.00,0,0.00,,50.00,50.00,50.00,2025-12-20 16:56:26.530 +0900
4736,0,0,0,0,0,0,0.00,0,0.00,,50.00,50.00,50.00,2025-12-20 16:56:26.537 +0900
4737,0,0,0,0,0,0,0.00,0,0.00,,50.00,50.00,50.00,2025-12-20 16:56:26.544 +0900
4738,0,0,0,0,0,0,0.00,0,0.00,,50.00,50.00,50.00,2025-12-20 16:56:26.550 +0900
4739,0,0,0,0,0,0,0.00,0,0.00,,50.00,50.00,50.00,2025-12-20 16:56:26.557 +0900
4740,0,0,0,0,0,0,0.00,0,0.00,,50.00,50.00,50.00,2025-12-20 16:56:26.564 +0900
4741,0,0,0,0,0,0,0.00,0,0.00,,50.00,50.00,50.00,2025-12-20 16:56:26.570 +0900
4742,0,0,0,0,0,0,0.00,0,0.00,,50.00,50.00,50.00,2025-12-20 16:56:26.577 +0900
4743,0,0,0,0,0,0,0.00,0,0.00,,50.00,50.00,50.00,2025-12-20 16:56:26.583 +0900
4744,0,0,0,0,0,0,0.00,0,0.00,,50.00,50.00,50.00,2025-12-20 16:56:26.590 +0900
4745,0,0,0,0,0,0,0.00,0,0.00,,50.00,50.00,50.00,2025-12-20 16:56:26.596 +0900
4746,0,0,0,0,0,0,0.00,0,0.00,,50.00,50.00,50.00,2025-12-20 16:56:26.603 +0900
4747,0,0,0,0,0,0,0.00,0,0.00,,50.00,50.00,50.00,2025-12-20 16:56:26.610 +0900
4748,0,0,0,0,0,0,0.00,0,0.00,,50.00,50.00,50.00,2025-12-20 16:56:26.617 +0900
4749,0,0,0,0,0,0,0.00,0,0.00,,50.00,50.00,50.00,2025-12-20 16:56:26.624 +0900
4750,0,0,0,0,0,0,0.00,0,0.00,,50.00,50.00,50.00,2025-12-20 16:56:26.630 +0900
4751,0,0,0,0,0,0,0.00,0,0.00,,50.00,50.00,50.00,2025-12-20 16:56:26.636 +0900
4752,0,0,0,0,0,0,0.00,0,0.00,,50.00,50.00,50.00,2025-12-20 16:56:26.643 +0900
4753,0,0,0,0,0,0,0.00,0,0.00,,50.00,50.00,50.00,2025-12-20 16:56:26.650 +0900
4754,0,0,0,0,0,0,0.00,0,0.00,,50.00,50.00,50.00,2025-12-20 16:56:26.656 +0900
4755,0,0,0,0,0,0,0.00,0,0.00,,50.00,50.00,50.00,2025-12-20 16:56:26.662 +0900
4756,0,0,0,0,0,0,0.00,0,0.00,,50.00,50.00,50.00,2025-12-20 16:56:26.669 +0900
4757,0,0,0,0,0,0,0.00,0,0.00,,50.00,50.00,50.00,2025-12-20 16:56:26.676 +0900
4758,0,0,0,0,0,0,0.00,0,0.00,,50.00,50.00,50.00,2025-12-20 16:56:26.682 +0900
4759,0,0,0,0,0,0,0.00,0,0.00,,50.00,50.00,50.00,2025-12-20 16:56:26.689 +0900
4760,0,0,0,0,0,0,0.00,0,0.00,,50.00,50.00,50.00,2025-12-20 16:56:26.696 +0900
4761,0,0,0,0,0,0,0.00,0,0.00,,50.00,50.00,50.00,2025-12-20 16:56:26.702 +0900
4762,0,0,0,0,0,0,0.00,0,0.00,,50.00,50.00,50.00,2025-12-20 16:56:26.708 +0900
4763,0,0,0,0,0,0,0.00,0,0.00,,50.00,50.00,50.00,2025-12-20 16:56:26.715 +0900
4764,0,0,0,0,0,0,0.00,0,0.00,,50.00,50.00,50.00,2025-12-20 16:56:26.721 +0900
4765,0,0,0,0,0,0,0.00,0,0.00,,50.00,50.00,50.00,2025-12-20 16:56:26.727 +0900
4766,0,0,0,0,0,0,0.00,0,0.00,,50.00,50.00,50.00,2025-12-20 16:56:26.733 +0900
4767,0,0,0,0,0,0,0.00,0,0.00,,50.00,50.00,50.00,2025-12-20 16:56:26.739 +0900
4768,0,0,0,0,0,0,0.00,0,0.00,,50.00,50.00,50.00,2025-12-20 16:56:26.746 +0900
4769,0,0,0,0,0,0,0.00,0,0.00,,50.00,50.00,50.00,2025-12-20 16:56:26.752 +0900
4770,0,0,0,0,0,0,0.00,0,0.00,,50.00,50.00,50.00,2025-12-20 16:56:26.758 +0900
4771,0,0,0,0,0,0,0.00,0,0.00,,50.00,50.00,50.00,2025-12-20 16:56:26.764 +0900
4772,0,0,0,0,0,0,0.00,0,0.00,,50.00,50.00,50.00,2025-12-20 16:56:26.770 +0900
4773,0,0,0,0,0,0,0.00,0,0.00,,50.00,50.00,50.00,2025-12-20 16:56:26.776 +0900
4774,0,0,0,0,0,0,0.00,0,0.00,,50.00,50.00,50.00,2025-12-20 16:56:26.783 +0900
4775,0,0,0,0,0,0,0.00,0,0.00,,50.00,50.00,50.00,2025-12-20 16:56:26.789 +0900
4776,0,0,0,0,0,0,0.00,0,0.00,,50.00,50.00,50.00,2025-12-20 16:56:26.796 +0900
4777,0,0,0,0,0,0,0.00,0,0.00,,50.00,50.00,50.00,2025-12-20 16:56:26.802 +0900
4778,0,0,0,0,0,0,0.00,0,0.00,,50.00,50.00,50.00,2025-12-20 16:56:26.808 +0900
4779,0,0,0,0,0,0,0.00,0,0.00,,50.00,50.00,50.00,2025-12-20 16:56:26.815 +0900
4780,0,0,0,0,0,0,0.00,0,0.00,,50.00,50.00,50.00,2025-12-20 16:56:26.821 +0900
4781,0,0,0,0,0,0,0.00,0,0.00,,50.00,50.00,50.00,2025-12-20 16:56:26.827 +0900
4782,0,0,0,0,0,0,0.00,0,0.00,,50.00,50.00,50.00,2025-12-20 16:56:26.834 +0900
4783,0,0,0,0,0,0,0.00,0,0.00,,50.00,50.00,50.00,2025-12-20 16:56:26.840 +0900
4784,0,0,0,0,0,0,0.00,0,0.00,,50.00,50.00,50.00,2025-12-20 16:56:26.846 +0900
4785,0,0,0,0,0,0,0.00,0,0.00,,50.00,50.00,50.00,2025-12-20 16:56:26.852 +0900
4786,0,0,0,0,0,0,0.00,0,0.00,,50.00,50.00,50.00,2025-12-20 16:56:26.858 +0900
4787,0,0,0,0,0,0,0.00,0,0.00,,50.00,50.00,50.00,2025-12-20 16:56:26.864 +0900
4788,0,0,0,0,0,0,0.00,0,0.00,,50.00,50.00,50.00,2025-12-20 16:56:26.870 +0900
4789,0,0,0,0,0,0,0.00,0,0.00,,50.00,50.00,50.00,2025-12-20 16:56:26.876 +0900
4790,0,0,0,0,0,0,0.00,0,0.00,,50.00,50.00,50.00,2025-12-20 16:56:26.882 +0900
4791,0,0,0,0,0,0,0.00,0,0.00,,50.00,50.00,50.00,2025-12-20 16:56:26.888 +0900
4792,0,0,0,0,0,0,0.00,0,0.00,,50.00,50.00,50.00,2025-12-20 16:56:26.894 +0900
4793,0,0,0,0,0,0,0.00,0,0.00,,50.00,50.00,50.00,2025-12-20 16:56:26.900 +0900
4794,0,0,0,0,0,0,0.00,0,0.00,,50.00,50.00,50.00,2025-12-20 16:56:26.906 +0900
4795,0,0,0,0,0,0,0.00,0,0.00,,50.00,50.00,50.00,2025-12-20 16:56:26.912 +0900
4796,0,0,0,0,0,0,0.00,0,0.00,,50.00,50.00,50.00,2025-12-20 16:56:26.919 +0900
4797,0,0,0,0,0,0,0.00,0,0.00,,50.00,50.00,50.00,2025-12-20 16:56:26.925 +0900
4798,0,0,0,0,0,0,0.00,0,0.00,,50.00,50.00,50.00,2025-12-20 16:56:26.931 +0900
4799,0,0,0,0,0,0,0.00,0,0.00,,50.00,50.00,50.00,2025-12-20 16:56:26.937 +0900
4800,0,0,0,0,0,0,0.00,0,0.00,,50.00,50.00,50.00,2025-12-20 16:56:26.944 +0900
4801,0,0,0,0,0,0,0.00,0,0.00,,50.00,50.00,50.00,2025-12-20 16:56:26.951 +0900
4802,0,0,0,0,0,0,0.00,0,0.00,,50.00,50.00,50.00,2025-12-20 16:56:26.957 +0900
4803,0,0,0,0,0,0,0.00,0,0.00,,50.00,50.00,50.00,2025-12-20 16:56:26.963 +0900
4804,0,0,0,0,0,0,0.00,0,0.00,,50.00,50.00,50.00,2025-12-20 16:56:26.969 +0900
4805,0,0,0,0,0,0,0.00,0,0.00,,50.00,50.00,50.00,2025-12-20 16:56:26.975 +0900
4806,0,0,0,0,0,0,0.00,0,0.00,,50.00,50.00,50.00,2025-12-20 16:56:26.981 +0900
4807,0,0,0,0,0,0,0.00,0,0.00,,50.00,50.00,50.00,2025-12-20 16:56:26.987 +0900
4808,0,0,0,0,0,0,0.00,0,0.00,,50.00,50.00,50.00,2025-12-20 16:56:26.993 +0900
4809,0,0,0,0,0,0,0.00,0,0.00,,50.00,50.00,50.00,2025-12-20 16:56:26.999 +0900
4810,0,0,0,0,0,0,0.00,0,0.00,,50.00,50.00,50.00,2025-12-20 16:56:27.005 +0900
4811,0,0,0,0,0,0,0.00,0,0.00,,50.00,50.00,50.00,2025-12-20 16:56:27.011 +0900
4812,0,0,0,0,0,0,0.00,0,0.00,,50.00,50.00,50.00,2025-12-20 16:56:27.017 +0900
4813,0,0,0,0,0,0,0.00,0,0.00,,50.00,50.00,50.00,2025-12-20 16:56:27.023 +0900
4814,0,0,0,0,0,0,0.00,0,0.00,,50.00,50.00,50.00,2025-12-20 16:56:27.029 +0900
4815,0,0,0,0,0,0,0.00,0,0.00,,50.00,50.00,50.00,2025-12-20 16:56:27.035 +0900
4816,0,0,0,0,0,0,0.00,0,0.00,,50.00,50.00,50.00,2025-12-20 16:56:27.041 +0900
4817,0,0,0,0,0,0,0.00,0,0.00,,50.00,50.00,50.00,2025-12-20 16:56:27.047 +0900
4818,0,0,0,0,0,0,0.00,0,0.00,,50.00,50.00,50.00,2025-12-20 16:56:27.052 +0900
4819,0,0,0,0,0,0,0.00,0,0.00,,50.00,50.00,50.00,2025-12-20 16:56:27.058 +0900
4820,0,0,0,0,0,0,0.00,0,0.00,,50.00,50.00,50.00,2025-12-20 16:56:27.064 +0900
4821,0,0,0,0,0,0,0.00,0,0.00,,50.00,50.00,50.00,2025-12-20 16:56:27.070 +0900
4822,0,0,0,0,0,0,0.00,0,0.00,,50.00,50.00,50.00,2025-12-20 16:56:27.076 +0900
4823,0,0,0,0,0,0,0.00,0,0.00,,50.00,50.00,50.00,2025-12-20 16:56:27.082 +0900
4824,0,0,0,0,0,0,0.00,0,0.00,,50.00,50.00,50.00,2025-12-20 16:56:27.088 +0900
4825,0,0,0,0,0,0,0.00,0,0.00,,50.00,50.00,50.00,2025-12-20 16:56:27.094 +0900
4826,0,0,0,0,0,0,0.00,0,0.00,,50.00,50.00,50.00,2025-12-20 16:56:27.100 +0900
4827,0,0,0,0,0,0,0.00,0,0.00,,50.00,50.00,50.00,2025-12-20 16:56:27.106 +0900
4828,0,0,0,0,0,0,0.00,0,0.00,,50.00,50.00,50.00,2025-12-20 16:56:27.112 +0900
4829,0,0,0,0,0,0,0.00,0,0.00,,50.00,50.00,50.00,2025-12-20 16:56:27.118 +0900
4830,0,0,0,0,0,0,0.00,0,0.00,,50.00,50.00,50.00,2025-12-20 16:56:27.123 +0900
4831,0,0,0,0,0,0,0.00,0,0.00,,50.00,50.00,50.00,2025-12-20 16:56:27.129 +0900
4832,0,0,0,0,0,0,0.00,0,0.00,,50.00,50.00,50.00,2025-12-20 16:56:27.135 +0900
4833,0,0,0,0,0,0,0.00,0,0.00,,50.00,50.00,50.00,2025-12-20 16:56:27.141 +0900
4834,0,0,0,0,0,0,0.00,0,0.00,,50.00,50.00,50.00,2025-12-20 16:56:27.147 +0900
4835,0,0,0,0,0,0,0.00,0,0.00,,50.00,50.00,50.00,2025-12-20 16:56:27.153 +0900
4836,0,0,0,0,0,0,0.00,0,0.00,,50.00,50.00,50.00,2025-12-20 16:56:27.159 +0900
4837,0,0,0,0,0,0,0.00,0,0.00,,50.00,50.00,50.00,2025-12-20 16:56:27.165 +0900
4838,0,0,0,0,0,0,0.00,0,0.00,,50.00,50.00,50.00,2025-12-20 16:56:27.171 +0900
4839,0,0,0,0,0,0,0.00,0,0.00,,50.00,50.00,50.00,2025-12-20 16:56:27.177 +0900
4840,0,0,0,0,0,0,0.00,0,0.00,,50.00,50.00,50.00,2025-12-20 16:56:27.183 +0900
4841,0,0,0,0,0,0,0.00,0,0.00,,50.00,50.00,50.00,2025-12-20 16:56:27.189 +0900
4842,0,0,0,0,0,0,0.00,0,0.00,,50.00,50.00,50.00,2025-12-20 16:56:27.195 +0900
4843,0,0,0,0,0,0,0.00,0,0.00,,50.00,50.00,50.00,2025-12-20 16:56:27.201 +0900
4844,0,0,0,0,0,0,0.00,0,0.00,,50.00,50.00,50.00,2025-12-20 16:56:27.207 +0900
4845,0,0,0,0,0,0,0.00,0,0.00,,50.00,50.00,50.00,2025-12-20 16:56:27.214 +0900
4846,0,0,0,0,0,0,0.00,0,0.00,,50.00,50.00,50.00,2025-12-20 16:56:27.219 +0900
4847,0,0,0,0,0,0,0.00,0,0.00,,50.00,50.00,50.00,2025-12-20 16:56:27.225 +0900
4848,0,0,0,0,0,0,0.00,0,0.00,,50.00,50.00,50.00,2025-12-20 16:56:27.231 +0900
4849,0,0,0,0,0,0,0.00,0,0.00,,50.00,50.00,50.00,2025-12-20 16:56:27.237 +0900
4850,0,0,0,0,0,0,0.00,0,0.00,,50.00,50.00,50.00,2025-12-20 16:56:27.244 +0900
4851,0,0,0,0,0,0,0.00,0,0.00,,50.00,50.00,50.00,2025-12-20 16:56:27.250 +0900
4852,0,0,0,0,0,0,0.00,0,0.00,,50.00,50.00,50.00,2025-12-20 16:56:27.256 +0900
4853,0,0,0,0,0,0,0.00,0,0.00,,50.00,50.00,50.00,2025-12-20 16:56:27.262 +0900
4854,0,0,0,0,0,0,0.00,0,0.00,,50.00,50.00,50.00,2025-12-20 16:56:27.268 +0900
4855,0,0,0,0,0,0,0.00,0,0.00,,50.00,50.00,50.00,2025-12-20 16:56:27.274 +0900
4856,0,0,0,0,0,0,0.00,0,0.00,,50.00,50.00,50.00,2025-12-20 16:56:27.280 +0900
4857,0,0,0,0,0,0,0.00,0,0.00,,50.00,50.00,50.00,2025-12-20 16:56:27.285 +0900
4858,0,0,0,0,0,0,0.00,0,0.00,,50.00,50.00,50.00,2025-12-20 16:56:27.291 +0900
4859,0,0,0,0,0,0,0.00,0,0.00,,50.00,50.00,50.00,2025-12-20 16:56:27.297 +0900
4860,0,0,0,0,0,0,0.00,0,0.00,,50.00,50.00,50.00,2025-12-20 16:56:27.303 +0900
4861,0,0,0,0,0,0,0.00,0,0.00,,50.00,50.00,50.00,2025-12-20 16:56:27.309 +0900
4862,0,0,0,0,0,0,0.00,0,0.00,,50.00,50.00,50.00,2025-12-20 16:56:27.315 +0900
4863,0,0,0,0,0,0,0.00,0,0.00,,50.00,50.00,50.00,2025-12-20 16:56:27.321 +0900
4864,0,0,0,0,0,0,0.00,0,0.00,,50.00,50.00,50.00,2025-12-20 16:56:27.328 +0900
4865,0,0,0,0,0,0,0.00,0,0.00,,50.00,50.00,50.00,2025-12-20 16:56:27.334 +0900
4866,0,0,0,0,0,0,0.00,0,0.00,,50.00,50.00,50.00,2025-12-20 16:56:27.339 +0900
4867,0,0,0,0,0,0,0.00,0,0.00,,50.00,50.00,50.00,2025-12-20 16:56:27.345 +0900
4868,0,0,0,0,0,0,0.00,0,0.00,,50.00,50.00,50.00,2025-12-20 16:56:27.352 +0900
4869,0,0,0,0,0,0,0.00,0,0.00,,50.00,50.00,50.00,2025-12-20 16:56:27.358 +0900
4870,0,0,0,0,0,0,0.00,0,0.00,,50.00,50.00,50.00,2025-12-20 16:56:27.364 +0900
4871,0,0,0,0,0,0,0.00,0,0.00,,50.00,50.00,50.00,2025-12-20 16:56:27.370 +0900
4872,0,0,0,0,0,0,0.00,0,0.00,,50.00,50.00,50.00,2025-12-20 16:56:27.376 +0900
4873,0,0,0,0,0,0,0.00,0,0.00,,50.00,50.00,50.00,2025-12-20 16:56:27.382 +0900
4874,0,0,0,0,0,0,0.00,0,0.00,,50.00,50.00,50.00,2025-12-20 16:56:27.388 +0900
4875,0,0,0,0,0,0,0.00,0,0.00,,50.00,50.00,50.00,2025-12-20 16:56:27.394 +0900
4876,0,0,0,0,0,0,0.00,0,0.00,,50.00,50.00,50.00,2025-12-20 16:56:27.400 +0900
4877,0,0,0,0,0,0,0.00,0,0.00,,50.00,50.00,50.00,2025-12-20 16:56:27.406 +0900
4878,0,0,0,0,0,0,0.00,0,0.00,,50.00,50.00,50.00,2025-12-20 16:56:27.412 +0900
4879,0,0,0,0,0,0,0.00,0,0.00,,50.00,50.00,50.00,2025-12-20 16:56:27.418 +0900
4880,0,0,0,0,0,0,0.00,0,0.00,,50.00,50.00,50.00,2025-12-20 16:56:27.424 +0900
4881,0,0,0,0,0,0,0.00,0,0.00,,50.00,50.00,50.00,2025-12-20 16:56:27.430 +0900
4882,0,0,0,0,0,0,0.00,0,0.00,,50.00,50.00,50.00,2025-12-20 16:56:27.436 +0900
4883,0,0,0,0,0,0,0.00,0,0.00,,50.00,50.00,50.00,2025-12-20 16:56:27.441 +0900
4884,0,0,0,0,0,0,0.00,0,0.00,,50.00,50.00,50.00,2025-12-20 16:56:27.447 +0900
4885,0,0,0,0,0,0,0.00,0,0.00,,50.00,50.00,50.00,2025-12-20 16:56:27.453 +0900
4886,0,0,0,0,0,0,0.00,0,0.00,,50.00,50.00,50.00,2025-12-20 16:56:27.459 +0900
4887,0,0,0,0,0,0,0.00,0,0.00,,50.00,50.00,50.00,2025-12-20 16:56:27.465 +0900
4888,0,0,0,0,0,0,0.00,0,0.00,,50.00,50.00,50.00,2025-12-20 16:56:27.471 +0900
4889,0,0,0,0,0,0,0.00,0,0.00,,50.00,50.00,50.00,2025-12-20 16:56:27.477 +0900
4890,0,0,0,0,0,0,0.00,0,0.00,,50.00,50.00,50.00,2025-12-20 16:56:27.483 +0900
4891,0,0,0,0,0,0,0.00,0,0.00,,50.00,50.00,50.00,2025-12-20 16:56:27.489 +0900
4892,0,0,0,0,0,0,0.00,0,0.00,,50.00,50.00,50.00,2025-12-20 16:56:27.495 +0900
4893,0,0,0,0,0,0,0.00,0,0.00,,50.00,50.00,50.00,2025-12-20 16:56:27.501 +0900
4894,0,0,0,0,0,0,0.00,0,0.00,,50.00,50.00,50.00,2025-12-20 16:56:27.507 +0900
4895,0,0,0,0,0,0,0.00,0,0.00,,50.00,50.00,50.00,2025-12-20 16:56:27.513 +0900
4896,0,0,0,0,0,0,0.00,0,0.00,,50.00,50.00,50.00,2025-12-20 16:56:27.519 +0900
4897,0,0,0,0,0,0,0.00,0,0.00,,50.00,50.00,50.00,2025-12-20 16:56:27.525 +0900
4898,0,0,0,0,0,0,0.00,0,0.00,,50.00,50.00,50.00,2025-12-20 16:56:27.531 +0900
4899,0,0,0,0,0,0,0.00,0,0.00,,50.00,50.00,50.00,2025-12-20 16:56:27.537 +0900
4900,0,0,0,0,0,0,0.00,0,0.00,,50.00,50.00,50.00,2025-12-20 16:56:27.544 +0900
4901,0,0,0,0,0,0,0.00,0,0.00,,50.00,50.00,50.00,2025-12-20 16:56:27.550 +0900
4902,0,0,0,0,0,0,0.00,0,0.00,,50.00,50.00,50.00,2025-12-20 16:56:27.556 +0900
4903,0,0,0,0,0,0,0.00,0,0.00,,50.00,50.00,50.00,2025-12-20 16:56:27.562 +0900
4904,0,0,0,0,0,0,0.00,0,0.00,,50.00,50.00,50.00,2025-12-20 16:56:27.569 +0900
4905,0,0,0,0,0,0,0.00,0,0.00,,50.00,50.00,50.00,2025-12-20 16:56:27.575 +0900
4906,0,0,0,0,0,0,0.00,0,0.00,,50.00,50.00,50.00,2025-12-20 16:56:27.581 +0900
4907,0,0,0,0,0,0,0.00,0,0.00,,50.00,50.00,50.00,2025-12-20 16:56:27.588 +0900
4908,0,0,0,0,0,0,0.00,0,0.00,,50.00,50.00,50.00,2025-12-20 16:56:27.594 +0900
4909,0,0,0,0,0,0,0.00,0,0.00,,50.00,50.00,50.00,2025-12-20 16:56:27.600 +0900
4910,0,0,0,0,0,0,0.00,0,0.00,,50.00,50.00,50.00,2025-12-20 16:56:27.607 +0900
4911,0,0,0,0,0,0,0.00,0,0.00,,50.00,50.00,50.00,2025-12-20 16:56:27.614 +0900
4912,0,0,0,0,0,0,0.00,0,0.00,,50.00,50.00,50.00,2025-12-20 16:56:27.621 +0900
4913,0,0,0,0,0,0,0.00,0,0.00,,50.00,50.00,50.00,2025-12-20 16:56:27.628 +0900
4914,0,0,0,0,0,0,0.00,0,0.00,,50.00,50.00,50.00,2025-12-20 16:56:27.634 +0900
4915,0,0,0,0,0,0,0.00,0,0.00,,50.00,50.00,50.00,2025-12-20 16:56:27.640 +0900
4916,0,0,0,0,0,0,0.00,0,0.00,,50.00,50.00,50.00,2025-12-20 16:56:27.647 +0900
4917,0,0,0,0,0,0,0.00,0,0.00,,50.00,50.00,50.00,2025-12-20 16:56:27.653 +0900
4918,0,0,0,0,0,0,0.00,0,0.00,,50.00,50.00,50.00,2025-12-20 16:56:27.659 +0900
4919,0,0,0,0,0,0,0.00,0,0.00,,50.00,50.00,50.00,2025-12-20 16:56:27.666 +0900
4920,0,0,0,0,0,0,0.00,0,0.00,,50.00,50.00,50.00,2025-12-20 16:56:27.673 +0900
4921,0,0,0,0,0,0,0.00,0,0.00,,50.00,50.00,50.00,2025-12-20 16:56:27.680 +0900
4922,0,0,0,0,0,0,0.00,0,0.00,,50.00,50.00,50.00,2025-12-20 16:56:27.687 +0900
4923,0,0,0,0,0,0,0.00,0,0.00,,50.00,50.00,50.00,2025-12-20 16:56:27.694 +0900
4924,0,0,0,0,0,0,0.00,0,0.00,,50.00,50.00,50.00,2025-12-20 16:56:27.701 +0900
4925,0,0,0,0,0,0,0.00,0,0.00,,50.00,50.00,50.00,2025-12-20 16:56:27.708 +0900
4926,0,0,0,0,0,0,0.00,0,0.00,,50.00,50.00,50.00,2025-12-20 16:56:27.714 +0900
4927,0,0,0,0,0,0,0.00,0,0.00,,50.00,50.00,50.00,2025-12-20 16:56:27.720 +0900
4928,0,0,0,0,0,0,0.00,0,0.00,,50.00,50.00,50.00,2025-12-20 16:56:27.726 +0900
4929,0,0,0,0,0,0,0.00,0,0.00,,50.00,50.00,50.00,2025-12-20 16:56:27.733 +0900
4930,0,0,0,0,0,0,0.00,0,0.00,,50.00,50.00,50.00,2025-12-20 16:56:27.740 +0900
4931,0,0,0,0,0,0,0.00,0,0.00,,50.00,50.00,50.00,2025-12-20 16:56:27.746 +0900
4932,0,0,0,0,0,0,0.00,0,0.00,,50.00,50.00,50.00,2025-12-20 16:56:27.752 +0900
4933,0,0,0,0,0,0,0.00,0,0.00,,50.00,50.00,50.00,2025-12-20 16:56:27.759 +0900
4934,0,0,0,0,0,0,0.00,0,0.00,,50.00,50.00,50.00,2025-12-20 16:56:27.765 +0900
4935,0,0,0,0,0,0,0.00,0,0.00,,50.00,50.00,50.00,2025-12-20 16:56:27.771 +0900
4936,0,0,0,0,0,0,0.00,0,0.00,,50.00,50.00,50.00,2025-12-20 16:56:27.777 +0900
4937,0,0,0,0,0,0,0.00,0,0.00,,50.00,50.00,50.00,2025-12-20 16:56:27.783 +0900
4938,0,0,0,0,0,0,0.00,0,0.00,,50.00,50.00,50.00,2025-12-20 16:56:27.790 +0900
4939,0,0,0,0,0,0,0.00,0,0.00,,50.00,50.00,50.00,2025-12-20 16:56:27.796 +0900
4940,0,0,0,0,0,0,0.00,0,0.00,,50.00,50.00,50.00,2025-12-20 16:56:27.802 +0900
4941,0,0,0,0,0,0,0.00,0,0.00,,50.00,50.00,50.00,2025-12-20 16:56:27.808 +0900
4942,0,0,0,0,0,0,0.00,0,0.00,,50.00,50.00,50.00,2025-12-20 16:56:27.823 +0900
4943,0,0,0,0,0,0,0.00,0,0.00,,50.00,50.00,50.00,2025-12-20 16:56:27.870 +0900
4944,0,0,0,0,0,0,0.00,0,0.00,,50.00,50.00,50.00,2025-12-20 16:56:27.962 +0900
4945,0,0,0,0,0,0,0.00,0,0.00,,50.00,50.00,50.00,2025-12-20 16:56:27.978 +0900
4946,0,0,0,0,0,0,0.00,0,0.00,,50.00,50.00,50.00,2025-12-20 16:56:27.986 +0900
4947,0,0,0,0,0,0,0.00,0,0.00,,50.00,50.00,50.00,2025-12-20 16:56:27.992 +0900
4948,0,0,0,0,0,0,0.00,0,0.00,,50.00,50.00,50.00,2025-12-20 16:56:27.998 +0900
4949,0,0,0,0,0,0,0.00,0,0.00,,50.00,50.00,50.00,2025-12-20 16:56:28.005 +0900
4950,0,0,0,0,0,0,0.00,0,0.00,,50.00,50.00,50.00,2025-12-20 16:56:28.011 +0900
4951,0,0,0,0,0,0,0.00,0,0.00,,50.00,50.00,50.00,2025-12-20 16:56:28.017 +0900
4952,0,0,0,0,0,0,0.00,0,0.00,,50.00,50.00,50.00,2025-12-20 16:56:28.023 +0900
4953,0,0,0,0,0,0,0.00,0,0.00,,50.00,50.00,50.00,2025-12-20 16:56:28.030 +0900
4954,0,0,0,0,0,0,0.00,0,0.00,,50.00,50.00,50.00,2025-12-20 16:56:28.037 +0900
4955,0,0,0,0,0,0,0.00,0,0.00,,50.00,50.00,50.00,2025-12-20 16:56:28.043 +0900
4956,0,0,0,0,0,0,0.00,0,0.00,,50.00,50.00,50.00,2025-12-20 16:56:28.049 +0900
4957,0,0,0,0,0,0,0.00,0,0.00,,50.00,50.00,50.00,2025-12-20 16:56:28.055 +0900
4958,0,0,0,0,0,0,0.00,0,0.00,,50.00,50.00,50.00,2025-12-20 16:56:28.062 +0900
4959,0,0,0,0,0,0,0.00,0,0.00,,50.00,50.00,50.00,2025-12-20 16:56:28.068 +0900
4960,0,0,0,0,0,0,0.00,0,0.00,,50.00,50.00,50.00,2025-12-20 16:56:28.074 +0900
4961,0,0,0,0,0,0,0.00,0,0.00,,50.00,50.00,50.00,2025-12-20 16:56:28.080 +0900
4962,0,0,0,0,0,0,0.00,0,0.00,,50.00,50.00,50.00,2025-12-20 16:56:28.087 +0900
4963,0,0,0,0,0,0,0.00,0,0.00,,50.00,50.00,50.00,2025-12-20 16:56:28.093 +0900
4964,0,0,0,0,0,0,0.00,0,0.00,,50.00,50.00,50.00,2025-12-20 16:56:28.099 +0900
4965,0,0,0,0,0,0,0.00,0,0.00,,50.00,50.00,50.00,2025-12-20 16:56:28.106 +0900
4966,0,0,0,0,0,0,0.00,0,0.00,,50.00,50.00,50.00,2025-12-20 16:56:28.113 +0900
4967,0,0,0,0,0,0,0.00,0,0.00,,50.00,50.00,50.00,2025-12-20 16:56:28.121 +0900
4968,0,0,0,0,0,0,0.00,0,0.00,,50.00,50.00,50.00,2025-12-20 16:56:28.128 +0900
4969,0,0,0,0,0,0,0.00,0,0.00,,50.00,50.00,50.00,2025-12-20 16:56:28.133 +0900
4970,0,0,0,0,0,0,0.00,0,0.00,,50.00,50.00,50.00,2025-12-20 16:56:28.140 +0900
4971,0,0,0,0,0,0,0.00,0,0.00,,50.00,50.00,50.00,2025-12-20 16:56:28.146 +0900
4972,0,0,0,0,0,0,0.00,0,0.00,,50.00,50.00,50.00,2025-12-20 16:56:28.152 +0900
4973,0,0,0,0,0,0,0.00,0,0.00,,50.00,50.00,50.00,2025-12-20 16:56:28.158 +0900
4974,0,0,0,0,0,0,0.00,0,0.00,,50.00,50.00,50.00,2025-12-20 16:56:28.164 +0900
4975,0,0,0,0,0,0,0.00,0,0.00,,50.00,50.00,50.00,2025-12-20 16:56:28.171 +0900
4976,0,0,0,0,0,0,0.00,0,0.00,,50.00,50.00,50.00,2025-12-20 16:56:28.177 +0900
4977,0,0,0,0,0,0,0.00,0,0.00,,50.00,50.00,50.00,2025-12-20 16:56:28.182 +0900
4978,0,0,0,0,0,0,0.00,0,0.00,,50.00,50.00,50.00,2025-12-20 16:56:28.188 +0900
4979,0,0,0,0,0,0,0.00,0,0.00,,50.00,50.00,50.00,2025-12-20 16:56:28.194 +0900
4980,0,0,0,0,0,0,0.00,0,0.00,,50.00,50.00,50.00,2025-12-20 16:56:28.201 +0900
4981,0,0,0,0,0,0,0.00,0,0.00,,50.00,50.00,50.00,2025-12-20 16:56:28.207 +0900
4982,0,0,0,0,0,0,0.00,0,0.00,,50.00,50.00,50.00,2025-12-20 16:56:28.213 +0900
4983,0,0,0,0,0,0,0.00,0,0.00,,50.00,50.00,50.00,2025-12-20 16:56:28.220 +0900
4984,0,0,0,0,0,0,0.00,0,0.00,,50.00,50.00,50.00,2025-12-20 16:56:28.226 +0900
4985,0,0,0,0,0,0,0.00,0,0.00,,50.00,50.00,50.00,2025-12-20 16:56:28.232 +0900
4986,0,0,0,0,0,0,0.00,0,0.00,,50.00,50.00,50.00,2025-12-20 16:56:28.239 +0900
4987,0,0,0,0,0,0,0.00,0,0.00,,50.00,50.00,50.00,2025-12-20 16:56:28.245 +0900
4988,0,0,0,0,0,0,0.00,0,0.00,,50.00,50.00,50.00,2025-12-20 16:56:28.251 +0900
4989,0,0,0,0,0,0,0.00,0,0.00,,50.00,50.00,50.00,2025-12-20 16:56:28.257 +0900
4990,0,0,0,0,0,0,0.00,0,0.00,,50.00,50.00,50.00,2025-12-20 16:56:28.264 +0900
4991,0,0,0,0,0,0,0.00,0,0.00,,50.00,50.00,50.00,2025-12-20 16:56:28.271 +0900
4992,0,0,0,0,0,0,0.00,0,0.00,,50.00,50.00,50.00,2025-12-20 16:56:28.277 +0900
4993,0,0,0,0,0,0,0.00,0,0.00,,50.00,50.00,50.00,2025-12-20 16:56:28.283 +0900
4994,0,0,0,0,0,0,0.00,0,0.00,,50.00,50.00,50.00,2025-12-20 16:56:28.289 +0900
4995,0,0,0,0,0,0,0.00,0,0.00,,50.00,50.00,50.00,2025-12-20 16:56:28.296 +0900
4996,0,0,0,0,0,0,0.00,0,0.00,,50.00,50.00,50.00,2025-12-20 16:56:28.303 +0900
4997,0,0,0,0,0,0,0.00,0,0.00,,50.00,50.00,50.00,2025-12-20 16:56:28.309 +0900
4998,0,0,0,0,0,0,0.00,0,0.00,,50.00,50.00,50.00,2025-12-20 16:56:28.315 +0900
4999,0,0,0,0,0,0,0.00,0,0.00,,50.00,50.00,50.00,2025-12-20 16:56:28.322 +0900
5000,0,0,0,0,0,0,0.00,0,0.00,,50.00,50.00,50.00,2025-12-20 16:56:28.327 +0900
5001,0,0,0,0,0,0,0.00,0,0.00,,50.00,50.00,50.00,2025-12-20 16:56:28.334 +0900
5002,0,0,0,0,0,0,0.00,0,0.00,,50.00,50.00,50.00,2025-12-20 16:56:28.340 +0900
5003,0,0,0,0,0,0,0.00,0,0.00,,50.00,50.00,50.00,2025-12-20 16:56:28.346 +0900
5004,0,0,0,0,0,0,0.00,0,0.00,,50.00,50.00,50.00,2025-12-20 16:56:28.352 +0900
5005,0,0,0,0,0,0,0.00,0,0.00,,50.00,50.00,50.00,2025-12-20 16:56:28.358 +0900
5006,0,0,0,0,0,0,0.00,0,0.00,,50.00,50.00,50.00,2025-12-20 16:56:28.365 +0900
5007,0,0,0,0,0,0,0.00,0,0.00,,50.00,50.00,50.00,2025-12-20 16:56:28.371 +0900
5008,0,0,0,0,0,0,0.00,0,0.00,,50.00,50.00,50.00,2025-12-20 16:56:28.377 +0900
5009,0,0,0,0,0,0,0.00,0,0.00,,50.00,50.00,50.00,2025-12-20 16:56:28.383 +0900
5010,0,0,0,0,0,0,0.00,0,0.00,,50.00,50.00,50.00,2025-12-20 16:56:28.389 +0900
5011,0,0,0,0,0,0,0.00,0,0.00,,50.00,50.00,50.00,2025-12-20 16:56:28.395 +0900
5012,0,0,0,0,0,0,0.00,0,0.00,,50.00,50.00,50.00,2025-12-20 16:56:28.401 +0900
5013,0,0,0,0,0,0,0.00,0,0.00,,50.00,50.00,50.00,2025-12-20 16:56:28.407 +0900
5014,0,0,0,0,0,0,0.00,0,0.00,,50.00,50.00,50.00,2025-12-20 16:56:28.413 +0900
5015,0,0,0,0,0,0,0.00,0,0.00,,50.00,50.00,50.00,2025-12-20 16:56:28.419 +0900
5016,0,0,0,0,0,0,0.00,0,0.00,,50.00,50.00,50.00,2025-12-20 16:56:28.425 +0900
5017,0,0,0,0,0,0,0.00,0,0.00,,50.00,50.00,50.00,2025-12-20 16:56:28.432 +0900
5018,0,0,0,0,0,0,0.00,0,0.00,,50.00,50.00,50.00,2025-12-20 16:56:28.439 +0900
5019,0,0,0,0,0,0,0.00,0,0.00,,50.00,50.00,50.00,2025-12-20 16:56:28.446 +0900
5020,0,0,0,0,0,0,0.00,0,0.00,,50.00,50.00,50.00,2025-12-20 16:56:28.453 +0900
5021,0,0,0,0,0,0,0.00,0,0.00,,50.00,50.00,50.00,2025-12-20 16:56:28.460 +0900
5022,0,0,0,0,0,0,0.00,0,0.00,,50.00,50.00,50.00,2025-12-20 16:56:28.466 +0900
5023,0,0,0,0,0,0,0.00,0,0.00,,50.00,50.00,50.00,2025-12-20 16:56:28.472 +0900
5024,0,0,0,0,0,0,0.00,0,0.00,,50.00,50.00,50.00,2025-12-20 16:56:28.478 +0900
5025,0,0,0,0,0,0,0.00,0,0.00,,50.00,50.00,50.00,2025-12-20 16:56:28.484 +0900
5026,0,0,0,0,0,0,0.00,0,0.00,,50.00,50.00,50.00,2025-12-20 16:56:28.490 +0900
5027,0,0,0,0,0,0,0.00,0,0.00,,50.00,50.00,50.00,2025-12-20 16:56:28.496 +0900
5028,0,0,0,0,0,0,0.00,0,0.00,,50.00,50.00,50.00,2025-12-20 16:56:28.502 +0900
5029,0,0,0,0,0,0,0.00,0,0.00,,50.00,50.00,50.00,2025-12-20 16:56:28.508 +0900
5030,0,0,0,0,0,0,0.00,0,0.00,,50.00,50.00,50.00,2025-12-20 16:56:28.514 +0900
5031,0,0,0,0,0,0,0.00,0,0.00,,50.00,50.00,50.00,2025-12-20 16:56:28.521 +0900
5032,0,0,0,0,0,0,0.00,0,0.00,,50.00,50.00,50.00,2025-12-20 16:56:28.527 +0900
5033,0,0,0,0,0,0,0.00,0,0.00,,50.00,50.00,50.00,2025-12-20 16:56:28.534 +0900
5034,0,0,0,0,0,0,0.00,0,0.00,,50.00,50.00,50.00,2025-12-20 16:56:28.540 +0900
5035,0,0,0,0,0,0,0.00,0,0.00,,50.00,50.00,50.00,2025-12-20 16:56:28.546 +0900
5036,0,0,0,0,0,0,0.00,0,0.00,,50.00,50.00,50.00,2025-12-20 16:56:28.553 +0900
5037,0,0,0,0,0,0,0.00,0,0.00,,50.00,50.00,50.00,2025-12-20 16:56:28.560 +0900
5038,0,0,0,0,0,0,0.00,0,0.00,,50.00,50.00,50.00,2025-12-20 16:56:28.566 +0900
5039,0,0,0,0,0,0,0.00,0,0.00,,50.00,50.00,50.00,2025-12-20 16:56:28.573 +0900
5040,0,0,0,0,0,0,0.00,0,0.00,,50.00,50.00,50.00,2025-12-20 16:56:28.579 +0900
5041,0,0,0,0,0,0,0.00,0,0.00,,50.00,50.00,50.00,2025-12-20 16:56:28.585 +0900
5042,0,0,0,0,0,0,0.00,0,0.00,,50.00,50.00,50.00,2025-12-20 16:56:28.591 +0900
5043,0,0,0,0,0,0,0.00,0,0.00,,50.00,50.00,50.00,2025-12-20 16:56:28.598 +0900
5044,0,0,0,0,0,0,0.00,0,0.00,,50.00,50.00,50.00,2025-12-20 16:56:28.604 +0900
5045,0,0,0,0,0,0,0.00,0,0.00,,50.00,50.00,50.00,2025-12-20 16:56:28.610 +0900
5046,0,0,0,0,0,0,0.00,0,0.00,,50.00,50.00,50.00,2025-12-20 16:56:28.616 +0900
5047,0,0,0,0,0,0,0.00,0,0.00,,50.00,50.00,50.00,2025-12-20 16:56:28.623 +0900
5048,0,0,0,0,0,0,0.00,0,0.00,,50.00,50.00,50.00,2025-12-20 16:56:28.629 +0900
5049,0,0,0,0,0,0,0.00,0,0.00,,50.00,50.00,50.00,2025-12-20 16:56:28.635 +0900
5050,0,0,0,0,0,0,0.00,0,0.00,,50.00,50.00,50.00,2025-12-20 16:56:28.641 +0900
5051,0,0,0,0,0,0,0.00,0,0.00,,50.00,50.00,50.00,2025-12-20 16:56:28.647 +0900
5052,0,0,0,0,0,0,0.00,0,0.00,,50.00,50.00,50.00,2025-12-20 16:56:28.653 +0900
5053,0,0,0,0,0,0,0.00,0,0.00,,50.00,50.00,50.00,2025-12-20 16:56:28.660 +0900
5054,0,0,0,0,0,0,0.00,0,0.00,,50.00,50.00,50.00,2025-12-20 16:56:28.666 +0900
5055,0,0,0,0,0,0,0.00,0,0.00,,50.00,50.00,50.00,2025-12-20 16:56:28.672 +0900
5056,0,0,0,0,0,0,0.00,0,0.00,,50.00,50.00,50.00,2025-12-20 16:56:28.679 +0900
5057,0,0,0,0,0,0,0.00,0,0.00,,50.00,50.00,50.00,2025-12-20 16:56:28.685 +0900
5058,0,0,0,0,0,0,0.00,0,0.00,,50.00,50.00,50.00,2025-12-20 16:56:28.691 +0900
5059,0,0,0,0,0,0,0.00,0,0.00,,50.00,50.00,50.00,2025-12-20 16:56:28.698 +0900
5060,0,0,0,0,0,0,0.00,0,0.00,,50.00,50.00,50.00,2025-12-20 16:56:28.704 +0900
5061,0,0,0,0,0,0,0.00,0,0.00,,50.00,50.00,50.00,2025-12-20 16:56:28.710 +0900
5062,0,0,0,0,0,0,0.00,0,0.00,,50.00,50.00,50.00,2025-12-20 16:56:28.716 +0900
5063,0,0,0,0,0,0,0.00,0,0.00,,50.00,50.00,50.00,2025-12-20 16:56:28.723 +0900
5064,0,0,0,0,0,0,0.00,0,0.00,,50.00,50.00,50.00,2025-12-20 16:56:28.730 +0900
5065,0,0,0,0,0,0,0.00,0,0.00,,50.00,50.00,50.00,2025-12-20 16:56:28.736 +0900
5066,0,0,0,0,0,0,0.00,0,0.00,,50.00,50.00,50.00,2025-12-20 16:56:28.742 +0900
5067,0,0,0,0,0,0,0.00,0,0.00,,50.00,50.00,50.00,2025-12-20 16:56:28.748 +0900
5068,0,0,0,0,0,0,0.00,0,0.00,,50.00,50.00,50.00,2025-12-20 16:56:28.754 +0900
5069,0,0,0,0,0,0,0.00,0,0.00,,50.00,50.00,50.00,2025-12-20 16:56:28.760 +0900
5070,0,0,0,0,0,0,0.00,0,0.00,,50.00,50.00,50.00,2025-12-20 16:56:28.768 +0900
5071,0,0,0,0,0,0,0.00,0,0.00,,50.00,50.00,50.00,2025-12-20 16:56:28.774 +0900
5072,0,0,0,0,0,0,0.00,0,0.00,,50.00,50.00,50.00,2025-12-20 16:56:28.780 +0900
5073,0,0,0,0,0,0,0.00,0,0.00,,50.00,50.00,50.00,2025-12-20 16:56:28.786 +0900
5074,0,0,0,0,0,0,0.00,0,0.00,,50.00,50.00,50.00,2025-12-20 16:56:28.792 +0900
5075,0,0,0,0,0,0,0.00,0,0.00,,50.00,50.00,50.00,2025-12-20 16:56:28.802 +0900
5076,0,0,0,0,0,0,0.00,0,0.00,,50.00,50.00,50.00,2025-12-20 16:56:28.809 +0900
5077,0,0,0,0,0,0,0.00,0,0.00,,50.00,50.00,50.00,2025-12-20 16:56:28.815 +0900
5078,0,0,0,0,0,0,0.00,0,0.00,,50.00,50.00,50.00,2025-12-20 16:56:28.821 +0900
5079,0,0,0,0,0,0,0.00,0,0.00,,50.00,50.00,50.00,2025-12-20 16:56:28.828 +0900
5080,0,0,0,0,0,0,0.00,0,0.00,,50.00,50.00,50.00,2025-12-20 16:56:28.834 +0900
5081,0,0,0,0,0,0,0.00,0,0.00,,50.00,50.00,50.00,2025-12-20 16:56:28.840 +0900
5082,0,0,0,0,0,0,0.00,0,0.00,,50.00,50.00,50.00,2025-12-20 16:56:28.846 +0900
5083,0,0,0,0,0,0,0.00,0,0.00,,50.00,50.00,50.00,2025-12-20 16:56:28.853 +0900
5084,0,0,0,0,0,0,0.00,0,0.00,,50.00,50.00,50.00,2025-12-20 16:56:28.859 +0900
5085,0,0,0,0,0,0,0.00,0,0.00,,50.00,50.00,50.00,2025-12-20 16:56:28.865 +0900
5086,0,0,0,0,0,0,0.00,0,0.00,,50.00,50.00,50.00,2025-12-20 16:56:28.871 +0900
5087,0,0,0,0,0,0,0.00,0,0.00,,50.00,50.00,50.00,2025-12-20 16:56:28.877 +0900
5088,0,0,0,0,0,0,0.00,0,0.00,,50.00,50.00,50.00,2025-12-20 16:56:28.883 +0900
5089,0,0,0,0,0,0,0.00,0,0.00,,50.00,50.00,50.00,2025-12-20 16:56:28.889 +0900
5090,0,0,0,0,0,0,0.00,0,0.00,,50.00,50.00,50.00,2025-12-20 16:56:28.895 +0900
5091,0,0,0,0,0,0,0.00,0,0.00,,50.00,50.00,50.00,2025-12-20 16:56:28.901 +0900
5092,0,0,0,0,0,0,0.00,0,0.00,,50.00,50.00,50.00,2025-12-20 16:56:28.908 +0900
5093,0,0,0,0,0,0,0.00,0,0.00,,50.00,50.00,50.00,2025-12-20 16:56:28.914 +0900
5094,0,0,0,0,0,0,0.00,0,0.00,,50.00,50.00,50.00,2025-12-20 16:56:28.920 +0900
5095,0,0,0,0,0,0,0.00,0,0.00,,50.00,50.00,50.00,2025-12-20 16:56:28.927 +0900
5096,0,0,0,0,0,0,0.00,0,0.00,,50.00,50.00,50.00,2025-12-20 16:56:28.933 +0900
5097,0,0,0,0,0,0,0.00,0,0.00,,50.00,50.00,50.00,2025-12-20 16:56:28.939 +0900
5098,0,0,0,0,0,0,0.00,0,0.00,,50.00,50.00,50.00,2025-12-20 16:56:28.945 +0900
5099,0,0,0,0,0,0,0.00,0,0.00,,50.00,50.00,50.00,2025-12-20 16:56:28.952 +0900
5100,0,0,0,0,0,0,0.00,0,0.00,,50.00,50.00,50.00,2025-12-20 16:56:28.958 +0900
5101,0,0,0,0,0,0,0.00,0,0.00,,50.00,50.00,50.00,2025-12-20 16:56:28.964 +0900
5102,0,0,0,0,0,0,0.00,0,0.00,,50.00,50.00,50.00,2025-12-20 16:56:28.971 +0900
5103,0,0,0,0,0,0,0.00,0,0.00,,50.00,50.00,50.00,2025-12-20 16:56:29.021 +0900
5104,0,0,0,0,0,0,0.00,0,0.00,,50.00,50.00,50.00,2025-12-20 16:56:29.028 +0900
5105,0,0,0,0,0,0,0.00,0,0.00,,50.00,50.00,50.00,2025-12-20 16:56:29.035 +0900
5106,0,0,0,0,0,0,0.00,0,0.00,,50.00,50.00,50.00,2025-12-20 16:56:29.041 +0900
5107,0,0,0,0,0,0,0.00,0,0.00,,50.00,50.00,50.00,2025-12-20 16:56:29.047 +0900
5108,0,0,0,0,0,0,0.00,0,0.00,,50.00,50.00,50.00,2025-12-20 16:56:29.054 +0900
5109,0,0,0,0,0,0,0.00,0,0.00,,50.00,50.00,50.00,2025-12-20 16:56:29.061 +0900
5110,0,0,0,0,0,0,0.00,0,0.00,,50.00,50.00,50.00,2025-12-20 16:56:29.068 +0900
5111,0,0,0,0,0,0,0.00,0,0.00,,50.00,50.00,50.00,2025-12-20 16:56:29.074 +0900
5112,0,0,0,0,0,0,0.00,0,0.00,,50.00,50.00,50.00,2025-12-20 16:56:29.080 +0900
5113,0,0,0,0,0,0,0.00,0,0.00,,50.00,50.00,50.00,2025-12-20 16:56:29.087 +0900
5114,0,0,0,0,0,0,0.00,0,0.00,,50.00,50.00,50.00,2025-12-20 16:56:29.094 +0900
5115,0,0,0,0,0,0,0.00,0,0.00,,50.00,50.00,50.00,2025-12-20 16:56:29.100 +0900
5116,0,0,0,0,0,0,0.00,0,0.00,,50.00,50.00,50.00,2025-12-20 16:56:29.105 +0900
5117,0,0,0,0,0,0,0.00,0,0.00,,50.00,50.00,50.00,2025-12-20 16:56:29.112 +0900
5118,0,0,0,0,0,0,0.00,0,0.00,,50.00,50.00,50.00,2025-12-20 16:56:29.118 +0900
5119,0,0,0,0,0,0,0.00,0,0.00,,50.00,50.00,50.00,2025-12-20 16:56:29.124 +0900
5120,0,0,0,0,0,0,0.00,0,0.00,,50.00,50.00,50.00,2025-12-20 16:56:29.130 +0900
5121,0,0,0,0,0,0,0.00,0,0.00,,50.00,50.00,50.00,2025-12-20 16:56:29.137 +0900
5122,0,0,0,0,0,0,0.00,0,0.00,,50.00,50.00,50.00,2025-12-20 16:56:29.143 +0900
5123,0,0,0,0,0,0,0.00,0,0.00,,50.00,50.00,50.00,2025-12-20 16:56:29.151 +0900
5124,0,0,0,0,0,0,0.00,0,0.00,,50.00,50.00,50.00,2025-12-20 16:56:29.160 +0900
5125,0,0,0,0,0,0,0.00,0,0.00,,50.00,50.00,50.00,2025-12-20 16:56:29.167 +0900
5126,0,0,0,0,0,0,0.00,0,0.00,,50.00,50.00,50.00,2025-12-20 16:56:29.176 +0900
5127,0,0,0,0,0,0,0.00,0,0.00,,50.00,50.00,50.00,2025-12-20 16:56:29.183 +0900
5128,0,0,0,0,0,0,0.00,0,0.00,,50.00,50.00,50.00,2025-12-20 16:56:29.193 +0900
5129,0,0,0,0,0,0,0.00,0,0.00,,50.00,50.00,50.00,2025-12-20 16:56:29.200 +0900
5130,0,0,0,0,0,0,0.00,0,0.00,,50.00,50.00,50.00,2025-12-20 16:56:29.206 +0900
5131,0,0,0,0,0,0,0.00,0,0.00,,50.00,50.00,50.00,2025-12-20 16:56:29.212 +0900
5132,0,0,0,0,0,0,0.00,0,0.00,,50.00,50.00,50.00,2025-12-20 16:56:29.218 +0900
5133,0,0,0,0,0,0,0.00,0,0.00,,50.00,50.00,50.00,2025-12-20 16:56:29.224 +0900
5134,0,0,0,0,0,0,0.00,0,0.00,,50.00,50.00,50.00,2025-12-20 16:56:29.230 +0900
5135,0,0,0,0,0,0,0.00,0,0.00,,50.00,50.00,50.00,2025-12-20 16:56:29.236 +0900
5136,0,0,0,0,0,0,0.00,0,0.00,,50.00,50.00,50.00,2025-12-20 16:56:29.243 +0900
5137,0,0,0,0,0,0,0.00,0,0.00,,50.00,50.00,50.00,2025-12-20 16:56:29.249 +0900
5138,0,0,0,0,0,0,0.00,0,0.00,,50.00,50.00,50.00,2025-12-20 16:56:29.255 +0900
5139,0,0,0,0,0,0,0.00,0,0.00,,50.00,50.00,50.00,2025-12-20 16:56:29.261 +0900
5140,0,0,0,0,0,0,0.00,0,0.00,,50.00,50.00,50.00,2025-12-20 16:56:29.267 +0900
5141,0,0,0,0,0,0,0.00,0,0.00,,50.00,50.00,50.00,2025-12-20 16:56:29.274 +0900
5142,0,0,0,0,0,0,0.00,0,0.00,,50.00,50.00,50.00,2025-12-20 16:56:29.280 +0900
5143,0,0,0,0,0,0,0.00,0,0.00,,50.00,50.00,50.00,2025-12-20 16:56:29.286 +0900
5144,0,0,0,0,0,0,0.00,0,0.00,,50.00,50.00,50.00,2025-12-20 16:56:29.292 +0900
5145,0,0,0,0,0,0,0.00,0,0.00,,50.00,50.00,50.00,2025-12-20 16:56:29.298 +0900
5146,0,0,0,0,0,0,0.00,0,0.00,,50.00,50.00,50.00,2025-12-20 16:56:29.305 +0900
5147,0,0,0,0,0,0,0.00,0,0.00,,50.00,50.00,50.00,2025-12-20 16:56:29.311 +0900
5148,0,0,0,0,0,0,0.00,0,0.00,,50.00,50.00,50.00,2025-12-20 16:56:29.317 +0900
5149,0,0,0,0,0,0,0.00,0,0.00,,50.00,50.00,50.00,2025-12-20 16:56:29.323 +0900
5150,0,0,0,0,0,0,0.00,0,0.00,,50.00,50.00,50.00,2025-12-20 16:56:29.329 +0900
5151,0,0,0,0,0,0,0.00,0,0.00,,50.00,50.00,50.00,2025-12-20 16:56:29.335 +0900
5152,0,0,0,0,0,0,0.00,0,0.00,,50.00,50.00,50.00,2025-12-20 16:56:29.341 +0900
5153,0,0,0,0,0,0,0.00,0,0.00,,50.00,50.00,50.00,2025-12-20 16:56:29.347 +0900
5154,0,0,0,0,0,0,0.00,0,0.00,,50.00,50.00,50.00,2025-12-20 16:56:29.353 +0900
5155,0,0,0,0,0,0,0.00,0,0.00,,50.00,50.00,50.00,2025-12-20 16:56:29.360 +0900
5156,0,0,0,0,0,0,0.00,0,0.00,,50.00,50.00,50.00,2025-12-20 16:56:29.366 +0900
5157,0,0,0,0,0,0,0.00,0,0.00,,50.00,50.00,50.00,2025-12-20 16:56:29.372 +0900
5158,0,0,0,0,0,0,0.00,0,0.00,,50.00,50.00,50.00,2025-12-20 16:56:29.378 +0900
5159,0,0,0,0,0,0,0.00,0,0.00,,50.00,50.00,50.00,2025-12-20 16:56:29.384 +0900
5160,0,0,0,0,0,0,0.00,0,0.00,,50.00,50.00,50.00,2025-12-20 16:56:29.390 +0900
5161,0,0,0,0,0,0,0.00,0,0.00,,50.00,50.00,50.00,2025-12-20 16:56:29.397 +0900
5162,0,0,0,0,0,0,0.00,0,0.00,,50.00,50.00,50.00,2025-12-20 16:56:29.403 +0900
5163,0,0,0,0,0,0,0.00,0,0.00,,50.00,50.00,50.00,2025-12-20 16:56:29.409 +0900
5164,0,0,0,0,0,0,0.00,0,0.00,,50.00,50.00,50.00,2025-12-20 16:56:29.415 +0900
5165,0,0,0,0,0,0,0.00,0,0.00,,50.00,50.00,50.00,2025-12-20 16:56:29.421 +0900
5166,0,0,0,0,0,0,0.00,0,0.00,,50.00,50.00,50.00,2025-12-20 16:56:29.428 +0900
5167,0,0,0,0,0,0,0.00,0,0.00,,50.00,50.00,50.00,2025-12-20 16:56:29.434 +0900
5168,0,0,0,0,0,0,0.00,0,0.00,,50.00,50.00,50.00,2025-12-20 16:56:29.441 +0900
5169,0,0,0,0,0,0,0.00,0,0.00,,50.00,50.00,50.00,2025-12-20 16:56:29.447 +0900
5170,0,0,0,0,0,0,0.00,0,0.00,,50.00,50.00,50.00,2025-12-20 16:56:29.453 +0900
5171,0,0,0,0,0,0,0.00,0,0.00,,50.00,50.00,50.00,2025-12-20 16:56:29.459 +0900
5172,0,0,0,0,0,0,0.00,0,0.00,,50.00,50.00,50.00,2025-12-20 16:56:29.465 +0900
5173,0,0,0,0,0,0,0.00,0,0.00,,50.00,50.00,50.00,2025-12-20 16:56:29.471 +0900
5174,0,0,0,0,0,0,0.00,0,0.00,,50.00,50.00,50.00,2025-12-20 16:56:29.477 +0900
5175,0,0,0,0,0,0,0.00,0,0.00,,50.00,50.00,50.00,2025-12-20 16:56:29.484 +0900
5176,0,0,0,0,0,0,0.00,0,0.00,,50.00,50.00,50.00,2025-12-20 16:56:29.490 +0900
5177,0,0,0,0,0,0,0.00,0,0.00,,50.00,50.00,50.00,2025-12-20 16:56:29.496 +0900
5178,0,0,0,0,0,0,0.00,0,0.00,,50.00,50.00,50.00,2025-12-20 16:56:29.502 +0900
5179,0,0,0,0,0,0,0.00,0,0.00,,50.00,50.00,50.00,2025-12-20 16:56:29.508 +0900
5180,0,0,0,0,0,0,0.00,0,0.00,,50.00,50.00,50.00,2025-12-20 16:56:29.514 +0900
5181,0,0,0,0,0,0,0.00,0,0.00,,50.00,50.00,50.00,2025-12-20 16:56:29.521 +0900
5182,0,0,0,0,0,0,0.00,0,0.00,,50.00,50.00,50.00,2025-12-20 16:56:29.527 +0900
5183,0,0,0,0,0,0,0.00,0,0.00,,50.00,50.00,50.00,2025-12-20 16:56:29.533 +0900
5184,0,0,0,0,0,0,0.00,0,0.00,,50.00,50.00,50.00,2025-12-20 16:56:29.539 +0900
5185,0,0,0,0,0,0,0.00,0,0.00,,50.00,50.00,50.00,2025-12-20 16:56:29.546 +0900
5186,0,0,0,0,0,0,0.00,0,0.00,,50.00,50.00,50.00,2025-12-20 16:56:29.552 +0900
5187,0,0,0,0,0,0,0.00,0,0.00,,50.00,50.00,50.00,2025-12-20 16:56:29.559 +0900
5188,0,0,0,0,0,0,0.00,0,0.00,,50.00,50.00,50.00,2025-12-20 16:56:29.565 +0900
5189,0,0,0,0,0,0,0.00,0,0.00,,50.00,50.00,50.00,2025-12-20 16:56:29.571 +0900
5190,0,0,0,0,0,0,0.00,0,0.00,,50.00,50.00,50.00,2025-12-20 16:56:29.578 +0900
5191,0,0,0,0,0,0,0.00,0,0.00,,50.00,50.00,50.00,2025-12-20 16:56:29.584 +0900
5192,0,0,0,0,0,0,0.00,0,0.00,,50.00,50.00,50.00,2025-12-20 16:56:29.590 +0900
5193,0,0,0,0,0,0,0.00,0,0.00,,50.00,50.00,50.00,2025-12-20 16:56:29.596 +0900
5194,0,0,0,0,0,0,0.00,0,0.00,,50.00,50.00,50.00,2025-12-20 16:56:29.603 +0900
5195,0,0,0,0,0,0,0.00,0,0.00,,50.00,50.00,50.00,2025-12-20 16:56:29.609 +0900
5196,0,0,0,0,0,0,0.00,0,0.00,,50.00,50.00,50.00,2025-12-20 16:56:29.616 +0900
5197,0,0,0,0,0,0,0.00,0,0.00,,50.00,50.00,50.00,2025-12-20 16:56:29.622 +0900
5198,0,0,0,0,0,0,0.00,0,0.00,,50.00,50.00,50.00,2025-12-20 16:56:29.629 +0900
5199,0,0,0,0,0,0,0.00,0,0.00,,50.00,50.00,50.00,2025-12-20 16:56:29.635 +0900
5200,0,0,0,0,0,0,0.00,0,0.00,,50.00,50.00,50.00,2025-12-20 16:56:29.641 +0900
5201,0,0,0,0,0,0,0.00,0,0.00,,50.00,50.00,50.00,2025-12-20 16:56:29.647 +0900
5202,0,0,0,0,0,0,0.00,0,0.00,,50.00,50.00,50.00,2025-12-20 16:56:29.654 +0900
5203,0,0,0,0,0,0,0.00,0,0.00,,50.00,50.00,50.00,2025-12-20 16:56:29.660 +0900
5204,0,0,0,0,0,0,0.00,0,0.00,,50.00,50.00,50.00,2025-12-20 16:56:29.666 +0900
5205,0,0,0,0,0,0,0.00,0,0.00,,50.00,50.00,50.00,2025-12-20 16:56:29.672 +0900
5206,0,0,0,0,0,0,0.00,0,0.00,,50.00,50.00,50.00,2025-12-20 16:56:29.679 +0900
5207,0,0,0,0,0,0,0.00,0,0.00,,50.00,50.00,50.00,2025-12-20 16:56:29.685 +0900
5208,0,0,0,0,0,0,0.00,0,0.00,,50.00,50.00,50.00,2025-12-20 16:56:29.692 +0900
5209,0,0,0,0,0,0,0.00,0,0.00,,50.00,50.00,50.00,2025-12-20 16:56:29.698 +0900
5210,0,0,0,0,0,0,0.00,0,0.00,,50.00,50.00,50.00,2025-12-20 16:56:29.705 +0900
5211,0,0,0,0,0,0,0.00,0,0.00,,50.00,50.00,50.00,2025-12-20 16:56:29.711 +0900
5212,0,0,0,0,0,0,0.00,0,0.00,,50.00,50.00,50.00,2025-12-20 16:56:29.717 +0900
5213,0,0,0,0,0,0,0.00,0,0.00,,50.00,50.00,50.00,2025-12-20 16:56:29.723 +0900
5214,0,0,0,0,0,0,0.00,0,0.00,,50.00,50.00,50.00,2025-12-20 16:56:29.729 +0900
5215,0,0,0,0,0,0,0.00,0,0.00,,50.00,50.00,50.00,2025-12-20 16:56:29.735 +0900
5216,0,0,0,0,0,0,0.00,0,0.00,,50.00,50.00,50.00,2025-12-20 16:56:29.742 +0900
5217,0,0,0,0,0,0,0.00,0,0.00,,50.00,50.00,50.00,2025-12-20 16:56:29.747 +0900
5218,0,0,0,0,0,0,0.00,0,0.00,,50.00,50.00,50.00,2025-12-20 16:56:29.754 +0900
5219,0,0,0,0,0,0,0.00,0,0.00,,50.00,50.00,50.00,2025-12-20 16:56:29.760 +0900
5220,0,0,0,0,0,0,0.00,0,0.00,,50.00,50.00,50.00,2025-12-20 16:56:29.766 +0900
5221,0,0,0,0,0,0,0.00,0,0.00,,50.00,50.00,50.00,2025-12-20 16:56:29.772 +0900
5222,0,0,0,0,0,0,0.00,0,0.00,,50.00,50.00,50.00,2025-12-20 16:56:29.779 +0900
5223,0,0,0,0,0,0,0.00,0,0.00,,50.00,50.00,50.00,2025-12-20 16:56:29.785 +0900
5224,0,0,0,0,0,0,0.00,0,0.00,,50.00,50.00,50.00,2025-12-20 16:56:29.792 +0900
5225,0,0,0,0,0,0,0.00,0,0.00,,50.00,50.00,50.00,2025-12-20 16:56:29.799 +0900
5226,0,0,0,0,0,0,0.00,0,0.00,,50.00,50.00,50.00,2025-12-20 16:56:29.805 +0900
5227,0,0,0,0,0,0,0.00,0,0.00,,50.00,50.00,50.00,2025-12-20 16:56:29.813 +0900
5228,0,0,0,0,0,0,0.00,0,0.00,,50.00,50.00,50.00,2025-12-20 16:56:29.820 +0900
5229,0,0,0,0,0,0,0.00,0,0.00,,50.00,50.00,50.00,2025-12-20 16:56:29.827 +0900
5230,0,0,0,0,0,0,0.00,0,0.00,,50.00,50.00,50.00,2025-12-20 16:56:29.833 +0900
5231,0,0,0,0,0,0,0.00,0,0.00,,50.00,50.00,50.00,2025-12-20 16:56:29.839 +0900
5232,0,0,0,0,0,0,0.00,0,0.00,,50.00,50.00,50.00,2025-12-20 16:56:29.846 +0900
5233,0,0,0,0,0,0,0.00,0,0.00,,50.00,50.00,50.00,2025-12-20 16:56:29.852 +0900
5234,0,0,0,0,0,0,0.00,0,0.00,,50.00,50.00,50.00,2025-12-20 16:56:29.858 +0900
5235,0,0,0,0,0,0,0.00,0,0.00,,50.00,50.00,50.00,2025-12-20 16:56:29.864 +0900
5236,0,0,0,0,0,0,0.00,0,0.00,,50.00,50.00,50.00,2025-12-20 16:56:29.870 +0900
5237,0,0,0,0,0,0,0.00,0,0.00,,50.00,50.00,50.00,2025-12-20 16:56:29.876 +0900
5238,0,0,0,0,0,0,0.00,0,0.00,,50.00,50.00,50.00,2025-12-20 16:56:29.882 +0900
5239,0,0,0,0,0,0,0.00,0,0.00,,50.00,50.00,50.00,2025-12-20 16:56:29.889 +0900
5240,0,0,0,0,0,0,0.00,0,0.00,,50.00,50.00,50.00,2025-12-20 16:56:29.895 +0900
5241,0,0,0,0,0,0,0.00,0,0.00,,50.00,50.00,50.00,2025-12-20 16:56:29.901 +0900
5242,0,0,0,0,0,0,0.00,0,0.00,,50.00,50.00,50.00,2025-12-20 16:56:29.908 +0900
5243,0,0,0,0,0,0,0.00,0,0.00,,50.00,50.00,50.00,2025-12-20 16:56:29.914 +0900
5244,0,0,0,0,0,0,0.00,0,0.00,,50.00,50.00,50.00,2025-12-20 16:56:29.920 +0900
5245,0,0,0,0,0,0,0.00,0,0.00,,50.00,50.00,50.00,2025-12-20 16:56:29.926 +0900
5246,0,0,0,0,0,0,0.00,0,0.00,,50.00,50.00,50.00,2025-12-20 16:56:29.932 +0900
5247,0,0,0,0,0,0,0.00,0,0.00,,50.00,50.00,50.00,2025-12-20 16:56:29.938 +0900
5248,0,0,0,0,0,0,0.00,0,0.00,,50.00,50.00,50.00,2025-12-20 16:56:29.944 +0900
5249,0,0,0,0,0,0,0.00,0,0.00,,50.00,50.00,50.00,2025-12-20 16:56:29.950 +0900
5250,0,0,0,0,0,0,0.00,0,0.00,,50.00,50.00,50.00,2025-12-20 16:56:29.956 +0900
5251,0,0,0,0,0,0,0.00,0,0.00,,50.00,50.00,50.00,2025-12-20 16:56:29.963 +0900
5252,0,0,0,0,0,0,0.00,0,0.00,,50.00,50.00,50.00,2025-12-20 16:56:29.969 +0900
5253,0,0,0,0,0,0,0.00,0,0.00,,50.00,50.00,50.00,2025-12-20 16:56:29.976 +0900
5254,0,0,0,0,0,0,0.00,0,0.00,,50.00,50.00,50.00,2025-12-20 16:56:29.982 +0900
5255,0,0,0,0,0,0,0.00,0,0.00,,50.00,50.00,50.00,2025-12-20 16:56:29.988 +0900
5256,0,0,0,0,0,0,0.00,0,0.00,,50.00,50.00,50.00,2025-12-20 16:56:29.994 +0900
5257,0,0,0,0,0,0,0.00,0,0.00,,50.00,50.00,50.00,2025-12-20 16:56:30.000 +0900
5258,0,0,0,0,0,0,0.00,0,0.00,,50.00,50.00,50.00,2025-12-20 16:56:30.006 +0900
5259,0,0,0,0,0,0,0.00,0,0.00,,50.00,50.00,50.00,2025-12-20 16:56:30.012 +0900
5260,0,0,0,0,0,0,0.00,0,0.00,,50.00,50.00,50.00,2025-12-20 16:56:30.018 +0900
5261,0,0,0,0,0,0,0.00,0,0.00,,50.00,50.00,50.00,2025-12-20 16:56:30.025 +0900
5262,0,0,0,0,0,0,0.00,0,0.00,,50.00,50.00,50.00,2025-12-20 16:56:30.031 +0900
5263,0,0,0,0,0,0,0.00,0,0.00,,50.00,50.00,50.00,2025-12-20 16:56:30.037 +0900
5264,0,0,0,0,0,0,0.00,0,0.00,,50.00,50.00,50.00,2025-12-20 16:56:30.043 +0900
5265,0,0,0,0,0,0,0.00,0,0.00,,50.00,50.00,50.00,2025-12-20 16:56:30.049 +0900
5266,0,0,0,0,0,0,0.00,0,0.00,,50.00,50.00,50.00,2025-12-20 16:56:30.055 +0900
5267,0,0,0,0,0,0,0.00,0,0.00,,50.00,50.00,50.00,2025-12-20 16:56:30.062 +0900
5268,0,0,0,0,0,0,0.00,0,0.00,,50.00,50.00,50.00,2025-12-20 16:56:30.068 +0900
5269,0,0,0,0,0,0,0.00,0,0.00,,50.00,50.00,50.00,2025-12-20 16:56:30.075 +0900
5270,0,0,0,0,0,0,0.00,0,0.00,,50.00,50.00,50.00,2025-12-20 16:56:30.081 +0900
5271,0,0,0,0,0,0,0.00,0,0.00,,50.00,50.00,50.00,2025-12-20 16:56:30.088 +0900
5272,0,0,0,0,0,0,0.00,0,0.00,,50.00,50.00,50.00,2025-12-20 16:56:30.095 +0900
5273,0,0,0,0,0,0,0.00,0,0.00,,50.00,50.00,50.00,2025-12-20 16:56:30.101 +0900
5274,0,0,0,0,0,0,0.00,0,0.00,,50.00,50.00,50.00,2025-12-20 16:56:30.107 +0900
5275,0,0,0,0,0,0,0.00,0,0.00,,50.00,50.00,50.00,2025-12-20 16:56:30.113 +0900
5276,0,0,0,0,0,0,0.00,0,0.00,,50.00,50.00,50.00,2025-12-20 16:56:30.119 +0900
5277,0,0,0,0,0,0,0.00,0,0.00,,50.00,50.00,50.00,2025-12-20 16:56:30.125 +0900
5278,0,0,0,0,0,0,0.00,0,0.00,,50.00,50.00,50.00,2025-12-20 16:56:30.131 +0900
5279,0,0,0,0,0,0,0.00,0,0.00,,50.00,50.00,50.00,2025-12-20 16:56:30.138 +0900
5280,0,0,0,0,0,0,0.00,0,0.00,,50.00,50.00,50.00,2025-12-20 16:56:30.144 +0900
5281,0,0,0,0,0,0,0.00,0,0.00,,50.00,50.00,50.00,2025-12-20 16:56:30.150 +0900
5282,0,0,0,0,0,0,0.00,0,0.00,,50.00,50.00,50.00,2025-12-20 16:56:30.156 +0900
5283,0,0,0,0,0,0,0.00,0,0.00,,50.00,50.00,50.00,2025-12-20 16:56:30.163 +0900
5284,0,0,0,0,0,0,0.00,0,0.00,,50.00,50.00,50.00,2025-12-20 16:56:30.170 +0900
5285,0,0,0,0,0,0,0.00,0,0.00,,50.00,50.00,50.00,2025-12-20 16:56:30.177 +0900
5286,0,0,0,0,0,0,0.00,0,0.00,,50.00,50.00,50.00,2025-12-20 16:56:30.183 +0900
5287,0,0,0,0,0,0,0.00,0,0.00,,50.00,50.00,50.00,2025-12-20 16:56:30.189 +0900
5288,0,0,0,0,0,0,0.00,0,0.00,,50.00,50.00,50.00,2025-12-20 16:56:30.196 +0900
5289,0,0,0,0,0,0,0.00,0,0.00,,50.00,50.00,50.00,2025-12-20 16:56:30.202 +0900
5290,0,0,0,0,0,0,0.00,0,0.00,,50.00,50.00,50.00,2025-12-20 16:56:30.208 +0900
5291,0,0,0,0,0,0,0.00,0,0.00,,50.00,50.00,50.00,2025-12-20 16:56:30.215 +0900
5292,0,0,0,0,0,0,0.00,0,0.00,,50.00,50.00,50.00,2025-12-20 16:56:30.221 +0900
5293,0,0,0,0,0,0,0.00,0,0.00,,50.00,50.00,50.00,2025-12-20 16:56:30.228 +0900
5294,0,0,0,0,0,0,0.00,0,0.00,,50.00,50.00,50.00,2025-12-20 16:56:30.235 +0900
5295,0,0,0,0,0,0,0.00,0,0.00,,50.00,50.00,50.00,2025-12-20 16:56:30.241 +0900
5296,0,0,0,0,0,0,0.00,0,0.00,,50.00,50.00,50.00,2025-12-20 16:56:30.248 +0900
5297,0,0,0,0,0,0,0.00,0,0.00,,50.00,50.00,50.00,2025-12-20 16:56:30.254 +0900
5298,0,0,0,0,0,0,0.00,0,0.00,,50.00,50.00,50.00,2025-12-20 16:56:30.261 +0900
5299,0,0,0,0,0,0,0.00,0,0.00,,50.00,50.00,50.00,2025-12-20 16:56:30.267 +0900
5300,0,0,0,0,0,0,0.00,0,0.00,,50.00,50.00,50.00,2025-12-20 16:56:30.273 +0900
5301,0,0,0,0,0,0,0.00,0,0.00,,50.00,50.00,50.00,2025-12-20 16:56:30.280 +0900
5302,0,0,0,0,0,0,0.00,0,0.00,,50.00,50.00,50.00,2025-12-20 16:56:30.286 +0900
5303,0,0,0,0,0,0,0.00,0,0.00,,50.00,50.00,50.00,2025-12-20 16:56:30.293 +0900
5304,0,0,0,0,0,0,0.00,0,0.00,,50.00,50.00,50.00,2025-12-20 16:56:30.300 +0900
5305,0,0,0,0,0,0,0.00,0,0.00,,50.00,50.00,50.00,2025-12-20 16:56:30.306 +0900
5306,0,0,0,0,0,0,0.00,0,0.00,,50.00,50.00,50.00,2025-12-20 16:56:30.313 +0900
5307,0,0,0,0,0,0,0.00,0,0.00,,50.00,50.00,50.00,2025-12-20 16:56:30.319 +0900
5308,0,0,0,0,0,0,0.00,0,0.00,,50.00,50.00,50.00,2025-12-20 16:56:30.326 +0900
5309,0,0,0,0,0,0,0.00,0,0.00,,50.00,50.00,50.00,2025-12-20 16:56:30.333 +0900
5310,0,0,0,0,0,0,0.00,0,0.00,,50.00,50.00,50.00,2025-12-20 16:56:30.339 +0900
5311,0,0,0,0,0,0,0.00,0,0.00,,50.00,50.00,50.00,2025-12-20 16:56:30.346 +0900
5312,0,0,0,0,0,0,0.00,0,0.00,,50.00,50.00,50.00,2025-12-20 16:56:30.353 +0900
5313,0,0,0,0,0,0,0.00,0,0.00,,50.00,50.00,50.00,2025-12-20 16:56:30.359 +0900
5314,0,0,0,0,0,0,0.00,0,0.00,,50.00,50.00,50.00,2025-12-20 16:56:30.366 +0900
5315,0,0,0,0,0,0,0.00,0,0.00,,50.00,50.00,50.00,2025-12-20 16:56:30.372 +0900
5316,0,0,0,0,0,0,0.00,0,0.00,,50.00,50.00,50.00,2025-12-20 16:56:30.379 +0900
5317,0,0,0,0,0,0,0.00,0,0.00,,50.00,50.00,50.00,2025-12-20 16:56:30.385 +0900
5318,0,0,0,0,0,0,0.00,0,0.00,,50.00,50.00,50.00,2025-12-20 16:56:30.392 +0900
5319,0,0,0,0,0,0,0.00,0,0.00,,50.00,50.00,50.00,2025-12-20 16:56:30.398 +0900
5320,0,0,0,0,0,0,0.00,0,0.00,,50.00,50.00,50.00,2025-12-20 16:56:30.404 +0900
5321,0,0,0,0,0,0,0.00,0,0.00,,50.00,50.00,50.00,2025-12-20 16:56:30.411 +0900
5322,0,0,0,0,0,0,0.00,0,0.00,,50.00,50.00,50.00,2025-12-20 16:56:30.417 +0900
5323,0,0,0,0,0,0,0.00,0,0.00,,50.00,50.00,50.00,2025-12-20 16:56:30.423 +0900
5324,0,0,0,0,0,0,0.00,0,0.00,,50.00,50.00,50.00,2025-12-20 16:56:30.429 +0900
5325,0,0,0,0,0,0,0.00,0,0.00,,50.00,50.00,50.00,2025-12-20 16:56:30.435 +0900
5326,0,0,0,0,0,0,0.00,0,0.00,,50.00,50.00,50.00,2025-12-20 16:56:30.442 +0900
5327,0,0,0,0,0,0,0.00,0,0.00,,50.00,50.00,50.00,2025-12-20 16:56:30.448 +0900
5328,0,0,0,0,0,0,0.00,0,0.00,,50.00,50.00,50.00,2025-12-20 16:56:30.454 +0900
5329,0,0,0,0,0,0,0.00,0,0.00,,50.00,50.00,50.00,2025-12-20 16:56:30.460 +0900
5330,0,0,0,0,0,0,0.00,0,0.00,,50.00,50.00,50.00,2025-12-20 16:56:30.467 +0900
5331,0,0,0,0,0,0,0.00,0,0.00,,50.00,50.00,50.00,2025-12-20 16:56:30.473 +0900
5332,0,0,0,0,0,0,0.00,0,0.00,,50.00,50.00,50.00,2025-12-20 16:56:30.480 +0900
5333,0,0,0,0,0,0,0.00,0,0.00,,50.00,50.00,50.00,2025-12-20 16:56:30.486 +0900
5334,0,0,0,0,0,0,0.00,0,0.00,,50.00,50.00,50.00,2025-12-20 16:56:30.492 +0900
5335,0,0,0,0,0,0,0.00,0,0.00,,50.00,50.00,50.00,2025-12-20 16:56:30.498 +0900
5336,0,0,0,0,0,0,0.00,0,0.00,,50.00,50.00,50.00,2025-12-20 16:56:30.504 +0900
5337,0,0,0,0,0,0,0.00,0,0.00,,50.00,50.00,50.00,2025-12-20 16:56:30.510 +0900
5338,0,0,0,0,0,0,0.00,0,0.00,,50.00,50.00,50.00,2025-12-20 16:56:30.516 +0900
5339,0,0,0,0,0,0,0.00,0,0.00,,50.00,50.00,50.00,2025-12-20 16:56:30.523 +0900
5340,0,0,0,0,0,0,0.00,0,0.00,,50.00,50.00,50.00,2025-12-20 16:56:30.529 +0900
5341,0,0,0,0,0,0,0.00,0,0.00,,50.00,50.00,50.00,2025-12-20 16:56:30.536 +0900
5342,0,0,0,0,0,0,0.00,0,0.00,,50.00,50.00,50.00,2025-12-20 16:56:30.543 +0900
5343,0,0,0,0,0,0,0.00,0,0.00,,50.00,50.00,50.00,2025-12-20 16:56:30.550 +0900
5344,0,0,0,0,0,0,0.00,0,0.00,,50.00,50.00,50.00,2025-12-20 16:56:30.557 +0900
5345,0,0,0,0,0,0,0.00,0,0.00,,50.00,50.00,50.00,2025-12-20 16:56:30.563 +0900
5346,0,0,0,0,0,0,0.00,0,0.00,,50.00,50.00,50.00,2025-12-20 16:56:30.570 +0900
5347,0,0,0,0,0,0,0.00,0,0.00,,50.00,50.00,50.00,2025-12-20 16:56:30.577 +0900
5348,0,0,0,0,0,0,0.00,0,0.00,,50.00,50.00,50.00,2025-12-20 16:56:30.583 +0900
5349,0,0,0,0,0,0,0.00,0,0.00,,50.00,50.00,50.00,2025-12-20 16:56:30.590 +0900
5350,0,0,0,0,0,0,0.00,0,0.00,,50.00,50.00,50.00,2025-12-20 16:56:30.597 +0900
5351,0,0,0,0,0,0,0.00,0,0.00,,50.00,50.00,50.00,2025-12-20 16:56:30.603 +0900
5352,0,0,0,0,0,0,0.00,0,0.00,,50.00,50.00,50.00,2025-12-20 16:56:30.609 +0900
5353,0,0,0,0,0,0,0.00,0,0.00,,50.00,50.00,50.00,2025-12-20 16:56:30.616 +0900
5354,0,0,0,0,0,0,0.00,0,0.00,,50.00,50.00,50.00,2025-12-20 16:56:30.622 +0900
5355,0,0,0,0,0,0,0.00,0,0.00,,50.00,50.00,50.00,2025-12-20 16:56:30.629 +0900
5356,0,0,0,0,0,0,0.00,0,0.00,,50.00,50.00,50.00,2025-12-20 16:56:30.635 +0900
5357,0,0,0,0,0,0,0.00,0,0.00,,50.00,50.00,50.00,2025-12-20 16:56:30.641 +0900
5358,0,0,0,0,0,0,0.00,0,0.00,,50.00,50.00,50.00,2025-12-20 16:56:30.648 +0900
5359,0,0,0,0,0,0,0.00,0,0.00,,50.00,50.00,50.00,2025-12-20 16:56:30.654 +0900
5360,0,0,0,0,0,0,0.00,0,0.00,,50.00,50.00,50.00,2025-12-20 16:56:30.660 +0900
5361,0,0,0,0,0,0,0.00,0,0.00,,50.00,50.00,50.00,2025-12-20 16:56:30.667 +0900
5362,0,0,0,0,0,0,0.00,0,0.00,,50.00,50.00,50.00,2025-12-20 16:56:30.673 +0900
5363,0,0,0,0,0,0,0.00,0,0.00,,50.00,50.00,50.00,2025-12-20 16:56:30.679 +0900
5364,0,0,0,0,0,0,0.00,0,0.00,,50.00,50.00,50.00,2025-12-20 16:56:30.686 +0900
5365,0,0,0,0,0,0,0.00,0,0.00,,50.00,50.00,50.00,2025-12-20 16:56:30.692 +0900
5366,0,0,0,0,0,0,0.00,0,0.00,,50.00,50.00,50.00,2025-12-20 16:56:30.698 +0900
5367,0,0,0,0,0,0,0.00,0,0.00,,50.00,50.00,50.00,2025-12-20 16:56:30.705 +0900
5368,0,0,0,0,0,0,0.00,0,0.00,,50.00,50.00,50.00,2025-12-20 16:56:30.711 +0900
5369,0,0,0,0,0,0,0.00,0,0.00,,50.00,50.00,50.00,2025-12-20 16:56:30.717 +0900
5370,0,0,0,0,0,0,0.00,0,0.00,,50.00,50.00,50.00,2025-12-20 16:56:30.724 +0900
5371,0,0,0,0,0,0,0.00,0,0.00,,50.00,50.00,50.00,2025-12-20 16:56:30.730 +0900
5372,0,0,0,0,0,0,0.00,0,0.00,,50.00,50.00,50.00,2025-12-20 16:56:30.736 +0900
5373,0,0,0,0,0,0,0.00,0,0.00,,50.00,50.00,50.00,2025-12-20 16:56:30.742 +0900
5374,0,0,0,0,0,0,0.00,0,0.00,,50.00,50.00,50.00,2025-12-20 16:56:30.749 +0900
5375,0,0,0,0,0,0,0.00,0,0.00,,50.00,50.00,50.00,2025-12-20 16:56:30.755 +0900
5376,0,0,0,0,0,0,0.00,0,0.00,,50.00,50.00,50.00,2025-12-20 16:56:30.762 +0900
5377,0,0,0,0,0,0,0.00,0,0.00,,50.00,50.00,50.00,2025-12-20 16:56:30.768 +0900
5378,0,0,0,0,0,0,0.00,0,0.00,,50.00,50.00,50.00,2025-12-20 16:56:30.775 +0900
5379,0,0,0,0,0,0,0.00,0,0.00,,50.00,50.00,50.00,2025-12-20 16:56:30.782 +0900
5380,0,0,0,0,0,0,0.00,0,0.00,,50.00,50.00,50.00,2025-12-20 16:56:30.789 +0900
5381,0,0,0,0,0,0,0.00,0,0.00,,50.00,50.00,50.00,2025-12-20 16:56:30.795 +0900
5382,0,0,0,0,0,0,0.00,0,0.00,,50.00,50.00,50.00,2025-12-20 16:56:30.801 +0900
5383,0,0,0,0,0,0,0.00,0,0.00,,50.00,50.00,50.00,2025-12-20 16:56:30.807 +0900
5384,0,0,0,0,0,0,0.00,0,0.00,,50.00,50.00,50.00,2025-12-20 16:56:30.813 +0900
5385,0,0,0,0,0,0,0.00,0,0.00,,50.00,50.00,50.00,2025-12-20 16:56:30.820 +0900
5386,0,0,0,0,0,0,0.00,0,0.00,,50.00,50.00,50.00,2025-12-20 16:56:30.826 +0900
5387,0,0,0,0,0,0,0.00,0,0.00,,50.00,50.00,50.00,2025-12-20 16:56:30.832 +0900
5388,0,0,0,0,0,0,0.00,0,0.00,,50.00,50.00,50.00,2025-12-20 16:56:30.838 +0900
5389,0,0,0,0,0,0,0.00,0,0.00,,50.00,50.00,50.00,2025-12-20 16:56:30.844 +0900
5390,0,0,0,0,0,0,0.00,0,0.00,,50.00,50.00,50.00,2025-12-20 16:56:30.850 +0900
5391,0,0,0,0,0,0,0.00,0,0.00,,50.00,50.00,50.00,2025-12-20 16:56:30.856 +0900
5392,0,0,0,0,0,0,0.00,0,0.00,,50.00,50.00,50.00,2025-12-20 16:56:30.863 +0900
5393,0,0,0,0,0,0,0.00,0,0.00,,50.00,50.00,50.00,2025-12-20 16:56:30.869 +0900
5394,0,0,0,0,0,0,0.00,0,0.00,,50.00,50.00,50.00,2025-12-20 16:56:30.875 +0900
5395,0,0,0,0,0,0,0.00,0,0.00,,50.00,50.00,50.00,2025-12-20 16:56:30.881 +0900
5396,0,0,0,0,0,0,0.00,0,0.00,,50.00,50.00,50.00,2025-12-20 16:56:30.887 +0900
5397,0,0,0,0,0,0,0.00,0,0.00,,50.00,50.00,50.00,2025-12-20 16:56:30.893 +0900
5398,0,0,0,0,0,0,0.00,0,0.00,,50.00,50.00,50.00,2025-12-20 16:56:30.900 +0900
5399,0,0,0,0,0,0,0.00,0,0.00,,50.00,50.00,50.00,2025-12-20 16:56:30.907 +0900
5400,0,0,0,0,0,0,0.00,0,0.00,,50.00,50.00,50.00,2025-12-20 16:56:30.913 +0900
5401,0,0,0,0,0,0,0.00,0,0.00,,50.00,50.00,50.00,2025-12-20 16:56:30.919 +0900
5402,0,0,0,0,0,0,0.00,0,0.00,,50.00,50.00,50.00,2025-12-20 16:56:30.925 +0900
5403,0,0,0,0,0,0,0.00,0,0.00,,50.00,50.00,50.00,2025-12-20 16:56:30.931 +0900
5404,0,0,0,0,0,0,0.00,0,0.00,,50.00,50.00,50.00,2025-12-20 16:56:30.937 +0900
5405,0,0,0,0,0,0,0.00,0,0.00,,50.00,50.00,50.00,2025-12-20 16:56:30.944 +0900
5406,0,0,0,0,0,0,0.00,0,0.00,,50.00,50.00,50.00,2025-12-20 16:56:30.950 +0900
5407,0,0,0,0,0,0,0.00,0,0.00,,50.00,50.00,50.00,2025-12-20 16:56:30.956 +0900
5408,0,0,0,0,0,0,0.00,0,0.00,,50.00,50.00,50.00,2025-12-20 16:56:30.963 +0900
5409,0,0,0,0,0,0,0.00,0,0.00,,50.00,50.00,50.00,2025-12-20 16:56:30.972 +0900
5410,0,0,0,0,0,0,0.00,0,0.00,,50.00,50.00,50.00,2025-12-20 16:56:30.981 +0900
5411,0,0,0,0,0,0,0.00,0,0.00,,50.00,50.00,50.00,2025-12-20 16:56:30.994 +0900
5412,0,0,0,0,0,0,0.00,0,0.00,,50.00,50.00,50.00,2025-12-20 16:56:31.002 +0900
5413,0,0,0,0,0,0,0.00,0,0.00,,50.00,50.00,50.00,2025-12-20 16:56:31.010 +0900
5414,0,0,0,0,0,0,0.00,0,0.00,,50.00,50.00,50.00,2025-12-20 16:56:31.019 +0900
5415,0,0,0,0,0,0,0.00,0,0.00,,50.00,50.00,50.00,2025-12-20 16:56:31.028 +0900
5416,0,0,0,0,0,0,0.00,0,0.00,,50.00,50.00,50.00,2025-12-20 16:56:31.034 +0900
5417,0,0,0,0,0,0,0.00,0,0.00,,50.00,50.00,50.00,2025-12-20 16:56:31.040 +0900
5418,0,0,0,0,0,0,0.00,0,0.00,,50.00,50.00,50.00,2025-12-20 16:56:31.047 +0900
5419,0,0,0,0,0,0,0.00,0,0.00,,50.00,50.00,50.00,2025-12-20 16:56:31.053 +0900
5420,0,0,0,0,0,0,0.00,0,0.00,,50.00,50.00,50.00,2025-12-20 16:56:31.059 +0900
5421,0,0,0,0,0,0,0.00,0,0.00,,50.00,50.00,50.00,2025-12-20 16:56:31.066 +0900
5422,0,0,0,0,0,0,0.00,0,0.00,,50.00,50.00,50.00,2025-12-20 16:56:31.072 +0900
5423,0,0,0,0,0,0,0.00,0,0.00,,50.00,50.00,50.00,2025-12-20 16:56:31.079 +0900
5424,0,0,0,0,0,0,0.00,0,0.00,,50.00,50.00,50.00,2025-12-20 16:56:31.085 +0900
5425,0,0,0,0,0,0,0.00,0,0.00,,50.00,50.00,50.00,2025-12-20 16:56:31.091 +0900
5426,0,0,0,0,0,0,0.00,0,0.00,,50.00,50.00,50.00,2025-12-20 16:56:31.097 +0900
5427,0,0,0,0,0,0,0.00,0,0.00,,50.00,50.00,50.00,2025-12-20 16:56:31.104 +0900
5428,0,0,0,0,0,0,0.00,0,0.00,,50.00,50.00,50.00,2025-12-20 16:56:31.110 +0900
5429,0,0,0,0,0,0,0.00,0,0.00,,50.00,50.00,50.00,2025-12-20 16:56:31.117 +0900
5430,0,0,0,0,0,0,0.00,0,0.00,,50.00,50.00,50.00,2025-12-20 16:56:31.123 +0900
5431,0,0,0,0,0,0,0.00,0,0.00,,50.00,50.00,50.00,2025-12-20 16:56:31.131 +0900
5432,0,0,0,0,0,0,0.00,0,0.00,,50.00,50.00,50.00,2025-12-20 16:56:31.138 +0900
5433,0,0,0,0,0,0,0.00,0,0.00,,50.00,50.00,50.00,2025-12-20 16:56:31.144 +0900
5434,0,0,0,0,0,0,0.00,0,0.00,,50.00,50.00,50.00,2025-12-20 16:56:31.151 +0900
5435,0,0,0,0,0,0,0.00,0,0.00,,50.00,50.00,50.00,2025-12-20 16:56:31.157 +0900
5436,0,0,0,0,0,0,0.00,0,0.00,,50.00,50.00,50.00,2025-12-20 16:56:31.164 +0900
5437,0,0,0,0,0,0,0.00,0,0.00,,50.00,50.00,50.00,2025-12-20 16:56:31.170 +0900
5438,0,0,0,0,0,0,0.00,0,0.00,,50.00,50.00,50.00,2025-12-20 16:56:31.177 +0900
5439,0,0,0,0,0,0,0.00,0,0.00,,50.00,50.00,50.00,2025-12-20 16:56:31.183 +0900
5440,0,0,0,0,0,0,0.00,0,0.00,,50.00,50.00,50.00,2025-12-20 16:56:31.189 +0900
5441,0,0,0,0,0,0,0.00,0,0.00,,50.00,50.00,50.00,2025-12-20 16:56:31.196 +0900
5442,0,0,0,0,0,0,0.00,0,0.00,,50.00,50.00,50.00,2025-12-20 16:56:31.203 +0900
5443,0,0,0,0,0,0,0.00,0,0.00,,50.00,50.00,50.00,2025-12-20 16:56:31.209 +0900
5444,0,0,0,0,0,0,0.00,0,0.00,,50.00,50.00,50.00,2025-12-20 16:56:31.216 +0900
5445,0,0,0,0,0,0,0.00,0,0.00,,50.00,50.00,50.00,2025-12-20 16:56:31.223 +0900
5446,0,0,0,0,0,0,0.00,0,0.00,,50.00,50.00,50.00,2025-12-20 16:56:31.230 +0900
5447,0,0,0,0,0,0,0.00,0,0.00,,50.00,50.00,50.00,2025-12-20 16:56:31.237 +0900
5448,0,0,0,0,0,0,0.00,0,0.00,,50.00,50.00,50.00,2025-12-20 16:56:31.243 +0900
5449,0,0,0,0,0,0,0.00,0,0.00,,50.00,50.00,50.00,2025-12-20 16:56:31.249 +0900
5450,0,0,0,0,0,0,0.00,0,0.00,,50.00,50.00,50.00,2025-12-20 16:56:31.256 +0900
5451,0,0,0,0,0,0,0.00,0,0.00,,50.00,50.00,50.00,2025-12-20 16:56:31.262 +0900
5452,0,0,0,0,0,0,0.00,0,0.00,,50.00,50.00,50.00,2025-12-20 16:56:31.269 +0900
5453,0,0,0,0,0,0,0.00,0,0.00,,50.00,50.00,50.00,2025-12-20 16:56:31.275 +0900
5454,0,0,0,0,0,0,0.00,0,0.00,,50.00,50.00,50.00,2025-12-20 16:56:31.282 +0900
5455,0,0,0,0,0,0,0.00,0,0.00,,50.00,50.00,50.00,2025-12-20 16:56:31.288 +0900
5456,0,0,0,0,0,0,0.00,0,0.00,,50.00,50.00,50.00,2025-12-20 16:56:31.295 +0900
5457,0,0,0,0,0,0,0.00,0,0.00,,50.00,50.00,50.00,2025-12-20 16:56:31.301 +0900
5458,0,0,0,0,0,0,0.00,0,0.00,,50.00,50.00,50.00,2025-12-20 16:56:31.307 +0900
5459,0,0,0,0,0,0,0.00,0,0.00,,50.00,50.00,50.00,2025-12-20 16:56:31.314 +0900
5460,0,0,0,0,0,0,0.00,0,0.00,,50.00,50.00,50.00,2025-12-20 16:56:31.320 +0900
5461,0,0,0,0,0,0,0.00,0,0.00,,50.00,50.00,50.00,2025-12-20 16:56:31.326 +0900
5462,0,0,0,0,0,0,0.00,0,0.00,,50.00,50.00,50.00,2025-12-20 16:56:31.333 +0900
5463,0,0,0,0,0,0,0.00,0,0.00,,50.00,50.00,50.00,2025-12-20 16:56:31.339 +0900
5464,0,0,0,0,0,0,0.00,0,0.00,,50.00,50.00,50.00,2025-12-20 16:56:31.345 +0900
5465,0,0,0,0,0,0,0.00,0,0.00,,50.00,50.00,50.00,2025-12-20 16:56:31.352 +0900
5466,0,0,0,0,0,0,0.00,0,0.00,,50.00,50.00,50.00,2025-12-20 16:56:31.358 +0900
5467,0,0,0,0,0,0,0.00,0,0.00,,50.00,50.00,50.00,2025-12-20 16:56:31.364 +0900
5468,0,0,0,0,0,0,0.00,0,0.00,,50.00,50.00,50.00,2025-12-20 16:56:31.370 +0900
5469,0,0,0,0,0,0,0.00,0,0.00,,50.00,50.00,50.00,2025-12-20 16:56:31.376 +0900
5470,0,0,0,0,0,0,0.00,0,0.00,,50.00,50.00,50.00,2025-12-20 16:56:31.383 +0900
5471,0,0,0,0,0,0,0.00,0,0.00,,50.00,50.00,50.00,2025-12-20 16:56:31.389 +0900
5472,0,0,0,0,0,0,0.00,0,0.00,,50.00,50.00,50.00,2025-12-20 16:56:31.396 +0900
5473,0,0,0,0,0,0,0.00,0,0.00,,50.00,50.00,50.00,2025-12-20 16:56:31.402 +0900
5474,0,0,0,0,0,0,0.00,0,0.00,,50.00,50.00,50.00,2025-12-20 16:56:31.408 +0900
5475,0,0,0,0,0,0,0.00,0,0.00,,50.00,50.00,50.00,2025-12-20 16:56:31.415 +0900
5476,0,0,0,0,0,0,0.00,0,0.00,,50.00,50.00,50.00,2025-12-20 16:56:31.421 +0900
5477,0,0,0,0,0,0,0.00,0,0.00,,50.00,50.00,50.00,2025-12-20 16:56:31.427 +0900
5478,0,0,0,0,0,0,0.00,0,0.00,,50.00,50.00,50.00,2025-12-20 16:56:31.433 +0900
5479,0,0,0,0,0,0,0.00,0,0.00,,50.00,50.00,50.00,2025-12-20 16:56:31.440 +0900
5480,0,0,0,0,0,0,0.00,0,0.00,,50.00,50.00,50.00,2025-12-20 16:56:31.447 +0900
5481,0,0,0,0,0,0,0.00,0,0.00,,50.00,50.00,50.00,2025-12-20 16:56:31.453 +0900
5482,0,0,0,0,0,0,0.00,0,0.00,,50.00,50.00,50.00,2025-12-20 16:56:31.459 +0900
5483,0,0,0,0,0,0,0.00,0,0.00,,50.00,50.00,50.00,2025-12-20 16:56:31.465 +0900
5484,0,0,0,0,0,0,0.00,0,0.00,,50.00,50.00,50.00,2025-12-20 16:56:31.471 +0900
5485,0,0,0,0,0,0,0.00,0,0.00,,50.00,50.00,50.00,2025-12-20 16:56:31.477 +0900
5486,0,0,0,0,0,0,0.00,0,0.00,,50.00,50.00,50.00,2025-12-20 16:56:31.484 +0900
5487,0,0,0,0,0,0,0.00,0,0.00,,50.00,50.00,50.00,2025-12-20 16:56:31.490 +0900
5488,0,0,0,0,0,0,0.00,0,0.00,,50.00,50.00,50.00,2025-12-20 16:56:31.496 +0900
5489,0,0,0,0,0,0,0.00,0,0.00,,50.00,50.00,50.00,2025-12-20 16:56:31.502 +0900
5490,0,0,0,0,0,0,0.00,0,0.00,,50.00,50.00,50.00,2025-12-20 16:56:31.509 +0900
5491,0,0,0,0,0,0,0.00,0,0.00,,50.00,50.00,50.00,2025-12-20 16:56:31.515 +0900
5492,0,0,0,0,0,0,0.00,0,0.00,,50.00,50.00,50.00,2025-12-20 16:56:31.521 +0900
5493,0,0,0,0,0,0,0.00,0,0.00,,50.00,50.00,50.00,2025-12-20 16:56:31.528 +0900
5494,0,0,0,0,0,0,0.00,0,0.00,,50.00,50.00,50.00,2025-12-20 16:56:31.535 +0900
5495,0,0,0,0,0,0,0.00,0,0.00,,50.00,50.00,50.00,2025-12-20 16:56:31.541 +0900
5496,0,0,0,0,0,0,0.00,0,0.00,,50.00,50.00,50.00,2025-12-20 16:56:31.548 +0900
5497,0,0,0,0,0,0,0.00,0,0.00,,50.00,50.00,50.00,2025-12-20 16:56:31.554 +0900
5498,0,0,0,0,0,0,0.00,0,0.00,,50.00,50.00,50.00,2025-12-20 16:56:31.561 +0900
5499,0,0,0,0,0,0,0.00,0,0.00,,50.00,50.00,50.00,2025-12-20 16:56:31.567 +0900
5500,0,0,0,0,0,0,0.00,0,0.00,,50.00,50.00,50.00,2025-12-20 16:56:31.573 +0900
5501,0,0,0,0,0,0,0.00,0,0.00,,50.00,50.00,50.00,2025-12-20 16:56:31.580 +0900
5502,0,0,0,0,0,0,0.00,0,0.00,,50.00,50.00,50.00,2025-12-20 16:56:31.586 +0900
5503,0,0,0,0,0,0,0.00,0,0.00,,50.00,50.00,50.00,2025-12-20 16:56:31.593 +0900
5504,0,0,0,0,0,0,0.00,0,0.00,,50.00,50.00,50.00,2025-12-20 16:56:31.599 +0900
5505,0,0,0,0,0,0,0.00,0,0.00,,50.00,50.00,50.00,2025-12-20 16:56:31.605 +0900
5506,0,0,0,0,0,0,0.00,0,0.00,,50.00,50.00,50.00,2025-12-20 16:56:31.612 +0900
5507,0,0,0,0,0,0,0.00,0,0.00,,50.00,50.00,50.00,2025-12-20 16:56:31.618 +0900
5508,0,0,0,0,0,0,0.00,0,0.00,,50.00,50.00,50.00,2025-12-20 16:56:31.624 +0900
5509,0,0,0,0,0,0,0.00,0,0.00,,50.00,50.00,50.00,2025-12-20 16:56:31.630 +0900
5510,0,0,0,0,0,0,0.00,0,0.00,,50.00,50.00,50.00,2025-12-20 16:56:31.637 +0900
5511,0,0,0,0,0,0,0.00,0,0.00,,50.00,50.00,50.00,2025-12-20 16:56:31.643 +0900
5512,0,0,0,0,0,0,0.00,0,0.00,,50.00,50.00,50.00,2025-12-20 16:56:31.649 +0900
5513,0,0,0,0,0,0,0.00,0,0.00,,50.00,50.00,50.00,2025-12-20 16:56:31.656 +0900
5514,0,0,0,0,0,0,0.00,0,0.00,,50.00,50.00,50.00,2025-12-20 16:56:31.664 +0900
5515,0,0,0,0,0,0,0.00,0,0.00,,50.00,50.00,50.00,2025-12-20 16:56:31.671 +0900
5516,0,0,0,0,0,0,0.00,0,0.00,,50.00,50.00,50.00,2025-12-20 16:56:31.678 +0900
5517,0,0,0,0,0,0,0.00,0,0.00,,50.00,50.00,50.00,2025-12-20 16:56:31.684 +0900
5518,0,0,0,0,0,0,0.00,0,0.00,,50.00,50.00,50.00,2025-12-20 16:56:31.690 +0900
5519,0,0,0,0,0,0,0.00,0,0.00,,50.00,50.00,50.00,2025-12-20 16:56:31.696 +0900
5520,0,0,0,0,0,0,0.00,0,0.00,,50.00,50.00,50.00,2025-12-20 16:56:31.703 +0900
5521,0,0,0,0,0,0,0.00,0,0.00,,50.00,50.00,50.00,2025-12-20 16:56:31.709 +0900
5522,0,0,0,0,0,0,0.00,0,0.00,,50.00,50.00,50.00,2025-12-20 16:56:31.716 +0900
5523,0,0,0,0,0,0,0.00,0,0.00,,50.00,50.00,50.00,2025-12-20 16:56:31.722 +0900
5524,0,0,0,0,0,0,0.00,0,0.00,,50.00,50.00,50.00,2025-12-20 16:56:31.728 +0900
5525,0,0,0,0,0,0,0.00,0,0.00,,50.00,50.00,50.00,2025-12-20 16:56:31.734 +0900
5526,0,0,0,0,0,0,0.00,0,0.00,,50.00,50.00,50.00,2025-12-20 16:56:31.741 +0900
5527,0,0,0,0,0,0,0.00,0,0.00,,50.00,50.00,50.00,2025-12-20 16:56:31.747 +0900
5528,0,0,0,0,0,0,0.00,0,0.00,,50.00,50.00,50.00,2025-12-20 16:56:31.753 +0900
5529,0,0,0,0,0,0,0.00,0,0.00,,50.00,50.00,50.00,2025-12-20 16:56:31.759 +0900
5530,0,0,0,0,0,0,0.00,0,0.00,,50.00,50.00,50.00,2025-12-20 16:56:31.765 +0900
5531,0,0,0,0,0,0,0.00,0,0.00,,50.00,50.00,50.00,2025-12-20 16:56:31.772 +0900
5532,0,0,0,0,0,0,0.00,0,0.00,,50.00,50.00,50.00,2025-12-20 16:56:31.778 +0900
5533,0,0,0,0,0,0,0.00,0,0.00,,50.00,50.00,50.00,2025-12-20 16:56:31.784 +0900
5534,0,0,0,0,0,0,0.00,0,0.00,,50.00,50.00,50.00,2025-12-20 16:56:31.791 +0900
5535,0,0,0,0,0,0,0.00,0,0.00,,50.00,50.00,50.00,2025-12-20 16:56:31.797 +0900
5536,0,0,0,0,0,0,0.00,0,0.00,,50.00,50.00,50.00,2025-12-20 16:56:31.803 +0900
5537,0,0,0,0,0,0,0.00,0,0.00,,50.00,50.00,50.00,2025-12-20 16:56:31.809 +0900
5538,0,0,0,0,0,0,0.00,0,0.00,,50.00,50.00,50.00,2025-12-20 16:56:31.816 +0900
5539,0,0,0,0,0,0,0.00,0,0.00,,50.00,50.00,50.00,2025-12-20 16:56:31.822 +0900
5540,0,0,0,0,0,0,0.00,0,0.00,,50.00,50.00,50.00,2025-12-20 16:56:31.828 +0900
5541,0,0,0,0,0,0,0.00,0,0.00,,50.00,50.00,50.00,2025-12-20 16:56:31.834 +0900
5542,0,0,0,0,0,0,0.00,0,0.00,,50.00,50.00,50.00,2025-12-20 16:56:31.841 +0900
5543,0,0,0,0,0,0,0.00,0,0.00,,50.00,50.00,50.00,2025-12-20 16:56:31.847 +0900
5544,0,0,0,0,0,0,0.00,0,0.00,,50.00,50.00,50.00,2025-12-20 16:56:31.853 +0900
5545,0,0,0,0,0,0,0.00,0,0.00,,50.00,50.00,50.00,2025-12-20 16:56:31.859 +0900
5546,0,0,0,0,0,0,0.00,0,0.00,,50.00,50.00,50.00,2025-12-20 16:56:31.865 +0900
5547,0,0,0,0,0,0,0.00,0,0.00,,50.00,50.00,50.00,2025-12-20 16:56:31.871 +0900
5548,0,0,0,0,0,0,0.00,0,0.00,,50.00,50.00,50.00,2025-12-20 16:56:31.877 +0900
5549,0,0,0,0,0,0,0.00,0,0.00,,50.00,50.00,50.00,2025-12-20 16:56:31.884 +0900
5550,0,0,0,0,0,0,0.00,0,0.00,,50.00,50.00,50.00,2025-12-20 16:56:31.891 +0900
5551,0,0,0,0,0,0,0.00,0,0.00,,50.00,50.00,50.00,2025-12-20 16:56:31.897 +0900
5552,0,0,0,0,0,0,0.00,0,0.00,,50.00,50.00,50.00,2025-12-20 16:56:31.903 +0900
5553,0,0,0,0,0,0,0.00,0,0.00,,50.00,50.00,50.00,2025-12-20 16:56:31.910 +0900
5554,0,0,0,0,0,0,0.00,0,0.00,,50.00,50.00,50.00,2025-12-20 16:56:31.917 +0900
5555,0,0,0,0,0,0,0.00,0,0.00,,50.00,50.00,50.00,2025-12-20 16:56:31.924 +0900
5556,0,0,0,0,0,0,0.00,0,0.00,,50.00,50.00,50.00,2025-12-20 16:56:31.930 +0900
5557,0,0,0,0,0,0,0.00,0,0.00,,50.00,50.00,50.00,2025-12-20 16:56:31.936 +0900
5558,0,0,0,0,0,0,0.00,0,0.00,,50.00,50.00,50.00,2025-12-20 16:56:31.942 +0900
5559,0,0,0,0,0,0,0.00,0,0.00,,50.00,50.00,50.00,2025-12-20 16:56:31.948 +0900
5560,0,0,0,0,0,0,0.00,0,0.00,,50.00,50.00,50.00,2025-12-20 16:56:31.955 +0900
5561,0,0,0,0,0,0,0.00,0,0.00,,50.00,50.00,50.00,2025-12-20 16:56:31.961 +0900
5562,0,0,0,0,0,0,0.00,0,0.00,,50.00,50.00,50.00,2025-12-20 16:56:31.967 +0900
5563,0,0,0,0,0,0,0.00,0,0.00,,50.00,50.00,50.00,2025-12-20 16:56:31.973 +0900
5564,0,0,0,0,0,0,0.00,0,0.00,,50.00,50.00,50.00,2025-12-20 16:56:31.979 +0900
5565,0,0,0,0,0,0,0.00,0,0.00,,50.00,50.00,50.00,2025-12-20 16:56:31.985 +0900
5566,0,0,0,0,0,0,0.00,0,0.00,,50.00,50.00,50.00,2025-12-20 16:56:31.992 +0900
5567,0,0,0,0,0,0,0.00,0,0.00,,50.00,50.00,50.00,2025-12-20 16:56:31.998 +0900
5568,0,0,0,0,0,0,0.00,0,0.00,,50.00,50.00,50.00,2025-12-20 16:56:32.006 +0900
5569,0,0,0,0,0,0,0.00,0,0.00,,50.00,50.00,50.00,2025-12-20 16:56:32.012 +0900
5570,0,0,0,0,0,0,0.00,0,0.00,,50.00,50.00,50.00,2025-12-20 16:56:32.018 +0900
5571,0,0,0,0,0,0,0.00,0,0.00,,50.00,50.00,50.00,2025-12-20 16:56:32.025 +0900
5572,0,0,0,0,0,0,0.00,0,0.00,,50.00,50.00,50.00,2025-12-20 16:56:32.033 +0900
5573,0,0,0,0,0,0,0.00,0,0.00,,50.00,50.00,50.00,2025-12-20 16:56:32.039 +0900
5574,0,0,0,0,0,0,0.00,0,0.00,,50.00,50.00,50.00,2025-12-20 16:56:32.047 +0900
5575,0,0,0,0,0,0,0.00,0,0.00,,50.00,50.00,50.00,2025-12-20 16:56:32.053 +0900
5576,0,0,0,0,0,0,0.00,0,0.00,,50.00,50.00,50.00,2025-12-20 16:56:32.060 +0900
5577,0,0,0,0,0,0,0.00,0,0.00,,50.00,50.00,50.00,2025-12-20 16:56:32.066 +0900
5578,0,0,0,0,0,0,0.00,0,0.00,,50.00,50.00,50.00,2025-12-20 16:56:32.073 +0900
5579,0,0,0,0,0,0,0.00,0,0.00,,50.00,50.00,50.00,2025-12-20 16:56:32.080 +0900
5580,0,0,0,0,0,0,0.00,0,0.00,,50.00,50.00,50.00,2025-12-20 16:56:32.086 +0900
5581,0,0,0,0,0,0,0.00,0,0.00,,50.00,50.00,50.00,2025-12-20 16:56:32.093 +0900
5582,0,0,0,0,0,0,0.00,0,0.00,,50.00,50.00,50.00,2025-12-20 16:56:32.099 +0900
5584,0,0,0,0,0,0,0.00,0,0.00,,50.00,50.00,50.00,2025-12-20 16:56:32.112 +0900
5585,0,0,0,0,0,0,0.00,0,0.00,,50.00,50.00,50.00,2025-12-20 16:56:32.118 +0900
5586,0,0,0,0,0,0,0.00,0,0.00,,50.00,50.00,50.00,2025-12-20 16:56:32.124 +0900
5587,0,0,0,0,0,0,0.00,0,0.00,,50.00,50.00,50.00,2025-12-20 16:56:32.130 +0900
5588,0,0,0,0,0,0,0.00,0,0.00,,50.00,50.00,50.00,2025-12-20 16:56:32.137 +0900
5589,0,0,0,0,0,0,0.00,0,0.00,,50.00,50.00,50.00,2025-12-20 16:56:32.143 +0900
5590,0,0,0,0,0,0,0.00,0,0.00,,50.00,50.00,50.00,2025-12-20 16:56:32.149 +0900
5591,0,0,0,0,0,0,0.00,0,0.00,,50.00,50.00,50.00,2025-12-20 16:56:32.155 +0900
5592,0,0,0,0,0,0,0.00,0,0.00,,50.00,50.00,50.00,2025-12-20 16:56:32.161 +0900
5593,0,0,0,0,0,0,0.00,0,0.00,,50.00,50.00,50.00,2025-12-20 16:56:32.168 +0900
5594,0,0,0,0,0,0,0.00,0,0.00,,50.00,50.00,50.00,2025-12-20 16:56:32.174 +0900
5595,0,0,0,0,0,0,0.00,0,0.00,,50.00,50.00,50.00,2025-12-20 16:56:32.180 +0900
5596,0,0,0,0,0,0,0.00,0,0.00,,50.00,50.00,50.00,2025-12-20 16:56:32.187 +0900
5597,0,0,0,0,0,0,0.00,0,0.00,,50.00,50.00,50.00,2025-12-20 16:56:32.193 +0900
5598,0,0,0,0,0,0,0.00,0,0.00,,50.00,50.00,50.00,2025-12-20 16:56:32.200 +0900
5599,0,0,0,0,0,0,0.00,0,0.00,,50.00,50.00,50.00,2025-12-20 16:56:32.206 +0900
5600,0,0,0,0,0,0,0.00,0,0.00,,50.00,50.00,50.00,2025-12-20 16:56:32.213 +0900
5601,0,0,0,0,0,0,0.00,0,0.00,,50.00,50.00,50.00,2025-12-20 16:56:32.220 +0900
5602,0,0,0,0,0,0,0.00,0,0.00,,50.00,50.00,50.00,2025-12-20 16:56:32.226 +0900
5603,0,0,0,0,0,0,0.00,0,0.00,,50.00,50.00,50.00,2025-12-20 16:56:32.232 +0900
5604,0,0,0,0,0,0,0.00,0,0.00,,50.00,50.00,50.00,2025-12-20 16:56:32.239 +0900
5605,0,0,0,0,0,0,0.00,0,0.00,,50.00,50.00,50.00,2025-12-20 16:56:32.245 +0900
5606,0,0,0,0,0,0,0.00,0,0.00,,50.00,50.00,50.00,2025-12-20 16:56:32.251 +0900
5607,0,0,0,0,0,0,0.00,0,0.00,,50.00,50.00,50.00,2025-12-20 16:56:32.257 +0900
5608,0,0,0,0,0,0,0.00,0,0.00,,50.00,50.00,50.00,2025-12-20 16:56:32.264 +0900
5609,0,0,0,0,0,0,0.00,0,0.00,,50.00,50.00,50.00,2025-12-20 16:56:32.271 +0900
5610,0,0,0,0,0,0,0.00,0,0.00,,50.00,50.00,50.00,2025-12-20 16:56:32.278 +0900
5611,0,0,0,0,0,0,0.00,0,0.00,,50.00,50.00,50.00,2025-12-20 16:56:32.284 +0900
5612,0,0,0,0,0,0,0.00,0,0.00,,50.00,50.00,50.00,2025-12-20 16:56:32.290 +0900
5613,0,0,0,0,0,0,0.00,0,0.00,,50.00,50.00,50.00,2025-12-20 16:56:32.297 +0900
5614,0,0,0,0,0,0,0.00,0,0.00,,50.00,50.00,50.00,2025-12-20 16:56:32.303 +0900
5615,0,0,0,0,0,0,0.00,0,0.00,,50.00,50.00,50.00,2025-12-20 16:56:32.309 +0900
5616,0,0,0,0,0,0,0.00,0,0.00,,50.00,50.00,50.00,2025-12-20 16:56:32.315 +0900
5617,0,0,0,0,0,0,0.00,0,0.00,,50.00,50.00,50.00,2025-12-20 16:56:32.322 +0900
5618,0,0,0,0,0,0,0.00,0,0.00,,50.00,50.00,50.00,2025-12-20 16:56:32.328 +0900
5619,0,0,0,0,0,0,0.00,0,0.00,,50.00,50.00,50.00,2025-12-20 16:56:32.335 +0900
5620,0,0,0,0,0,0,0.00,0,0.00,,50.00,50.00,50.00,2025-12-20 16:56:32.341 +0900
5621,0,0,0,0,0,0,0.00,0,0.00,,50.00,50.00,50.00,2025-12-20 16:56:32.348 +0900
5622,0,0,0,0,0,0,0.00,0,0.00,,50.00,50.00,50.00,2025-12-20 16:56:32.354 +0900
5623,0,0,0,0,0,0,0.00,0,0.00,,50.00,50.00,50.00,2025-12-20 16:56:32.360 +0900
5624,0,0,0,0,0,0,0.00,0,0.00,,50.00,50.00,50.00,2025-12-20 16:56:32.366 +0900
5625,0,0,0,0,0,0,0.00,0,0.00,,50.00,50.00,50.00,2025-12-20 16:56:32.372 +0900
5626,0,0,0,0,0,0,0.00,0,0.00,,50.00,50.00,50.00,2025-12-20 16:56:32.378 +0900
5627,0,0,0,0,0,0,0.00,0,0.00,,50.00,50.00,50.00,2025-12-20 16:56:32.384 +0900
5628,0,0,0,0,0,0,0.00,0,0.00,,50.00,50.00,50.00,2025-12-20 16:56:32.391 +0900
5629,0,0,0,0,0,0,0.00,0,0.00,,50.00,50.00,50.00,2025-12-20 16:56:32.397 +0900
5630,0,0,0,0,0,0,0.00,0,0.00,,50.00,50.00,50.00,2025-12-20 16:56:32.403 +0900
5631,0,0,0,0,0,0,0.00,0,0.00,,50.00,50.00,50.00,2025-12-20 16:56:32.410 +0900
5632,0,0,0,0,0,0,0.00,0,0.00,,50.00,50.00,50.00,2025-12-20 16:56:32.416 +0900
5633,0,0,0,0,0,0,0.00,0,0.00,,50.00,50.00,50.00,2025-12-20 16:56:32.422 +0900
5634,0,0,0,0,0,0,0.00,0,0.00,,50.00,50.00,50.00,2025-12-20 16:56:32.429 +0900
5635,0,0,0,0,0,0,0.00,0,0.00,,50.00,50.00,50.00,2025-12-20 16:56:32.435 +0900
5636,0,0,0,0,0,0,0.00,0,0.00,,50.00,50.00,50.00,2025-12-20 16:56:32.441 +0900
5637,0,0,0,0,0,0,0.00,0,0.00,,50.00,50.00,50.00,2025-12-20 16:56:32.447 +0900
5638,0,0,0,0,0,0,0.00,0,0.00,,50.00,50.00,50.00,2025-12-20 16:56:32.453 +0900
5639,0,0,0,0,0,0,0.00,0,0.00,,50.00,50.00,50.00,2025-12-20 16:56:32.460 +0900
5640,0,0,0,0,0,0,0.00,0,0.00,,50.00,50.00,50.00,2025-12-20 16:56:32.467 +0900
5641,0,0,0,0,0,0,0.00,0,0.00,,50.00,50.00,50.00,2025-12-20 16:56:32.473 +0900
5642,0,0,0,0,0,0,0.00,0,0.00,,50.00,50.00,50.00,2025-12-20 16:56:32.480 +0900
5643,0,0,0,0,0,0,0.00,0,0.00,,50.00,50.00,50.00,2025-12-20 16:56:32.486 +0900
5644,0,0,0,0,0,0,0.00,0,0.00,,50.00,50.00,50.00,2025-12-20 16:56:32.493 +0900
5645,0,0,0,0,0,0,0.00,0,0.00,,50.00,50.00,50.00,2025-12-20 16:56:32.499 +0900
5646,0,0,0,0,0,0,0.00,0,0.00,,50.00,50.00,50.00,2025-12-20 16:56:32.506 +0900
5647,0,0,0,0,0,0,0.00,0,0.00,,50.00,50.00,50.00,2025-12-20 16:56:32.512 +0900
5648,0,0,0,0,0,0,0.00,0,0.00,,50.00,50.00,50.00,2025-12-20 16:56:32.518 +0900
5649,0,0,0,0,0,0,0.00,0,0.00,,50.00,50.00,50.00,2025-12-20 16:56:32.524 +0900
5650,0,0,0,0,0,0,0.00,0,0.00,,50.00,50.00,50.00,2025-12-20 16:56:32.531 +0900
5651,0,0,0,0,0,0,0.00,0,0.00,,50.00,50.00,50.00,2025-12-20 16:56:32.538 +0900
5652,0,0,0,0,0,0,0.00,0,0.00,,50.00,50.00,50.00,2025-12-20 16:56:32.546 +0900
5653,0,0,0,0,0,0,0.00,0,0.00,,50.00,50.00,50.00,2025-12-20 16:56:32.553 +0900
5654,0,0,0,0,0,0,0.00,0,0.00,,50.00,50.00,50.00,2025-12-20 16:56:32.560 +0900
5655,0,0,0,0,0,0,0.00,0,0.00,,50.00,50.00,50.00,2025-12-20 16:56:32.566 +0900
5656,0,0,0,0,0,0,0.00,0,0.00,,50.00,50.00,50.00,2025-12-20 16:56:32.573 +0900
5657,0,0,0,0,0,0,0.00,0,0.00,,50.00,50.00,50.00,2025-12-20 16:56:32.579 +0900
5658,0,0,0,0,0,0,0.00,0,0.00,,50.00,50.00,50.00,2025-12-20 16:56:32.585 +0900
5659,0,0,0,0,0,0,0.00,0,0.00,,50.00,50.00,50.00,2025-12-20 16:56:32.592 +0900
5660,0,0,0,0,0,0,0.00,0,0.00,,50.00,50.00,50.00,2025-12-20 16:56:32.598 +0900
5661,0,0,0,0,0,0,0.00,0,0.00,,50.00,50.00,50.00,2025-12-20 16:56:32.604 +0900
5662,0,0,0,0,0,0,0.00,0,0.00,,50.00,50.00,50.00,2025-12-20 16:56:32.610 +0900
5663,0,0,0,0,0,0,0.00,0,0.00,,50.00,50.00,50.00,2025-12-20 16:56:32.617 +0900
5664,0,0,0,0,0,0,0.00,0,0.00,,50.00,50.00,50.00,2025-12-20 16:56:32.624 +0900
5665,0,0,0,0,0,0,0.00,0,0.00,,50.00,50.00,50.00,2025-12-20 16:56:32.630 +0900
5666,0,0,0,0,0,0,0.00,0,0.00,,50.00,50.00,50.00,2025-12-20 16:56:32.638 +0900
5667,0,0,0,0,0,0,0.00,0,0.00,,50.00,50.00,50.00,2025-12-20 16:56:32.645 +0900
5668,0,0,0,0,0,0,0.00,0,0.00,,50.00,50.00,50.00,2025-12-20 16:56:32.651 +0900
5669,0,0,0,0,0,0,0.00,0,0.00,,50.00,50.00,50.00,2025-12-20 16:56:32.658 +0900
5670,0,0,0,0,0,0,0.00,0,0.00,,50.00,50.00,50.00,2025-12-20 16:56:32.664 +0900
5671,0,0,0,0,0,0,0.00,0,0.00,,50.00,50.00,50.00,2025-12-20 16:56:32.671 +0900
5672,0,0,0,0,0,0,0.00,0,0.00,,50.00,50.00,50.00,2025-12-20 16:56:32.677 +0900
5673,0,0,0,0,0,0,0.00,0,0.00,,50.00,50.00,50.00,2025-12-20 16:56:32.683 +0900
5674,0,0,0,0,0,0,0.00,0,0.00,,50.00,50.00,50.00,2025-12-20 16:56:32.689 +0900
5675,0,0,0,0,0,0,0.00,0,0.00,,50.00,50.00,50.00,2025-12-20 16:56:32.696 +0900
5676,0,0,0,0,0,0,0.00,0,0.00,,50.00,50.00,50.00,2025-12-20 16:56:32.702 +0900
5677,0,0,0,0,0,0,0.00,0,0.00,,50.00,50.00,50.00,2025-12-20 16:56:32.708 +0900
5678,0,0,0,0,0,0,0.00,0,0.00,,50.00,50.00,50.00,2025-12-20 16:56:32.714 +0900
5679,0,0,0,0,0,0,0.00,0,0.00,,50.00,50.00,50.00,2025-12-20 16:56:32.721 +0900
5680,0,0,0,0,0,0,0.00,0,0.00,,50.00,50.00,50.00,2025-12-20 16:56:32.727 +0900
5681,0,0,0,0,0,0,0.00,0,0.00,,50.00,50.00,50.00,2025-12-20 16:56:32.733 +0900
5682,0,0,0,0,0,0,0.00,0,0.00,,50.00,50.00,50.00,2025-12-20 16:56:32.739 +0900
5683,0,0,0,0,0,0,0.00,0,0.00,,50.00,50.00,50.00,2025-12-20 16:56:32.745 +0900
5684,0,0,0,0,0,0,0.00,0,0.00,,50.00,50.00,50.00,2025-12-20 16:56:32.751 +0900
5685,0,0,0,0,0,0,0.00,0,0.00,,50.00,50.00,50.00,2025-12-20 16:56:32.757 +0900
5686,0,0,0,0,0,0,0.00,0,0.00,,50.00,50.00,50.00,2025-12-20 16:56:32.763 +0900
5687,0,0,0,0,0,0,0.00,0,0.00,,50.00,50.00,50.00,2025-12-20 16:56:32.770 +0900
5688,0,0,0,0,0,0,0.00,0,0.00,,50.00,50.00,50.00,2025-12-20 16:56:32.777 +0900
5689,0,0,0,0,0,0,0.00,0,0.00,,50.00,50.00,50.00,2025-12-20 16:56:32.785 +0900
5690,0,0,0,0,0,0,0.00,0,0.00,,50.00,50.00,50.00,2025-12-20 16:56:32.791 +0900
5691,0,0,0,0,0,0,0.00,0,0.00,,50.00,50.00,50.00,2025-12-20 16:56:32.798 +0900
5692,0,0,0,0,0,0,0.00,0,0.00,,50.00,50.00,50.00,2025-12-20 16:56:32.805 +0900
5693,0,0,0,0,0,0,0.00,0,0.00,,50.00,50.00,50.00,2025-12-20 16:56:32.813 +0900
5694,0,0,0,0,0,0,0.00,0,0.00,,50.00,50.00,50.00,2025-12-20 16:56:32.818 +0900
5695,0,0,0,0,0,0,0.00,0,0.00,,50.00,50.00,50.00,2025-12-20 16:56:32.823 +0900
5696,0,0,0,0,0,0,0.00,0,0.00,,50.00,50.00,50.00,2025-12-20 16:56:32.830 +0900
5697,0,0,0,0,0,0,0.00,0,0.00,,50.00,50.00,50.00,2025-12-20 16:56:32.836 +0900
5698,0,0,0,0,0,0,0.00,0,0.00,,50.00,50.00,50.00,2025-12-20 16:56:32.845 +0900
5699,0,0,0,0,0,0,0.00,0,0.00,,50.00,50.00,50.00,2025-12-20 16:56:32.851 +0900
5700,0,0,0,0,0,0,0.00,0,0.00,,50.00,50.00,50.00,2025-12-20 16:56:32.856 +0900
5701,0,0,0,0,0,0,0.00,0,0.00,,50.00,50.00,50.00,2025-12-20 16:56:32.861 +0900
5702,0,0,0,0,0,0,0.00,0,0.00,,50.00,50.00,50.00,2025-12-20 16:56:32.867 +0900
5703,0,0,0,0,0,0,0.00,0,0.00,,50.00,50.00,50.00,2025-12-20 16:56:32.872 +0900
5704,0,0,0,0,0,0,0.00,0,0.00,,50.00,50.00,50.00,2025-12-20 16:56:32.879 +0900
5705,0,0,0,0,0,0,0.00,0,0.00,,50.00,50.00,50.00,2025-12-20 16:56:32.885 +0900
5706,0,0,0,0,0,0,0.00,0,0.00,,50.00,50.00,50.00,2025-12-20 16:56:32.891 +0900
5707,0,0,0,0,0,0,0.00,0,0.00,,50.00,50.00,50.00,2025-12-20 16:56:32.896 +0900
5708,0,0,0,0,0,0,0.00,0,0.00,,50.00,50.00,50.00,2025-12-20 16:56:32.901 +0900
5709,0,0,0,0,0,0,0.00,0,0.00,,50.00,50.00,50.00,2025-12-20 16:56:32.909 +0900
5710,0,0,0,0,0,0,0.00,0,0.00,,50.00,50.00,50.00,2025-12-20 16:56:32.915 +0900
5711,0,0,0,0,0,0,0.00,0,0.00,,50.00,50.00,50.00,2025-12-20 16:56:32.921 +0900
5712,0,0,0,0,0,0,0.00,0,0.00,,50.00,50.00,50.00,2025-12-20 16:56:32.928 +0900
5713,0,0,0,0,0,0,0.00,0,0.00,,50.00,50.00,50.00,2025-12-20 16:56:32.937 +0900
5714,0,0,0,0,0,0,0.00,0,0.00,,50.00,50.00,50.00,2025-12-20 16:56:32.944 +0900
5715,0,0,0,0,0,0,0.00,0,0.00,,50.00,50.00,50.00,2025-12-20 16:56:32.949 +0900
5716,0,0,0,0,0,0,0.00,0,0.00,,50.00,50.00,50.00,2025-12-20 16:56:32.955 +0900
5717,0,0,0,0,0,0,0.00,0,0.00,,50.00,50.00,50.00,2025-12-20 16:56:32.961 +0900
5718,0,0,0,0,0,0,0.00,0,0.00,,50.00,50.00,50.00,2025-12-20 16:56:32.968 +0900
5719,0,0,0,0,0,0,0.00,0,0.00,,50.00,50.00,50.00,2025-12-20 16:56:32.978 +0900
5720,0,0,0,0,0,0,0.00,0,0.00,,50.00,50.00,50.00,2025-12-20 16:56:32.988 +0900
5721,0,0,0,0,0,0,0.00,0,0.00,,50.00,50.00,50.00,2025-12-20 16:56:32.996 +0900
5722,0,0,0,0,0,0,0.00,0,0.00,,50.00,50.00,50.00,2025-12-20 16:56:33.001 +0900
5723,0,0,0,0,0,0,0.00,0,0.00,,50.00,50.00,50.00,2025-12-20 16:56:33.007 +0900
5724,0,0,0,0,0,0,0.00,0,0.00,,50.00,50.00,50.00,2025-12-20 16:56:33.015 +0900
5725,0,0,0,0,0,0,0.00,0,0.00,,50.00,50.00,50.00,2025-12-20 16:56:33.022 +0900
5726,0,0,0,0,0,0,0.00,0,0.00,,50.00,50.00,50.00,2025-12-20 16:56:33.028 +0900
5727,0,0,0,0,0,0,0.00,0,0.00,,50.00,50.00,50.00,2025-12-20 16:56:33.038 +0900
5728,0,0,0,0,0,0,0.00,0,0.00,,50.00,50.00,50.00,2025-12-20 16:56:33.044 +0900
5729,0,0,0,0,0,0,0.00,0,0.00,,50.00,50.00,50.00,2025-12-20 16:56:33.052 +0900
5730,0,0,0,0,0,0,0.00,0,0.00,,50.00,50.00,50.00,2025-12-20 16:56:33.061 +0900
5731,0,0,0,0,0,0,0.00,0,0.00,,50.00,50.00,50.00,2025-12-20 16:56:33.070 +0900
5732,0,0,0,0,0,0,0.00,0,0.00,,50.00,50.00,50.00,2025-12-20 16:56:33.076 +0900
5733,0,0,0,0,0,0,0.00,0,0.00,,50.00,50.00,50.00,2025-12-20 16:56:33.084 +0900
5734,0,0,0,0,0,0,0.00,0,0.00,,50.00,50.00,50.00,2025-12-20 16:56:33.092 +0900
5735,0,0,0,0,0,0,0.00,0,0.00,,50.00,50.00,50.00,2025-12-20 16:56:33.099 +0900
5736,0,0,0,0,0,0,0.00,0,0.00,,50.00,50.00,50.00,2025-12-20 16:56:33.108 +0900
5737,0,0,0,0,0,0,0.00,0,0.00,,50.00,50.00,50.00,2025-12-20 16:56:33.117 +0900
5738,0,0,0,0,0,0,0.00,0,0.00,,50.00,50.00,50.00,2025-12-20 16:56:33.126 +0900
5739,0,0,0,0,0,0,0.00,0,0.00,,50.00,50.00,50.00,2025-12-20 16:56:33.132 +0900
5740,0,0,0,0,0,0,0.00,0,0.00,,50.00,50.00,50.00,2025-12-20 16:56:33.139 +0900
5741,0,0,0,0,0,0,0.00,0,0.00,,50.00,50.00,50.00,2025-12-20 16:56:33.147 +0900
5742,0,0,0,0,0,0,0.00,0,0.00,,50.00,50.00,50.00,2025-12-20 16:56:33.153 +0900
5743,0,0,0,0,0,0,0.00,0,0.00,,50.00,50.00,50.00,2025-12-20 16:56:33.158 +0900
5744,0,0,0,0,0,0,0.00,0,0.00,,50.00,50.00,50.00,2025-12-20 16:56:33.165 +0900
5745,0,0,0,0,0,0,0.00,0,0.00,,50.00,50.00,50.00,2025-12-20 16:56:33.175 +0900
5746,0,0,0,0,0,0,0.00,0,0.00,,50.00,50.00,50.00,2025-12-20 16:56:33.182 +0900
5747,0,0,0,0,0,0,0.00,0,0.00,,50.00,50.00,50.00,2025-12-20 16:56:33.190 +0900
5748,0,0,0,0,0,0,0.00,0,0.00,,50.00,50.00,50.00,2025-12-20 16:56:33.196 +0900
5749,0,0,0,0,0,0,0.00,0,0.00,,50.00,50.00,50.00,2025-12-20 16:56:33.202 +0900
5750,0,0,0,0,0,0,0.00,0,0.00,,50.00,50.00,50.00,2025-12-20 16:56:33.210 +0900
5751,0,0,0,0,0,0,0.00,0,0.00,,50.00,50.00,50.00,2025-12-20 16:56:33.217 +0900
5752,0,0,0,0,0,0,0.00,0,0.00,,50.00,50.00,50.00,2025-12-20 16:56:33.222 +0900
5753,0,0,0,0,0,0,0.00,0,0.00,,50.00,50.00,50.00,2025-12-20 16:56:33.231 +0900
5754,0,0,0,0,0,0,0.00,0,0.00,,50.00,50.00,50.00,2025-12-20 16:56:33.241 +0900
5755,0,0,0,0,0,0,0.00,0,0.00,,50.00,50.00,50.00,2025-12-20 16:56:33.248 +0900
5756,0,0,0,0,0,0,0.00,0,0.00,,50.00,50.00,50.00,2025-12-20 16:56:33.257 +0900
5757,0,0,0,0,0,0,0.00,0,0.00,,50.00,50.00,50.00,2025-12-20 16:56:33.265 +0900
5758,0,0,0,0,0,0,0.00,0,0.00,,50.00,50.00,50.00,2025-12-20 16:56:33.273 +0900
5759,0,0,0,0,0,0,0.00,0,0.00,,50.00,50.00,50.00,2025-12-20 16:56:33.281 +0900
5760,0,0,0,0,0,0,0.00,0,0.00,,50.00,50.00,50.00,2025-12-20 16:56:33.287 +0900
5761,0,0,0,0,0,0,0.00,0,0.00,,50.00,50.00,50.00,2025-12-20 16:56:33.293 +0900
5762,0,0,0,0,0,0,0.00,0,0.00,,50.00,50.00,50.00,2025-12-20 16:56:33.299 +0900
5763,0,0,0,0,0,0,0.00,0,0.00,,50.00,50.00,50.00,2025-12-20 16:56:33.305 +0900
5764,0,0,0,0,0,0,0.00,0,0.00,,50.00,50.00,50.00,2025-12-20 16:56:33.312 +0900
5765,0,0,0,0,0,0,0.00,0,0.00,,50.00,50.00,50.00,2025-12-20 16:56:33.318 +0900
5766,0,0,0,0,0,0,0.00,0,0.00,,50.00,50.00,50.00,2025-12-20 16:56:33.325 +0900
5767,0,0,0,0,0,0,0.00,0,0.00,,50.00,50.00,50.00,2025-12-20 16:56:33.331 +0900
5768,0,0,0,0,0,0,0.00,0,0.00,,50.00,50.00,50.00,2025-12-20 16:56:33.338 +0900
5769,0,0,0,0,0,0,0.00,0,0.00,,50.00,50.00,50.00,2025-12-20 16:56:33.345 +0900
5770,0,0,0,0,0,0,0.00,0,0.00,,50.00,50.00,50.00,2025-12-20 16:56:33.351 +0900
5771,0,0,0,0,0,0,0.00,0,0.00,,50.00,50.00,50.00,2025-12-20 16:56:33.357 +0900
5772,0,0,0,0,0,0,0.00,0,0.00,,50.00,50.00,50.00,2025-12-20 16:56:33.364 +0900
5773,0,0,0,0,0,0,0.00,0,0.00,,50.00,50.00,50.00,2025-12-20 16:56:33.370 +0900
5774,0,0,0,0,0,0,0.00,0,0.00,,50.00,50.00,50.00,2025-12-20 16:56:33.377 +0900
5775,0,0,0,0,0,0,0.00,0,0.00,,50.00,50.00,50.00,2025-12-20 16:56:33.383 +0900
5776,0,0,0,0,0,0,0.00,0,0.00,,50.00,50.00,50.00,2025-12-20 16:56:33.389 +0900
5777,0,0,0,0,0,0,0.00,0,0.00,,50.00,50.00,50.00,2025-12-20 16:56:33.396 +0900
5778,0,0,0,0,0,0,0.00,0,0.00,,50.00,50.00,50.00,2025-12-20 16:56:33.403 +0900
5779,0,0,0,0,0,0,0.00,0,0.00,,50.00,50.00,50.00,2025-12-20 16:56:33.410 +0900
5780,0,0,0,0,0,0,0.00,0,0.00,,50.00,50.00,50.00,2025-12-20 16:56:33.416 +0900
5781,0,0,0,0,0,0,0.00,0,0.00,,50.00,50.00,50.00,2025-12-20 16:56:33.422 +0900
5782,0,0,0,0,0,0,0.00,0,0.00,,50.00,50.00,50.00,2025-12-20 16:56:33.428 +0900
5783,0,0,0,0,0,0,0.00,0,0.00,,50.00,50.00,50.00,2025-12-20 16:56:33.434 +0900
5784,0,0,0,0,0,0,0.00,0,0.00,,50.00,50.00,50.00,2025-12-20 16:56:33.441 +0900
5785,0,0,0,0,0,0,0.00,0,0.00,,50.00,50.00,50.00,2025-12-20 16:56:33.447 +0900
5786,0,0,0,0,0,0,0.00,0,0.00,,50.00,50.00,50.00,2025-12-20 16:56:33.453 +0900
5787,0,0,0,0,0,0,0.00,0,0.00,,50.00,50.00,50.00,2025-12-20 16:56:33.459 +0900
5788,0,0,0,0,0,0,0.00,0,0.00,,50.00,50.00,50.00,2025-12-20 16:56:33.465 +0900
5789,0,0,0,0,0,0,0.00,0,0.00,,50.00,50.00,50.00,2025-12-20 16:56:33.471 +0900
5790,0,0,0,0,0,0,0.00,0,0.00,,50.00,50.00,50.00,2025-12-20 16:56:33.478 +0900
5791,0,0,0,0,0,0,0.00,0,0.00,,50.00,50.00,50.00,2025-12-20 16:56:33.484 +0900
5792,0,0,0,0,0,0,0.00,0,0.00,,50.00,50.00,50.00,2025-12-20 16:56:33.490 +0900
5793,0,0,0,0,0,0,0.00,0,0.00,,50.00,50.00,50.00,2025-12-20 16:56:33.497 +0900
5794,0,0,0,0,0,0,0.00,0,0.00,,50.00,50.00,50.00,2025-12-20 16:56:33.503 +0900
5795,0,0,0,0,0,0,0.00,0,0.00,,50.00,50.00,50.00,2025-12-20 16:56:33.509 +0900
5796,0,0,0,0,0,0,0.00,0,0.00,,50.00,50.00,50.00,2025-12-20 16:56:33.516 +0900
5797,0,0,0,0,0,0,0.00,0,0.00,,50.00,50.00,50.00,2025-12-20 16:56:33.522 +0900
5798,0,0,0,0,0,0,0.00,0,0.00,,50.00,50.00,50.00,2025-12-20 16:56:33.529 +0900
5799,0,0,0,0,0,0,0.00,0,0.00,,50.00,50.00,50.00,2025-12-20 16:56:33.535 +0900
5800,0,0,0,0,0,0,0.00,0,0.00,,50.00,50.00,50.00,2025-12-20 16:56:33.541 +0900
5801,0,0,0,0,0,0,0.00,0,0.00,,50.00,50.00,50.00,2025-12-20 16:56:33.548 +0900
5802,0,0,0,0,0,0,0.00,0,0.00,,50.00,50.00,50.00,2025-12-20 16:56:33.554 +0900
5803,0,0,0,0,0,0,0.00,0,0.00,,50.00,50.00,50.00,2025-12-20 16:56:33.561 +0900
5804,0,0,0,0,0,0,0.00,0,0.00,,50.00,50.00,50.00,2025-12-20 16:56:33.567 +0900
5805,0,0,0,0,0,0,0.00,0,0.00,,50.00,50.00,50.00,2025-12-20 16:56:33.574 +0900
5806,0,0,0,0,0,0,0.00,0,0.00,,50.00,50.00,50.00,2025-12-20 16:56:33.580 +0900
5807,0,0,0,0,0,0,0.00,0,0.00,,50.00,50.00,50.00,2025-12-20 16:56:33.586 +0900
5808,0,0,0,0,0,0,0.00,0,0.00,,50.00,50.00,50.00,2025-12-20 16:56:33.593 +0900
5809,0,0,0,0,0,0,0.00,0,0.00,,50.00,50.00,50.00,2025-12-20 16:56:33.599 +0900
5810,0,0,0,0,0,0,0.00,0,0.00,,50.00,50.00,50.00,2025-12-20 16:56:33.606 +0900
5811,0,0,0,0,0,0,0.00,0,0.00,,50.00,50.00,50.00,2025-12-20 16:56:33.612 +0900
5812,0,0,0,0,0,0,0.00,0,0.00,,50.00,50.00,50.00,2025-12-20 16:56:33.619 +0900
5813,0,0,0,0,0,0,0.00,0,0.00,,50.00,50.00,50.00,2025-12-20 16:56:33.625 +0900
5814,0,0,0,0,0,0,0.00,0,0.00,,50.00,50.00,50.00,2025-12-20 16:56:33.631 +0900
5815,0,0,0,0,0,0,0.00,0,0.00,,50.00,50.00,50.00,2025-12-20 16:56:33.637 +0900
5816,0,0,0,0,0,0,0.00,0,0.00,,50.00,50.00,50.00,2025-12-20 16:56:33.644 +0900
5817,0,0,0,0,0,0,0.00,0,0.00,,50.00,50.00,50.00,2025-12-20 16:56:33.650 +0900
5818,0,0,0,0,0,0,0.00,0,0.00,,50.00,50.00,50.00,2025-12-20 16:56:33.656 +0900
5819,0,0,0,0,0,0,0.00,0,0.00,,50.00,50.00,50.00,2025-12-20 16:56:33.663 +0900
5820,0,0,0,0,0,0,0.00,0,0.00,,50.00,50.00,50.00,2025-12-20 16:56:33.669 +0900
5821,0,0,0,0,0,0,0.00,0,0.00,,50.00,50.00,50.00,2025-12-20 16:56:33.675 +0900
5822,0,0,0,0,0,0,0.00,0,0.00,,50.00,50.00,50.00,2025-12-20 16:56:33.681 +0900
5823,0,0,0,0,0,0,0.00,0,0.00,,50.00,50.00,50.00,2025-12-20 16:56:33.688 +0900
5824,0,0,0,0,0,0,0.00,0,0.00,,50.00,50.00,50.00,2025-12-20 16:56:33.694 +0900
5825,0,0,0,0,0,0,0.00,0,0.00,,50.00,50.00,50.00,2025-12-20 16:56:33.700 +0900
5826,0,0,0,0,0,0,0.00,0,0.00,,50.00,50.00,50.00,2025-12-20 16:56:33.707 +0900
5827,0,0,0,0,0,0,0.00,0,0.00,,50.00,50.00,50.00,2025-12-20 16:56:33.713 +0900
5828,0,0,0,0,0,0,0.00,0,0.00,,50.00,50.00,50.00,2025-12-20 16:56:33.720 +0900
5829,0,0,0,0,0,0,0.00,0,0.00,,50.00,50.00,50.00,2025-12-20 16:56:33.726 +0900
5830,0,0,0,0,0,0,0.00,0,0.00,,50.00,50.00,50.00,2025-12-20 16:56:33.732 +0900
5831,0,0,0,0,0,0,0.00,0,0.00,,50.00,50.00,50.00,2025-12-20 16:56:33.739 +0900
5832,0,0,0,0,0,0,0.00,0,0.00,,50.00,50.00,50.00,2025-12-20 16:56:33.745 +0900
5833,0,0,0,0,0,0,0.00,0,0.00,,50.00,50.00,50.00,2025-12-20 16:56:33.751 +0900
5834,0,0,0,0,0,0,0.00,0,0.00,,50.00,50.00,50.00,2025-12-20 16:56:33.758 +0900
5835,0,0,0,0,0,0,0.00,0,0.00,,50.00,50.00,50.00,2025-12-20 16:56:33.764 +0900
5836,0,0,0,0,0,0,0.00,0,0.00,,50.00,50.00,50.00,2025-12-20 16:56:33.770 +0900
5837,0,0,0,0,0,0,0.00,0,0.00,,50.00,50.00,50.00,2025-12-20 16:56:33.777 +0900
5838,0,0,0,0,0,0,0.00,0,0.00,,50.00,50.00,50.00,2025-12-20 16:56:33.783 +0900
5839,0,0,0,0,0,0,0.00,0,0.00,,50.00,50.00,50.00,2025-12-20 16:56:33.789 +0900
5840,0,0,0,0,0,0,0.00,0,0.00,,50.00,50.00,50.00,2025-12-20 16:56:33.795 +0900
5841,0,0,0,0,0,0,0.00,0,0.00,,50.00,50.00,50.00,2025-12-20 16:56:33.802 +0900
5842,0,0,0,0,0,0,0.00,0,0.00,,50.00,50.00,50.00,2025-12-20 16:56:33.809 +0900
5843,0,0,0,0,0,0,0.00,0,0.00,,50.00,50.00,50.00,2025-12-20 16:56:33.815 +0900
5844,0,0,0,0,0,0,0.00,0,0.00,,50.00,50.00,50.00,2025-12-20 16:56:33.821 +0900
5845,0,0,0,0,0,0,0.00,0,0.00,,50.00,50.00,50.00,2025-12-20 16:56:33.828 +0900
5846,0,0,0,0,0,0,0.00,0,0.00,,50.00,50.00,50.00,2025-12-20 16:56:33.834 +0900
5847,0,0,0,0,0,0,0.00,0,0.00,,50.00,50.00,50.00,2025-12-20 16:56:33.840 +0900
5848,0,0,0,0,0,0,0.00,0,0.00,,50.00,50.00,50.00,2025-12-20 16:56:33.847 +0900
5849,0,0,0,0,0,0,0.00,0,0.00,,50.00,50.00,50.00,2025-12-20 16:56:33.853 +0900
5850,0,0,0,0,0,0,0.00,0,0.00,,50.00,50.00,50.00,2025-12-20 16:56:33.860 +0900
5851,0,0,0,0,0,0,0.00,0,0.00,,50.00,50.00,50.00,2025-12-20 16:56:33.866 +0900
5852,0,0,0,0,0,0,0.00,0,0.00,,50.00,50.00,50.00,2025-12-20 16:56:33.872 +0900
5853,0,0,0,0,0,0,0.00,0,0.00,,50.00,50.00,50.00,2025-12-20 16:56:33.879 +0900
5854,0,0,0,0,0,0,0.00,0,0.00,,50.00,50.00,50.00,2025-12-20 16:56:33.885 +0900
5855,0,0,0,0,0,0,0.00,0,0.00,,50.00,50.00,50.00,2025-12-20 16:56:33.891 +0900
5856,0,0,0,0,0,0,0.00,0,0.00,,50.00,50.00,50.00,2025-12-20 16:56:33.897 +0900
5857,0,0,0,0,0,0,0.00,0,0.00,,50.00,50.00,50.00,2025-12-20 16:56:33.905 +0900
5858,0,0,0,0,0,0,0.00,0,0.00,,50.00,50.00,50.00,2025-12-20 16:56:33.911 +0900
5859,0,0,0,0,0,0,0.00,0,0.00,,50.00,50.00,50.00,2025-12-20 16:56:33.918 +0900
5860,0,0,0,0,0,0,0.00,0,0.00,,50.00,50.00,50.00,2025-12-20 16:56:33.925 +0900
5861,0,0,0,0,0,0,0.00,0,0.00,,50.00,50.00,50.00,2025-12-20 16:56:33.932 +0900
5862,0,0,0,0,0,0,0.00,0,0.00,,50.00,50.00,50.00,2025-12-20 16:56:33.939 +0900
5863,0,0,0,0,0,0,0.00,0,0.00,,50.00,50.00,50.00,2025-12-20 16:56:33.945 +0900
5864,0,0,0,0,0,0,0.00,0,0.00,,50.00,50.00,50.00,2025-12-20 16:56:33.952 +0900
5865,0,0,0,0,0,0,0.00,0,0.00,,50.00,50.00,50.00,2025-12-20 16:56:33.959 +0900
5866,0,0,0,0,0,0,0.00,0,0.00,,50.00,50.00,50.00,2025-12-20 16:56:33.966 +0900
5867,0,0,0,0,0,0,0.00,0,0.00,,50.00,50.00,50.00,2025-12-20 16:56:33.973 +0900
5868,0,0,0,0,0,0,0.00,0,0.00,,50.00,50.00,50.00,2025-12-20 16:56:33.980 +0900
5869,0,0,0,0,0,0,0.00,0,0.00,,50.00,50.00,50.00,2025-12-20 16:56:33.987 +0900
5870,0,0,0,0,0,0,0.00,0,0.00,,50.00,50.00,50.00,2025-12-20 16:56:33.994 +0900
5871,0,0,0,0,0,0,0.00,0,0.00,,50.00,50.00,50.00,2025-12-20 16:56:34.001 +0900
5872,0,0,0,0,0,0,0.00,0,0.00,,50.00,50.00,50.00,2025-12-20 16:56:34.008 +0900
5873,0,0,0,0,0,0,0.00,0,0.00,,50.00,50.00,50.00,2025-12-20 16:56:34.016 +0900
5874,0,0,0,0,0,0,0.00,0,0.00,,50.00,50.00,50.00,2025-12-20 16:56:34.023 +0900
5875,0,0,0,0,0,0,0.00,0,0.00,,50.00,50.00,50.00,2025-12-20 16:56:34.030 +0900
5876,0,0,0,0,0,0,0.00,0,0.00,,50.00,50.00,50.00,2025-12-20 16:56:34.037 +0900
5877,0,0,0,0,0,0,0.00,0,0.00,,50.00,50.00,50.00,2025-12-20 16:56:34.045 +0900
5878,0,0,0,0,0,0,0.00,0,0.00,,50.00,50.00,50.00,2025-12-20 16:56:34.052 +0900
5879,0,0,0,0,0,0,0.00,0,0.00,,50.00,50.00,50.00,2025-12-20 16:56:34.059 +0900
5880,0,0,0,0,0,0,0.00,0,0.00,,50.00,50.00,50.00,2025-12-20 16:56:34.067 +0900
5881,0,0,0,0,0,0,0.00,0,0.00,,50.00,50.00,50.00,2025-12-20 16:56:34.074 +0900
5882,0,0,0,0,0,0,0.00,0,0.00,,50.00,50.00,50.00,2025-12-20 16:56:34.082 +0900
5883,0,0,0,0,0,0,0.00,0,0.00,,50.00,50.00,50.00,2025-12-20 16:56:34.090 +0900
5884,0,0,0,0,0,0,0.00,0,0.00,,50.00,50.00,50.00,2025-12-20 16:56:34.096 +0900
5885,0,0,0,0,0,0,0.00,0,0.00,,50.00,50.00,50.00,2025-12-20 16:56:34.103 +0900
5886,0,0,0,0,0,0,0.00,0,0.00,,50.00,50.00,50.00,2025-12-20 16:56:34.110 +0900
5887,0,0,0,0,0,0,0.00,0,0.00,,50.00,50.00,50.00,2025-12-20 16:56:34.117 +0900
5888,0,0,0,0,0,0,0.00,0,0.00,,50.00,50.00,50.00,2025-12-20 16:56:34.124 +0900
5889,0,0,0,0,0,0,0.00,0,0.00,,50.00,50.00,50.00,2025-12-20 16:56:34.131 +0900
5890,0,0,0,0,0,0,0.00,0,0.00,,50.00,50.00,50.00,2025-12-20 16:56:34.138 +0900
5891,0,0,0,0,0,0,0.00,0,0.00,,50.00,50.00,50.00,2025-12-20 16:56:34.146 +0900
5892,0,0,0,0,0,0,0.00,0,0.00,,50.00,50.00,50.00,2025-12-20 16:56:34.153 +0900
5893,0,0,0,0,0,0,0.00,0,0.00,,50.00,50.00,50.00,2025-12-20 16:56:34.160 +0900
5894,0,0,0,0,0,0,0.00,0,0.00,,50.00,50.00,50.00,2025-12-20 16:56:34.167 +0900
5895,0,0,0,0,0,0,0.00,0,0.00,,50.00,50.00,50.00,2025-12-20 16:56:34.175 +0900
5896,0,0,0,0,0,0,0.00,0,0.00,,50.00,50.00,50.00,2025-12-20 16:56:34.182 +0900
5897,0,0,0,0,0,0,0.00,0,0.00,,50.00,50.00,50.00,2025-12-20 16:56:34.189 +0900
5898,0,0,0,0,0,0,0.00,0,0.00,,50.00,50.00,50.00,2025-12-20 16:56:34.200 +0900
5899,0,0,0,0,0,0,0.00,0,0.00,,50.00,50.00,50.00,2025-12-20 16:56:34.210 +0900
5900,0,0,0,0,0,0,0.00,0,0.00,,50.00,50.00,50.00,2025-12-20 16:56:34.219 +0900
5901,0,0,0,0,0,0,0.00,0,0.00,,50.00,50.00,50.00,2025-12-20 16:56:34.229 +0900
5902,0,0,0,0,0,0,0.00,0,0.00,,50.00,50.00,50.00,2025-12-20 16:56:34.241 +0900
5903,0,0,0,0,0,0,0.00,0,0.00,,50.00,50.00,50.00,2025-12-20 16:56:34.248 +0900
5904,0,0,0,0,0,0,0.00,0,0.00,,50.00,50.00,50.00,2025-12-20 16:56:34.254 +0900
5905,0,0,0,0,0,0,0.00,0,0.00,,50.00,50.00,50.00,2025-12-20 16:56:34.261 +0900
5906,0,0,0,0,0,0,0.00,0,0.00,,50.00,50.00,50.00,2025-12-20 16:56:34.268 +0900
5907,0,0,0,0,0,0,0.00,0,0.00,,50.00,50.00,50.00,2025-12-20 16:56:34.275 +0900
5908,0,0,0,0,0,0,0.00,0,0.00,,50.00,50.00,50.00,2025-12-20 16:56:34.282 +0900
5909,0,0,0,0,0,0,0.00,0,0.00,,50.00,50.00,50.00,2025-12-20 16:56:34.289 +0900
5910,0,0,0,0,0,0,0.00,0,0.00,,50.00,50.00,50.00,2025-12-20 16:56:34.295 +0900
5911,0,0,0,0,0,0,0.00,0,0.00,,50.00,50.00,50.00,2025-12-20 16:56:34.302 +0900
5912,0,0,0,0,0,0,0.00,0,0.00,,50.00,50.00,50.00,2025-12-20 16:56:34.309 +0900
5913,0,0,0,0,0,0,0.00,0,0.00,,50.00,50.00,50.00,2025-12-20 16:56:34.315 +0900
5914,0,0,0,0,0,0,0.00,0,0.00,,50.00,50.00,50.00,2025-12-20 16:56:34.321 +0900
5915,0,0,0,0,0,0,0.00,0,0.00,,50.00,50.00,50.00,2025-12-20 16:56:34.328 +0900
5916,0,0,0,0,0,0,0.00,0,0.00,,50.00,50.00,50.00,2025-12-20 16:56:34.334 +0900
5917,0,0,0,0,0,0,0.00,0,0.00,,50.00,50.00,50.00,2025-12-20 16:56:34.341 +0900
5918,0,0,0,0,0,0,0.00,0,0.00,,50.00,50.00,50.00,2025-12-20 16:56:34.347 +0900
5919,0,0,0,0,0,0,0.00,0,0.00,,50.00,50.00,50.00,2025-12-20 16:56:34.353 +0900
5920,0,0,0,0,0,0,0.00,0,0.00,,50.00,50.00,50.00,2025-12-20 16:56:34.360 +0900
5921,0,0,0,0,0,0,0.00,0,0.00,,50.00,50.00,50.00,2025-12-20 16:56:34.366 +0900
5922,0,0,0,0,0,0,0.00,0,0.00,,50.00,50.00,50.00,2025-12-20 16:56:34.372 +0900
5923,0,0,0,0,0,0,0.00,0,0.00,,50.00,50.00,50.00,2025-12-20 16:56:34.378 +0900
5924,0,0,0,0,0,0,0.00,0,0.00,,50.00,50.00,50.00,2025-12-20 16:56:34.385 +0900
5925,0,0,0,0,0,0,0.00,0,0.00,,50.00,50.00,50.00,2025-12-20 16:56:34.393 +0900
5926,0,0,0,0,0,0,0.00,0,0.00,,50.00,50.00,50.00,2025-12-20 16:56:34.399 +0900
5927,0,0,0,0,0,0,0.00,0,0.00,,50.00,50.00,50.00,2025-12-20 16:56:34.405 +0900
5928,0,0,0,0,0,0,0.00,0,0.00,,50.00,50.00,50.00,2025-12-20 16:56:34.412 +0900
5929,0,0,0,0,0,0,0.00,0,0.00,,50.00,50.00,50.00,2025-12-20 16:56:34.419 +0900
5930,0,0,0,0,0,0,0.00,0,0.00,,50.00,50.00,50.00,2025-12-20 16:56:34.425 +0900
5931,0,0,0,0,0,0,0.00,0,0.00,,50.00,50.00,50.00,2025-12-20 16:56:34.432 +0900
5932,0,0,0,0,0,0,0.00,0,0.00,,50.00,50.00,50.00,2025-12-20 16:56:34.439 +0900
5933,0,0,0,0,0,0,0.00,0,0.00,,50.00,50.00,50.00,2025-12-20 16:56:34.445 +0900
5934,0,0,0,0,0,0,0.00,0,0.00,,50.00,50.00,50.00,2025-12-20 16:56:34.451 +0900
5935,0,0,0,0,0,0,0.00,0,0.00,,50.00,50.00,50.00,2025-12-20 16:56:34.458 +0900
5936,0,0,0,0,0,0,0.00,0,0.00,,50.00,50.00,50.00,2025-12-20 16:56:34.465 +0900
5937,0,0,0,0,0,0,0.00,0,0.00,,50.00,50.00,50.00,2025-12-20 16:56:34.472 +0900
5938,0,0,0,0,0,0,0.00,0,0.00,,50.00,50.00,50.00,2025-12-20 16:56:34.480 +0900
5939,0,0,0,0,0,0,0.00,0,0.00,,50.00,50.00,50.00,2025-12-20 16:56:34.486 +0900
5940,0,0,0,0,0,0,0.00,0,0.00,,50.00,50.00,50.00,2025-12-20 16:56:34.494 +0900
5941,0,0,0,0,0,0,0.00,0,0.00,,50.00,50.00,50.00,2025-12-20 16:56:34.501 +0900
5942,0,0,0,0,0,0,0.00,0,0.00,,50.00,50.00,50.00,2025-12-20 16:56:34.507 +0900
5943,0,0,0,0,0,0,0.00,0,0.00,,50.00,50.00,50.00,2025-12-20 16:56:34.514 +0900
5944,0,0,0,0,0,0,0.00,0,0.00,,50.00,50.00,50.00,2025-12-20 16:56:34.520 +0900
5945,0,0,0,0,0,0,0.00,0,0.00,,50.00,50.00,50.00,2025-12-20 16:56:34.527 +0900
5946,0,0,0,0,0,0,0.00,0,0.00,,50.00,50.00,50.00,2025-12-20 16:56:34.534 +0900
5947,0,0,0,0,0,0,0.00,0,0.00,,50.00,50.00,50.00,2025-12-20 16:56:34.541 +0900
5948,0,0,0,0,0,0,0.00,0,0.00,,50.00,50.00,50.00,2025-12-20 16:56:34.548 +0900
5949,0,0,0,0,0,0,0.00,0,0.00,,50.00,50.00,50.00,2025-12-20 16:56:34.555 +0900
5950,0,0,0,0,0,0,0.00,0,0.00,,50.00,50.00,50.00,2025-12-20 16:56:34.561 +0900
5951,0,0,0,0,0,0,0.00,0,0.00,,50.00,50.00,50.00,2025-12-20 16:56:34.567 +0900
5952,0,0,0,0,0,0,0.00,0,0.00,,50.00,50.00,50.00,2025-12-20 16:56:34.574 +0900
5953,0,0,0,0,0,0,0.00,0,0.00,,50.00,50.00,50.00,2025-12-20 16:56:34.581 +0900
5954,0,0,0,0,0,0,0.00,0,0.00,,50.00,50.00,50.00,2025-12-20 16:56:34.587 +0900
5955,0,0,0,0,0,0,0.00,0,0.00,,50.00,50.00,50.00,2025-12-20 16:56:34.594 +0900
5956,0,0,0,0,0,0,0.00,0,0.00,,50.00,50.00,50.00,2025-12-20 16:56:34.600 +0900
5957,0,0,0,0,0,0,0.00,0,0.00,,50.00,50.00,50.00,2025-12-20 16:56:34.607 +0900
5958,0,0,0,0,0,0,0.00,0,0.00,,50.00,50.00,50.00,2025-12-20 16:56:34.613 +0900
5959,0,0,0,0,0,0,0.00,0,0.00,,50.00,50.00,50.00,2025-12-20 16:56:34.620 +0900
5960,0,0,0,0,0,0,0.00,0,0.00,,50.00,50.00,50.00,2025-12-20 16:56:34.627 +0900
5961,0,0,0,0,0,0,0.00,0,0.00,,50.00,50.00,50.00,2025-12-20 16:56:34.633 +0900
5962,0,0,0,0,0,0,0.00,0,0.00,,50.00,50.00,50.00,2025-12-20 16:56:34.641 +0900
5963,0,0,0,0,0,0,0.00,0,0.00,,50.00,50.00,50.00,2025-12-20 16:56:34.648 +0900
5964,0,0,0,0,0,0,0.00,0,0.00,,50.00,50.00,50.00,2025-12-20 16:56:34.655 +0900
5965,0,0,0,0,0,0,0.00,0,0.00,,50.00,50.00,50.00,2025-12-20 16:56:34.661 +0900
5966,0,0,0,0,0,0,0.00,0,0.00,,50.00,50.00,50.00,2025-12-20 16:56:34.668 +0900
5967,0,0,0,0,0,0,0.00,0,0.00,,50.00,50.00,50.00,2025-12-20 16:56:34.675 +0900
5968,0,0,0,0,0,0,0.00,0,0.00,,50.00,50.00,50.00,2025-12-20 16:56:34.681 +0900
5969,0,0,0,0,0,0,0.00,0,0.00,,50.00,50.00,50.00,2025-12-20 16:56:34.688 +0900
5970,0,0,0,0,0,0,0.00,0,0.00,,50.00,50.00,50.00,2025-12-20 16:56:34.694 +0900
5971,0,0,0,0,0,0,0.00,0,0.00,,50.00,50.00,50.00,2025-12-20 16:56:34.701 +0900
5972,0,0,0,0,0,0,0.00,0,0.00,,50.00,50.00,50.00,2025-12-20 16:56:34.709 +0900
5973,0,0,0,0,0,0,0.00,0,0.00,,50.00,50.00,50.00,2025-12-20 16:56:34.715 +0900
5974,0,0,0,0,0,0,0.00,0,0.00,,50.00,50.00,50.00,2025-12-20 16:56:34.721 +0900
5975,0,0,0,0,0,0,0.00,0,0.00,,50.00,50.00,50.00,2025-12-20 16:56:34.728 +0900
5976,0,0,0,0,0,0,0.00,0,0.00,,50.00,50.00,50.00,2025-12-20 16:56:34.734 +0900
5977,0,0,0,0,0,0,0.00,0,0.00,,50.00,50.00,50.00,2025-12-20 16:56:34.741 +0900
5978,0,0,0,0,0,0,0.00,0,0.00,,50.00,50.00,50.00,2025-12-20 16:56:34.748 +0900
5979,0,0,0,0,0,0,0.00,0,0.00,,50.00,50.00,50.00,2025-12-20 16:56:34.755 +0900
5980,0,0,0,0,0,0,0.00,0,0.00,,50.00,50.00,50.00,2025-12-20 16:56:34.762 +0900
5981,0,0,0,0,0,0,0.00,0,0.00,,50.00,50.00,50.00,2025-12-20 16:56:34.769 +0900
5982,0,0,0,0,0,0,0.00,0,0.00,,50.00,50.00,50.00,2025-12-20 16:56:34.777 +0900
5983,0,0,0,0,0,0,0.00,0,0.00,,50.00,50.00,50.00,2025-12-20 16:56:34.785 +0900
5984,0,0,0,0,0,0,0.00,0,0.00,,50.00,50.00,50.00,2025-12-20 16:56:34.791 +0900
5985,0,0,0,0,0,0,0.00,0,0.00,,50.00,50.00,50.00,2025-12-20 16:56:34.798 +0900
5986,0,0,0,0,0,0,0.00,0,0.00,,50.00,50.00,50.00,2025-12-20 16:56:34.806 +0900
5987,0,0,0,0,0,0,0.00,0,0.00,,50.00,50.00,50.00,2025-12-20 16:56:34.813 +0900
5988,0,0,0,0,0,0,0.00,0,0.00,,50.00,50.00,50.00,2025-12-20 16:56:34.820 +0900
5989,0,0,0,0,0,0,0.00,0,0.00,,50.00,50.00,50.00,2025-12-20 16:56:34.827 +0900
5990,0,0,0,0,0,0,0.00,0,0.00,,50.00,50.00,50.00,2025-12-20 16:56:34.834 +0900
5991,0,0,0,0,0,0,0.00,0,0.00,,50.00,50.00,50.00,2025-12-20 16:56:34.842 +0900
5992,0,0,0,0,0,0,0.00,0,0.00,,50.00,50.00,50.00,2025-12-20 16:56:34.849 +0900
5993,0,0,0,0,0,0,0.00,0,0.00,,50.00,50.00,50.00,2025-12-20 16:56:34.856 +0900
5994,0,0,0,0,0,0,0.00,0,0.00,,50.00,50.00,50.00,2025-12-20 16:56:34.863 +0900
5995,0,0,0,0,0,0,0.00,0,0.00,,50.00,50.00,50.00,2025-12-20 16:56:34.871 +0900
5996,0,0,0,0,0,0,0.00,0,0.00,,50.00,50.00,50.00,2025-12-20 16:56:34.877 +0900
5997,0,0,0,0,0,0,0.00,0,0.00,,50.00,50.00,50.00,2025-12-20 16:56:34.884 +0900
5998,0,0,0,0,0,0,0.00,0,0.00,,50.00,50.00,50.00,2025-12-20 16:56:34.892 +0900
5999,0,0,0,0,0,0,0.00,0,0.00,,50.00,50.00,50.00,2025-12-20 16:56:34.899 +0900
6000,0,0,0,0,0,0,0.00,0,0.00,,50.00,50.00,50.00,2025-12-20 16:56:34.906 +0900
6001,0,0,0,0,0,0,0.00,0,0.00,,50.00,50.00,50.00,2025-12-20 16:56:34.914 +0900
6002,0,0,0,0,0,0,0.00,0,0.00,,50.00,50.00,50.00,2025-12-20 16:56:34.922 +0900
6003,0,0,0,0,0,0,0.00,0,0.00,,50.00,50.00,50.00,2025-12-20 16:56:34.929 +0900
6004,0,0,0,0,0,0,0.00,0,0.00,,50.00,50.00,50.00,2025-12-20 16:56:34.937 +0900
6005,0,0,0,0,0,0,0.00,0,0.00,,50.00,50.00,50.00,2025-12-20 16:56:34.944 +0900
6006,0,0,0,0,0,0,0.00,0,0.00,,50.00,50.00,50.00,2025-12-20 16:56:34.951 +0900
6007,0,0,0,0,0,0,0.00,0,0.00,,50.00,50.00,50.00,2025-12-20 16:56:34.958 +0900
6008,0,0,0,0,0,0,0.00,0,0.00,,50.00,50.00,50.00,2025-12-20 16:56:34.966 +0900
6009,0,0,0,0,0,0,0.00,0,0.00,,50.00,50.00,50.00,2025-12-20 16:56:34.972 +0900
6010,0,0,0,0,0,0,0.00,0,0.00,,50.00,50.00,50.00,2025-12-20 16:56:34.980 +0900
6011,0,0,0,0,0,0,0.00,0,0.00,,50.00,50.00,50.00,2025-12-20 16:56:34.988 +0900
6012,0,0,0,0,0,0,0.00,0,0.00,,50.00,50.00,50.00,2025-12-20 16:56:34.995 +0900
6013,0,0,0,0,0,0,0.00,0,0.00,,50.00,50.00,50.00,2025-12-20 16:56:35.002 +0900
6014,0,0,0,0,0,0,0.00,0,0.00,,50.00,50.00,50.00,2025-12-20 16:56:35.009 +0900
6015,0,0,0,0,0,0,0.00,0,0.00,,50.00,50.00,50.00,2025-12-20 16:56:35.016 +0900
6016,0,0,0,0,0,0,0.00,0,0.00,,50.00,50.00,50.00,2025-12-20 16:56:35.023 +0900
6017,0,0,0,0,0,0,0.00,0,0.00,,50.00,50.00,50.00,2025-12-20 16:56:35.030 +0900
6018,0,0,0,0,0,0,0.00,0,0.00,,50.00,50.00,50.00,2025-12-20 16:56:35.036 +0900
6019,0,0,0,0,0,0,0.00,0,0.00,,50.00,50.00,50.00,2025-12-20 16:56:35.043 +0900
6020,0,0,0,0,0,0,0.00,0,0.00,,50.00,50.00,50.00,2025-12-20 16:56:35.050 +0900
6021,0,0,0,0,0,0,0.00,0,0.00,,50.00,50.00,50.00,2025-12-20 16:56:35.058 +0900
6022,0,0,0,0,0,0,0.00,0,0.00,,50.00,50.00,50.00,2025-12-20 16:56:35.064 +0900
6023,0,0,0,0,0,0,0.00,0,0.00,,50.00,50.00,50.00,2025-12-20 16:56:35.071 +0900
6024,0,0,0,0,0,0,0.00,0,0.00,,50.00,50.00,50.00,2025-12-20 16:56:35.077 +0900
6025,0,0,0,0,0,0,0.00,0,0.00,,50.00,50.00,50.00,2025-12-20 16:56:35.084 +0900
6026,0,0,0,0,0,0,0.00,0,0.00,,50.00,50.00,50.00,2025-12-20 16:56:35.090 +0900
6027,0,0,0,0,0,0,0.00,0,0.00,,50.00,50.00,50.00,2025-12-20 16:56:35.097 +0900
6028,0,0,0,0,0,0,0.00,0,0.00,,50.00,50.00,50.00,2025-12-20 16:56:35.103 +0900
6029,0,0,0,0,0,0,0.00,0,0.00,,50.00,50.00,50.00,2025-12-20 16:56:35.110 +0900
6030,0,0,0,0,0,0,0.00,0,0.00,,50.00,50.00,50.00,2025-12-20 16:56:35.116 +0900
6031,0,0,0,0,0,0,0.00,0,0.00,,50.00,50.00,50.00,2025-12-20 16:56:35.123 +0900
6032,0,0,0,0,0,0,0.00,0,0.00,,50.00,50.00,50.00,2025-12-20 16:56:35.129 +0900
6033,0,0,0,0,0,0,0.00,0,0.00,,50.00,50.00,50.00,2025-12-20 16:56:35.135 +0900
6034,0,0,0,0,0,0,0.00,0,0.00,,50.00,50.00,50.00,2025-12-20 16:56:35.142 +0900
6035,0,0,0,0,0,0,0.00,0,0.00,,50.00,50.00,50.00,2025-12-20 16:56:35.148 +0900
6036,0,0,0,0,0,0,0.00,0,0.00,,50.00,50.00,50.00,2025-12-20 16:56:35.154 +0900
6037,0,0,0,0,0,0,0.00,0,0.00,,50.00,50.00,50.00,2025-12-20 16:56:35.160 +0900
6038,0,0,0,0,0,0,0.00,0,0.00,,50.00,50.00,50.00,2025-12-20 16:56:35.167 +0900
6039,0,0,0,0,0,0,0.00,0,0.00,,50.00,50.00,50.00,2025-12-20 16:56:35.173 +0900
6040,0,0,0,0,0,0,0.00,0,0.00,,50.00,50.00,50.00,2025-12-20 16:56:35.180 +0900
6041,0,0,0,0,0,0,0.00,0,0.00,,50.00,50.00,50.00,2025-12-20 16:56:35.186 +0900
6042,0,0,0,0,0,0,0.00,0,0.00,,50.00,50.00,50.00,2025-12-20 16:56:35.192 +0900
6043,0,0,0,0,0,0,0.00,0,0.00,,50.00,50.00,50.00,2025-12-20 16:56:35.199 +0900
6044,0,0,0,0,0,0,0.00,0,0.00,,50.00,50.00,50.00,2025-12-20 16:56:35.205 +0900
6045,0,0,0,0,0,0,0.00,0,0.00,,50.00,50.00,50.00,2025-12-20 16:56:35.212 +0900
6046,0,0,0,0,0,0,0.00,0,0.00,,50.00,50.00,50.00,2025-12-20 16:56:35.218 +0900
6047,0,0,0,0,0,0,0.00,0,0.00,,50.00,50.00,50.00,2025-12-20 16:56:35.225 +0900
6048,0,0,0,0,0,0,0.00,0,0.00,,50.00,50.00,50.00,2025-12-20 16:56:35.232 +0900
6049,0,0,0,0,0,0,0.00,0,0.00,,50.00,50.00,50.00,2025-12-20 16:56:35.238 +0900
6050,0,0,0,0,0,0,0.00,0,0.00,,50.00,50.00,50.00,2025-12-20 16:56:35.245 +0900
6051,0,0,0,0,0,0,0.00,0,0.00,,50.00,50.00,50.00,2025-12-20 16:56:35.251 +0900
6052,0,0,0,0,0,0,0.00,0,0.00,,50.00,50.00,50.00,2025-12-20 16:56:35.258 +0900
6053,0,0,0,0,0,0,0.00,0,0.00,,50.00,50.00,50.00,2025-12-20 16:56:35.264 +0900
6054,0,0,0,0,0,0,0.00,0,0.00,,50.00,50.00,50.00,2025-12-20 16:56:35.271 +0900
6055,0,0,0,0,0,0,0.00,0,0.00,,50.00,50.00,50.00,2025-12-20 16:56:35.277 +0900
6056,0,0,0,0,0,0,0.00,0,0.00,,50.00,50.00,50.00,2025-12-20 16:56:35.284 +0900
6057,0,0,0,0,0,0,0.00,0,0.00,,50.00,50.00,50.00,2025-12-20 16:56:35.290 +0900
6058,0,0,0,0,0,0,0.00,0,0.00,,50.00,50.00,50.00,2025-12-20 16:56:35.297 +0900
6059,0,0,0,0,0,0,0.00,0,0.00,,50.00,50.00,50.00,2025-12-20 16:56:35.304 +0900
6060,0,0,0,0,0,0,0.00,0,0.00,,50.00,50.00,50.00,2025-12-20 16:56:35.311 +0900
6061,0,0,0,0,0,0,0.00,0,0.00,,50.00,50.00,50.00,2025-12-20 16:56:35.317 +0900
6062,0,0,0,0,0,0,0.00,0,0.00,,50.00,50.00,50.00,2025-12-20 16:56:35.323 +0900
6063,0,0,0,0,0,0,0.00,0,0.00,,50.00,50.00,50.00,2025-12-20 16:56:35.330 +0900
6064,0,0,0,0,0,0,0.00,0,0.00,,50.00,50.00,50.00,2025-12-20 16:56:35.337 +0900
6065,0,0,0,0,0,0,0.00,0,0.00,,50.00,50.00,50.00,2025-12-20 16:56:35.344 +0900
6066,0,0,0,0,0,0,0.00,0,0.00,,50.00,50.00,50.00,2025-12-20 16:56:35.351 +0900
6067,0,0,0,0,0,0,0.00,0,0.00,,50.00,50.00,50.00,2025-12-20 16:56:35.358 +0900
6068,0,0,0,0,0,0,0.00,0,0.00,,50.00,50.00,50.00,2025-12-20 16:56:35.364 +0900
6069,0,0,0,0,0,0,0.00,0,0.00,,50.00,50.00,50.00,2025-12-20 16:56:35.371 +0900
6070,0,0,0,0,0,0,0.00,0,0.00,,50.00,50.00,50.00,2025-12-20 16:56:35.377 +0900
6071,0,0,0,0,0,0,0.00,0,0.00,,50.00,50.00,50.00,2025-12-20 16:56:35.384 +0900
6072,0,0,0,0,0,0,0.00,0,0.00,,50.00,50.00,50.00,2025-12-20 16:56:35.391 +0900
6073,0,0,0,0,0,0,0.00,0,0.00,,50.00,50.00,50.00,2025-12-20 16:56:35.397 +0900
6074,0,0,0,0,0,0,0.00,0,0.00,,50.00,50.00,50.00,2025-12-20 16:56:35.403 +0900
6075,0,0,0,0,0,0,0.00,0,0.00,,50.00,50.00,50.00,2025-12-20 16:56:35.410 +0900
6076,0,0,0,0,0,0,0.00,0,0.00,,50.00,50.00,50.00,2025-12-20 16:56:35.417 +0900
6077,0,0,0,0,0,0,0.00,0,0.00,,50.00,50.00,50.00,2025-12-20 16:56:35.423 +0900
6078,0,0,0,0,0,0,0.00,0,0.00,,50.00,50.00,50.00,2025-12-20 16:56:35.430 +0900
6079,0,0,0,0,0,0,0.00,0,0.00,,50.00,50.00,50.00,2025-12-20 16:56:35.436 +0900
6080,0,0,0,0,0,0,0.00,0,0.00,,50.00,50.00,50.00,2025-12-20 16:56:35.442 +0900
6081,0,0,0,0,0,0,0.00,0,0.00,,50.00,50.00,50.00,2025-12-20 16:56:35.449 +0900
6082,0,0,0,0,0,0,0.00,0,0.00,,50.00,50.00,50.00,2025-12-20 16:56:35.455 +0900
6083,0,0,0,0,0,0,0.00,0,0.00,,50.00,50.00,50.00,2025-12-20 16:56:35.461 +0900
6084,0,0,0,0,0,0,0.00,0,0.00,,50.00,50.00,50.00,2025-12-20 16:56:35.468 +0900
6085,0,0,0,0,0,0,0.00,0,0.00,,50.00,50.00,50.00,2025-12-20 16:56:35.474 +0900
6086,0,0,0,0,0,0,0.00,0,0.00,,50.00,50.00,50.00,2025-12-20 16:56:35.481 +0900
6087,0,0,0,0,0,0,0.00,0,0.00,,50.00,50.00,50.00,2025-12-20 16:56:35.487 +0900
6088,0,0,0,0,0,0,0.00,0,0.00,,50.00,50.00,50.00,2025-12-20 16:56:35.494 +0900
6089,0,0,0,0,0,0,0.00,0,0.00,,50.00,50.00,50.00,2025-12-20 16:56:35.500 +0900
6090,0,0,0,0,0,0,0.00,0,0.00,,50.00,50.00,50.00,2025-12-20 16:56:35.507 +0900
6091,0,0,0,0,0,0,0.00,0,0.00,,50.00,50.00,50.00,2025-12-20 16:56:35.514 +0900
6092,0,0,0,0,0,0,0.00,0,0.00,,50.00,50.00,50.00,2025-12-20 16:56:35.520 +0900
6093,0,0,0,0,0,0,0.00,0,0.00,,50.00,50.00,50.00,2025-12-20 16:56:35.527 +0900
6094,0,0,0,0,0,0,0.00,0,0.00,,50.00,50.00,50.00,2025-12-20 16:56:35.534 +0900
6095,0,0,0,0,0,0,0.00,0,0.00,,50.00,50.00,50.00,2025-12-20 16:56:35.540 +0900
6096,0,0,0,0,0,0,0.00,0,0.00,,50.00,50.00,50.00,2025-12-20 16:56:35.547 +0900
6097,0,0,0,0,0,0,0.00,0,0.00,,50.00,50.00,50.00,2025-12-20 16:56:35.553 +0900
6098,0,0,0,0,0,0,0.00,0,0.00,,50.00,50.00,50.00,2025-12-20 16:56:35.560 +0900
6099,0,0,0,0,0,0,0.00,0,0.00,,50.00,50.00,50.00,2025-12-20 16:56:35.566 +0900
6100,0,0,0,0,0,0,0.00,0,0.00,,50.00,50.00,50.00,2025-12-20 16:56:35.573 +0900
6101,0,0,0,0,0,0,0.00,0,0.00,,50.00,50.00,50.00,2025-12-20 16:56:35.580 +0900
6102,0,0,0,0,0,0,0.00,0,0.00,,50.00,50.00,50.00,2025-12-20 16:56:35.586 +0900
6103,0,0,0,0,0,0,0.00,0,0.00,,50.00,50.00,50.00,2025-12-20 16:56:35.593 +0900
6104,0,0,0,0,0,0,0.00,0,0.00,,50.00,50.00,50.00,2025-12-20 16:56:35.599 +0900
6105,0,0,0,0,0,0,0.00,0,0.00,,50.00,50.00,50.00,2025-12-20 16:56:35.606 +0900
6106,0,0,0,0,0,0,0.00,0,0.00,,50.00,50.00,50.00,2025-12-20 16:56:35.612 +0900
6107,0,0,0,0,0,0,0.00,0,0.00,,50.00,50.00,50.00,2025-12-20 16:56:35.619 +0900
6108,0,0,0,0,0,0,0.00,0,0.00,,50.00,50.00,50.00,2025-12-20 16:56:35.625 +0900
6109,0,0,0,0,0,0,0.00,0,0.00,,50.00,50.00,50.00,2025-12-20 16:56:35.632 +0900
6110,0,0,0,0,0,0,0.00,0,0.00,,50.00,50.00,50.00,2025-12-20 16:56:35.638 +0900
6111,0,0,0,0,0,0,0.00,0,0.00,,50.00,50.00,50.00,2025-12-20 16:56:35.644 +0900
6112,0,0,0,0,0,0,0.00,0,0.00,,50.00,50.00,50.00,2025-12-20 16:56:35.652 +0900
6113,0,0,0,0,0,0,0.00,0,0.00,,50.00,50.00,50.00,2025-12-20 16:56:35.659 +0900
6114,0,0,0,0,0,0,0.00,0,0.00,,50.00,50.00,50.00,2025-12-20 16:56:35.665 +0900
6115,0,0,0,0,0,0,0.00,0,0.00,,50.00,50.00,50.00,2025-12-20 16:56:35.672 +0900
6116,0,0,0,0,0,0,0.00,0,0.00,,50.00,50.00,50.00,2025-12-20 16:56:35.679 +0900
6117,0,0,0,0,0,0,0.00,0,0.00,,50.00,50.00,50.00,2025-12-20 16:56:35.685 +0900
6118,0,0,0,0,0,0,0.00,0,0.00,,50.00,50.00,50.00,2025-12-20 16:56:35.692 +0900
6119,0,0,0,0,0,0,0.00,0,0.00,,50.00,50.00,50.00,2025-12-20 16:56:35.698 +0900
6120,0,0,0,0,0,0,0.00,0,0.00,,50.00,50.00,50.00,2025-12-20 16:56:35.704 +0900
6121,0,0,0,0,0,0,0.00,0,0.00,,50.00,50.00,50.00,2025-12-20 16:56:35.711 +0900
6122,0,0,0,0,0,0,0.00,0,0.00,,50.00,50.00,50.00,2025-12-20 16:56:35.717 +0900
6123,0,0,0,0,0,0,0.00,0,0.00,,50.00,50.00,50.00,2025-12-20 16:56:35.724 +0900
6124,0,0,0,0,0,0,0.00,0,0.00,,50.00,50.00,50.00,2025-12-20 16:56:35.730 +0900
6125,0,0,0,0,0,0,0.00,0,0.00,,50.00,50.00,50.00,2025-12-20 16:56:35.737 +0900
6126,0,0,0,0,0,0,0.00,0,0.00,,50.00,50.00,50.00,2025-12-20 16:56:35.743 +0900
6127,0,0,0,0,0,0,0.00,0,0.00,,50.00,50.00,50.00,2025-12-20 16:56:35.750 +0900
6128,0,0,0,0,0,0,0.00,0,0.00,,50.00,50.00,50.00,2025-12-20 16:56:35.757 +0900
6129,0,0,0,0,0,0,0.00,0,0.00,,50.00,50.00,50.00,2025-12-20 16:56:35.765 +0900
6130,0,0,0,0,0,0,0.00,0,0.00,,50.00,50.00,50.00,2025-12-20 16:56:35.772 +0900
6131,0,0,0,0,0,0,0.00,0,0.00,,50.00,50.00,50.00,2025-12-20 16:56:35.779 +0900
6132,0,0,0,0,0,0,0.00,0,0.00,,50.00,50.00,50.00,2025-12-20 16:56:35.786 +0900
6133,0,0,0,0,0,0,0.00,0,0.00,,50.00,50.00,50.00,2025-12-20 16:56:35.793 +0900
6134,0,0,0,0,0,0,0.00,0,0.00,,50.00,50.00,50.00,2025-12-20 16:56:35.800 +0900
6135,0,0,0,0,0,0,0.00,0,0.00,,50.00,50.00,50.00,2025-12-20 16:56:35.806 +0900
6136,0,0,0,0,0,0,0.00,0,0.00,,50.00,50.00,50.00,2025-12-20 16:56:35.814 +0900
6137,0,0,0,0,0,0,0.00,0,0.00,,50.00,50.00,50.00,2025-12-20 16:56:35.820 +0900
6138,0,0,0,0,0,0,0.00,0,0.00,,50.00,50.00,50.00,2025-12-20 16:56:35.827 +0900
6139,0,0,0,0,0,0,0.00,0,0.00,,50.00,50.00,50.00,2025-12-20 16:56:35.834 +0900
6140,0,0,0,0,0,0,0.00,0,0.00,,50.00,50.00,50.00,2025-12-20 16:56:35.840 +0900
6141,0,0,0,0,0,0,0.00,0,0.00,,50.00,50.00,50.00,2025-12-20 16:56:35.847 +0900
6142,0,0,0,0,0,0,0.00,0,0.00,,50.00,50.00,50.00,2025-12-20 16:56:35.854 +0900
6143,0,0,0,0,0,0,0.00,0,0.00,,50.00,50.00,50.00,2025-12-20 16:56:35.860 +0900
6144,0,0,0,0,0,0,0.00,0,0.00,,50.00,50.00,50.00,2025-12-20 16:56:35.867 +0900
6145,0,0,0,0,0,0,0.00,0,0.00,,50.00,50.00,50.00,2025-12-20 16:56:35.873 +0900
6146,0,0,0,0,0,0,0.00,0,0.00,,50.00,50.00,50.00,2025-12-20 16:56:35.881 +0900
6147,0,0,0,0,0,0,0.00,0,0.00,,50.00,50.00,50.00,2025-12-20 16:56:35.887 +0900
6148,0,0,0,0,0,0,0.00,0,0.00,,50.00,50.00,50.00,2025-12-20 16:56:35.894 +0900
6149,0,0,0,0,0,0,0.00,0,0.00,,50.00,50.00,50.00,2025-12-20 16:56:35.902 +0900
6150,0,0,0,0,0,0,0.00,0,0.00,,50.00,50.00,50.00,2025-12-20 16:56:35.909 +0900
6151,0,0,0,0,0,0,0.00,0,0.00,,50.00,50.00,50.00,2025-12-20 16:56:35.916 +0900
6152,0,0,0,0,0,0,0.00,0,0.00,,50.00,50.00,50.00,2025-12-20 16:56:35.922 +0900
6153,0,0,0,0,0,0,0.00,0,0.00,,50.00,50.00,50.00,2025-12-20 16:56:35.929 +0900
6154,0,0,0,0,0,0,0.00,0,0.00,,50.00,50.00,50.00,2025-12-20 16:56:35.937 +0900
6155,0,0,0,0,0,0,0.00,0,0.00,,50.00,50.00,50.00,2025-12-20 16:56:35.944 +0900
6156,0,0,0,0,0,0,0.00,0,0.00,,50.00,50.00,50.00,2025-12-20 16:56:35.951 +0900
6157,0,0,0,0,0,0,0.00,0,0.00,,50.00,50.00,50.00,2025-12-20 16:56:35.958 +0900
6158,0,0,0,0,0,0,0.00,0,0.00,,50.00,50.00,50.00,2025-12-20 16:56:35.965 +0900
6159,0,0,0,0,0,0,0.00,0,0.00,,50.00,50.00,50.00,2025-12-20 16:56:35.972 +0900
6160,0,0,0,0,0,0,0.00,0,0.00,,50.00,50.00,50.00,2025-12-20 16:56:35.978 +0900
6161,0,0,0,0,0,0,0.00,0,0.00,,50.00,50.00,50.00,2025-12-20 16:56:35.985 +0900
6162,0,0,0,0,0,0,0.00,0,0.00,,50.00,50.00,50.00,2025-12-20 16:56:35.991 +0900
6163,0,0,0,0,0,0,0.00,0,0.00,,50.00,50.00,50.00,2025-12-20 16:56:35.998 +0900
6164,0,0,0,0,0,0,0.00,0,0.00,,50.00,50.00,50.00,2025-12-20 16:56:36.005 +0900
6165,0,0,0,0,0,0,0.00,0,0.00,,50.00,50.00,50.00,2025-12-20 16:56:36.012 +0900
6166,0,0,0,0,0,0,0.00,0,0.00,,50.00,50.00,50.00,2025-12-20 16:56:36.020 +0900
6167,0,0,0,0,0,0,0.00,0,0.00,,50.00,50.00,50.00,2025-12-20 16:56:36.029 +0900
6168,0,0,0,0,0,0,0.00,0,0.00,,50.00,50.00,50.00,2025-12-20 16:56:36.040 +0900
6169,0,0,0,0,0,0,0.00,0,0.00,,50.00,50.00,50.00,2025-12-20 16:56:36.049 +0900
6170,0,0,0,0,0,0,0.00,0,0.00,,50.00,50.00,50.00,2025-12-20 16:56:36.057 +0900
6171,0,0,0,0,0,0,0.00,0,0.00,,50.00,50.00,50.00,2025-12-20 16:56:36.068 +0900
6172,0,0,0,0,0,0,0.00,0,0.00,,50.00,50.00,50.00,2025-12-20 16:56:36.079 +0900
6173,0,0,0,0,0,0,0.00,0,0.00,,50.00,50.00,50.00,2025-12-20 16:56:36.086 +0900
6174,0,0,0,0,0,0,0.00,0,0.00,,50.00,50.00,50.00,2025-12-20 16:56:36.092 +0900
6175,0,0,0,0,0,0,0.00,0,0.00,,50.00,50.00,50.00,2025-12-20 16:56:36.099 +0900
6176,0,0,0,0,0,0,0.00,0,0.00,,50.00,50.00,50.00,2025-12-20 16:56:36.106 +0900
6177,0,0,0,0,0,0,0.00,0,0.00,,50.00,50.00,50.00,2025-12-20 16:56:36.112 +0900
6178,0,0,0,0,0,0,0.00,0,0.00,,50.00,50.00,50.00,2025-12-20 16:56:36.119 +0900
6179,0,0,0,0,0,0,0.00,0,0.00,,50.00,50.00,50.00,2025-12-20 16:56:36.126 +0900
6180,0,0,0,0,0,0,0.00,0,0.00,,50.00,50.00,50.00,2025-12-20 16:56:36.133 +0900
6181,0,0,0,0,0,0,0.00,0,0.00,,50.00,50.00,50.00,2025-12-20 16:56:36.140 +0900
6182,0,0,0,0,0,0,0.00,0,0.00,,50.00,50.00,50.00,2025-12-20 16:56:36.147 +0900
6183,0,0,0,0,0,0,0.00,0,0.00,,50.00,50.00,50.00,2025-12-20 16:56:36.154 +0900
6184,0,0,0,0,0,0,0.00,0,0.00,,50.00,50.00,50.00,2025-12-20 16:56:36.160 +0900
6185,0,0,0,0,0,0,0.00,0,0.00,,50.00,50.00,50.00,2025-12-20 16:56:36.167 +0900
6186,0,0,0,0,0,0,0.00,0,0.00,,50.00,50.00,50.00,2025-12-20 16:56:36.174 +0900
6187,0,0,0,0,0,0,0.00,0,0.00,,50.00,50.00,50.00,2025-12-20 16:56:36.180 +0900
6188,0,0,0,0,0,0,0.00,0,0.00,,50.00,50.00,50.00,2025-12-20 16:56:36.187 +0900
6189,0,0,0,0,0,0,0.00,0,0.00,,50.00,50.00,50.00,2025-12-20 16:56:36.194 +0900
6190,0,0,0,0,0,0,0.00,0,0.00,,50.00,50.00,50.00,2025-12-20 16:56:36.201 +0900
6191,0,0,0,0,0,0,0.00,0,0.00,,50.00,50.00,50.00,2025-12-20 16:56:36.207 +0900
6192,0,0,0,0,0,0,0.00,0,0.00,,50.00,50.00,50.00,2025-12-20 16:56:36.214 +0900
6193,0,0,0,0,0,0,0.00,0,0.00,,50.00,50.00,50.00,2025-12-20 16:56:36.221 +0900
6194,0,0,0,0,0,0,0.00,0,0.00,,50.00,50.00,50.00,2025-12-20 16:56:36.227 +0900
6195,0,0,0,0,0,0,0.00,0,0.00,,50.00,50.00,50.00,2025-12-20 16:56:36.234 +0900
6196,0,0,0,0,0,0,0.00,0,0.00,,50.00,50.00,50.00,2025-12-20 16:56:36.241 +0900
6197,0,0,0,0,0,0,0.00,0,0.00,,50.00,50.00,50.00,2025-12-20 16:56:36.248 +0900
6198,0,0,0,0,0,0,0.00,0,0.00,,50.00,50.00,50.00,2025-12-20 16:56:36.255 +0900
6199,0,0,0,0,0,0,0.00,0,0.00,,50.00,50.00,50.00,2025-12-20 16:56:36.261 +0900
6200,0,0,0,0,0,0,0.00,0,0.00,,50.00,50.00,50.00,2025-12-20 16:56:36.268 +0900
6201,0,0,0,0,0,0,0.00,0,0.00,,50.00,50.00,50.00,2025-12-20 16:56:36.274 +0900
6202,0,0,0,0,0,0,0.00,0,0.00,,50.00,50.00,50.00,2025-12-20 16:56:36.281 +0900
6203,0,0,0,0,0,0,0.00,0,0.00,,50.00,50.00,50.00,2025-12-20 16:56:36.288 +0900
6204,0,0,0,0,0,0,0.00,0,0.00,,50.00,50.00,50.00,2025-12-20 16:56:36.294 +0900
6205,0,0,0,0,0,0,0.00,0,0.00,,50.00,50.00,50.00,2025-12-20 16:56:36.301 +0900
6206,0,0,0,0,0,0,0.00,0,0.00,,50.00,50.00,50.00,2025-12-20 16:56:36.308 +0900
6207,0,0,0,0,0,0,0.00,0,0.00,,50.00,50.00,50.00,2025-12-20 16:56:36.314 +0900
6208,0,0,0,0,0,0,0.00,0,0.00,,50.00,50.00,50.00,2025-12-20 16:56:36.321 +0900
6209,0,0,0,0,0,0,0.00,0,0.00,,50.00,50.00,50.00,2025-12-20 16:56:36.328 +0900
6210,0,0,0,0,0,0,0.00,0,0.00,,50.00,50.00,50.00,2025-12-20 16:56:36.334 +0900
6211,0,0,0,0,0,0,0.00,0,0.00,,50.00,50.00,50.00,2025-12-20 16:56:36.341 +0900
6212,0,0,0,0,0,0,0.00,0,0.00,,50.00,50.00,50.00,2025-12-20 16:56:36.348 +0900
6213,0,0,0,0,0,0,0.00,0,0.00,,50.00,50.00,50.00,2025-12-20 16:56:36.354 +0900
6214,0,0,0,0,0,0,0.00,0,0.00,,50.00,50.00,50.00,2025-12-20 16:56:36.360 +0900
6215,0,0,0,0,0,0,0.00,0,0.00,,50.00,50.00,50.00,2025-12-20 16:56:36.367 +0900
6216,0,0,0,0,0,0,0.00,0,0.00,,50.00,50.00,50.00,2025-12-20 16:56:36.373 +0900
6217,0,0,0,0,0,0,0.00,0,0.00,,50.00,50.00,50.00,2025-12-20 16:56:36.380 +0900
6218,0,0,0,0,0,0,0.00,0,0.00,,50.00,50.00,50.00,2025-12-20 16:56:36.386 +0900
6219,0,0,0,0,0,0,0.00,0,0.00,,50.00,50.00,50.00,2025-12-20 16:56:36.392 +0900
6220,0,0,0,0,0,0,0.00,0,0.00,,50.00,50.00,50.00,2025-12-20 16:56:36.399 +0900
6221,0,0,0,0,0,0,0.00,0,0.00,,50.00,50.00,50.00,2025-12-20 16:56:36.406 +0900
6222,0,0,0,0,0,0,0.00,0,0.00,,50.00,50.00,50.00,2025-12-20 16:56:36.413 +0900
6223,0,0,0,0,0,0,0.00,0,0.00,,50.00,50.00,50.00,2025-12-20 16:56:36.420 +0900
6224,0,0,0,0,0,0,0.00,0,0.00,,50.00,50.00,50.00,2025-12-20 16:56:36.427 +0900
6225,0,0,0,0,0,0,0.00,0,0.00,,50.00,50.00,50.00,2025-12-20 16:56:36.434 +0900
6226,0,0,0,0,0,0,0.00,0,0.00,,50.00,50.00,50.00,2025-12-20 16:56:36.440 +0900
6227,0,0,0,0,0,0,0.00,0,0.00,,50.00,50.00,50.00,2025-12-20 16:56:36.447 +0900
6228,0,0,0,0,0,0,0.00,0,0.00,,50.00,50.00,50.00,2025-12-20 16:56:36.454 +0900
6229,0,0,0,0,0,0,0.00,0,0.00,,50.00,50.00,50.00,2025-12-20 16:56:36.460 +0900
6230,0,0,0,0,0,0,0.00,0,0.00,,50.00,50.00,50.00,2025-12-20 16:56:36.467 +0900
6231,0,0,0,0,0,0,0.00,0,0.00,,50.00,50.00,50.00,2025-12-20 16:56:36.474 +0900
6232,0,0,0,0,0,0,0.00,0,0.00,,50.00,50.00,50.00,2025-12-20 16:56:36.481 +0900
6233,0,0,0,0,0,0,0.00,0,0.00,,50.00,50.00,50.00,2025-12-20 16:56:36.487 +0900
6234,0,0,0,0,0,0,0.00,0,0.00,,50.00,50.00,50.00,2025-12-20 16:56:36.494 +0900
6235,0,0,0,0,0,0,0.00,0,0.00,,50.00,50.00,50.00,2025-12-20 16:56:36.501 +0900
6236,0,0,0,0,0,0,0.00,0,0.00,,50.00,50.00,50.00,2025-12-20 16:56:36.507 +0900
6237,0,0,0,0,0,0,0.00,0,0.00,,50.00,50.00,50.00,2025-12-20 16:56:36.514 +0900
6238,0,0,0,0,0,0,0.00,0,0.00,,50.00,50.00,50.00,2025-12-20 16:56:36.521 +0900
6239,0,0,0,0,0,0,0.00,0,0.00,,50.00,50.00,50.00,2025-12-20 16:56:36.528 +0900
6240,0,0,0,0,0,0,0.00,0,0.00,,50.00,50.00,50.00,2025-12-20 16:56:36.535 +0900
6241,0,0,0,0,0,0,0.00,0,0.00,,50.00,50.00,50.00,2025-12-20 16:56:36.542 +0900
6242,0,0,0,0,0,0,0.00,0,0.00,,50.00,50.00,50.00,2025-12-20 16:56:36.548 +0900
6243,0,0,0,0,0,0,0.00,0,0.00,,50.00,50.00,50.00,2025-12-20 16:56:36.555 +0900
6244,0,0,0,0,0,0,0.00,0,0.00,,50.00,50.00,50.00,2025-12-20 16:56:36.562 +0900
6245,0,0,0,0,0,0,0.00,0,0.00,,50.00,50.00,50.00,2025-12-20 16:56:36.570 +0900
6246,0,0,0,0,0,0,0.00,0,0.00,,50.00,50.00,50.00,2025-12-20 16:56:36.576 +0900
6247,0,0,0,0,0,0,0.00,0,0.00,,50.00,50.00,50.00,2025-12-20 16:56:36.583 +0900
6248,0,0,0,0,0,0,0.00,0,0.00,,50.00,50.00,50.00,2025-12-20 16:56:36.590 +0900
6249,0,0,0,0,0,0,0.00,0,0.00,,50.00,50.00,50.00,2025-12-20 16:56:36.598 +0900
6250,0,0,0,0,0,0,0.00,0,0.00,,50.00,50.00,50.00,2025-12-20 16:56:36.605 +0900
6251,0,0,0,0,0,0,0.00,0,0.00,,50.00,50.00,50.00,2025-12-20 16:56:36.611 +0900
6252,0,0,0,0,0,0,0.00,0,0.00,,50.00,50.00,50.00,2025-12-20 16:56:36.619 +0900
6253,0,0,0,0,0,0,0.00,0,0.00,,50.00,50.00,50.00,2025-12-20 16:56:36.625 +0900
6254,0,0,0,0,0,0,0.00,0,0.00,,50.00,50.00,50.00,2025-12-20 16:56:36.632 +0900
6255,0,0,0,0,0,0,0.00,0,0.00,,50.00,50.00,50.00,2025-12-20 16:56:36.638 +0900
6256,0,0,0,0,0,0,0.00,0,0.00,,50.00,50.00,50.00,2025-12-20 16:56:36.645 +0900
6257,0,0,0,0,0,0,0.00,0,0.00,,50.00,50.00,50.00,2025-12-20 16:56:36.652 +0900
6258,0,0,0,0,0,0,0.00,0,0.00,,50.00,50.00,50.00,2025-12-20 16:56:36.659 +0900
6259,0,0,0,0,0,0,0.00,0,0.00,,50.00,50.00,50.00,2025-12-20 16:56:36.665 +0900
6260,0,0,0,0,0,0,0.00,0,0.00,,50.00,50.00,50.00,2025-12-20 16:56:36.673 +0900
6261,0,0,0,0,0,0,0.00,0,0.00,,50.00,50.00,50.00,2025-12-20 16:56:36.679 +0900
6262,0,0,0,0,0,0,0.00,0,0.00,,50.00,50.00,50.00,2025-12-20 16:56:36.686 +0900
6263,0,0,0,0,0,0,0.00,0,0.00,,50.00,50.00,50.00,2025-12-20 16:56:36.693 +0900
6264,0,0,0,0,0,0,0.00,0,0.00,,50.00,50.00,50.00,2025-12-20 16:56:36.701 +0900
6265,0,0,0,0,0,0,0.00,0,0.00,,50.00,50.00,50.00,2025-12-20 16:56:36.708 +0900
6266,0,0,0,0,0,0,0.00,0,0.00,,50.00,50.00,50.00,2025-12-20 16:56:36.715 +0900
6267,0,0,0,0,0,0,0.00,0,0.00,,50.00,50.00,50.00,2025-12-20 16:56:36.722 +0900
6268,0,0,0,0,0,0,0.00,0,0.00,,50.00,50.00,50.00,2025-12-20 16:56:36.730 +0900
6269,0,0,0,0,0,0,0.00,0,0.00,,50.00,50.00,50.00,2025-12-20 16:56:36.736 +0900
6270,0,0,0,0,0,0,0.00,0,0.00,,50.00,50.00,50.00,2025-12-20 16:56:36.743 +0900
6271,0,0,0,0,0,0,0.00,0,0.00,,50.00,50.00,50.00,2025-12-20 16:56:36.749 +0900
6272,0,0,0,0,0,0,0.00,0,0.00,,50.00,50.00,50.00,2025-12-20 16:56:36.756 +0900
6273,0,0,0,0,0,0,0.00,0,0.00,,50.00,50.00,50.00,2025-12-20 16:56:36.762 +0900
6274,0,0,0,0,0,0,0.00,0,0.00,,50.00,50.00,50.00,2025-12-20 16:56:36.769 +0900
6275,0,0,0,0,0,0,0.00,0,0.00,,50.00,50.00,50.00,2025-12-20 16:56:36.775 +0900
6276,0,0,0,0,0,0,0.00,0,0.00,,50.00,50.00,50.00,2025-12-20 16:56:36.781 +0900
6277,0,0,0,0,0,0,0.00,0,0.00,,50.00,50.00,50.00,2025-12-20 16:56:36.788 +0900
6278,0,0,0,0,0,0,0.00,0,0.00,,50.00,50.00,50.00,2025-12-20 16:56:36.795 +0900
6279,0,0,0,0,0,0,0.00,0,0.00,,50.00,50.00,50.00,2025-12-20 16:56:36.801 +0900
6280,0,0,0,0,0,0,0.00,0,0.00,,50.00,50.00,50.00,2025-12-20 16:56:36.808 +0900
6281,0,0,0,0,0,0,0.00,0,0.00,,50.00,50.00,50.00,2025-12-20 16:56:36.815 +0900
6282,0,0,0,0,0,0,0.00,0,0.00,,50.00,50.00,50.00,2025-12-20 16:56:36.821 +0900
6283,0,0,0,0,0,0,0.00,0,0.00,,50.00,50.00,50.00,2025-12-20 16:56:36.829 +0900
6284,0,0,0,0,0,0,0.00,0,0.00,,50.00,50.00,50.00,2025-12-20 16:56:36.836 +0900
6285,0,0,0,0,0,0,0.00,0,0.00,,50.00,50.00,50.00,2025-12-20 16:56:36.843 +0900
6286,0,0,0,0,0,0,0.00,0,0.00,,50.00,50.00,50.00,2025-12-20 16:56:36.850 +0900
6287,0,0,0,0,0,0,0.00,0,0.00,,50.00,50.00,50.00,2025-12-20 16:56:36.856 +0900
6288,0,0,0,0,0,0,0.00,0,0.00,,50.00,50.00,50.00,2025-12-20 16:56:36.863 +0900
6289,0,0,0,0,0,0,0.00,0,0.00,,50.00,50.00,50.00,2025-12-20 16:56:36.870 +0900
6290,0,0,0,0,0,0,0.00,0,0.00,,50.00,50.00,50.00,2025-12-20 16:56:36.876 +0900
6291,0,0,0,0,0,0,0.00,0,0.00,,50.00,50.00,50.00,2025-12-20 16:56:36.883 +0900
6292,0,0,0,0,0,0,0.00,0,0.00,,50.00,50.00,50.00,2025-12-20 16:56:36.890 +0900
6293,0,0,0,0,0,0,0.00,0,0.00,,50.00,50.00,50.00,2025-12-20 16:56:36.896 +0900
6294,0,0,0,0,0,0,0.00,0,0.00,,50.00,50.00,50.00,2025-12-20 16:56:36.902 +0900
6295,0,0,0,0,0,0,0.00,0,0.00,,50.00,50.00,50.00,2025-12-20 16:56:36.909 +0900
6296,0,0,0,0,0,0,0.00,0,0.00,,50.00,50.00,50.00,2025-12-20 16:56:36.916 +0900
6297,0,0,0,0,0,0,0.00,0,0.00,,50.00,50.00,50.00,2025-12-20 16:56:36.922 +0900
6298,0,0,0,0,0,0,0.00,0,0.00,,50.00,50.00,50.00,2025-12-20 16:56:36.929 +0900
6299,0,0,0,0,0,0,0.00,0,0.00,,50.00,50.00,50.00,2025-12-20 16:56:36.935 +0900
6300,0,0,0,0,0,0,0.00,0,0.00,,50.00,50.00,50.00,2025-12-20 16:56:36.941 +0900
6301,0,0,0,0,0,0,0.00,0,0.00,,50.00,50.00,50.00,2025-12-20 16:56:36.948 +0900
6302,0,0,0,0,0,0,0.00,0,0.00,,50.00,50.00,50.00,2025-12-20 16:56:36.954 +0900
6303,0,0,0,0,0,0,0.00,0,0.00,,50.00,50.00,50.00,2025-12-20 16:56:36.961 +0900
6304,0,0,0,0,0,0,0.00,0,0.00,,50.00,50.00,50.00,2025-12-20 16:56:36.968 +0900
6305,0,0,0,0,0,0,0.00,0,0.00,,50.00,50.00,50.00,2025-12-20 16:56:36.975 +0900
6306,0,0,0,0,0,0,0.00,0,0.00,,50.00,50.00,50.00,2025-12-20 16:56:36.981 +0900
6307,0,0,0,0,0,0,0.00,0,0.00,,50.00,50.00,50.00,2025-12-20 16:56:36.988 +0900
6308,0,0,0,0,0,0,0.00,0,0.00,,50.00,50.00,50.00,2025-12-20 16:56:36.994 +0900
6309,0,0,0,0,0,0,0.00,0,0.00,,50.00,50.00,50.00,2025-12-20 16:56:37.002 +0900
6310,0,0,0,0,0,0,0.00,0,0.00,,50.00,50.00,50.00,2025-12-20 16:56:37.008 +0900
6311,0,0,0,0,0,0,0.00,0,0.00,,50.00,50.00,50.00,2025-12-20 16:56:37.015 +0900
6312,0,0,0,0,0,0,0.00,0,0.00,,50.00,50.00,50.00,2025-12-20 16:56:37.021 +0900
6313,0,0,0,0,0,0,0.00,0,0.00,,50.00,50.00,50.00,2025-12-20 16:56:37.028 +0900
6314,0,0,0,0,0,0,0.00,0,0.00,,50.00,50.00,50.00,2025-12-20 16:56:37.034 +0900
6315,0,0,0,0,0,0,0.00,0,0.00,,50.00,50.00,50.00,2025-12-20 16:56:37.040 +0900
6316,0,0,0,0,0,0,0.00,0,0.00,,50.00,50.00,50.00,2025-12-20 16:56:37.047 +0900
6317,0,0,0,0,0,0,0.00,0,0.00,,50.00,50.00,50.00,2025-12-20 16:56:37.053 +0900
6318,0,0,0,0,0,0,0.00,0,0.00,,50.00,50.00,50.00,2025-12-20 16:56:37.059 +0900
6319,0,0,0,0,0,0,0.00,0,0.00,,50.00,50.00,50.00,2025-12-20 16:56:37.066 +0900
6320,0,0,0,0,0,0,0.00,0,0.00,,50.00,50.00,50.00,2025-12-20 16:56:37.072 +0900
6321,0,0,0,0,0,0,0.00,0,0.00,,50.00,50.00,50.00,2025-12-20 16:56:37.079 +0900
6322,0,0,0,0,0,0,0.00,0,0.00,,50.00,50.00,50.00,2025-12-20 16:56:37.085 +0900
6323,0,0,0,0,0,0,0.00,0,0.00,,50.00,50.00,50.00,2025-12-20 16:56:37.091 +0900
6324,0,0,0,0,0,0,0.00,0,0.00,,50.00,50.00,50.00,2025-12-20 16:56:37.098 +0900
6325,0,0,0,0,0,0,0.00,0,0.00,,50.00,50.00,50.00,2025-12-20 16:56:37.104 +0900
6326,0,0,0,0,0,0,0.00,0,0.00,,50.00,50.00,50.00,2025-12-20 16:56:37.111 +0900
6327,0,0,0,0,0,0,0.00,0,0.00,,50.00,50.00,50.00,2025-12-20 16:56:37.117 +0900
6328,0,0,0,0,0,0,0.00,0,0.00,,50.00,50.00,50.00,2025-12-20 16:56:37.125 +0900
6329,0,0,0,0,0,0,0.00,0,0.00,,50.00,50.00,50.00,2025-12-20 16:56:37.133 +0900
6330,0,0,0,0,0,0,0.00,0,0.00,,50.00,50.00,50.00,2025-12-20 16:56:37.139 +0900
6331,0,0,0,0,0,0,0.00,0,0.00,,50.00,50.00,50.00,2025-12-20 16:56:37.145 +0900
6332,0,0,0,0,0,0,0.00,0,0.00,,50.00,50.00,50.00,2025-12-20 16:56:37.150 +0900
6333,0,0,0,0,0,0,0.00,0,0.00,,50.00,50.00,50.00,2025-12-20 16:56:37.157 +0900
6334,0,0,0,0,0,0,0.00,0,0.00,,50.00,50.00,50.00,2025-12-20 16:56:37.163 +0900
6335,0,0,0,0,0,0,0.00,0,0.00,,50.00,50.00,50.00,2025-12-20 16:56:37.170 +0900
6336,0,0,0,0,0,0,0.00,0,0.00,,50.00,50.00,50.00,2025-12-20 16:56:37.176 +0900
6337,0,0,0,0,0,0,0.00,0,0.00,,50.00,50.00,50.00,2025-12-20 16:56:37.182 +0900
6338,0,0,0,0,0,0,0.00,0,0.00,,50.00,50.00,50.00,2025-12-20 16:56:37.188 +0900
6339,0,0,0,0,0,0,0.00,0,0.00,,50.00,50.00,50.00,2025-12-20 16:56:37.193 +0900
6340,0,0,0,0,0,0,0.00,0,0.00,,50.00,50.00,50.00,2025-12-20 16:56:37.201 +0900
6341,0,0,0,0,0,0,0.00,0,0.00,,50.00,50.00,50.00,2025-12-20 16:56:37.208 +0900
6342,0,0,0,0,0,0,0.00,0,0.00,,50.00,50.00,50.00,2025-12-20 16:56:37.215 +0900
6343,0,0,0,0,0,0,0.00,0,0.00,,50.00,50.00,50.00,2025-12-20 16:56:37.223 +0900
6344,0,0,0,0,0,0,0.00,0,0.00,,50.00,50.00,50.00,2025-12-20 16:56:37.229 +0900
6345,0,0,0,0,0,0,0.00,0,0.00,,50.00,50.00,50.00,2025-12-20 16:56:37.237 +0900
6346,0,0,0,0,0,0,0.00,0,0.00,,50.00,50.00,50.00,2025-12-20 16:56:37.246 +0900
6347,0,0,0,0,0,0,0.00,0,0.00,,50.00,50.00,50.00,2025-12-20 16:56:37.257 +0900
6348,0,0,0,0,0,0,0.00,0,0.00,,50.00,50.00,50.00,2025-12-20 16:56:37.265 +0900
6349,0,0,0,0,0,0,0.00,0,0.00,,50.00,50.00,50.00,2025-12-20 16:56:37.273 +0900
6350,0,0,0,0,0,0,0.00,0,0.00,,50.00,50.00,50.00,2025-12-20 16:56:37.280 +0900
6351,0,0,0,0,0,0,0.00,0,0.00,,50.00,50.00,50.00,2025-12-20 16:56:37.286 +0900
6352,0,0,0,0,0,0,0.00,0,0.00,,50.00,50.00,50.00,2025-12-20 16:56:37.291 +0900
6353,0,0,0,0,0,0,0.00,0,0.00,,50.00,50.00,50.00,2025-12-20 16:56:37.298 +0900
6354,0,0,0,0,0,0,0.00,0,0.00,,50.00,50.00,50.00,2025-12-20 16:56:37.304 +0900
6355,0,0,0,0,0,0,0.00,0,0.00,,50.00,50.00,50.00,2025-12-20 16:56:37.309 +0900
6356,0,0,0,0,0,0,0.00,0,0.00,,50.00,50.00,50.00,2025-12-20 16:56:37.314 +0900
6357,0,0,0,0,0,0,0.00,0,0.00,,50.00,50.00,50.00,2025-12-20 16:56:37.320 +0900
6358,0,0,0,0,0,0,0.00,0,0.00,,50.00,50.00,50.00,2025-12-20 16:56:37.329 +0900
6359,0,0,0,0,0,0,0.00,0,0.00,,50.00,50.00,50.00,2025-12-20 16:56:37.337 +0900
6360,0,0,0,0,0,0,0.00,0,0.00,,50.00,50.00,50.00,2025-12-20 16:56:37.344 +0900
6361,0,0,0,0,0,0,0.00,0,0.00,,50.00,50.00,50.00,2025-12-20 16:56:37.351 +0900
6362,0,0,0,0,0,0,0.00,0,0.00,,50.00,50.00,50.00,2025-12-20 16:56:37.357 +0900
6363,0,0,0,0,0,0,0.00,0,0.00,,50.00,50.00,50.00,2025-12-20 16:56:37.364 +0900
6364,0,0,0,0,0,0,0.00,0,0.00,,50.00,50.00,50.00,2025-12-20 16:56:37.371 +0900
6365,0,0,0,0,0,0,0.00,0,0.00,,50.00,50.00,50.00,2025-12-20 16:56:37.378 +0900
6366,0,0,0,0,0,0,0.00,0,0.00,,50.00,50.00,50.00,2025-12-20 16:56:37.384 +0900
6367,0,0,0,0,0,0,0.00,0,0.00,,50.00,50.00,50.00,2025-12-20 16:56:37.391 +0900
6368,0,0,0,0,0,0,0.00,0,0.00,,50.00,50.00,50.00,2025-12-20 16:56:37.397 +0900
6369,0,0,0,0,0,0,0.00,0,0.00,,50.00,50.00,50.00,2025-12-20 16:56:37.403 +0900
6370,0,0,0,0,0,0,0.00,0,0.00,,50.00,50.00,50.00,2025-12-20 16:56:37.409 +0900
6371,0,0,0,0,0,0,0.00,0,0.00,,50.00,50.00,50.00,2025-12-20 16:56:37.416 +0900
6372,0,0,0,0,0,0,0.00,0,0.00,,50.00,50.00,50.00,2025-12-20 16:56:37.422 +0900
6373,0,0,0,0,0,0,0.00,0,0.00,,50.00,50.00,50.00,2025-12-20 16:56:37.428 +0900
6374,0,0,0,0,0,0,0.00,0,0.00,,50.00,50.00,50.00,2025-12-20 16:56:37.435 +0900
6375,0,0,0,0,0,0,0.00,0,0.00,,50.00,50.00,50.00,2025-12-20 16:56:37.441 +0900
6376,0,0,0,0,0,0,0.00,0,0.00,,50.00,50.00,50.00,2025-12-20 16:56:37.447 +0900
6377,0,0,0,0,0,0,0.00,0,0.00,,50.00,50.00,50.00,2025-12-20 16:56:37.454 +0900
6378,0,0,0,0,0,0,0.00,0,0.00,,50.00,50.00,50.00,2025-12-20 16:56:37.460 +0900
6379,0,0,0,0,0,0,0.00,0,0.00,,50.00,50.00,50.00,2025-12-20 16:56:37.466 +0900
6380,0,0,0,0,0,0,0.00,0,0.00,,50.00,50.00,50.00,2025-12-20 16:56:37.472 +0900
6381,0,0,0,0,0,0,0.00,0,0.00,,50.00,50.00,50.00,2025-12-20 16:56:37.479 +0900
6382,0,0,0,0,0,0,0.00,0,0.00,,50.00,50.00,50.00,2025-12-20 16:56:37.485 +0900
6383,0,0,0,0,0,0,0.00,0,0.00,,50.00,50.00,50.00,2025-12-20 16:56:37.492 +0900
6384,0,0,0,0,0,0,0.00,0,0.00,,50.00,50.00,50.00,2025-12-20 16:56:37.498 +0900
6385,0,0,0,0,0,0,0.00,0,0.00,,50.00,50.00,50.00,2025-12-20 16:56:37.504 +0900
6386,0,0,0,0,0,0,0.00,0,0.00,,50.00,50.00,50.00,2025-12-20 16:56:37.511 +0900
6387,0,0,0,0,0,0,0.00,0,0.00,,50.00,50.00,50.00,2025-12-20 16:56:37.517 +0900
6388,0,0,0,0,0,0,0.00,0,0.00,,50.00,50.00,50.00,2025-12-20 16:56:37.524 +0900
6389,0,0,0,0,0,0,0.00,0,0.00,,50.00,50.00,50.00,2025-12-20 16:56:37.531 +0900
6390,0,0,0,0,0,0,0.00,0,0.00,,50.00,50.00,50.00,2025-12-20 16:56:37.538 +0900
6391,0,0,0,0,0,0,0.00,0,0.00,,50.00,50.00,50.00,2025-12-20 16:56:37.544 +0900
6392,0,0,0,0,0,0,0.00,0,0.00,,50.00,50.00,50.00,2025-12-20 16:56:37.551 +0900
6393,0,0,0,0,0,0,0.00,0,0.00,,50.00,50.00,50.00,2025-12-20 16:56:37.558 +0900
6394,0,0,0,0,0,0,0.00,0,0.00,,50.00,50.00,50.00,2025-12-20 16:56:37.565 +0900
6395,0,0,0,0,0,0,0.00,0,0.00,,50.00,50.00,50.00,2025-12-20 16:56:37.571 +0900
6396,0,0,0,0,0,0,0.00,0,0.00,,50.00,50.00,50.00,2025-12-20 16:56:37.578 +0900
6397,0,0,0,0,0,0,0.00,0,0.00,,50.00,50.00,50.00,2025-12-20 16:56:37.584 +0900
6398,0,0,0,0,0,0,0.00,0,0.00,,50.00,50.00,50.00,2025-12-20 16:56:37.591 +0900
6399,0,0,0,0,0,0,0.00,0,0.00,,50.00,50.00,50.00,2025-12-20 16:56:37.597 +0900
6400,0,0,0,0,0,0,0.00,0,0.00,,50.00,50.00,50.00,2025-12-20 16:56:37.603 +0900
6401,0,0,0,0,0,0,0.00,0,0.00,,50.00,50.00,50.00,2025-12-20 16:56:37.610 +0900
6402,0,0,0,0,0,0,0.00,0,0.00,,50.00,50.00,50.00,2025-12-20 16:56:37.616 +0900
6403,0,0,0,0,0,0,0.00,0,0.00,,50.00,50.00,50.00,2025-12-20 16:56:37.623 +0900
6404,0,0,0,0,0,0,0.00,0,0.00,,50.00,50.00,50.00,2025-12-20 16:56:37.630 +0900
6405,0,0,0,0,0,0,0.00,0,0.00,,50.00,50.00,50.00,2025-12-20 16:56:37.637 +0900
6406,0,0,0,0,0,0,0.00,0,0.00,,50.00,50.00,50.00,2025-12-20 16:56:37.644 +0900
6407,0,0,0,0,0,0,0.00,0,0.00,,50.00,50.00,50.00,2025-12-20 16:56:37.651 +0900
6408,0,0,0,0,0,0,0.00,0,0.00,,50.00,50.00,50.00,2025-12-20 16:56:37.658 +0900
6409,0,0,0,0,0,0,0.00,0,0.00,,50.00,50.00,50.00,2025-12-20 16:56:37.665 +0900
6410,0,0,0,0,0,0,0.00,0,0.00,,50.00,50.00,50.00,2025-12-20 16:56:37.671 +0900
6411,0,0,0,0,0,0,0.00,0,0.00,,50.00,50.00,50.00,2025-12-20 16:56:37.677 +0900
6412,0,0,0,0,0,0,0.00,0,0.00,,50.00,50.00,50.00,2025-12-20 16:56:37.684 +0900
6413,0,0,0,0,0,0,0.00,0,0.00,,50.00,50.00,50.00,2025-12-20 16:56:37.690 +0900
6414,0,0,0,0,0,0,0.00,0,0.00,,50.00,50.00,50.00,2025-12-20 16:56:37.697 +0900
6415,0,0,0,0,0,0,0.00,0,0.00,,50.00,50.00,50.00,2025-12-20 16:56:37.703 +0900
6416,0,0,0,0,0,0,0.00,0,0.00,,50.00,50.00,50.00,2025-12-20 16:56:37.709 +0900
6417,0,0,0,0,0,0,0.00,0,0.00,,50.00,50.00,50.00,2025-12-20 16:56:37.715 +0900
6418,0,0,0,0,0,0,0.00,0,0.00,,50.00,50.00,50.00,2025-12-20 16:56:37.721 +0900
6419,0,0,0,0,0,0,0.00,0,0.00,,50.00,50.00,50.00,2025-12-20 16:56:37.728 +0900
6420,0,0,0,0,0,0,0.00,0,0.00,,50.00,50.00,50.00,2025-12-20 16:56:37.734 +0900
6421,0,0,0,0,0,0,0.00,0,0.00,,50.00,50.00,50.00,2025-12-20 16:56:37.741 +0900
6422,0,0,0,0,0,0,0.00,0,0.00,,50.00,50.00,50.00,2025-12-20 16:56:37.747 +0900
6423,0,0,0,0,0,0,0.00,0,0.00,,50.00,50.00,50.00,2025-12-20 16:56:37.754 +0900
6424,0,0,0,0,0,0,0.00,0,0.00,,50.00,50.00,50.00,2025-12-20 16:56:37.760 +0900
6425,0,0,0,0,0,0,0.00,0,0.00,,50.00,50.00,50.00,2025-12-20 16:56:37.766 +0900
6426,0,0,0,0,0,0,0.00,0,0.00,,50.00,50.00,50.00,2025-12-20 16:56:37.772 +0900
6427,0,0,0,0,0,0,0.00,0,0.00,,50.00,50.00,50.00,2025-12-20 16:56:37.779 +0900
6428,0,0,0,0,0,0,0.00,0,0.00,,50.00,50.00,50.00,2025-12-20 16:56:37.785 +0900
6429,0,0,0,0,0,0,0.00,0,0.00,,50.00,50.00,50.00,2025-12-20 16:56:37.792 +0900
6430,0,0,0,0,0,0,0.00,0,0.00,,50.00,50.00,50.00,2025-12-20 16:56:37.798 +0900
6431,0,0,0,0,0,0,0.00,0,0.00,,50.00,50.00,50.00,2025-12-20 16:56:37.805 +0900
6432,0,0,0,0,0,0,0.00,0,0.00,,50.00,50.00,50.00,2025-12-20 16:56:37.811 +0900
6433,0,0,0,0,0,0,0.00,0,0.00,,50.00,50.00,50.00,2025-12-20 16:56:37.817 +0900
6434,0,0,0,0,0,0,0.00,0,0.00,,50.00,50.00,50.00,2025-12-20 16:56:37.823 +0900
6435,0,0,0,0,0,0,0.00,0,0.00,,50.00,50.00,50.00,2025-12-20 16:56:37.830 +0900
6436,0,0,0,0,0,0,0.00,0,0.00,,50.00,50.00,50.00,2025-12-20 16:56:37.836 +0900
6437,0,0,0,0,0,0,0.00,0,0.00,,50.00,50.00,50.00,2025-12-20 16:56:37.842 +0900
6438,0,0,0,0,0,0,0.00,0,0.00,,50.00,50.00,50.00,2025-12-20 16:56:37.849 +0900
6439,0,0,0,0,0,0,0.00,0,0.00,,50.00,50.00,50.00,2025-12-20 16:56:37.855 +0900
6440,0,0,0,0,0,0,0.00,0,0.00,,50.00,50.00,50.00,2025-12-20 16:56:37.862 +0900
6441,0,0,0,0,0,0,0.00,0,0.00,,50.00,50.00,50.00,2025-12-20 16:56:37.868 +0900
6442,0,0,0,0,0,0,0.00,0,0.00,,50.00,50.00,50.00,2025-12-20 16:56:37.874 +0900
6443,0,0,0,0,0,0,0.00,0,0.00,,50.00,50.00,50.00,2025-12-20 16:56:37.880 +0900
6444,0,0,0,0,0,0,0.00,0,0.00,,50.00,50.00,50.00,2025-12-20 16:56:37.887 +0900
6445,0,0,0,0,0,0,0.00,0,0.00,,50.00,50.00,50.00,2025-12-20 16:56:37.893 +0900
6446,0,0,0,0,0,0,0.00,0,0.00,,50.00,50.00,50.00,2025-12-20 16:56:37.899 +0900
6447,0,0,0,0,0,0,0.00,0,0.00,,50.00,50.00,50.00,2025-12-20 16:56:37.905 +0900
6448,0,0,0,0,0,0,0.00,0,0.00,,50.00,50.00,50.00,2025-12-20 16:56:37.911 +0900
6449,0,0,0,0,0,0,0.00,0,0.00,,50.00,50.00,50.00,2025-12-20 16:56:37.918 +0900
6450,0,0,0,0,0,0,0.00,0,0.00,,50.00,50.00,50.00,2025-12-20 16:56:37.924 +0900
6451,0,0,0,0,0,0,0.00,0,0.00,,50.00,50.00,50.00,2025-12-20 16:56:37.931 +0900
6452,0,0,0,0,0,0,0.00,0,0.00,,50.00,50.00,50.00,2025-12-20 16:56:37.937 +0900
6453,0,0,0,0,0,0,0.00,0,0.00,,50.00,50.00,50.00,2025-12-20 16:56:37.943 +0900
6454,0,0,0,0,0,0,0.00,0,0.00,,50.00,50.00,50.00,2025-12-20 16:56:37.950 +0900
6455,0,0,0,0,0,0,0.00,0,0.00,,50.00,50.00,50.00,2025-12-20 16:56:37.956 +0900
6456,0,0,0,0,0,0,0.00,0,0.00,,50.00,50.00,50.00,2025-12-20 16:56:37.962 +0900
6457,0,0,0,0,0,0,0.00,0,0.00,,50.00,50.00,50.00,2025-12-20 16:56:37.969 +0900
6458,0,0,0,0,0,0,0.00,0,0.00,,50.00,50.00,50.00,2025-12-20 16:56:37.975 +0900
6459,0,0,0,0,0,0,0.00,0,0.00,,50.00,50.00,50.00,2025-12-20 16:56:37.981 +0900
6460,0,0,0,0,0,0,0.00,0,0.00,,50.00,50.00,50.00,2025-12-20 16:56:37.988 +0900
6461,0,0,0,0,0,0,0.00,0,0.00,,50.00,50.00,50.00,2025-12-20 16:56:37.994 +0900
6462,0,0,0,0,0,0,0.00,0,0.00,,50.00,50.00,50.00,2025-12-20 16:56:38.000 +0900
6463,0,0,0,0,0,0,0.00,0,0.00,,50.00,50.00,50.00,2025-12-20 16:56:38.006 +0900
6464,0,0,0,0,0,0,0.00,0,0.00,,50.00,50.00,50.00,2025-12-20 16:56:38.012 +0900
6465,0,0,0,0,0,0,0.00,0,0.00,,50.00,50.00,50.00,2025-12-20 16:56:38.019 +0900
6466,0,0,0,0,0,0,0.00,0,0.00,,50.00,50.00,50.00,2025-12-20 16:56:38.025 +0900
6467,0,0,0,0,0,0,0.00,0,0.00,,50.00,50.00,50.00,2025-12-20 16:56:38.032 +0900
6468,0,0,0,0,0,0,0.00,0,0.00,,50.00,50.00,50.00,2025-12-20 16:56:38.038 +0900
6469,0,0,0,0,0,0,0.00,0,0.00,,50.00,50.00,50.00,2025-12-20 16:56:38.045 +0900
6470,0,0,0,0,0,0,0.00,0,0.00,,50.00,50.00,50.00,2025-12-20 16:56:38.051 +0900
6471,0,0,0,0,0,0,0.00,0,0.00,,50.00,50.00,50.00,2025-12-20 16:56:38.057 +0900
6472,0,0,0,0,0,0,0.00,0,0.00,,50.00,50.00,50.00,2025-12-20 16:56:38.064 +0900
6473,0,0,0,0,0,0,0.00,0,0.00,,50.00,50.00,50.00,2025-12-20 16:56:38.070 +0900
6474,0,0,0,0,0,0,0.00,0,0.00,,50.00,50.00,50.00,2025-12-20 16:56:38.076 +0900
6475,0,0,0,0,0,0,0.00,0,0.00,,50.00,50.00,50.00,2025-12-20 16:56:38.083 +0900
6476,0,0,0,0,0,0,0.00,0,0.00,,50.00,50.00,50.00,2025-12-20 16:56:38.089 +0900
6477,0,0,0,0,0,0,0.00,0,0.00,,50.00,50.00,50.00,2025-12-20 16:56:38.096 +0900
6478,0,0,0,0,0,0,0.00,0,0.00,,50.00,50.00,50.00,2025-12-20 16:56:38.102 +0900
6479,0,0,0,0,0,0,0.00,0,0.00,,50.00,50.00,50.00,2025-12-20 16:56:38.108 +0900
6480,0,0,0,0,0,0,0.00,0,0.00,,50.00,50.00,50.00,2025-12-20 16:56:38.115 +0900
6481,0,0,0,0,0,0,0.00,0,0.00,,50.00,50.00,50.00,2025-12-20 16:56:38.121 +0900
6482,0,0,0,0,0,0,0.00,0,0.00,,50.00,50.00,50.00,2025-12-20 16:56:38.127 +0900
6483,0,0,0,0,0,0,0.00,0,0.00,,50.00,50.00,50.00,2025-12-20 16:56:38.134 +0900
6484,0,0,0,0,0,0,0.00,0,0.00,,50.00,50.00,50.00,2025-12-20 16:56:38.140 +0900
6485,0,0,0,0,0,0,0.00,0,0.00,,50.00,50.00,50.00,2025-12-20 16:56:38.146 +0900
6486,0,0,0,0,0,0,0.00,0,0.00,,50.00,50.00,50.00,2025-12-20 16:56:38.152 +0900
6487,0,0,0,0,0,0,0.00,0,0.00,,50.00,50.00,50.00,2025-12-20 16:56:38.159 +0900
6488,0,0,0,0,0,0,0.00,0,0.00,,50.00,50.00,50.00,2025-12-20 16:56:38.165 +0900
6489,0,0,0,0,0,0,0.00,0,0.00,,50.00,50.00,50.00,2025-12-20 16:56:38.171 +0900
6490,0,0,0,0,0,0,0.00,0,0.00,,50.00,50.00,50.00,2025-12-20 16:56:38.178 +0900
6491,0,0,0,0,0,0,0.00,0,0.00,,50.00,50.00,50.00,2025-12-20 16:56:38.184 +0900
6492,0,0,0,0,0,0,0.00,0,0.00,,50.00,50.00,50.00,2025-12-20 16:56:38.190 +0900
6493,0,0,0,0,0,0,0.00,0,0.00,,50.00,50.00,50.00,2025-12-20 16:56:38.197 +0900
6494,0,0,0,0,0,0,0.00,0,0.00,,50.00,50.00,50.00,2025-12-20 16:56:38.204 +0900
6495,0,0,0,0,0,0,0.00,0,0.00,,50.00,50.00,50.00,2025-12-20 16:56:38.210 +0900
6496,0,0,0,0,0,0,0.00,0,0.00,,50.00,50.00,50.00,2025-12-20 16:56:38.216 +0900
6497,0,0,0,0,0,0,0.00,0,0.00,,50.00,50.00,50.00,2025-12-20 16:56:38.224 +0900
6498,0,0,0,0,0,0,0.00,0,0.00,,50.00,50.00,50.00,2025-12-20 16:56:38.231 +0900
6499,0,0,0,0,0,0,0.00,0,0.00,,50.00,50.00,50.00,2025-12-20 16:56:38.237 +0900
6500,0,0,0,0,0,0,0.00,0,0.00,,50.00,50.00,50.00,2025-12-20 16:56:38.243 +0900
6501,0,0,0,0,0,0,0.00,0,0.00,,50.00,50.00,50.00,2025-12-20 16:56:38.250 +0900
6502,0,0,0,0,0,0,0.00,0,0.00,,50.00,50.00,50.00,2025-12-20 16:56:38.257 +0900
6503,0,0,0,0,0,0,0.00,0,0.00,,50.00,50.00,50.00,2025-12-20 16:56:38.263 +0900
6504,0,0,0,0,0,0,0.00,0,0.00,,50.00,50.00,50.00,2025-12-20 16:56:38.270 +0900
6505,0,0,0,0,0,0,0.00,0,0.00,,50.00,50.00,50.00,2025-12-20 16:56:38.276 +0900
6506,0,0,0,0,0,0,0.00,0,0.00,,50.00,50.00,50.00,2025-12-20 16:56:38.283 +0900
6507,0,0,0,0,0,0,0.00,0,0.00,,50.00,50.00,50.00,2025-12-20 16:56:38.290 +0900
6508,0,0,0,0,0,0,0.00,0,0.00,,50.00,50.00,50.00,2025-12-20 16:56:38.297 +0900
6509,0,0,0,0,0,0,0.00,0,0.00,,50.00,50.00,50.00,2025-12-20 16:56:38.304 +0900
6510,0,0,0,0,0,0,0.00,0,0.00,,50.00,50.00,50.00,2025-12-20 16:56:38.310 +0900
6511,0,0,0,0,0,0,0.00,0,0.00,,50.00,50.00,50.00,2025-12-20 16:56:38.317 +0900
6512,0,0,0,0,0,0,0.00,0,0.00,,50.00,50.00,50.00,2025-12-20 16:56:38.325 +0900
6513,0,0,0,0,0,0,0.00,0,0.00,,50.00,50.00,50.00,2025-12-20 16:56:38.331 +0900
6514,0,0,0,0,0,0,0.00,0,0.00,,50.00,50.00,50.00,2025-12-20 16:56:38.338 +0900
6515,0,0,0,0,0,0,0.00,0,0.00,,50.00,50.00,50.00,2025-12-20 16:56:38.345 +0900
6516,0,0,0,0,0,0,0.00,0,0.00,,50.00,50.00,50.00,2025-12-20 16:56:38.353 +0900
6517,0,0,0,0,0,0,0.00,0,0.00,,50.00,50.00,50.00,2025-12-20 16:56:38.359 +0900
6518,0,0,0,0,0,0,0.00,0,0.00,,50.00,50.00,50.00,2025-12-20 16:56:38.367 +0900
6519,0,0,0,0,0,0,0.00,0,0.00,,50.00,50.00,50.00,2025-12-20 16:56:38.374 +0900
6520,0,0,0,0,0,0,0.00,0,0.00,,50.00,50.00,50.00,2025-12-20 16:56:38.381 +0900
6521,0,0,0,0,0,0,0.00,0,0.00,,50.00,50.00,50.00,2025-12-20 16:56:38.387 +0900
6522,0,0,0,0,0,0,0.00,0,0.00,,50.00,50.00,50.00,2025-12-20 16:56:38.394 +0900
6523,0,0,0,0,0,0,0.00,0,0.00,,50.00,50.00,50.00,2025-12-20 16:56:38.401 +0900
6524,0,0,0,0,0,0,0.00,0,0.00,,50.00,50.00,50.00,2025-12-20 16:56:38.407 +0900
6525,0,0,0,0,0,0,0.00,0,0.00,,50.00,50.00,50.00,2025-12-20 16:56:38.414 +0900
6526,0,0,0,0,0,0,0.00,0,0.00,,50.00,50.00,50.00,2025-12-20 16:56:38.421 +0900
6527,0,0,0,0,0,0,0.00,0,0.00,,50.00,50.00,50.00,2025-12-20 16:56:38.428 +0900
6528,0,0,0,0,0,0,0.00,0,0.00,,50.00,50.00,50.00,2025-12-20 16:56:38.435 +0900
6529,0,0,0,0,0,0,0.00,0,0.00,,50.00,50.00,50.00,2025-12-20 16:56:38.441 +0900
6530,0,0,0,0,0,0,0.00,0,0.00,,50.00,50.00,50.00,2025-12-20 16:56:38.448 +0900
6531,0,0,0,0,0,0,0.00,0,0.00,,50.00,50.00,50.00,2025-12-20 16:56:38.455 +0900
6532,0,0,0,0,0,0,0.00,0,0.00,,50.00,50.00,50.00,2025-12-20 16:56:38.461 +0900
6533,0,0,0,0,0,0,0.00,0,0.00,,50.00,50.00,50.00,2025-12-20 16:56:38.468 +0900
6534,0,0,0,0,0,0,0.00,0,0.00,,50.00,50.00,50.00,2025-12-20 16:56:38.474 +0900
6535,0,0,0,0,0,0,0.00,0,0.00,,50.00,50.00,50.00,2025-12-20 16:56:38.482 +0900
6536,0,0,0,0,0,0,0.00,0,0.00,,50.00,50.00,50.00,2025-12-20 16:56:38.489 +0900
6537,0,0,0,0,0,0,0.00,0,0.00,,50.00,50.00,50.00,2025-12-20 16:56:38.495 +0900
6538,0,0,0,0,0,0,0.00,0,0.00,,50.00,50.00,50.00,2025-12-20 16:56:38.502 +0900
6539,0,0,0,0,0,0,0.00,0,0.00,,50.00,50.00,50.00,2025-12-20 16:56:38.509 +0900
6540,0,0,0,0,0,0,0.00,0,0.00,,50.00,50.00,50.00,2025-12-20 16:56:38.515 +0900
6541,0,0,0,0,0,0,0.00,0,0.00,,50.00,50.00,50.00,2025-12-20 16:56:38.522 +0900
6542,0,0,0,0,0,0,0.00,0,0.00,,50.00,50.00,50.00,2025-12-20 16:56:38.529 +0900
6543,0,0,0,0,0,0,0.00,0,0.00,,50.00,50.00,50.00,2025-12-20 16:56:38.536 +0900
6544,0,0,0,0,0,0,0.00,0,0.00,,50.00,50.00,50.00,2025-12-20 16:56:38.542 +0900
6545,0,0,0,0,0,0,0.00,0,0.00,,50.00,50.00,50.00,2025-12-20 16:56:38.549 +0900
6546,0,0,0,0,0,0,0.00,0,0.00,,50.00,50.00,50.00,2025-12-20 16:56:38.556 +0900
6547,0,0,0,0,0,0,0.00,0,0.00,,50.00,50.00,50.00,2025-12-20 16:56:38.563 +0900
6548,0,0,0,0,0,0,0.00,0,0.00,,50.00,50.00,50.00,2025-12-20 16:56:38.570 +0900
6549,0,0,0,0,0,0,0.00,0,0.00,,50.00,50.00,50.00,2025-12-20 16:56:38.577 +0900
6550,0,0,0,0,0,0,0.00,0,0.00,,50.00,50.00,50.00,2025-12-20 16:56:38.584 +0900
6551,0,0,0,0,0,0,0.00,0,0.00,,50.00,50.00,50.00,2025-12-20 16:56:38.591 +0900
6552,0,0,0,0,0,0,0.00,0,0.00,,50.00,50.00,50.00,2025-12-20 16:56:38.598 +0900
6553,0,0,0,0,0,0,0.00,0,0.00,,50.00,50.00,50.00,2025-12-20 16:56:38.605 +0900
6554,0,0,0,0,0,0,0.00,0,0.00,,50.00,50.00,50.00,2025-12-20 16:56:38.612 +0900
6555,0,0,0,0,0,0,0.00,0,0.00,,50.00,50.00,50.00,2025-12-20 16:56:38.619 +0900
6556,0,0,0,0,0,0,0.00,0,0.00,,50.00,50.00,50.00,2025-12-20 16:56:38.626 +0900
6557,0,0,0,0,0,0,0.00,0,0.00,,50.00,50.00,50.00,2025-12-20 16:56:38.633 +0900
6558,0,0,0,0,0,0,0.00,0,0.00,,50.00,50.00,50.00,2025-12-20 16:56:38.639 +0900
6559,0,0,0,0,0,0,0.00,0,0.00,,50.00,50.00,50.00,2025-12-20 16:56:38.646 +0900
6560,0,0,0,0,0,0,0.00,0,0.00,,50.00,50.00,50.00,2025-12-20 16:56:38.653 +0900
6561,0,0,0,0,0,0,0.00,0,0.00,,50.00,50.00,50.00,2025-12-20 16:56:38.660 +0900
6562,0,0,0,0,0,0,0.00,0,0.00,,50.00,50.00,50.00,2025-12-20 16:56:38.669 +0900
6563,0,0,0,0,0,0,0.00,0,0.00,,50.00,50.00,50.00,2025-12-20 16:56:38.676 +0900
6564,0,0,0,0,0,0,0.00,0,0.00,,50.00,50.00,50.00,2025-12-20 16:56:38.683 +0900
6565,0,0,0,0,0,0,0.00,0,0.00,,50.00,50.00,50.00,2025-12-20 16:56:38.690 +0900
6566,0,0,0,0,0,0,0.00,0,0.00,,50.00,50.00,50.00,2025-12-20 16:56:38.697 +0900
6567,0,0,0,0,0,0,0.00,0,0.00,,50.00,50.00,50.00,2025-12-20 16:56:38.703 +0900
6568,0,0,0,0,0,0,0.00,0,0.00,,50.00,50.00,50.00,2025-12-20 16:56:38.710 +0900
6569,0,0,0,0,0,0,0.00,0,0.00,,50.00,50.00,50.00,2025-12-20 16:56:38.717 +0900
6570,0,0,0,0,0,0,0.00,0,0.00,,50.00,50.00,50.00,2025-12-20 16:56:38.724 +0900
6571,0,0,0,0,0,0,0.00,0,0.00,,50.00,50.00,50.00,2025-12-20 16:56:38.730 +0900
6572,0,0,0,0,0,0,0.00,0,0.00,,50.00,50.00,50.00,2025-12-20 16:56:38.737 +0900
6573,0,0,0,0,0,0,0.00,0,0.00,,50.00,50.00,50.00,2025-12-20 16:56:38.744 +0900
6574,0,0,0,0,0,0,0.00,0,0.00,,50.00,50.00,50.00,2025-12-20 16:56:38.751 +0900
6575,0,0,0,0,0,0,0.00,0,0.00,,50.00,50.00,50.00,2025-12-20 16:56:38.758 +0900
6576,0,0,0,0,0,0,0.00,0,0.00,,50.00,50.00,50.00,2025-12-20 16:56:38.764 +0900
6577,0,0,0,0,0,0,0.00,0,0.00,,50.00,50.00,50.00,2025-12-20 16:56:38.771 +0900
6578,0,0,0,0,0,0,0.00,0,0.00,,50.00,50.00,50.00,2025-12-20 16:56:38.778 +0900
6579,0,0,0,0,0,0,0.00,0,0.00,,50.00,50.00,50.00,2025-12-20 16:56:38.784 +0900
6580,0,0,0,0,0,0,0.00,0,0.00,,50.00,50.00,50.00,2025-12-20 16:56:38.792 +0900
6581,0,0,0,0,0,0,0.00,0,0.00,,50.00,50.00,50.00,2025-12-20 16:56:38.799 +0900
6582,0,0,0,0,0,0,0.00,0,0.00,,50.00,50.00,50.00,2025-12-20 16:56:38.806 +0900
6583,0,0,0,0,0,0,0.00,0,0.00,,50.00,50.00,50.00,2025-12-20 16:56:38.812 +0900
6584,0,0,0,0,0,0,0.00,0,0.00,,50.00,50.00,50.00,2025-12-20 16:56:38.819 +0900
6585,0,0,0,0,0,0,0.00,0,0.00,,50.00,50.00,50.00,2025-12-20 16:56:38.825 +0900
6586,0,0,0,0,0,0,0.00,0,0.00,,50.00,50.00,50.00,2025-12-20 16:56:38.832 +0900
6587,0,0,0,0,0,0,0.00,0,0.00,,50.00,50.00,50.00,2025-12-20 16:56:38.838 +0900
6588,0,0,0,0,0,0,0.00,0,0.00,,50.00,50.00,50.00,2025-12-20 16:56:38.845 +0900
6589,0,0,0,0,0,0,0.00,0,0.00,,50.00,50.00,50.00,2025-12-20 16:56:38.852 +0900
6590,0,0,0,0,0,0,0.00,0,0.00,,50.00,50.00,50.00,2025-12-20 16:56:38.858 +0900
6591,0,0,0,0,0,0,0.00,0,0.00,,50.00,50.00,50.00,2025-12-20 16:56:38.864 +0900
6592,0,0,0,0,0,0,0.00,0,0.00,,50.00,50.00,50.00,2025-12-20 16:56:38.871 +0900
6593,0,0,0,0,0,0,0.00,0,0.00,,50.00,50.00,50.00,2025-12-20 16:56:38.877 +0900
6594,0,0,0,0,0,0,0.00,0,0.00,,50.00,50.00,50.00,2025-12-20 16:56:38.883 +0900
6595,0,0,0,0,0,0,0.00,0,0.00,,50.00,50.00,50.00,2025-12-20 16:56:38.890 +0900
6596,0,0,0,0,0,0,0.00,0,0.00,,50.00,50.00,50.00,2025-12-20 16:56:38.896 +0900
6597,0,0,0,0,0,0,0.00,0,0.00,,50.00,50.00,50.00,2025-12-20 16:56:38.903 +0900
6598,0,0,0,0,0,0,0.00,0,0.00,,50.00,50.00,50.00,2025-12-20 16:56:38.909 +0900
6599,0,0,0,0,0,0,0.00,0,0.00,,50.00,50.00,50.00,2025-12-20 16:56:38.916 +0900
6600,0,0,0,0,0,0,0.00,0,0.00,,50.00,50.00,50.00,2025-12-20 16:56:38.922 +0900
6601,0,0,0,0,0,0,0.00,0,0.00,,50.00,50.00,50.00,2025-12-20 16:56:38.929 +0900
6602,0,0,0,0,0,0,0.00,0,0.00,,50.00,50.00,50.00,2025-12-20 16:56:38.935 +0900
6603,0,0,0,0,0,0,0.00,0,0.00,,50.00,50.00,50.00,2025-12-20 16:56:38.942 +0900
6604,0,0,0,0,0,0,0.00,0,0.00,,50.00,50.00,50.00,2025-12-20 16:56:38.949 +0900
6605,0,0,0,0,0,0,0.00,0,0.00,,50.00,50.00,50.00,2025-12-20 16:56:38.955 +0900
6606,0,0,0,0,0,0,0.00,0,0.00,,50.00,50.00,50.00,2025-12-20 16:56:38.961 +0900
6607,0,0,0,0,0,0,0.00,0,0.00,,50.00,50.00,50.00,2025-12-20 16:56:38.968 +0900
6608,0,0,0,0,0,0,0.00,0,0.00,,50.00,50.00,50.00,2025-12-20 16:56:38.974 +0900
6609,0,0,0,0,0,0,0.00,0,0.00,,50.00,50.00,50.00,2025-12-20 16:56:38.980 +0900
6610,0,0,0,0,0,0,0.00,0,0.00,,50.00,50.00,50.00,2025-12-20 16:56:38.987 +0900
6611,0,0,0,0,0,0,0.00,0,0.00,,50.00,50.00,50.00,2025-12-20 16:56:38.993 +0900
6612,0,0,0,0,0,0,0.00,0,0.00,,50.00,50.00,50.00,2025-12-20 16:56:38.999 +0900
6613,0,0,0,0,0,0,0.00,0,0.00,,50.00,50.00,50.00,2025-12-20 16:56:39.006 +0900
6614,0,0,0,0,0,0,0.00,0,0.00,,50.00,50.00,50.00,2025-12-20 16:56:39.012 +0900
6615,0,0,0,0,0,0,0.00,0,0.00,,50.00,50.00,50.00,2025-12-20 16:56:39.018 +0900
6616,0,0,0,0,0,0,0.00,0,0.00,,50.00,50.00,50.00,2025-12-20 16:56:39.025 +0900
6617,0,0,0,0,0,0,0.00,0,0.00,,50.00,50.00,50.00,2025-12-20 16:56:39.034 +0900
6618,0,0,0,0,0,0,0.00,0,0.00,,50.00,50.00,50.00,2025-12-20 16:56:39.041 +0900
6619,0,0,0,0,0,0,0.00,0,0.00,,50.00,50.00,50.00,2025-12-20 16:56:39.047 +0900
6620,0,0,0,0,0,0,0.00,0,0.00,,50.00,50.00,50.00,2025-12-20 16:56:39.054 +0900
6621,0,0,0,0,0,0,0.00,0,0.00,,50.00,50.00,50.00,2025-12-20 16:56:39.061 +0900
6622,0,0,0,0,0,0,0.00,0,0.00,,50.00,50.00,50.00,2025-12-20 16:56:39.067 +0900
6623,0,0,0,0,0,0,0.00,0,0.00,,50.00,50.00,50.00,2025-12-20 16:56:39.074 +0900
6624,0,0,0,0,0,0,0.00,0,0.00,,50.00,50.00,50.00,2025-12-20 16:56:39.080 +0900
6625,0,0,0,0,0,0,0.00,0,0.00,,50.00,50.00,50.00,2025-12-20 16:56:39.088 +0900
6626,0,0,0,0,0,0,0.00,0,0.00,,50.00,50.00,50.00,2025-12-20 16:56:39.094 +0900
6627,0,0,0,0,0,0,0.00,0,0.00,,50.00,50.00,50.00,2025-12-20 16:56:39.100 +0900
6628,0,0,0,0,0,0,0.00,0,0.00,,50.00,50.00,50.00,2025-12-20 16:56:39.107 +0900
6629,0,0,0,0,0,0,0.00,0,0.00,,50.00,50.00,50.00,2025-12-20 16:56:39.113 +0900
6630,0,0,0,0,0,0,0.00,0,0.00,,50.00,50.00,50.00,2025-12-20 16:56:39.121 +0900
6631,0,0,0,0,0,0,0.00,0,0.00,,50.00,50.00,50.00,2025-12-20 16:56:39.129 +0900
6632,0,0,0,0,0,0,0.00,0,0.00,,50.00,50.00,50.00,2025-12-20 16:56:39.137 +0900
6633,0,0,0,0,0,0,0.00,0,0.00,,50.00,50.00,50.00,2025-12-20 16:56:39.144 +0900
6634,0,0,0,0,0,0,0.00,0,0.00,,50.00,50.00,50.00,2025-12-20 16:56:39.150 +0900
6635,0,0,0,0,0,0,0.00,0,0.00,,50.00,50.00,50.00,2025-12-20 16:56:39.156 +0900
6636,0,0,0,0,0,0,0.00,0,0.00,,50.00,50.00,50.00,2025-12-20 16:56:39.163 +0900
6637,0,0,0,0,0,0,0.00,0,0.00,,50.00,50.00,50.00,2025-12-20 16:56:39.169 +0900
6638,0,0,0,0,0,0,0.00,0,0.00,,50.00,50.00,50.00,2025-12-20 16:56:39.176 +0900
6639,0,0,0,0,0,0,0.00,0,0.00,,50.00,50.00,50.00,2025-12-20 16:56:39.182 +0900
6640,0,0,0,0,0,0,0.00,0,0.00,,50.00,50.00,50.00,2025-12-20 16:56:39.189 +0900
6641,0,0,0,0,0,0,0.00,0,0.00,,50.00,50.00,50.00,2025-12-20 16:56:39.197 +0900
6642,0,0,0,0,0,0,0.00,0,0.00,,50.00,50.00,50.00,2025-12-20 16:56:39.203 +0900
6643,0,0,0,0,0,0,0.00,0,0.00,,50.00,50.00,50.00,2025-12-20 16:56:39.210 +0900
6644,0,0,0,0,0,0,0.00,0,0.00,,50.00,50.00,50.00,2025-12-20 16:56:39.216 +0900
6645,0,0,0,0,0,0,0.00,0,0.00,,50.00,50.00,50.00,2025-12-20 16:56:39.224 +0900
6646,0,0,0,0,0,0,0.00,0,0.00,,50.00,50.00,50.00,2025-12-20 16:56:39.230 +0900
6647,0,0,0,0,0,0,0.00,0,0.00,,50.00,50.00,50.00,2025-12-20 16:56:39.237 +0900
6648,0,0,0,0,0,0,0.00,0,0.00,,50.00,50.00,50.00,2025-12-20 16:56:39.245 +0900
6649,0,0,0,0,0,0,0.00,0,0.00,,50.00,50.00,50.00,2025-12-20 16:56:39.252 +0900
6650,0,0,0,0,0,0,0.00,0,0.00,,50.00,50.00,50.00,2025-12-20 16:56:39.261 +0900
6651,0,0,0,0,0,0,0.00,0,0.00,,50.00,50.00,50.00,2025-12-20 16:56:39.270 +0900
6652,0,0,0,0,0,0,0.00,0,0.00,,50.00,50.00,50.00,2025-12-20 16:56:39.280 +0900
6653,0,0,0,0,0,0,0.00,0,0.00,,50.00,50.00,50.00,2025-12-20 16:56:39.288 +0900
6654,0,0,0,0,0,0,0.00,0,0.00,,50.00,50.00,50.00,2025-12-20 16:56:39.301 +0900
6655,0,0,0,0,0,0,0.00,0,0.00,,50.00,50.00,50.00,2025-12-20 16:56:39.308 +0900
6656,0,0,0,0,0,0,0.00,0,0.00,,50.00,50.00,50.00,2025-12-20 16:56:39.314 +0900
6657,0,0,0,0,0,0,0.00,0,0.00,,50.00,50.00,50.00,2025-12-20 16:56:39.321 +0900
6658,0,0,0,0,0,0,0.00,0,0.00,,50.00,50.00,50.00,2025-12-20 16:56:39.329 +0900
6659,0,0,0,0,0,0,0.00,0,0.00,,50.00,50.00,50.00,2025-12-20 16:56:39.335 +0900
6660,0,0,0,0,0,0,0.00,0,0.00,,50.00,50.00,50.00,2025-12-20 16:56:39.341 +0900
6661,0,0,0,0,0,0,0.00,0,0.00,,50.00,50.00,50.00,2025-12-20 16:56:39.348 +0900
6662,0,0,0,0,0,0,0.00,0,0.00,,50.00,50.00,50.00,2025-12-20 16:56:39.354 +0900
6663,0,0,0,0,0,0,0.00,0,0.00,,50.00,50.00,50.00,2025-12-20 16:56:39.361 +0900
6664,0,0,0,0,0,0,0.00,0,0.00,,50.00,50.00,50.00,2025-12-20 16:56:39.367 +0900
6665,0,0,0,0,0,0,0.00,0,0.00,,50.00,50.00,50.00,2025-12-20 16:56:39.374 +0900
6666,0,0,0,0,0,0,0.00,0,0.00,,50.00,50.00,50.00,2025-12-20 16:56:39.380 +0900
6667,0,0,0,0,0,0,0.00,0,0.00,,50.00,50.00,50.00,2025-12-20 16:56:39.387 +0900
6668,0,0,0,0,0,0,0.00,0,0.00,,50.00,50.00,50.00,2025-12-20 16:56:39.393 +0900
6669,0,0,0,0,0,0,0.00,0,0.00,,50.00,50.00,50.00,2025-12-20 16:56:39.400 +0900
6670,0,0,0,0,0,0,0.00,0,0.00,,50.00,50.00,50.00,2025-12-20 16:56:39.407 +0900
6671,0,0,0,0,0,0,0.00,0,0.00,,50.00,50.00,50.00,2025-12-20 16:56:39.413 +0900
6672,0,0,0,0,0,0,0.00,0,0.00,,50.00,50.00,50.00,2025-12-20 16:56:39.419 +0900
6673,0,0,0,0,0,0,0.00,0,0.00,,50.00,50.00,50.00,2025-12-20 16:56:39.426 +0900
6674,0,0,0,0,0,0,0.00,0,0.00,,50.00,50.00,50.00,2025-12-20 16:56:39.432 +0900
6675,0,0,0,0,0,0,0.00,0,0.00,,50.00,50.00,50.00,2025-12-20 16:56:39.439 +0900
6676,0,0,0,0,0,0,0.00,0,0.00,,50.00,50.00,50.00,2025-12-20 16:56:39.445 +0900
6677,0,0,0,0,0,0,0.00,0,0.00,,50.00,50.00,50.00,2025-12-20 16:56:39.451 +0900
6678,0,0,0,0,0,0,0.00,0,0.00,,50.00,50.00,50.00,2025-12-20 16:56:39.457 +0900
6679,0,0,0,0,0,0,0.00,0,0.00,,50.00,50.00,50.00,2025-12-20 16:56:39.464 +0900
6680,0,0,0,0,0,0,0.00,0,0.00,,50.00,50.00,50.00,2025-12-20 16:56:39.470 +0900
6681,0,0,0,0,0,0,0.00,0,0.00,,50.00,50.00,50.00,2025-12-20 16:56:39.476 +0900
6682,0,0,0,0,0,0,0.00,0,0.00,,50.00,50.00,50.00,2025-12-20 16:56:39.483 +0900
6683,0,0,0,0,0,0,0.00,0,0.00,,50.00,50.00,50.00,2025-12-20 16:56:39.489 +0900
6684,0,0,0,0,0,0,0.00,0,0.00,,50.00,50.00,50.00,2025-12-20 16:56:39.496 +0900
6685,0,0,0,0,0,0,0.00,0,0.00,,50.00,50.00,50.00,2025-12-20 16:56:39.502 +0900
6686,0,0,0,0,0,0,0.00,0,0.00,,50.00,50.00,50.00,2025-12-20 16:56:39.508 +0900
6687,0,0,0,0,0,0,0.00,0,0.00,,50.00,50.00,50.00,2025-12-20 16:56:39.516 +0900
6688,0,0,0,0,0,0,0.00,0,0.00,,50.00,50.00,50.00,2025-12-20 16:56:39.522 +0900
6689,0,0,0,0,0,0,0.00,0,0.00,,50.00,50.00,50.00,2025-12-20 16:56:39.529 +0900
6690,0,0,0,0,0,0,0.00,0,0.00,,50.00,50.00,50.00,2025-12-20 16:56:39.536 +0900
6691,0,0,0,0,0,0,0.00,0,0.00,,50.00,50.00,50.00,2025-12-20 16:56:39.542 +0900
6692,0,0,0,0,0,0,0.00,0,0.00,,50.00,50.00,50.00,2025-12-20 16:56:39.549 +0900
6693,0,0,0,0,0,0,0.00,0,0.00,,50.00,50.00,50.00,2025-12-20 16:56:39.556 +0900
6694,0,0,0,0,0,0,0.00,0,0.00,,50.00,50.00,50.00,2025-12-20 16:56:39.562 +0900
6695,0,0,0,0,0,0,0.00,0,0.00,,50.00,50.00,50.00,2025-12-20 16:56:39.569 +0900
6696,0,0,0,0,0,0,0.00,0,0.00,,50.00,50.00,50.00,2025-12-20 16:56:39.576 +0900
6697,0,0,0,0,0,0,0.00,0,0.00,,50.00,50.00,50.00,2025-12-20 16:56:39.583 +0900
6698,0,0,0,0,0,0,0.00,0,0.00,,50.00,50.00,50.00,2025-12-20 16:56:39.589 +0900
6699,0,0,0,0,0,0,0.00,0,0.00,,50.00,50.00,50.00,2025-12-20 16:56:39.595 +0900
6700,0,0,0,0,0,0,0.00,0,0.00,,50.00,50.00,50.00,2025-12-20 16:56:39.602 +0900
6701,0,0,0,0,0,0,0.00,0,0.00,,50.00,50.00,50.00,2025-12-20 16:56:39.609 +0900
6702,0,0,0,0,0,0,0.00,0,0.00,,50.00,50.00,50.00,2025-12-20 16:56:39.615 +0900
6703,0,0,0,0,0,0,0.00,0,0.00,,50.00,50.00,50.00,2025-12-20 16:56:39.621 +0900
6704,0,0,0,0,0,0,0.00,0,0.00,,50.00,50.00,50.00,2025-12-20 16:56:39.628 +0900
6705,0,0,0,0,0,0,0.00,0,0.00,,50.00,50.00,50.00,2025-12-20 16:56:39.634 +0900
6706,0,0,0,0,0,0,0.00,0,0.00,,50.00,50.00,50.00,2025-12-20 16:56:39.641 +0900
6707,0,0,0,0,0,0,0.00,0,0.00,,50.00,50.00,50.00,2025-12-20 16:56:39.647 +0900
6708,0,0,0,0,0,0,0.00,0,0.00,,50.00,50.00,50.00,2025-12-20 16:56:39.653 +0900
6709,0,0,0,0,0,0,0.00,0,0.00,,50.00,50.00,50.00,2025-12-20 16:56:39.660 +0900
6710,0,0,0,0,0,0,0.00,0,0.00,,50.00,50.00,50.00,2025-12-20 16:56:39.666 +0900
6711,0,0,0,0,0,0,0.00,0,0.00,,50.00,50.00,50.00,2025-12-20 16:56:39.673 +0900
6712,0,0,0,0,0,0,0.00,0,0.00,,50.00,50.00,50.00,2025-12-20 16:56:39.679 +0900
6713,0,0,0,0,0,0,0.00,0,0.00,,50.00,50.00,50.00,2025-12-20 16:56:39.685 +0900
6714,0,0,0,0,0,0,0.00,0,0.00,,50.00,50.00,50.00,2025-12-20 16:56:39.692 +0900
6715,0,0,0,0,0,0,0.00,0,0.00,,50.00,50.00,50.00,2025-12-20 16:56:39.698 +0900
6716,0,0,0,0,0,0,0.00,0,0.00,,50.00,50.00,50.00,2025-12-20 16:56:39.704 +0900
6717,0,0,0,0,0,0,0.00,0,0.00,,50.00,50.00,50.00,2025-12-20 16:56:39.711 +0900
6718,0,0,0,0,0,0,0.00,0,0.00,,50.00,50.00,50.00,2025-12-20 16:56:39.717 +0900
6719,0,0,0,0,0,0,0.00,0,0.00,,50.00,50.00,50.00,2025-12-20 16:56:39.723 +0900
6720,0,0,0,0,0,0,0.00,0,0.00,,50.00,50.00,50.00,2025-12-20 16:56:39.730 +0900
6721,0,0,0,0,0,0,0.00,0,0.00,,50.00,50.00,50.00,2025-12-20 16:56:39.736 +0900
6722,0,0,0,0,0,0,0.00,0,0.00,,50.00,50.00,50.00,2025-12-20 16:56:39.742 +0900
6723,0,0,0,0,0,0,0.00,0,0.00,,50.00,50.00,50.00,2025-12-20 16:56:39.749 +0900
6724,0,0,0,0,0,0,0.00,0,0.00,,50.00,50.00,50.00,2025-12-20 16:56:39.755 +0900
6725,0,0,0,0,0,0,0.00,0,0.00,,50.00,50.00,50.00,2025-12-20 16:56:39.761 +0900
6726,0,0,0,0,0,0,0.00,0,0.00,,50.00,50.00,50.00,2025-12-20 16:56:39.768 +0900
6727,0,0,0,0,0,0,0.00,0,0.00,,50.00,50.00,50.00,2025-12-20 16:56:39.774 +0900
6728,0,0,0,0,0,0,0.00,0,0.00,,50.00,50.00,50.00,2025-12-20 16:56:39.780 +0900
6729,0,0,0,0,0,0,0.00,0,0.00,,50.00,50.00,50.00,2025-12-20 16:56:39.787 +0900
6730,0,0,0,0,0,0,0.00,0,0.00,,50.00,50.00,50.00,2025-12-20 16:56:39.794 +0900
6731,0,0,0,0,0,0,0.00,0,0.00,,50.00,50.00,50.00,2025-12-20 16:56:39.800 +0900
6732,0,0,0,0,0,0,0.00,0,0.00,,50.00,50.00,50.00,2025-12-20 16:56:39.806 +0900
6733,0,0,0,0,0,0,0.00,0,0.00,,50.00,50.00,50.00,2025-12-20 16:56:39.812 +0900
6734,0,0,0,0,0,0,0.00,0,0.00,,50.00,50.00,50.00,2025-12-20 16:56:39.818 +0900
6735,0,0,0,0,0,0,0.00,0,0.00,,50.00,50.00,50.00,2025-12-20 16:56:39.825 +0900
6736,0,0,0,0,0,0,0.00,0,0.00,,50.00,50.00,50.00,2025-12-20 16:56:39.831 +0900
6737,0,0,0,0,0,0,0.00,0,0.00,,50.00,50.00,50.00,2025-12-20 16:56:39.837 +0900
6738,0,0,0,0,0,0,0.00,0,0.00,,50.00,50.00,50.00,2025-12-20 16:56:39.844 +0900
6739,0,0,0,0,0,0,0.00,0,0.00,,50.00,50.00,50.00,2025-12-20 16:56:39.850 +0900
6740,0,0,0,0,0,0,0.00,0,0.00,,50.00,50.00,50.00,2025-12-20 16:56:39.857 +0900
6741,0,0,0,0,0,0,0.00,0,0.00,,50.00,50.00,50.00,2025-12-20 16:56:39.863 +0900
6742,0,0,0,0,0,0,0.00,0,0.00,,50.00,50.00,50.00,2025-12-20 16:56:39.869 +0900
6743,0,0,0,0,0,0,0.00,0,0.00,,50.00,50.00,50.00,2025-12-20 16:56:39.876 +0900
6744,0,0,0,0,0,0,0.00,0,0.00,,50.00,50.00,50.00,2025-12-20 16:56:39.882 +0900
6745,0,0,0,0,0,0,0.00,0,0.00,,50.00,50.00,50.00,2025-12-20 16:56:39.889 +0900
6746,0,0,0,0,0,0,0.00,0,0.00,,50.00,50.00,50.00,2025-12-20 16:56:39.896 +0900
6747,0,0,0,0,0,0,0.00,0,0.00,,50.00,50.00,50.00,2025-12-20 16:56:39.902 +0900
6748,0,0,0,0,0,0,0.00,0,0.00,,50.00,50.00,50.00,2025-12-20 16:56:39.909 +0900
6749,0,0,0,0,0,0,0.00,0,0.00,,50.00,50.00,50.00,2025-12-20 16:56:39.916 +0900
6750,0,0,0,0,0,0,0.00,0,0.00,,50.00,50.00,50.00,2025-12-20 16:56:39.922 +0900
6751,0,0,0,0,0,0,0.00,0,0.00,,50.00,50.00,50.00,2025-12-20 16:56:39.929 +0900
6752,0,0,0,0,0,0,0.00,0,0.00,,50.00,50.00,50.00,2025-12-20 16:56:39.936 +0900
6753,0,0,0,0,0,0,0.00,0,0.00,,50.00,50.00,50.00,2025-12-20 16:56:39.942 +0900
6754,0,0,0,0,0,0,0.00,0,0.00,,50.00,50.00,50.00,2025-12-20 16:56:39.949 +0900
6755,0,0,0,0,0,0,0.00,0,0.00,,50.00,50.00,50.00,2025-12-20 16:56:39.955 +0900
6756,0,0,0,0,0,0,0.00,0,0.00,,50.00,50.00,50.00,2025-12-20 16:56:39.962 +0900
6757,0,0,0,0,0,0,0.00,0,0.00,,50.00,50.00,50.00,2025-12-20 16:56:39.969 +0900
6758,0,0,0,0,0,0,0.00,0,0.00,,50.00,50.00,50.00,2025-12-20 16:56:39.975 +0900
6759,0,0,0,0,0,0,0.00,0,0.00,,50.00,50.00,50.00,2025-12-20 16:56:39.982 +0900
6760,0,0,0,0,0,0,0.00,0,0.00,,50.00,50.00,50.00,2025-12-20 16:56:39.988 +0900
6761,0,0,0,0,0,0,0.00,0,0.00,,50.00,50.00,50.00,2025-12-20 16:56:39.995 +0900
6762,0,0,0,0,0,0,0.00,0,0.00,,50.00,50.00,50.00,2025-12-20 16:56:40.002 +0900
6763,0,0,0,0,0,0,0.00,0,0.00,,50.00,50.00,50.00,2025-12-20 16:56:40.009 +0900
6764,0,0,0,0,0,0,0.00,0,0.00,,50.00,50.00,50.00,2025-12-20 16:56:40.016 +0900
6765,0,0,0,0,0,0,0.00,0,0.00,,50.00,50.00,50.00,2025-12-20 16:56:40.023 +0900
6766,0,0,0,0,0,0,0.00,0,0.00,,50.00,50.00,50.00,2025-12-20 16:56:40.029 +0900
6767,0,0,0,0,0,0,0.00,0,0.00,,50.00,50.00,50.00,2025-12-20 16:56:40.036 +0900
6768,0,0,0,0,0,0,0.00,0,0.00,,50.00,50.00,50.00,2025-12-20 16:56:40.042 +0900
6769,0,0,0,0,0,0,0.00,0,0.00,,50.00,50.00,50.00,2025-12-20 16:56:40.049 +0900
6770,0,0,0,0,0,0,0.00,0,0.00,,50.00,50.00,50.00,2025-12-20 16:56:40.055 +0900
6771,0,0,0,0,0,0,0.00,0,0.00,,50.00,50.00,50.00,2025-12-20 16:56:40.062 +0900
6772,0,0,0,0,0,0,0.00,0,0.00,,50.00,50.00,50.00,2025-12-20 16:56:40.068 +0900
6773,0,0,0,0,0,0,0.00,0,0.00,,50.00,50.00,50.00,2025-12-20 16:56:40.075 +0900
6774,0,0,0,0,0,0,0.00,0,0.00,,50.00,50.00,50.00,2025-12-20 16:56:40.081 +0900
6775,0,0,0,0,0,0,0.00,0,0.00,,50.00,50.00,50.00,2025-12-20 16:56:40.088 +0900
6776,0,0,0,0,0,0,0.00,0,0.00,,50.00,50.00,50.00,2025-12-20 16:56:40.094 +0900
6777,0,0,0,0,0,0,0.00,0,0.00,,50.00,50.00,50.00,2025-12-20 16:56:40.100 +0900
6778,0,0,0,0,0,0,0.00,0,0.00,,50.00,50.00,50.00,2025-12-20 16:56:40.107 +0900
6779,0,0,0,0,0,0,0.00,0,0.00,,50.00,50.00,50.00,2025-12-20 16:56:40.114 +0900
6780,0,0,0,0,0,0,0.00,0,0.00,,50.00,50.00,50.00,2025-12-20 16:56:40.120 +0900
6781,0,0,0,0,0,0,0.00,0,0.00,,50.00,50.00,50.00,2025-12-20 16:56:40.127 +0900
6782,0,0,0,0,0,0,0.00,0,0.00,,50.00,50.00,50.00,2025-12-20 16:56:40.133 +0900
6783,0,0,0,0,0,0,0.00,0,0.00,,50.00,50.00,50.00,2025-12-20 16:56:40.140 +0900
6784,0,0,0,0,0,0,0.00,0,0.00,,50.00,50.00,50.00,2025-12-20 16:56:40.146 +0900
6785,0,0,0,0,0,0,0.00,0,0.00,,50.00,50.00,50.00,2025-12-20 16:56:40.153 +0900
6786,0,0,0,0,0,0,0.00,0,0.00,,50.00,50.00,50.00,2025-12-20 16:56:40.159 +0900
6787,0,0,0,0,0,0,0.00,0,0.00,,50.00,50.00,50.00,2025-12-20 16:56:40.166 +0900
6788,0,0,0,0,0,0,0.00,0,0.00,,50.00,50.00,50.00,2025-12-20 16:56:40.173 +0900
6789,0,0,0,0,0,0,0.00,0,0.00,,50.00,50.00,50.00,2025-12-20 16:56:40.180 +0900
6790,0,0,0,0,0,0,0.00,0,0.00,,50.00,50.00,50.00,2025-12-20 16:56:40.187 +0900
6791,0,0,0,0,0,0,0.00,0,0.00,,50.00,50.00,50.00,2025-12-20 16:56:40.193 +0900
6792,0,0,0,0,0,0,0.00,0,0.00,,50.00,50.00,50.00,2025-12-20 16:56:40.200 +0900
6793,0,0,0,0,0,0,0.00,0,0.00,,50.00,50.00,50.00,2025-12-20 16:56:40.206 +0900
6794,0,0,0,0,0,0,0.00,0,0.00,,50.00,50.00,50.00,2025-12-20 16:56:40.213 +0900
6795,0,0,0,0,0,0,0.00,0,0.00,,50.00,50.00,50.00,2025-12-20 16:56:40.220 +0900
6796,0,0,0,0,0,0,0.00,0,0.00,,50.00,50.00,50.00,2025-12-20 16:56:40.226 +0900
6797,0,0,0,0,0,0,0.00,0,0.00,,50.00,50.00,50.00,2025-12-20 16:56:40.233 +0900
6798,0,0,0,0,0,0,0.00,0,0.00,,50.00,50.00,50.00,2025-12-20 16:56:40.240 +0900
6799,0,0,0,0,0,0,0.00,0,0.00,,50.00,50.00,50.00,2025-12-20 16:56:40.246 +0900
6800,0,0,0,0,0,0,0.00,0,0.00,,50.00,50.00,50.00,2025-12-20 16:56:40.253 +0900
6801,0,0,0,0,0,0,0.00,0,0.00,,50.00,50.00,50.00,2025-12-20 16:56:40.260 +0900
6802,0,0,0,0,0,0,0.00,0,0.00,,50.00,50.00,50.00,2025-12-20 16:56:40.267 +0900
6803,0,0,0,0,0,0,0.00,0,0.00,,50.00,50.00,50.00,2025-12-20 16:56:40.274 +0900
6804,0,0,0,0,0,0,0.00,0,0.00,,50.00,50.00,50.00,2025-12-20 16:56:40.281 +0900
6805,0,0,0,0,0,0,0.00,0,0.00,,50.00,50.00,50.00,2025-12-20 16:56:40.288 +0900
6806,0,0,0,0,0,0,0.00,0,0.00,,50.00,50.00,50.00,2025-12-20 16:56:40.294 +0900
6807,0,0,0,0,0,0,0.00,0,0.00,,50.00,50.00,50.00,2025-12-20 16:56:40.301 +0900
6808,0,0,0,0,0,0,0.00,0,0.00,,50.00,50.00,50.00,2025-12-20 16:56:40.308 +0900
6809,0,0,0,0,0,0,0.00,0,0.00,,50.00,50.00,50.00,2025-12-20 16:56:40.315 +0900
6810,0,0,0,0,0,0,0.00,0,0.00,,50.00,50.00,50.00,2025-12-20 16:56:40.321 +0900
6811,0,0,0,0,0,0,0.00,0,0.00,,50.00,50.00,50.00,2025-12-20 16:56:40.328 +0900
6812,0,0,0,0,0,0,0.00,0,0.00,,50.00,50.00,50.00,2025-12-20 16:56:40.335 +0900
6813,0,0,0,0,0,0,0.00,0,0.00,,50.00,50.00,50.00,2025-12-20 16:56:40.342 +0900
6814,0,0,0,0,0,0,0.00,0,0.00,,50.00,50.00,50.00,2025-12-20 16:56:40.349 +0900
6815,0,0,0,0,0,0,0.00,0,0.00,,50.00,50.00,50.00,2025-12-20 16:56:40.356 +0900
6816,0,0,0,0,0,0,0.00,0,0.00,,50.00,50.00,50.00,2025-12-20 16:56:40.364 +0900
6817,0,0,0,0,0,0,0.00,0,0.00,,50.00,50.00,50.00,2025-12-20 16:56:40.372 +0900
6818,0,0,0,0,0,0,0.00,0,0.00,,50.00,50.00,50.00,2025-12-20 16:56:40.379 +0900
6819,0,0,0,0,0,0,0.00,0,0.00,,50.00,50.00,50.00,2025-12-20 16:56:40.386 +0900
6820,0,0,0,0,0,0,0.00,0,0.00,,50.00,50.00,50.00,2025-12-20 16:56:40.393 +0900
6821,0,0,0,0,0,0,0.00,0,0.00,,50.00,50.00,50.00,2025-12-20 16:56:40.399 +0900
6822,0,0,0,0,0,0,0.00,0,0.00,,50.00,50.00,50.00,2025-12-20 16:56:40.406 +0900
6823,0,0,0,0,0,0,0.00,0,0.00,,50.00,50.00,50.00,2025-12-20 16:56:40.413 +0900
6824,0,0,0,0,0,0,0.00,0,0.00,,50.00,50.00,50.00,2025-12-20 16:56:40.420 +0900
6825,0,0,0,0,0,0,0.00,0,0.00,,50.00,50.00,50.00,2025-12-20 16:56:40.427 +0900
6826,0,0,0,0,0,0,0.00,0,0.00,,50.00,50.00,50.00,2025-12-20 16:56:40.433 +0900
6827,0,0,0,0,0,0,0.00,0,0.00,,50.00,50.00,50.00,2025-12-20 16:56:40.440 +0900
6828,0,0,0,0,0,0,0.00,0,0.00,,50.00,50.00,50.00,2025-12-20 16:56:40.447 +0900
6829,0,0,0,0,0,0,0.00,0,0.00,,50.00,50.00,50.00,2025-12-20 16:56:40.454 +0900
6830,0,0,0,0,0,0,0.00,0,0.00,,50.00,50.00,50.00,2025-12-20 16:56:40.461 +0900
6831,0,0,0,0,0,0,0.00,0,0.00,,50.00,50.00,50.00,2025-12-20 16:56:40.468 +0900
6832,0,0,0,0,0,0,0.00,0,0.00,,50.00,50.00,50.00,2025-12-20 16:56:40.474 +0900
6833,0,0,0,0,0,0,0.00,0,0.00,,50.00,50.00,50.00,2025-12-20 16:56:40.481 +0900
6834,0,0,0,0,0,0,0.00,0,0.00,,50.00,50.00,50.00,2025-12-20 16:56:40.488 +0900
6835,0,0,0,0,0,0,0.00,0,0.00,,50.00,50.00,50.00,2025-12-20 16:56:40.494 +0900
6836,0,0,0,0,0,0,0.00,0,0.00,,50.00,50.00,50.00,2025-12-20 16:56:40.501 +0900
6837,0,0,0,0,0,0,0.00,0,0.00,,50.00,50.00,50.00,2025-12-20 16:56:40.507 +0900
6838,0,0,0,0,0,0,0.00,0,0.00,,50.00,50.00,50.00,2025-12-20 16:56:40.514 +0900
6839,0,0,0,0,0,0,0.00,0,0.00,,50.00,50.00,50.00,2025-12-20 16:56:40.521 +0900
6840,0,0,0,0,0,0,0.00,0,0.00,,50.00,50.00,50.00,2025-12-20 16:56:40.527 +0900
6841,0,0,0,0,0,0,0.00,0,0.00,,50.00,50.00,50.00,2025-12-20 16:56:40.534 +0900
6842,0,0,0,0,0,0,0.00,0,0.00,,50.00,50.00,50.00,2025-12-20 16:56:40.541 +0900
6843,0,0,0,0,0,0,0.00,0,0.00,,50.00,50.00,50.00,2025-12-20 16:56:40.548 +0900
6844,0,0,0,0,0,0,0.00,0,0.00,,50.00,50.00,50.00,2025-12-20 16:56:40.555 +0900
6845,0,0,0,0,0,0,0.00,0,0.00,,50.00,50.00,50.00,2025-12-20 16:56:40.561 +0900
6846,0,0,0,0,0,0,0.00,0,0.00,,50.00,50.00,50.00,2025-12-20 16:56:40.568 +0900
6847,0,0,0,0,0,0,0.00,0,0.00,,50.00,50.00,50.00,2025-12-20 16:56:40.575 +0900
6848,0,0,0,0,0,0,0.00,0,0.00,,50.00,50.00,50.00,2025-12-20 16:56:40.582 +0900
6849,0,0,0,0,0,0,0.00,0,0.00,,50.00,50.00,50.00,2025-12-20 16:56:40.589 +0900
6850,0,0,0,0,0,0,0.00,0,0.00,,50.00,50.00,50.00,2025-12-20 16:56:40.596 +0900
6851,0,0,0,0,0,0,0.00,0,0.00,,50.00,50.00,50.00,2025-12-20 16:56:40.604 +0900
6852,0,0,0,0,0,0,0.00,0,0.00,,50.00,50.00,50.00,2025-12-20 16:56:40.611 +0900
6853,0,0,0,0,0,0,0.00,0,0.00,,50.00,50.00,50.00,2025-12-20 16:56:40.619 +0900
6854,0,0,0,0,0,0,0.00,0,0.00,,50.00,50.00,50.00,2025-12-20 16:56:40.626 +0900
6855,0,0,0,0,0,0,0.00,0,0.00,,50.00,50.00,50.00,2025-12-20 16:56:40.633 +0900
6856,0,0,0,0,0,0,0.00,0,0.00,,50.00,50.00,50.00,2025-12-20 16:56:40.640 +0900
6857,0,0,0,0,0,0,0.00,0,0.00,,50.00,50.00,50.00,2025-12-20 16:56:40.647 +0900
6858,0,0,0,0,0,0,0.00,0,0.00,,50.00,50.00,50.00,2025-12-20 16:56:40.654 +0900
6859,0,0,0,0,0,0,0.00,0,0.00,,50.00,50.00,50.00,2025-12-20 16:56:40.661 +0900
6860,0,0,0,0,0,0,0.00,0,0.00,,50.00,50.00,50.00,2025-12-20 16:56:40.668 +0900
6861,0,0,0,0,0,0,0.00,0,0.00,,50.00,50.00,50.00,2025-12-20 16:56:40.674 +0900
6862,0,0,0,0,0,0,0.00,0,0.00,,50.00,50.00,50.00,2025-12-20 16:56:40.681 +0900
6863,0,0,0,0,0,0,0.00,0,0.00,,50.00,50.00,50.00,2025-12-20 16:56:40.688 +0900
6864,0,0,0,0,0,0,0.00,0,0.00,,50.00,50.00,50.00,2025-12-20 16:56:40.694 +0900
6865,0,0,0,0,0,0,0.00,0,0.00,,50.00,50.00,50.00,2025-12-20 16:56:40.701 +0900
6866,0,0,0,0,0,0,0.00,0,0.00,,50.00,50.00,50.00,2025-12-20 16:56:40.708 +0900
6867,0,0,0,0,0,0,0.00,0,0.00,,50.00,50.00,50.00,2025-12-20 16:56:40.714 +0900
6868,0,0,0,0,0,0,0.00,0,0.00,,50.00,50.00,50.00,2025-12-20 16:56:40.721 +0900
6869,0,0,0,0,0,0,0.00,0,0.00,,50.00,50.00,50.00,2025-12-20 16:56:40.728 +0900
6870,0,0,0,0,0,0,0.00,0,0.00,,50.00,50.00,50.00,2025-12-20 16:56:40.735 +0900
6871,0,0,0,0,0,0,0.00,0,0.00,,50.00,50.00,50.00,2025-12-20 16:56:40.742 +0900
6872,0,0,0,0,0,0,0.00,0,0.00,,50.00,50.00,50.00,2025-12-20 16:56:40.749 +0900
6873,0,0,0,0,0,0,0.00,0,0.00,,50.00,50.00,50.00,2025-12-20 16:56:40.755 +0900
6874,0,0,0,0,0,0,0.00,0,0.00,,50.00,50.00,50.00,2025-12-20 16:56:40.762 +0900
6875,0,0,0,0,0,0,0.00,0,0.00,,50.00,50.00,50.00,2025-12-20 16:56:40.769 +0900
6876,0,0,0,0,0,0,0.00,0,0.00,,50.00,50.00,50.00,2025-12-20 16:56:40.776 +0900
6877,0,0,0,0,0,0,0.00,0,0.00,,50.00,50.00,50.00,2025-12-20 16:56:40.782 +0900
6878,0,0,0,0,0,0,0.00,0,0.00,,50.00,50.00,50.00,2025-12-20 16:56:40.789 +0900
6879,0,0,0,0,0,0,0.00,0,0.00,,50.00,50.00,50.00,2025-12-20 16:56:40.795 +0900
6880,0,0,0,0,0,0,0.00,0,0.00,,50.00,50.00,50.00,2025-12-20 16:56:40.802 +0900
6881,0,0,0,0,0,0,0.00,0,0.00,,50.00,50.00,50.00,2025-12-20 16:56:40.808 +0900
6882,0,0,0,0,0,0,0.00,0,0.00,,50.00,50.00,50.00,2025-12-20 16:56:40.815 +0900
6883,0,0,0,0,0,0,0.00,0,0.00,,50.00,50.00,50.00,2025-12-20 16:56:40.821 +0900
6884,0,0,0,0,0,0,0.00,0,0.00,,50.00,50.00,50.00,2025-12-20 16:56:40.828 +0900
6885,0,0,0,0,0,0,0.00,0,0.00,,50.00,50.00,50.00,2025-12-20 16:56:40.834 +0900
6886,0,0,0,0,0,0,0.00,0,0.00,,50.00,50.00,50.00,2025-12-20 16:56:40.841 +0900
6887,0,0,0,0,0,0,0.00,0,0.00,,50.00,50.00,50.00,2025-12-20 16:56:40.848 +0900
6888,0,0,0,0,0,0,0.00,0,0.00,,50.00,50.00,50.00,2025-12-20 16:56:40.855 +0900
6889,0,0,0,0,0,0,0.00,0,0.00,,50.00,50.00,50.00,2025-12-20 16:56:40.861 +0900
6890,0,0,0,0,0,0,0.00,0,0.00,,50.00,50.00,50.00,2025-12-20 16:56:40.868 +0900
6891,0,0,0,0,0,0,0.00,0,0.00,,50.00,50.00,50.00,2025-12-20 16:56:40.875 +0900
6892,0,0,0,0,0,0,0.00,0,0.00,,50.00,50.00,50.00,2025-12-20 16:56:40.882 +0900
6893,0,0,0,0,0,0,0.00,0,0.00,,50.00,50.00,50.00,2025-12-20 16:56:40.888 +0900
6894,0,0,0,0,0,0,0.00,0,0.00,,50.00,50.00,50.00,2025-12-20 16:56:40.895 +0900
6895,0,0,0,0,0,0,0.00,0,0.00,,50.00,50.00,50.00,2025-12-20 16:56:40.902 +0900
6896,0,0,0,0,0,0,0.00,0,0.00,,50.00,50.00,50.00,2025-12-20 16:56:40.908 +0900
6897,0,0,0,0,0,0,0.00,0,0.00,,50.00,50.00,50.00,2025-12-20 16:56:40.916 +0900
6898,0,0,0,0,0,0,0.00,0,0.00,,50.00,50.00,50.00,2025-12-20 16:56:40.923 +0900
6899,0,0,0,0,0,0,0.00,0,0.00,,50.00,50.00,50.00,2025-12-20 16:56:40.929 +0900
6900,0,0,0,0,0,0,0.00,0,0.00,,50.00,50.00,50.00,2025-12-20 16:56:40.936 +0900
6901,0,0,0,0,0,0,0.00,0,0.00,,50.00,50.00,50.00,2025-12-20 16:56:40.943 +0900
6902,0,0,0,0,0,0,0.00,0,0.00,,50.00,50.00,50.00,2025-12-20 16:56:40.950 +0900
6903,0,0,0,0,0,0,0.00,0,0.00,,50.00,50.00,50.00,2025-12-20 16:56:40.957 +0900
6904,0,0,0,0,0,0,0.00,0,0.00,,50.00,50.00,50.00,2025-12-20 16:56:40.964 +0900
6905,0,0,0,0,0,0,0.00,0,0.00,,50.00,50.00,50.00,2025-12-20 16:56:40.971 +0900
6906,0,0,0,0,0,0,0.00,0,0.00,,50.00,50.00,50.00,2025-12-20 16:56:40.977 +0900
6907,0,0,0,0,0,0,0.00,0,0.00,,50.00,50.00,50.00,2025-12-20 16:56:40.984 +0900
6908,0,0,0,0,0,0,0.00,0,0.00,,50.00,50.00,50.00,2025-12-20 16:56:40.991 +0900
6909,0,0,0,0,0,0,0.00,0,0.00,,50.00,50.00,50.00,2025-12-20 16:56:40.998 +0900
6910,0,0,0,0,0,0,0.00,0,0.00,,50.00,50.00,50.00,2025-12-20 16:56:41.004 +0900
6911,0,0,0,0,0,0,0.00,0,0.00,,50.00,50.00,50.00,2025-12-20 16:56:41.011 +0900
6912,0,0,0,0,0,0,0.00,0,0.00,,50.00,50.00,50.00,2025-12-20 16:56:41.018 +0900
6913,0,0,0,0,0,0,0.00,0,0.00,,50.00,50.00,50.00,2025-12-20 16:56:41.025 +0900
6914,0,0,0,0,0,0,0.00,0,0.00,,50.00,50.00,50.00,2025-12-20 16:56:41.032 +0900
6915,0,0,0,0,0,0,0.00,0,0.00,,50.00,50.00,50.00,2025-12-20 16:56:41.039 +0900
6916,0,0,0,0,0,0,0.00,0,0.00,,50.00,50.00,50.00,2025-12-20 16:56:41.046 +0900
6917,0,0,0,0,0,0,0.00,0,0.00,,50.00,50.00,50.00,2025-12-20 16:56:41.053 +0900
6918,0,0,0,0,0,0,0.00,0,0.00,,50.00,50.00,50.00,2025-12-20 16:56:41.060 +0900
6919,0,0,0,0,0,0,0.00,0,0.00,,50.00,50.00,50.00,2025-12-20 16:56:41.067 +0900
6920,0,0,0,0,0,0,0.00,0,0.00,,50.00,50.00,50.00,2025-12-20 16:56:41.074 +0900
6921,0,0,0,0,0,0,0.00,0,0.00,,50.00,50.00,50.00,2025-12-20 16:56:41.085 +0900
6922,0,0,0,0,0,0,0.00,0,0.00,,50.00,50.00,50.00,2025-12-20 16:56:41.096 +0900
6923,0,0,0,0,0,0,0.00,0,0.00,,50.00,50.00,50.00,2025-12-20 16:56:41.105 +0900
6924,0,0,0,0,0,0,0.00,0,0.00,,50.00,50.00,50.00,2025-12-20 16:56:41.115 +0900
6925,0,0,0,0,0,0,0.00,0,0.00,,50.00,50.00,50.00,2025-12-20 16:56:41.128 +0900
6926,0,0,0,0,0,0,0.00,0,0.00,,50.00,50.00,50.00,2025-12-20 16:56:41.135 +0900
6927,0,0,0,0,0,0,0.00,0,0.00,,50.00,50.00,50.00,2025-12-20 16:56:41.142 +0900
6928,0,0,0,0,0,0,0.00,0,0.00,,50.00,50.00,50.00,2025-12-20 16:56:41.149 +0900
6929,0,0,0,0,0,0,0.00,0,0.00,,50.00,50.00,50.00,2025-12-20 16:56:41.156 +0900
6930,0,0,0,0,0,0,0.00,0,0.00,,50.00,50.00,50.00,2025-12-20 16:56:41.163 +0900
6931,0,0,0,0,0,0,0.00,0,0.00,,50.00,50.00,50.00,2025-12-20 16:56:41.169 +0900
6932,0,0,0,0,0,0,0.00,0,0.00,,50.00,50.00,50.00,2025-12-20 16:56:41.176 +0900
6933,0,0,0,0,0,0,0.00,0,0.00,,50.00,50.00,50.00,2025-12-20 16:56:41.183 +0900
6934,0,0,0,0,0,0,0.00,0,0.00,,50.00,50.00,50.00,2025-12-20 16:56:41.190 +0900
6935,0,0,0,0,0,0,0.00,0,0.00,,50.00,50.00,50.00,2025-12-20 16:56:41.196 +0900
6936,0,0,0,0,0,0,0.00,0,0.00,,50.00,50.00,50.00,2025-12-20 16:56:41.203 +0900
6937,0,0,0,0,0,0,0.00,0,0.00,,50.00,50.00,50.00,2025-12-20 16:56:41.209 +0900
6938,0,0,0,0,0,0,0.00,0,0.00,,50.00,50.00,50.00,2025-12-20 16:56:41.216 +0900
6939,0,0,0,0,0,0,0.00,0,0.00,,50.00,50.00,50.00,2025-12-20 16:56:41.223 +0900
6940,0,0,0,0,0,0,0.00,0,0.00,,50.00,50.00,50.00,2025-12-20 16:56:41.229 +0900
6941,0,0,0,0,0,0,0.00,0,0.00,,50.00,50.00,50.00,2025-12-20 16:56:41.236 +0900
6942,0,0,0,0,0,0,0.00,0,0.00,,50.00,50.00,50.00,2025-12-20 16:56:41.242 +0900
6943,0,0,0,0,0,0,0.00,0,0.00,,50.00,50.00,50.00,2025-12-20 16:56:41.249 +0900
6944,0,0,0,0,0,0,0.00,0,0.00,,50.00,50.00,50.00,2025-12-20 16:56:41.256 +0900
6945,0,0,0,0,0,0,0.00,0,0.00,,50.00,50.00,50.00,2025-12-20 16:56:41.262 +0900
6946,0,0,0,0,0,0,0.00,0,0.00,,50.00,50.00,50.00,2025-12-20 16:56:41.269 +0900
6947,0,0,0,0,0,0,0.00,0,0.00,,50.00,50.00,50.00,2025-12-20 16:56:41.276 +0900
6948,0,0,0,0,0,0,0.00,0,0.00,,50.00,50.00,50.00,2025-12-20 16:56:41.283 +0900
6949,0,0,0,0,0,0,0.00,0,0.00,,50.00,50.00,50.00,2025-12-20 16:56:41.289 +0900
6950,0,0,0,0,0,0,0.00,0,0.00,,50.00,50.00,50.00,2025-12-20 16:56:41.296 +0900
6951,0,0,0,0,0,0,0.00,0,0.00,,50.00,50.00,50.00,2025-12-20 16:56:41.303 +0900
6952,0,0,0,0,0,0,0.00,0,0.00,,50.00,50.00,50.00,2025-12-20 16:56:41.309 +0900
6953,0,0,0,0,0,0,0.00,0,0.00,,50.00,50.00,50.00,2025-12-20 16:56:41.316 +0900
6954,0,0,0,0,0,0,0.00,0,0.00,,50.00,50.00,50.00,2025-12-20 16:56:41.323 +0900
6955,0,0,0,0,0,0,0.00,0,0.00,,50.00,50.00,50.00,2025-12-20 16:56:41.329 +0900
6956,0,0,0,0,0,0,0.00,0,0.00,,50.00,50.00,50.00,2025-12-20 16:56:41.336 +0900
6957,0,0,0,0,0,0,0.00,0,0.00,,50.00,50.00,50.00,2025-12-20 16:56:41.343 +0900
6958,0,0,0,0,0,0,0.00,0,0.00,,50.00,50.00,50.00,2025-12-20 16:56:41.350 +0900
6959,0,0,0,0,0,0,0.00,0,0.00,,50.00,50.00,50.00,2025-12-20 16:56:41.356 +0900
6960,0,0,0,0,0,0,0.00,0,0.00,,50.00,50.00,50.00,2025-12-20 16:56:41.363 +0900
6961,0,0,0,0,0,0,0.00,0,0.00,,50.00,50.00,50.00,2025-12-20 16:56:41.369 +0900
6962,0,0,0,0,0,0,0.00,0,0.00,,50.00,50.00,50.00,2025-12-20 16:56:41.376 +0900
6963,0,0,0,0,0,0,0.00,0,0.00,,50.00,50.00,50.00,2025-12-20 16:56:41.382 +0900
6964,0,0,0,0,0,0,0.00,0,0.00,,50.00,50.00,50.00,2025-12-20 16:56:41.389 +0900
6965,0,0,0,0,0,0,0.00,0,0.00,,50.00,50.00,50.00,2025-12-20 16:56:41.396 +0900
6966,0,0,0,0,0,0,0.00,0,0.00,,50.00,50.00,50.00,2025-12-20 16:56:41.402 +0900
6967,0,0,0,0,0,0,0.00,0,0.00,,50.00,50.00,50.00,2025-12-20 16:56:41.408 +0900
6968,0,0,0,0,0,0,0.00,0,0.00,,50.00,50.00,50.00,2025-12-20 16:56:41.415 +0900
6969,0,0,0,0,0,0,0.00,0,0.00,,50.00,50.00,50.00,2025-12-20 16:56:41.421 +0900
6970,0,0,0,0,0,0,0.00,0,0.00,,50.00,50.00,50.00,2025-12-20 16:56:41.427 +0900
6971,0,0,0,0,0,0,0.00,0,0.00,,50.00,50.00,50.00,2025-12-20 16:56:41.434 +0900
6972,0,0,0,0,0,0,0.00,0,0.00,,50.00,50.00,50.00,2025-12-20 16:56:41.440 +0900
6973,0,0,0,0,0,0,0.00,0,0.00,,50.00,50.00,50.00,2025-12-20 16:56:41.447 +0900
6974,0,0,0,0,0,0,0.00,0,0.00,,50.00,50.00,50.00,2025-12-20 16:56:41.453 +0900
6975,0,0,0,0,0,0,0.00,0,0.00,,50.00,50.00,50.00,2025-12-20 16:56:41.460 +0900
6976,0,0,0,0,0,0,0.00,0,0.00,,50.00,50.00,50.00,2025-12-20 16:56:41.466 +0900
6977,0,0,0,0,0,0,0.00,0,0.00,,50.00,50.00,50.00,2025-12-20 16:56:41.473 +0900
6978,0,0,0,0,0,0,0.00,0,0.00,,50.00,50.00,50.00,2025-12-20 16:56:41.479 +0900
6979,0,0,0,0,0,0,0.00,0,0.00,,50.00,50.00,50.00,2025-12-20 16:56:41.486 +0900
6980,0,0,0,0,0,0,0.00,0,0.00,,50.00,50.00,50.00,2025-12-20 16:56:41.492 +0900
6981,0,0,0,0,0,0,0.00,0,0.00,,50.00,50.00,50.00,2025-12-20 16:56:41.499 +0900
6982,0,0,0,0,0,0,0.00,0,0.00,,50.00,50.00,50.00,2025-12-20 16:56:41.506 +0900
6983,0,0,0,0,0,0,0.00,0,0.00,,50.00,50.00,50.00,2025-12-20 16:56:41.512 +0900
6984,0,0,0,0,0,0,0.00,0,0.00,,50.00,50.00,50.00,2025-12-20 16:56:41.519 +0900
6985,0,0,0,0,0,0,0.00,0,0.00,,50.00,50.00,50.00,2025-12-20 16:56:41.526 +0900
6986,0,0,0,0,0,0,0.00,0,0.00,,50.00,50.00,50.00,2025-12-20 16:56:41.532 +0900
6987,0,0,0,0,0,0,0.00,0,0.00,,50.00,50.00,50.00,2025-12-20 16:56:41.539 +0900
6988,0,0,0,0,0,0,0.00,0,0.00,,50.00,50.00,50.00,2025-12-20 16:56:41.546 +0900
6989,0,0,0,0,0,0,0.00,0,0.00,,50.00,50.00,50.00,2025-12-20 16:56:41.553 +0900
6990,0,0,0,0,0,0,0.00,0,0.00,,50.00,50.00,50.00,2025-12-20 16:56:41.559 +0900
6991,0,0,0,0,0,0,0.00,0,0.00,,50.00,50.00,50.00,2025-12-20 16:56:41.566 +0900
6992,0,0,0,0,0,0,0.00,0,0.00,,50.00,50.00,50.00,2025-12-20 16:56:41.572 +0900
6993,0,0,0,0,0,0,0.00,0,0.00,,50.00,50.00,50.00,2025-12-20 16:56:41.579 +0900
6994,0,0,0,0,0,0,0.00,0,0.00,,50.00,50.00,50.00,2025-12-20 16:56:41.586 +0900
6995,0,0,0,0,0,0,0.00,0,0.00,,50.00,50.00,50.00,2025-12-20 16:56:41.592 +0900
6996,0,0,0,0,0,0,0.00,0,0.00,,50.00,50.00,50.00,2025-12-20 16:56:41.599 +0900
6997,0,0,0,0,0,0,0.00,0,0.00,,50.00,50.00,50.00,2025-12-20 16:56:41.606 +0900
6998,0,0,0,0,0,0,0.00,0,0.00,,50.00,50.00,50.00,2025-12-20 16:56:41.613 +0900
6999,0,0,0,0,0,0,0.00,0,0.00,,50.00,50.00,50.00,2025-12-20 16:56:41.619 +0900
7000,0,0,0,0,0,0,0.00,0,0.00,,50.00,50.00,50.00,2025-12-20 16:56:41.626 +0900
7001,0,0,0,0,0,0,0.00,0,0.00,,50.00,50.00,50.00,2025-12-20 16:56:41.632 +0900
7002,0,0,0,0,0,0,0.00,0,0.00,,50.00,50.00,50.00,2025-12-20 16:56:41.639 +0900
7003,0,0,0,0,0,0,0.00,0,0.00,,50.00,50.00,50.00,2025-12-20 16:56:41.646 +0900
7004,0,0,0,0,0,0,0.00,0,0.00,,50.00,50.00,50.00,2025-12-20 16:56:41.653 +0900
7005,0,0,0,0,0,0,0.00,0,0.00,,50.00,50.00,50.00,2025-12-20 16:56:41.659 +0900
7006,0,0,0,0,0,0,0.00,0,0.00,,50.00,50.00,50.00,2025-12-20 16:56:41.666 +0900
7007,0,0,0,0,0,0,0.00,0,0.00,,50.00,50.00,50.00,2025-12-20 16:56:41.672 +0900
7008,0,0,0,0,0,0,0.00,0,0.00,,50.00,50.00,50.00,2025-12-20 16:56:41.680 +0900
7009,0,0,0,0,0,0,0.00,0,0.00,,50.00,50.00,50.00,2025-12-20 16:56:41.687 +0900
7010,0,0,0,0,0,0,0.00,0,0.00,,50.00,50.00,50.00,2025-12-20 16:56:41.693 +0900
7011,0,0,0,0,0,0,0.00,0,0.00,,50.00,50.00,50.00,2025-12-20 16:56:41.700 +0900
7012,0,0,0,0,0,0,0.00,0,0.00,,50.00,50.00,50.00,2025-12-20 16:56:41.707 +0900
7013,0,0,0,0,0,0,0.00,0,0.00,,50.00,50.00,50.00,2025-12-20 16:56:41.713 +0900
7014,0,0,0,0,0,0,0.00,0,0.00,,50.00,50.00,50.00,2025-12-20 16:56:41.720 +0900
7015,0,0,0,0,0,0,0.00,0,0.00,,50.00,50.00,50.00,2025-12-20 16:56:41.726 +0900
7016,0,0,0,0,0,0,0.00,0,0.00,,50.00,50.00,50.00,2025-12-20 16:56:41.733 +0900
7017,0,0,0,0,0,0,0.00,0,0.00,,50.00,50.00,50.00,2025-12-20 16:56:41.739 +0900
7018,0,0,0,0,0,0,0.00,0,0.00,,50.00,50.00,50.00,2025-12-20 16:56:41.746 +0900
7019,0,0,0,0,0,0,0.00,0,0.00,,50.00,50.00,50.00,2025-12-20 16:56:41.753 +0900
7020,0,0,0,0,0,0,0.00,0,0.00,,50.00,50.00,50.00,2025-12-20 16:56:41.760 +0900
7022,0,0,0,0,0,0,0.00,0,0.00,,50.00,50.00,50.00,2025-12-20 16:56:41.773 +0900
7023,0,0,0,0,0,0,0.00,0,0.00,,50.00,50.00,50.00,2025-12-20 16:56:41.779 +0900
7024,0,0,0,0,0,0,0.00,0,0.00,,50.00,50.00,50.00,2025-12-20 16:56:41.785 +0900
7025,0,0,0,0,0,0,0.00,0,0.00,,50.00,50.00,50.00,2025-12-20 16:56:41.792 +0900
7026,0,0,0,0,0,0,0.00,0,0.00,,50.00,50.00,50.00,2025-12-20 16:56:41.798 +0900
7027,0,0,0,0,0,0,0.00,0,0.00,,50.00,50.00,50.00,2025-12-20 16:56:41.804 +0900
7028,0,0,0,0,0,0,0.00,0,0.00,,50.00,50.00,50.00,2025-12-20 16:56:41.811 +0900
7029,0,0,0,0,0,0,0.00,0,0.00,,50.00,50.00,50.00,2025-12-20 16:56:41.817 +0900
7030,0,0,0,0,0,0,0.00,0,0.00,,50.00,50.00,50.00,2025-12-20 16:56:41.823 +0900
7031,0,0,0,0,0,0,0.00,0,0.00,,50.00,50.00,50.00,2025-12-20 16:56:41.830 +0900
7032,0,0,0,0,0,0,0.00,0,0.00,,50.00,50.00,50.00,2025-12-20 16:56:41.836 +0900
7033,0,0,0,0,0,0,0.00,0,0.00,,50.00,50.00,50.00,2025-12-20 16:56:41.842 +0900
7034,0,0,0,0,0,0,0.00,0,0.00,,50.00,50.00,50.00,2025-12-20 16:56:41.849 +0900
7035,0,0,0,0,0,0,0.00,0,0.00,,50.00,50.00,50.00,2025-12-20 16:56:41.856 +0900
7036,0,0,0,0,0,0,0.00,0,0.00,,50.00,50.00,50.00,2025-12-20 16:56:41.864 +0900
7037,0,0,0,0,0,0,0.00,0,0.00,,50.00,50.00,50.00,2025-12-20 16:56:41.870 +0900
7038,0,0,0,0,0,0,0.00,0,0.00,,50.00,50.00,50.00,2025-12-20 16:56:41.877 +0900
7039,0,0,0,0,0,0,0.00,0,0.00,,50.00,50.00,50.00,2025-12-20 16:56:41.885 +0900
7040,0,0,0,0,0,0,0.00,0,0.00,,50.00,50.00,50.00,2025-12-20 16:56:41.892 +0900
7041,0,0,0,0,0,0,0.00,0,0.00,,50.00,50.00,50.00,2025-12-20 16:56:41.899 +0900
7042,0,0,0,0,0,0,0.00,0,0.00,,50.00,50.00,50.00,2025-12-20 16:56:41.905 +0900
7043,0,0,0,0,0,0,0.00,0,0.00,,50.00,50.00,50.00,2025-12-20 16:56:41.912 +0900
7044,0,0,0,0,0,0,0.00,0,0.00,,50.00,50.00,50.00,2025-12-20 16:56:41.918 +0900
7045,0,0,0,0,0,0,0.00,0,0.00,,50.00,50.00,50.00,2025-12-20 16:56:41.924 +0900
7046,0,0,0,0,0,0,0.00,0,0.00,,50.00,50.00,50.00,2025-12-20 16:56:41.931 +0900
7047,0,0,0,0,0,0,0.00,0,0.00,,50.00,50.00,50.00,2025-12-20 16:56:41.938 +0900
7048,0,0,0,0,0,0,0.00,0,0.00,,50.00,50.00,50.00,2025-12-20 16:56:41.944 +0900
7049,0,0,0,0,0,0,0.00,0,0.00,,50.00,50.00,50.00,2025-12-20 16:56:41.952 +0900
7050,0,0,0,0,0,0,0.00,0,0.00,,50.00,50.00,50.00,2025-12-20 16:56:41.959 +0900
7051,0,0,0,0,0,0,0.00,0,0.00,,50.00,50.00,50.00,2025-12-20 16:56:41.965 +0900
7052,0,0,0,0,0,0,0.00,0,0.00,,50.00,50.00,50.00,2025-12-20 16:56:41.972 +0900
7053,0,0,0,0,0,0,0.00,0,0.00,,50.00,50.00,50.00,2025-12-20 16:56:41.979 +0900
7054,0,0,0,0,0,0,0.00,0,0.00,,50.00,50.00,50.00,2025-12-20 16:56:41.985 +0900
7055,0,0,0,0,0,0,0.00,0,0.00,,50.00,50.00,50.00,2025-12-20 16:56:41.992 +0900
7056,0,0,0,0,0,0,0.00,0,0.00,,50.00,50.00,50.00,2025-12-20 16:56:41.998 +0900
7057,0,0,0,0,0,0,0.00,0,0.00,,50.00,50.00,50.00,2025-12-20 16:56:42.004 +0900
7058,0,0,0,0,0,0,0.00,0,0.00,,50.00,50.00,50.00,2025-12-20 16:56:42.011 +0900
386,2,0,0,0,0,0,0.00,0,0.00,,50.00,50.00,50.00,2025-12-20 16:56:00.293 +0900
7061,10,0,0,0,0,0,0.00,0,0.00,,50.00,50.00,50.00,2025-12-20 16:56:42.030 +0900
957,3,0,2,0,0,0,0.00,0,0.00,,50.00,50.00,50.00,2025-12-20 16:56:03.703 +0900
3800,1,0,0,0,0,0,0.00,0,0.00,,50.00,50.00,50.00,2025-12-20 16:56:20.640 +0900
7060,2,0,0,0,0,0,0.00,0,0.00,,50.00,50.00,50.00,2025-12-20 16:56:42.024 +0900
5583,2,0,0,0,0,0,0.00,0,0.00,,50.00,50.00,50.00,2025-12-20 16:56:32.106 +0900
2591,2,0,0,0,0,0,0.00,0,0.00,,50.00,50.00,50.00,2025-12-20 16:56:13.352 +0900
7021,1,0,0,0,0,0,0.00,0,0.00,,50.00,50.00,50.00,2025-12-20 16:56:41.766 +0900
1155,2,0,0,0,0,0,0.00,0,0.00,,50.00,50.00,50.00,2025-12-20 16:56:04.856 +0900
7063,0,0,0,0,0,0,0.00,0,0.00,,50.00,50.00,50.00,2025-12-25 13:14:12.271 +0900
7064,0,0,0,0,0,0,0.00,0,0.00,,50.00,50.00,50.00,2025-12-25 13:14:12.296 +0900
7065,0,0,0,0,0,0,0.00,0,0.00,,50.00,50.00,50.00,2025-12-25 13:14:12.308 +0900
7066,0,0,0,0,0,0,0.00,0,0.00,,50.00,50.00,50.00,2025-12-25 13:14:12.322 +0900
7067,0,0,0,0,0,0,0.00,0,0.00,,50.00,50.00,50.00,2025-12-25 13:14:12.405 +0900
7068,0,0,0,0,0,0,0.00,0,0.00,,50.00,50.00,50.00,2025-12-25 13:14:12.417 +0900
7069,0,0,0,0,0,0,0.00,0,0.00,,50.00,50.00,50.00,2025-12-25 13:14:12.432 +0900
7070,0,0,0,0,0,0,0.00,0,0.00,,50.00,50.00,50.00,2025-12-25 13:14:12.445 +0900
7059,4,0,0,0,0,0,0.00,0,0.00,,50.00,50.00,50.00,2025-12-20 16:56:42.017 +0900
7071,0,0,0,0,0,0,0.00,0,0.00,,50.00,50.00,50.00,2025-12-25 13:14:12.465 +0900
7072,0,0,0,0,0,0,0.00,0,0.00,,50.00,50.00,50.00,2025-12-25 13:14:12.481 +0900
7073,0,0,0,0,0,0,0.00,0,0.00,,50.00,50.00,50.00,2025-12-25 13:14:12.490 +0900
7074,0,0,0,0,0,0,0.00,0,0.00,,50.00,50.00,50.00,2025-12-25 13:14:12.535 +0900
7075,0,0,0,0,0,0,0.00,0,0.00,,50.00,50.00,50.00,2025-12-25 13:14:12.548 +0900
7076,0,0,0,0,0,0,0.00,0,0.00,,50.00,50.00,50.00,2025-12-25 13:14:12.636 +0900
7077,0,0,0,0,0,0,0.00,0,0.00,,50.00,50.00,50.00,2025-12-25 13:14:12.673 +0900
7078,0,0,0,0,0,0,0.00,0,0.00,,50.00,50.00,50.00,2025-12-25 13:14:12.699 +0900
7079,0,0,0,0,0,0,0.00,0,0.00,,50.00,50.00,50.00,2025-12-25 13:14:12.822 +0900
7080,0,0,0,0,0,0,0.00,0,0.00,,50.00,50.00,50.00,2025-12-25 13:14:12.834 +0900
7081,0,0,0,0,0,0,0.00,0,0.00,,50.00,50.00,50.00,2025-12-25 13:14:12.923 +0900
7082,0,0,0,0,0,0,0.00,0,0.00,,50.00,50.00,50.00,2025-12-25 13:14:12.937 +0900
7083,0,0,0,0,0,0,0.00,0,0.00,,50.00,50.00,50.00,2025-12-25 13:14:13.008 +0900
7084,0,0,0,0,0,0,0.00,0,0.00,,50.00,50.00,50.00,2025-12-25 13:14:13.074 +0900
7085,0,0,0,0,0,0,0.00,0,0.00,,50.00,50.00,50.00,2025-12-25 13:14:13.115 +0900
7086,0,0,0,0,0,0,0.00,0,0.00,,50.00,50.00,50.00,2025-12-25 13:14:13.185 +0900
7087,0,0,0,0,0,0,0.00,0,0.00,,50.00,50.00,50.00,2025-12-25 13:14:13.214 +0900
7088,0,0,0,0,0,0,0.00,0,0.00,,50.00,50.00,50.00,2025-12-25 13:14:13.231 +0900
7089,0,0,0,0,0,0,0.00,0,0.00,,50.00,50.00,50.00,2025-12-25 13:14:13.264 +0900
7090,0,0,0,0,0,0,0.00,0,0.00,,50.00,50.00,50.00,2025-12-25 13:14:13.295 +0900
7091,0,0,0,0,0,0,0.00,0,0.00,,50.00,50.00,50.00,2025-12-25 13:14:13.338 +0900
7092,0,0,0,0,0,0,0.00,0,0.00,,50.00,50.00,50.00,2025-12-25 13:14:13.480 +0900
7093,0,0,0,0,0,0,0.00,0,0.00,,50.00,50.00,50.00,2025-12-25 13:14:13.532 +0900
7094,0,0,0,0,0,0,0.00,0,0.00,,50.00,50.00,50.00,2025-12-25 13:14:13.588 +0900
7095,0,0,0,0,0,0,0.00,0,0.00,,50.00,50.00,50.00,2025-12-25 13:14:13.707 +0900
7096,0,0,0,0,0,0,0.00,0,0.00,,50.00,50.00,50.00,2025-12-25 13:14:13.721 +0900
7097,0,0,0,0,0,0,0.00,0,0.00,,50.00,50.00,50.00,2025-12-25 13:14:13.748 +0900
7098,0,0,0,0,0,0,0.00,0,0.00,,50.00,50.00,50.00,2025-12-25 13:14:13.758 +0900
7099,0,0,0,0,0,0,0.00,0,0.00,,50.00,50.00,50.00,2025-12-25 13:14:13.841 +0900
7100,0,0,0,0,0,0,0.00,0,0.00,,50.00,50.00,50.00,2025-12-25 13:14:13.872 +0900
7101,0,0,0,0,0,0,0.00,0,0.00,,50.00,50.00,50.00,2025-12-25 13:14:13.878 +0900
7102,0,0,0,0,0,0,0.00,0,0.00,,50.00,50.00,50.00,2025-12-25 13:14:13.933 +0900
7103,0,0,0,0,0,0,0.00,0,0.00,,50.00,50.00,50.00,2025-12-25 13:14:14.033 +0900
7104,0,0,0,0,0,0,0.00,0,0.00,,50.00,50.00,50.00,2025-12-25 13:14:14.043 +0900
7105,0,0,0,0,0,0,0.00,0,0.00,,50.00,50.00,50.00,2025-12-25 13:14:14.064 +0900
7106,0,0,0,0,0,0,0.00,0,0.00,,50.00,50.00,50.00,2025-12-25 13:14:14.138 +0900
7107,0,0,0,0,0,0,0.00,0,0.00,,50.00,50.00,50.00,2025-12-25 13:14:14.149 +0900
7108,0,0,0,0,0,0,0.00,0,0.00,,50.00,50.00,50.00,2025-12-25 13:14:14.157 +0900
7109,0,0,0,0,0,0,0.00,0,0.00,,50.00,50.00,50.00,2025-12-25 13:14:14.176 +0900
7110,0,0,0,0,0,0,0.00,0,0.00,,50.00,50.00,50.00,2025-12-25 13:14:14.188 +0900
7111,0,0,0,0,0,0,0.00,0,0.00,,50.00,50.00,50.00,2025-12-25 13:14:14.204 +0900
7112,0,0,0,0,0,0,0.00,0,0.00,,50.00,50.00,50.00,2025-12-25 13:14:14.277 +0900
7113,0,0,0,0,0,0,0.00,0,0.00,,50.00,50.00,50.00,2025-12-25 13:14:14.366 +0900
7114,0,0,0,0,0,0,0.00,0,0.00,,50.00,50.00,50.00,2025-12-25 13:14:14.478 +0900
7115,0,0,0,0,0,0,0.00,0,0.00,,50.00,50.00,50.00,2025-12-25 13:14:14.489 +0900
7116,0,0,0,0,0,0,0.00,0,0.00,,50.00,50.00,50.00,2025-12-25 13:14:14.531 +0900
7117,0,0,0,0,0,0,0.00,0,0.00,,50.00,50.00,50.00,2025-12-25 13:14:14.584 +0900
7118,0,0,0,0,0,0,0.00,0,0.00,,50.00,50.00,50.00,2025-12-25 13:14:14.623 +0900
7119,0,0,0,0,0,0,0.00,0,0.00,,50.00,50.00,50.00,2025-12-25 13:14:14.684 +0900
7120,0,0,0,0,0,0,0.00,0,0.00,,50.00,50.00,50.00,2025-12-25 13:14:14.754 +0900
7121,0,0,0,0,0,0,0.00,0,0.00,,50.00,50.00,50.00,2025-12-25 13:14:14.784 +0900
7122,0,0,0,0,0,0,0.00,0,0.00,,50.00,50.00,50.00,2025-12-25 13:14:14.830 +0900
7123,0,0,0,0,0,0,0.00,0,0.00,,50.00,50.00,50.00,2025-12-25 13:14:14.837 +0900
7124,0,0,0,0,0,0,0.00,0,0.00,,50.00,50.00,50.00,2025-12-25 13:14:14.956 +0900
7125,0,0,0,0,0,0,0.00,0,0.00,,50.00,50.00,50.00,2025-12-25 13:14:14.967 +0900
7126,0,0,0,0,0,0,0.00,0,0.00,,50.00,50.00,50.00,2025-12-25 13:14:14.984 +0900
7127,0,0,0,0,0,0,0.00,0,0.00,,50.00,50.00,50.00,2025-12-25 13:14:14.996 +0900
7128,0,0,0,0,0,0,0.00,0,0.00,,50.00,50.00,50.00,2025-12-25 13:14:15.022 +0900
7129,0,0,0,0,0,0,0.00,0,0.00,,50.00,50.00,50.00,2025-12-25 13:14:15.028 +0900
7130,0,0,0,0,0,0,0.00,0,0.00,,50.00,50.00,50.00,2025-12-25 13:14:15.043 +0900
7131,0,0,0,0,0,0,0.00,0,0.00,,50.00,50.00,50.00,2025-12-25 13:14:15.049 +0900
7132,0,0,0,0,0,0,0.00,0,0.00,,50.00,50.00,50.00,2025-12-25 13:14:15.061 +0900
7133,0,0,0,0,0,0,0.00,0,0.00,,50.00,50.00,50.00,2025-12-25 13:14:15.086 +0900
7134,0,0,0,0,0,0,0.00,0,0.00,,50.00,50.00,50.00,2025-12-25 13:14:15.110 +0900
7135,0,0,0,0,0,0,0.00,0,0.00,,50.00,50.00,50.00,2025-12-25 13:14:15.130 +0900
7136,0,0,0,0,0,0,0.00,0,0.00,,50.00,50.00,50.00,2025-12-25 13:14:15.165 +0900
7137,0,0,0,0,0,0,0.00,0,0.00,,50.00,50.00,50.00,2025-12-25 13:14:15.193 +0900
7138,0,0,0,0,0,0,0.00,0,0.00,,50.00,50.00,50.00,2025-12-25 13:14:15.206 +0900
7139,0,0,0,0,0,0,0.00,0,0.00,,50.00,50.00,50.00,2025-12-25 13:14:15.232 +0900
7140,0,0,0,0,0,0,0.00,0,0.00,,50.00,50.00,50.00,2025-12-25 13:14:15.244 +0900
7141,0,0,0,0,0,0,0.00,0,0.00,,50.00,50.00,50.00,2025-12-25 13:14:15.267 +0900
7142,0,0,0,0,0,0,0.00,0,0.00,,50.00,50.00,50.00,2025-12-25 13:14:15.275 +0900
7143,0,0,0,0,0,0,0.00,0,0.00,,50.00,50.00,50.00,2025-12-25 13:14:15.290 +0900
7144,0,0,0,0,0,0,0.00,0,0.00,,50.00,50.00,50.00,2025-12-25 13:44:15.586 +0900
7145,0,0,0,0,0,0,0.00,0,0.00,,50.00,50.00,50.00,2025-12-25 13:44:15.602 +0900
7146,0,0,0,0,0,0,0.00,0,0.00,,50.00,50.00,50.00,2025-12-25 13:44:15.610 +0900
7147,0,0,0,0,0,0,0.00,0,0.00,,50.00,50.00,50.00,2025-12-25 13:44:15.626 +0900
7148,0,0,0,0,0,0,0.00,0,0.00,,50.00,50.00,50.00,2025-12-25 13:44:15.655 +0900
7149,0,0,0,0,0,0,0.00,0,0.00,,50.00,50.00,50.00,2025-12-25 13:44:15.702 +0900
7150,0,0,0,0,0,0,0.00,0,0.00,,50.00,50.00,50.00,2025-12-25 13:44:15.791 +0900
7151,0,0,0,0,0,0,0.00,0,0.00,,50.00,50.00,50.00,2025-12-25 13:44:15.819 +0900
7152,0,0,0,0,0,0,0.00,0,0.00,,50.00,50.00,50.00,2025-12-25 13:44:15.931 +0900
7153,0,0,0,0,0,0,0.00,0,0.00,,50.00,50.00,50.00,2025-12-25 13:44:15.960 +0900
7154,0,0,0,0,0,0,0.00,0,0.00,,50.00,50.00,50.00,2025-12-25 13:44:16.003 +0900
7155,0,0,0,0,0,0,0.00,0,0.00,,50.00,50.00,50.00,2025-12-25 13:44:16.060 +0900
7156,0,0,0,0,0,0,0.00,0,0.00,,50.00,50.00,50.00,2025-12-25 13:44:16.077 +0900
7157,0,0,0,0,0,0,0.00,0,0.00,,50.00,50.00,50.00,2025-12-25 13:44:16.098 +0900
7158,0,0,0,0,0,0,0.00,0,0.00,,50.00,50.00,50.00,2025-12-25 13:44:16.114 +0900
7159,0,0,0,0,0,0,0.00,0,0.00,,50.00,50.00,50.00,2025-12-25 13:44:16.129 +0900
7160,0,0,0,0,0,0,0.00,0,0.00,,50.00,50.00,50.00,2025-12-25 13:44:16.148 +0900
7161,0,0,0,0,0,0,0.00,0,0.00,,50.00,50.00,50.00,2025-12-25 13:44:16.164 +0900
7162,0,0,0,0,0,0,0.00,0,0.00,,50.00,50.00,50.00,2025-12-25 13:44:16.294 +0900
7163,0,0,0,0,0,0,0.00,0,0.00,,50.00,50.00,50.00,2025-12-25 13:44:16.318 +0900
7164,0,0,0,0,0,0,0.00,0,0.00,,50.00,50.00,50.00,2025-12-25 13:44:16.325 +0900
7165,0,0,0,0,0,0,0.00,0,0.00,,50.00,50.00,50.00,2025-12-25 13:44:16.606 +0900
7166,0,0,0,0,0,0,0.00,0,0.00,,50.00,50.00,50.00,2025-12-25 13:44:16.627 +0900
7167,0,0,0,0,0,0,0.00,0,0.00,,50.00,50.00,50.00,2025-12-25 13:44:16.698 +0900
7168,0,0,0,0,0,0,0.00,0,0.00,,50.00,50.00,50.00,2025-12-25 13:44:16.708 +0900
7169,0,0,0,0,0,0,0.00,0,0.00,,50.00,50.00,50.00,2025-12-25 13:44:16.777 +0900
7170,0,0,0,0,0,0,0.00,0,0.00,,50.00,50.00,50.00,2025-12-25 13:44:16.844 +0900
7171,0,0,0,0,0,0,0.00,0,0.00,,50.00,50.00,50.00,2025-12-25 13:44:16.879 +0900
7172,0,0,0,0,0,0,0.00,0,0.00,,50.00,50.00,50.00,2025-12-25 13:44:16.888 +0900
7173,0,0,0,0,0,0,0.00,0,0.00,,50.00,50.00,50.00,2025-12-25 13:44:16.975 +0900
7174,0,0,0,0,0,0,0.00,0,0.00,,50.00,50.00,50.00,2025-12-25 13:44:17.036 +0900
7175,0,0,0,0,0,0,0.00,0,0.00,,50.00,50.00,50.00,2025-12-25 13:44:17.069 +0900
7176,0,0,0,0,0,0,0.00,0,0.00,,50.00,50.00,50.00,2025-12-25 13:44:17.075 +0900
7177,0,0,0,0,0,0,0.00,0,0.00,,50.00,50.00,50.00,2025-12-25 13:44:17.089 +0900
7178,0,0,0,0,0,0,0.00,0,0.00,,50.00,50.00,50.00,2025-12-25 13:44:17.123 +0900
7179,0,0,0,0,0,0,0.00,0,0.00,,50.00,50.00,50.00,2025-12-25 13:44:17.134 +0900
7180,0,0,0,0,0,0,0.00,0,0.00,,50.00,50.00,50.00,2025-12-25 13:44:17.265 +0900
7181,0,0,0,0,0,0,0.00,0,0.00,,50.00,50.00,50.00,2025-12-25 13:44:17.275 +0900
7182,0,0,0,0,0,0,0.00,0,0.00,,50.00,50.00,50.00,2025-12-25 13:44:17.281 +0900
7183,0,0,0,0,0,0,0.00,0,0.00,,50.00,50.00,50.00,2025-12-25 13:44:17.308 +0900
7184,0,0,0,0,0,0,0.00,0,0.00,,50.00,50.00,50.00,2025-12-25 13:44:17.324 +0900
7185,0,0,0,0,0,0,0.00,0,0.00,,50.00,50.00,50.00,2025-12-25 13:44:17.351 +0900
7186,0,0,0,0,0,0,0.00,0,0.00,,50.00,50.00,50.00,2025-12-25 13:44:17.391 +0900
7187,0,0,0,0,0,0,0.00,0,0.00,,50.00,50.00,50.00,2025-12-25 13:44:17.398 +0900
7188,0,0,0,0,0,0,0.00,0,0.00,,50.00,50.00,50.00,2025-12-25 13:44:17.435 +0900
7189,0,0,0,0,0,0,0.00,0,0.00,,50.00,50.00,50.00,2025-12-25 13:44:17.566 +0900
7190,0,0,0,0,0,0,0.00,0,0.00,,50.00,50.00,50.00,2025-12-25 13:44:17.927 +0900
7191,0,0,0,0,0,0,0.00,0,0.00,,50.00,50.00,50.00,2025-12-25 13:44:17.958 +0900
7192,0,0,0,0,0,0,0.00,0,0.00,,50.00,50.00,50.00,2025-12-25 13:44:17.972 +0900
7193,0,0,0,0,0,0,0.00,0,0.00,,50.00,50.00,50.00,2025-12-25 13:44:17.985 +0900
7194,0,0,0,0,0,0,0.00,0,0.00,,50.00,50.00,50.00,2025-12-25 13:44:18.062 +0900
7195,0,0,0,0,0,0,0.00,0,0.00,,50.00,50.00,50.00,2025-12-25 13:44:18.271 +0900
7196,0,0,0,0,0,0,0.00,0,0.00,,50.00,50.00,50.00,2025-12-25 13:44:18.287 +0900
7197,0,0,0,0,0,0,0.00,0,0.00,,50.00,50.00,50.00,2025-12-25 13:44:18.354 +0900
7198,0,0,0,0,0,0,0.00,0,0.00,,50.00,50.00,50.00,2025-12-25 13:44:18.361 +0900
7199,0,0,0,0,0,0,0.00,0,0.00,,50.00,50.00,50.00,2025-12-25 13:44:18.636 +0900
7200,0,0,0,0,0,0,0.00,0,0.00,,50.00,50.00,50.00,2025-12-25 13:44:18.671 +0900
7201,0,0,0,0,0,0,0.00,0,0.00,,50.00,50.00,50.00,2025-12-25 13:44:18.682 +0900
7202,0,0,0,0,0,0,0.00,0,0.00,,50.00,50.00,50.00,2025-12-25 13:44:18.688 +0900
7203,0,0,0,0,0,0,0.00,0,0.00,,50.00,50.00,50.00,2025-12-25 13:44:18.719 +0900
7204,0,0,0,0,0,0,0.00,0,0.00,,50.00,50.00,50.00,2025-12-25 13:44:18.825 +0900
7205,0,0,0,0,0,0,0.00,0,0.00,,50.00,50.00,50.00,2025-12-25 13:44:18.841 +0900
7206,0,0,0,0,0,0,0.00,0,0.00,,50.00,50.00,50.00,2025-12-25 13:44:18.865 +0900
7207,0,0,0,0,0,0,0.00,0,0.00,,50.00,50.00,50.00,2025-12-25 13:44:18.873 +0900
7208,0,0,0,0,0,0,0.00,0,0.00,,50.00,50.00,50.00,2025-12-25 13:44:18.882 +0900
7209,0,0,0,0,0,0,0.00,0,0.00,,50.00,50.00,50.00,2025-12-25 13:44:18.905 +0900
7210,0,0,0,0,0,0,0.00,0,0.00,,50.00,50.00,50.00,2025-12-25 13:44:18.923 +0900
7211,0,0,0,0,0,0,0.00,0,0.00,,50.00,50.00,50.00,2025-12-25 13:44:18.950 +0900
7212,0,0,0,0,0,0,0.00,0,0.00,,50.00,50.00,50.00,2025-12-25 13:44:18.961 +0900
7213,0,0,0,0,0,0,0.00,0,0.00,,50.00,50.00,50.00,2025-12-25 13:44:18.977 +0900
7214,0,0,0,0,0,0,0.00,0,0.00,,50.00,50.00,50.00,2025-12-25 13:44:19.005 +0900
7215,0,0,0,0,0,0,0.00,0,0.00,,50.00,50.00,50.00,2025-12-25 13:44:19.028 +0900
7216,0,0,0,0,0,0,0.00,0,0.00,,50.00,50.00,50.00,2025-12-25 13:44:19.055 +0900
7217,0,0,0,0,0,0,0.00,0,0.00,,50.00,50.00,50.00,2025-12-25 13:44:19.166 +0900
7218,0,0,0,0,0,0,0.00,0,0.00,,50.00,50.00,50.00,2025-12-25 13:44:19.182 +0900
7219,0,0,0,0,0,0,0.00,0,0.00,,50.00,50.00,50.00,2025-12-25 13:44:19.193 +0900
7220,0,0,0,0,0,0,0.00,0,0.00,,50.00,50.00,50.00,2025-12-25 13:44:19.211 +0900
7221,0,0,0,0,0,0,0.00,0,0.00,,50.00,50.00,50.00,2025-12-25 13:44:19.231 +0900
7222,0,0,0,0,0,0,0.00,0,0.00,,50.00,50.00,50.00,2025-12-25 13:44:19.255 +0900
7223,0,0,0,0,0,0,0.00,0,0.00,,50.00,50.00,50.00,2025-12-25 13:44:19.278 +0900
7224,0,0,0,0,0,0,0.00,0,0.00,,50.00,50.00,50.00,2025-12-25 13:44:19.302 +0900
7225,0,0,0,0,0,0,0.00,0,0.00,,50.00,50.00,50.00,2025-12-25 13:44:19.311 +0900
7226,0,0,0,0,0,0,0.00,0,0.00,,50.00,50.00,50.00,2025-12-25 13:44:19.323 +0900
7227,0,0,0,0,0,0,0.00,0,0.00,,50.00,50.00,50.00,2025-12-25 13:44:19.393 +0900
7228,0,0,0,0,0,0,0.00,0,0.00,,50.00,50.00,50.00,2025-12-25 13:44:19.403 +0900
7229,0,0,0,0,0,0,0.00,0,0.00,,50.00,50.00,50.00,2025-12-25 13:44:19.469 +0900
7230,0,0,0,0,0,0,0.00,0,0.00,,50.00,50.00,50.00,2025-12-25 13:44:19.478 +0900
7231,0,0,0,0,0,0,0.00,0,0.00,,50.00,50.00,50.00,2025-12-25 13:44:19.487 +0900
7232,0,0,0,0,0,0,0.00,0,0.00,,50.00,50.00,50.00,2025-12-25 13:44:19.557 +0900
7233,0,0,0,0,0,0,0.00,0,0.00,,50.00,50.00,50.00,2025-12-25 13:44:19.590 +0900
7234,0,0,0,0,0,0,0.00,0,0.00,,50.00,50.00,50.00,2025-12-25 13:44:19.743 +0900
7235,0,0,0,0,0,0,0.00,0,0.00,,50.00,50.00,50.00,2025-12-25 13:44:19.805 +0900
7236,0,0,0,0,0,0,0.00,0,0.00,,50.00,50.00,50.00,2025-12-25 13:44:19.820 +0900
7237,0,0,0,0,0,0,0.00,0,0.00,,50.00,50.00,50.00,2025-12-25 13:44:19.855 +0900
7238,0,0,0,0,0,0,0.00,0,0.00,,50.00,50.00,50.00,2025-12-25 13:44:19.882 +0900
7239,0,0,0,0,0,0,0.00,0,0.00,,50.00,50.00,50.00,2025-12-25 13:44:20.061 +0900
7240,0,0,0,0,0,0,0.00,0,0.00,,50.00,50.00,50.00,2025-12-25 13:44:20.105 +0900
7241,0,0,0,0,0,0,0.00,0,0.00,,50.00,50.00,50.00,2025-12-25 13:44:20.184 +0900
7242,0,0,0,0,0,0,0.00,0,0.00,,50.00,50.00,50.00,2025-12-25 13:44:20.191 +0900
7243,0,0,0,0,0,0,0.00,0,0.00,,50.00,50.00,50.00,2025-12-25 13:44:20.224 +0900
7244,0,0,0,0,0,0,0.00,0,0.00,,50.00,50.00,50.00,2025-12-25 13:44:20.261 +0900
7245,0,0,0,0,0,0,0.00,0,0.00,,50.00,50.00,50.00,2025-12-25 13:44:20.306 +0900
7246,0,0,0,0,0,0,0.00,0,0.00,,50.00,50.00,50.00,2025-12-25 13:44:20.314 +0900
7247,0,0,0,0,0,0,0.00,0,0.00,,50.00,50.00,50.00,2025-12-25 13:44:20.329 +0900
7248,0,0,0,0,0,0,0.00,0,0.00,,50.00,50.00,50.00,2025-12-25 13:44:20.360 +0900
7249,0,0,0,0,0,0,0.00,0,0.00,,50.00,50.00,50.00,2025-12-25 13:44:20.468 +0900
7250,0,0,0,0,0,0,0.00,0,0.00,,50.00,50.00,50.00,2025-12-25 13:44:20.496 +0900
7251,0,0,0,0,0,0,0.00,0,0.00,,50.00,50.00,50.00,2025-12-25 13:44:20.529 +0900
7252,0,0,0,0,0,0,0.00,0,0.00,,50.00,50.00,50.00,2025-12-25 13:44:20.545 +0900
7253,0,0,0,0,0,0,0.00,0,0.00,,50.00,50.00,50.00,2025-12-25 13:44:20.551 +0900
7254,0,0,0,0,0,0,0.00,0,0.00,,50.00,50.00,50.00,2025-12-25 13:44:20.569 +0900
7255,0,0,0,0,0,0,0.00,0,0.00,,50.00,50.00,50.00,2025-12-25 13:44:20.598 +0900
7256,0,0,0,0,0,0,0.00,0,0.00,,50.00,50.00,50.00,2025-12-25 13:44:20.634 +0900
7257,0,0,0,0,0,0,0.00,0,0.00,,50.00,50.00,50.00,2025-12-25 13:44:20.697 +0900
7258,0,0,0,0,0,0,0.00,0,0.00,,50.00,50.00,50.00,2025-12-25 13:44:20.716 +0900
7259,0,0,0,0,0,0,0.00,0,0.00,,50.00,50.00,50.00,2025-12-25 13:44:20.751 +0900
7260,0,0,0,0,0,0,0.00,0,0.00,,50.00,50.00,50.00,2025-12-25 13:44:20.764 +0900
7261,0,0,0,0,0,0,0.00,0,0.00,,50.00,50.00,50.00,2025-12-25 13:44:20.851 +0900
7262,0,0,0,0,0,0,0.00,0,0.00,,50.00,50.00,50.00,2025-12-25 13:44:20.890 +0900
7263,0,0,0,0,0,0,0.00,0,0.00,,50.00,50.00,50.00,2025-12-25 13:44:20.895 +0900
7264,0,0,0,0,0,0,0.00,0,0.00,,50.00,50.00,50.00,2025-12-25 13:44:21.054 +0900
7265,0,0,0,0,0,0,0.00,0,0.00,,50.00,50.00,50.00,2025-12-25 13:44:21.089 +0900
7266,0,0,0,0,0,0,0.00,0,0.00,,50.00,50.00,50.00,2025-12-25 13:44:21.103 +0900
7267,0,0,0,0,0,0,0.00,0,0.00,,50.00,50.00,50.00,2025-12-25 13:44:21.168 +0900
7268,0,0,0,0,0,0,0.00,0,0.00,,50.00,50.00,50.00,2025-12-25 13:44:21.186 +0900
7269,0,0,0,0,0,0,0.00,0,0.00,,50.00,50.00,50.00,2025-12-25 13:44:21.191 +0900
7270,0,0,0,0,0,0,0.00,0,0.00,,50.00,50.00,50.00,2025-12-25 13:44:21.230 +0900
7271,0,0,0,0,0,0,0.00,0,0.00,,50.00,50.00,50.00,2025-12-25 13:44:21.337 +0900
7272,0,0,0,0,0,0,0.00,0,0.00,,50.00,50.00,50.00,2025-12-25 13:44:21.346 +0900
7273,0,0,0,0,0,0,0.00,0,0.00,,50.00,50.00,50.00,2025-12-25 13:44:21.351 +0900
7274,0,0,0,0,0,0,0.00,0,0.00,,50.00,50.00,50.00,2025-12-25 13:44:21.357 +0900
7275,0,0,0,0,0,0,0.00,0,0.00,,50.00,50.00,50.00,2025-12-25 13:44:21.362 +0900
7276,0,0,0,0,0,0,0.00,0,0.00,,50.00,50.00,50.00,2025-12-25 13:44:21.409 +0900
7277,0,0,0,0,0,0,0.00,0,0.00,,50.00,50.00,50.00,2025-12-25 13:44:21.432 +0900
2435,1,0,0,0,0,0,0.00,0,0.00,,50.00,50.00,50.00,2025-12-20 16:56:12.397 +0900
2275,1,0,0,0,0,0,0.00,0,0.00,,50.00,50.00,50.00,2025-12-20 16:56:11.353 +0900
2443,1,0,0,0,0,0,0.00,0,0.00,,50.00,50.00,50.00,2025-12-20 16:56:12.443 +0900
2028,1,0,0,0,0,0,0.00,0,0.00,,50.00,50.00,50.00,2025-12-20 16:56:09.798 +0900
824,1,0,0,0,0,0,0.00,0,0.00,,50.00,50.00,50.00,2025-12-20 16:56:02.871 +0900
