"id","price","original_price","recorded_at","source","product_id","is_current","previous_price","price_change","price_change_rate"
8131,34900,49900,2025-12-20 17:05:57.070 +0900,crawl,313,false,49900,-15000,-30.06
5,13990,,2025-12-20 16:55:58.145 +0900,import,5,true,,,
6,7990,,2025-12-20 16:55:58.154 +0900,import,6,true,,,
16,5990,,2025-12-20 16:55:58.220 +0900,import,16,true,,,
18,5990,,2025-12-20 16:55:58.233 +0900,import,18,true,,,
19,5990,,2025-12-20 16:55:58.240 +0900,import,19,true,,,
20,6990,,2025-12-20 16:55:58.247 +0900,import,20,true,,,
23,8990,,2025-12-20 16:55:58.267 +0900,import,23,true,,,
24,9990,,2025-12-20 16:55:58.274 +0900,import,24,true,,,
25,7990,,2025-12-20 16:55:58.281 +0900,import,25,true,,,
36,5990,,2025-12-20 16:55:58.342 +0900,import,36,true,,,
38,9990,,2025-12-20 16:55:58.353 +0900,import,38,true,,,
39,9990,,2025-12-20 16:55:58.358 +0900,import,39,true,,,
42,6990,,2025-12-20 16:55:58.374 +0900,import,42,true,,,
51,2490,,2025-12-20 16:55:58.427 +0900,import,51,true,,,
54,9990,,2025-12-20 16:55:58.443 +0900,import,54,true,,,
57,1490,,2025-12-20 16:55:58.460 +0900,import,57,true,,,
58,4990,,2025-12-20 16:55:58.466 +0900,import,58,true,,,
63,3990,,2025-12-20 16:55:58.495 +0900,import,63,true,,,
66,1290,,2025-12-20 16:55:58.511 +0900,import,66,true,,,
69,6990,,2025-12-20 16:55:58.528 +0900,import,69,true,,,
74,9990,,2025-12-20 16:55:58.556 +0900,import,74,true,,,
75,3990,,2025-12-20 16:55:58.562 +0900,import,75,true,,,
76,6990,,2025-12-20 16:55:58.567 +0900,import,76,true,,,
78,4990,,2025-12-20 16:55:58.578 +0900,import,78,true,,,
80,4990,,2025-12-20 16:55:58.591 +0900,import,80,true,,,
81,4990,,2025-12-20 16:55:58.596 +0900,import,81,true,,,
82,2990,,2025-12-20 16:55:58.601 +0900,import,82,true,,,
83,2990,,2025-12-20 16:55:58.606 +0900,import,83,true,,,
85,8990,,2025-12-20 16:55:58.616 +0900,import,85,true,,,
86,2990,,2025-12-20 16:55:58.622 +0900,import,86,true,,,
87,4990,,2025-12-20 16:55:58.627 +0900,import,87,true,,,
88,2990,,2025-12-20 16:55:58.632 +0900,import,88,true,,,
89,8990,,2025-12-20 16:55:58.637 +0900,import,89,true,,,
91,2990,,2025-12-20 16:55:58.647 +0900,import,91,true,,,
92,8990,,2025-12-20 16:55:58.652 +0900,import,92,true,,,
93,8990,,2025-12-20 16:55:58.658 +0900,import,93,true,,,
95,4990,,2025-12-20 16:55:58.670 +0900,import,95,true,,,
96,9990,,2025-12-20 16:55:58.675 +0900,import,96,true,,,
97,8990,,2025-12-20 16:55:58.681 +0900,import,97,true,,,
2,11990,14990,2025-12-20 16:55:58.124 +0900,import,2,false,,,
3,9990,12990,2025-12-20 16:55:58.129 +0900,import,3,false,,,
7,9990,12990,2025-12-20 16:55:58.160 +0900,import,7,false,,,
8,9990,14990,2025-12-20 16:55:58.168 +0900,import,8,false,,,
9,12990,18990,2025-12-20 16:55:58.175 +0900,import,9,false,,,
11,9990,12990,2025-12-20 16:55:58.188 +0900,import,11,false,,,
12,8990,14990,2025-12-20 16:55:58.193 +0900,import,12,false,,,
13,14990,17990,2025-12-20 16:55:58.200 +0900,import,13,false,,,
14,16900,19900,2025-12-20 16:55:58.206 +0900,import,14,false,,,
15,7990,12990,2025-12-20 16:55:58.213 +0900,import,15,false,,,
17,8990,11990,2025-12-20 16:55:58.226 +0900,import,17,false,,,
22,9990,14990,2025-12-20 16:55:58.260 +0900,import,22,false,,,
27,9990,14990,2025-12-20 16:55:58.292 +0900,import,27,false,,,
28,13990,19990,2025-12-20 16:55:58.298 +0900,import,28,false,,,
29,13990,19990,2025-12-20 16:55:58.304 +0900,import,29,false,,,
30,15990,21990,2025-12-20 16:55:58.309 +0900,import,30,false,,,
31,9990,14990,2025-12-20 16:55:58.315 +0900,import,31,false,,,
32,12990,17990,2025-12-20 16:55:58.320 +0900,import,32,false,,,
34,6490,9990,2025-12-20 16:55:58.331 +0900,import,34,false,,,
33,6990,9990,2025-12-20 16:55:58.325 +0900,import,33,false,,,
35,7990,10990,2025-12-20 16:55:58.336 +0900,import,35,false,,,
37,9990,19990,2025-12-20 16:55:58.348 +0900,import,37,false,,,
40,6990,9990,2025-12-20 16:55:58.363 +0900,import,40,false,,,
41,9990,12990,2025-12-20 16:55:58.368 +0900,import,41,false,,,
43,12990,15990,2025-12-20 16:55:58.380 +0900,import,43,false,,,
45,5990,7990,2025-12-20 16:55:58.391 +0900,import,45,false,,,
46,13990,18990,2025-12-20 16:55:58.397 +0900,import,46,false,,,
48,7990,9990,2025-12-20 16:55:58.409 +0900,import,48,false,,,
49,7990,9990,2025-12-20 16:55:58.415 +0900,import,49,false,,,
50,4990,5990,2025-12-20 16:55:58.421 +0900,import,50,false,,,
52,4990,5990,2025-12-20 16:55:58.432 +0900,import,52,false,,,
53,3990,5990,2025-12-20 16:55:58.437 +0900,import,53,false,,,
55,7990,9990,2025-12-20 16:55:58.448 +0900,import,55,false,,,
56,8990,9990,2025-12-20 16:55:58.454 +0900,import,56,false,,,
59,12990,14990,2025-12-20 16:55:58.473 +0900,import,59,false,,,
60,7990,12990,2025-12-20 16:55:58.478 +0900,import,60,false,,,
62,9990,11990,2025-12-20 16:55:58.489 +0900,import,62,false,,,
61,9990,12990,2025-12-20 16:55:58.484 +0900,import,61,false,,,
64,9990,14990,2025-12-20 16:55:58.500 +0900,import,64,false,,,
65,12990,14990,2025-12-20 16:55:58.506 +0900,import,65,false,,,
68,9990,14990,2025-12-20 16:55:58.522 +0900,import,68,false,,,
67,15990,17990,2025-12-20 16:55:58.516 +0900,import,67,false,,,
70,8990,9990,2025-12-20 16:55:58.534 +0900,import,70,false,,,
71,12990,14990,2025-12-20 16:55:58.539 +0900,import,71,false,,,
72,2990,3990,2025-12-20 16:55:58.545 +0900,import,72,false,,,
77,6990,7990,2025-12-20 16:55:58.573 +0900,import,77,false,,,
84,11990,12990,2025-12-20 16:55:58.611 +0900,import,84,false,,,
79,7990,8990,2025-12-20 16:55:58.585 +0900,import,79,false,,,
90,5990,7990,2025-12-20 16:55:58.642 +0900,import,90,false,,,
94,10900,13900,2025-12-20 16:55:58.664 +0900,import,94,false,,,
98,6990,,2025-12-20 16:55:58.686 +0900,import,98,true,,,
99,6990,,2025-12-20 16:55:58.692 +0900,import,99,true,,,
103,9990,,2025-12-20 16:55:58.715 +0900,import,103,true,,,
104,5990,,2025-12-20 16:55:58.721 +0900,import,104,true,,,
105,5990,,2025-12-20 16:55:58.728 +0900,import,105,true,,,
106,5290,,2025-12-20 16:55:58.733 +0900,import,106,true,,,
108,8990,,2025-12-20 16:55:58.743 +0900,import,108,true,,,
110,7990,,2025-12-20 16:55:58.753 +0900,import,110,true,,,
111,8990,,2025-12-20 16:55:58.758 +0900,import,111,true,,,
112,7990,,2025-12-20 16:55:58.763 +0900,import,112,true,,,
113,9990,,2025-12-20 16:55:58.768 +0900,import,113,true,,,
115,9990,,2025-12-20 16:55:58.778 +0900,import,115,true,,,
116,9990,,2025-12-20 16:55:58.783 +0900,import,116,true,,,
117,9990,,2025-12-20 16:55:58.788 +0900,import,117,true,,,
119,9990,,2025-12-20 16:55:58.800 +0900,import,119,true,,,
121,9990,,2025-12-20 16:55:58.810 +0900,import,121,true,,,
122,9990,,2025-12-20 16:55:58.816 +0900,import,122,true,,,
123,3990,,2025-12-20 16:55:58.821 +0900,import,123,true,,,
125,9990,,2025-12-20 16:55:58.831 +0900,import,125,true,,,
128,9990,,2025-12-20 16:55:58.847 +0900,import,128,true,,,
129,5990,,2025-12-20 16:55:58.852 +0900,import,129,true,,,
130,8990,,2025-12-20 16:55:58.856 +0900,import,130,true,,,
131,4200,,2025-12-20 16:55:58.863 +0900,import,131,true,,,
132,4500,,2025-12-20 16:55:58.872 +0900,import,132,true,,,
134,4800,,2025-12-20 16:55:58.887 +0900,import,134,true,,,
135,4200,,2025-12-20 16:55:58.893 +0900,import,135,true,,,
136,4490,,2025-12-20 16:55:58.901 +0900,import,136,true,,,
137,4490,,2025-12-20 16:55:58.911 +0900,import,137,true,,,
138,9490,,2025-12-20 16:55:58.917 +0900,import,138,true,,,
139,2900,,2025-12-20 16:55:58.922 +0900,import,139,true,,,
140,2700,,2025-12-20 16:55:58.928 +0900,import,140,true,,,
141,2900,,2025-12-20 16:55:58.933 +0900,import,141,true,,,
142,2900,,2025-12-20 16:55:58.939 +0900,import,142,true,,,
143,4200,,2025-12-20 16:55:58.945 +0900,import,143,true,,,
144,4800,,2025-12-20 16:55:58.951 +0900,import,144,true,,,
145,4200,,2025-12-20 16:55:58.957 +0900,import,145,true,,,
146,5200,,2025-12-20 16:55:58.963 +0900,import,146,true,,,
147,5200,,2025-12-20 16:55:58.969 +0900,import,147,true,,,
148,4800,,2025-12-20 16:55:58.975 +0900,import,148,true,,,
149,7500,,2025-12-20 16:55:58.981 +0900,import,149,true,,,
150,2800,,2025-12-20 16:55:58.986 +0900,import,150,true,,,
151,24900,,2025-12-20 16:55:58.992 +0900,import,151,true,,,
152,7500,,2025-12-20 16:55:58.997 +0900,import,152,true,,,
153,9900,,2025-12-20 16:55:59.003 +0900,import,153,true,,,
154,7900,,2025-12-20 16:55:59.009 +0900,import,154,true,,,
155,8500,,2025-12-20 16:55:59.014 +0900,import,155,true,,,
156,7500,,2025-12-20 16:55:59.020 +0900,import,156,true,,,
157,7900,,2025-12-20 16:55:59.026 +0900,import,157,true,,,
158,26900,,2025-12-20 16:55:59.032 +0900,import,158,true,,,
159,26900,,2025-12-20 16:55:59.038 +0900,import,159,true,,,
160,26900,,2025-12-20 16:55:59.043 +0900,import,160,true,,,
161,2500,,2025-12-20 16:55:59.049 +0900,import,161,true,,,
162,9990,,2025-12-20 16:55:59.055 +0900,import,162,true,,,
163,7990,,2025-12-20 16:55:59.060 +0900,import,163,true,,,
164,4800,,2025-12-20 16:55:59.066 +0900,import,164,true,,,
166,43900,,2025-12-20 16:55:59.078 +0900,import,166,true,,,
167,9900,,2025-12-20 16:55:59.084 +0900,import,167,true,,,
168,35900,,2025-12-20 16:55:59.091 +0900,import,168,true,,,
169,35900,,2025-12-20 16:55:59.097 +0900,import,169,true,,,
170,13990,,2025-12-20 16:55:59.103 +0900,import,170,true,,,
171,35900,,2025-12-20 16:55:59.109 +0900,import,171,true,,,
172,35900,,2025-12-20 16:55:59.115 +0900,import,172,true,,,
173,42900,,2025-12-20 16:55:59.121 +0900,import,173,true,,,
174,9900,,2025-12-20 16:55:59.127 +0900,import,174,true,,,
179,8690,,2025-12-20 16:55:59.156 +0900,import,179,true,,,
180,2200,,2025-12-20 16:55:59.161 +0900,import,180,true,,,
181,5990,,2025-12-20 16:55:59.167 +0900,import,181,true,,,
182,5490,,2025-12-20 16:55:59.173 +0900,import,182,true,,,
183,2200,,2025-12-20 16:55:59.179 +0900,import,183,true,,,
184,5900,,2025-12-20 16:55:59.185 +0900,import,184,true,,,
185,7990,,2025-12-20 16:55:59.191 +0900,import,185,true,,,
186,1000,,2025-12-20 16:55:59.196 +0900,import,186,true,,,
187,5390,,2025-12-20 16:55:59.202 +0900,import,187,true,,,
188,1000,,2025-12-20 16:55:59.207 +0900,import,188,true,,,
189,4990,,2025-12-20 16:55:59.213 +0900,import,189,true,,,
190,3200,,2025-12-20 16:55:59.219 +0900,import,190,true,,,
191,10990,,2025-12-20 16:55:59.225 +0900,import,191,true,,,
192,2500,,2025-12-20 16:55:59.230 +0900,import,192,true,,,
193,7490,,2025-12-20 16:55:59.236 +0900,import,193,true,,,
194,1000,,2025-12-20 16:55:59.241 +0900,import,194,true,,,
175,3640,7290,2025-12-20 16:55:59.133 +0900,import,175,false,,,
176,6990,9990,2025-12-20 16:55:59.139 +0900,import,176,false,,,
178,4190,5990,2025-12-20 16:55:59.150 +0900,import,178,false,,,
177,5100,7290,2025-12-20 16:55:59.144 +0900,import,177,false,,,
101,8990,,2025-12-20 16:55:58.705 +0900,import,101,false,,,
100,3990,,2025-12-20 16:55:58.699 +0900,import,100,false,,,
114,9990,19990,2025-12-20 16:55:58.773 +0900,import,114,false,,,
118,9990,19990,2025-12-20 16:55:58.795 +0900,import,118,false,,,
120,9990,,2025-12-20 16:55:58.805 +0900,import,120,false,,,
124,3990,,2025-12-20 16:55:58.826 +0900,import,124,false,,,
126,6990,9990,2025-12-20 16:55:58.836 +0900,import,126,false,,,
127,6990,9990,2025-12-20 16:55:58.841 +0900,import,127,false,,,
195,2500,,2025-12-20 16:55:59.246 +0900,import,195,true,,,
196,2700,,2025-12-20 16:55:59.252 +0900,import,196,true,,,
197,1000,,2025-12-20 16:55:59.257 +0900,import,197,true,,,
198,1000,,2025-12-20 16:55:59.263 +0900,import,198,true,,,
199,1000,,2025-12-20 16:55:59.268 +0900,import,199,true,,,
200,1000,,2025-12-20 16:55:59.273 +0900,import,200,true,,,
201,1000,,2025-12-20 16:55:59.278 +0900,import,201,true,,,
202,1000,,2025-12-20 16:55:59.283 +0900,import,202,true,,,
203,7490,,2025-12-20 16:55:59.288 +0900,import,203,true,,,
204,3990,,2025-12-20 16:55:59.293 +0900,import,204,true,,,
205,7490,,2025-12-20 16:55:59.299 +0900,import,205,true,,,
206,3990,,2025-12-20 16:55:59.304 +0900,import,206,true,,,
207,3990,,2025-12-20 16:55:59.309 +0900,import,207,true,,,
208,8690,,2025-12-20 16:55:59.315 +0900,import,208,true,,,
209,2200,,2025-12-20 16:55:59.321 +0900,import,209,true,,,
210,6990,,2025-12-20 16:55:59.327 +0900,import,210,true,,,
211,6990,,2025-12-20 16:55:59.332 +0900,import,211,true,,,
212,12990,,2025-12-20 16:55:59.338 +0900,import,212,true,,,
214,5490,,2025-12-20 16:55:59.350 +0900,import,214,true,,,
215,5990,,2025-12-20 16:55:59.356 +0900,import,215,true,,,
216,7990,,2025-12-20 16:55:59.362 +0900,import,216,true,,,
217,5990,,2025-12-20 16:55:59.368 +0900,import,217,true,,,
218,2500,,2025-12-20 16:55:59.374 +0900,import,218,true,,,
219,4990,,2025-12-20 16:55:59.381 +0900,import,219,true,,,
220,5490,,2025-12-20 16:55:59.387 +0900,import,220,true,,,
221,4500,,2025-12-20 16:55:59.393 +0900,import,221,true,,,
222,5490,,2025-12-20 16:55:59.399 +0900,import,222,true,,,
223,15900,,2025-12-20 16:55:59.405 +0900,import,223,true,,,
224,4900,,2025-12-20 16:55:59.410 +0900,import,224,true,,,
225,3250,,2025-12-20 16:55:59.416 +0900,import,225,true,,,
226,3990,,2025-12-20 16:55:59.421 +0900,import,226,true,,,
227,6490,,2025-12-20 16:55:59.427 +0900,import,227,true,,,
228,4240,,2025-12-20 16:55:59.433 +0900,import,228,true,,,
229,9370,,2025-12-20 16:55:59.439 +0900,import,229,true,,,
230,3990,,2025-12-20 16:55:59.444 +0900,import,230,true,,,
231,3990,,2025-12-20 16:55:59.449 +0900,import,231,true,,,
232,1700,,2025-12-20 16:55:59.455 +0900,import,232,true,,,
233,5650,,2025-12-20 16:55:59.460 +0900,import,233,true,,,
234,1590,,2025-12-20 16:55:59.466 +0900,import,234,true,,,
235,3690,,2025-12-20 16:55:59.471 +0900,import,235,true,,,
236,2350,,2025-12-20 16:55:59.478 +0900,import,236,true,,,
237,5950,,2025-12-20 16:55:59.483 +0900,import,237,true,,,
238,4290,,2025-12-20 16:55:59.488 +0900,import,238,true,,,
239,3690,,2025-12-20 16:55:59.494 +0900,import,239,true,,,
240,2350,,2025-12-20 16:55:59.499 +0900,import,240,true,,,
241,2180,,2025-12-20 16:55:59.504 +0900,import,241,true,,,
242,1710,,2025-12-20 16:55:59.510 +0900,import,242,true,,,
243,2550,,2025-12-20 16:55:59.515 +0900,import,243,true,,,
244,3290,,2025-12-20 16:55:59.520 +0900,import,244,true,,,
245,6340,,2025-12-20 16:55:59.525 +0900,import,245,true,,,
246,2550,,2025-12-20 16:55:59.531 +0900,import,246,true,,,
247,4420,,2025-12-20 16:55:59.536 +0900,import,247,true,,,
248,5740,,2025-12-20 16:55:59.541 +0900,import,248,true,,,
249,2420,,2025-12-20 16:55:59.546 +0900,import,249,true,,,
250,5650,,2025-12-20 16:55:59.552 +0900,import,250,true,,,
251,3740,,2025-12-20 16:55:59.557 +0900,import,251,true,,,
252,2200,,2025-12-20 16:55:59.563 +0900,import,252,true,,,
253,3740,,2025-12-20 16:55:59.568 +0900,import,253,true,,,
254,5590,,2025-12-20 16:55:59.573 +0900,import,254,true,,,
255,4120,,2025-12-20 16:55:59.579 +0900,import,255,true,,,
256,4290,,2025-12-20 16:55:59.585 +0900,import,256,true,,,
257,3380,,2025-12-20 16:55:59.591 +0900,import,257,true,,,
259,2590,,2025-12-20 16:55:59.601 +0900,import,259,true,,,
260,1790,,2025-12-20 16:55:59.606 +0900,import,260,true,,,
261,3380,,2025-12-20 16:55:59.612 +0900,import,261,true,,,
262,3250,,2025-12-20 16:55:59.617 +0900,import,262,true,,,
263,1790,,2025-12-20 16:55:59.622 +0900,import,263,true,,,
264,3880,,2025-12-20 16:55:59.627 +0900,import,264,true,,,
266,3290,,2025-12-20 16:55:59.638 +0900,import,266,true,,,
267,2590,,2025-12-20 16:55:59.643 +0900,import,267,true,,,
268,2780,,2025-12-20 16:55:59.648 +0900,import,268,true,,,
269,1690,,2025-12-20 16:55:59.654 +0900,import,269,true,,,
270,2890,,2025-12-20 16:55:59.659 +0900,import,270,true,,,
271,3250,,2025-12-20 16:55:59.665 +0900,import,271,true,,,
272,6980,,2025-12-20 16:55:59.670 +0900,import,272,true,,,
273,3400,,2025-12-20 16:55:59.675 +0900,import,273,true,,,
274,2990,,2025-12-20 16:55:59.681 +0900,import,274,true,,,
275,3880,,2025-12-20 16:55:59.686 +0900,import,275,true,,,
276,5400,,2025-12-20 16:55:59.691 +0900,import,276,true,,,
277,3900,,2025-12-20 16:55:59.696 +0900,import,277,true,,,
278,1490,,2025-12-20 16:55:59.703 +0900,import,278,true,,,
279,990,,2025-12-20 16:55:59.709 +0900,import,279,true,,,
280,3980,,2025-12-20 16:55:59.714 +0900,import,280,true,,,
281,9990,,2025-12-20 16:55:59.719 +0900,import,281,true,,,
282,5700,,2025-12-20 16:55:59.725 +0900,import,282,true,,,
283,5480,,2025-12-20 16:55:59.730 +0900,import,283,true,,,
284,5490,,2025-12-20 16:55:59.735 +0900,import,284,true,,,
285,9790,,2025-12-20 16:55:59.740 +0900,import,285,true,,,
286,4790,,2025-12-20 16:55:59.746 +0900,import,286,true,,,
287,4480,,2025-12-20 16:55:59.751 +0900,import,287,true,,,
288,3980,,2025-12-20 16:55:59.756 +0900,import,288,true,,,
289,4980,,2025-12-20 16:55:59.762 +0900,import,289,true,,,
290,2980,,2025-12-20 16:55:59.767 +0900,import,290,true,,,
291,5900,,2025-12-20 16:55:59.772 +0900,import,291,true,,,
292,4980,,2025-12-20 16:55:59.777 +0900,import,292,true,,,
293,3100,,2025-12-20 16:55:59.783 +0900,import,293,true,,,
294,7290,,2025-12-20 16:55:59.789 +0900,import,294,true,,,
295,5680,,2025-12-20 16:55:59.794 +0900,import,295,true,,,
296,6490,,2025-12-20 16:55:59.799 +0900,import,296,true,,,
297,4290,,2025-12-20 16:55:59.804 +0900,import,297,true,,,
298,2190,,2025-12-20 16:55:59.809 +0900,import,298,true,,,
299,3490,,2025-12-20 16:55:59.815 +0900,import,299,true,,,
300,1690,,2025-12-20 16:55:59.820 +0900,import,300,true,,,
301,3150,,2025-12-20 16:55:59.825 +0900,import,301,true,,,
302,6390,,2025-12-20 16:55:59.831 +0900,import,302,true,,,
303,5990,,2025-12-20 16:55:59.836 +0900,import,303,true,,,
304,8790,,2025-12-20 16:55:59.842 +0900,import,304,true,,,
305,4290,,2025-12-20 16:55:59.847 +0900,import,305,true,,,
306,6390,,2025-12-20 16:55:59.853 +0900,import,306,true,,,
307,3790,,2025-12-20 16:55:59.858 +0900,import,307,true,,,
308,3150,,2025-12-20 16:55:59.863 +0900,import,308,true,,,
309,6990,,2025-12-20 16:55:59.869 +0900,import,309,true,,,
310,8790,,2025-12-20 16:55:59.875 +0900,import,310,true,,,
311,2600,,2025-12-20 16:55:59.880 +0900,import,311,true,,,
312,2800,,2025-12-20 16:55:59.885 +0900,import,312,true,,,
321,9990,,2025-12-20 16:55:59.934 +0900,import,321,true,,,
322,11900,,2025-12-20 16:55:59.939 +0900,import,322,true,,,
323,11900,,2025-12-20 16:55:59.945 +0900,import,323,true,,,
324,14900,,2025-12-20 16:55:59.950 +0900,import,324,true,,,
325,27900,,2025-12-20 16:55:59.956 +0900,import,325,true,,,
326,21900,,2025-12-20 16:55:59.961 +0900,import,326,true,,,
327,23900,,2025-12-20 16:55:59.966 +0900,import,327,true,,,
329,10990,,2025-12-20 16:55:59.976 +0900,import,329,true,,,
330,6990,,2025-12-20 16:55:59.982 +0900,import,330,true,,,
331,10990,,2025-12-20 16:55:59.987 +0900,import,331,true,,,
332,6990,,2025-12-20 16:55:59.992 +0900,import,332,true,,,
333,14990,,2025-12-20 16:55:59.998 +0900,import,333,true,,,
336,3990,,2025-12-20 16:56:00.014 +0900,import,336,true,,,
338,19990,,2025-12-20 16:56:00.025 +0900,import,338,true,,,
339,9990,,2025-12-20 16:56:00.030 +0900,import,339,true,,,
340,9990,,2025-12-20 16:56:00.036 +0900,import,340,true,,,
341,9990,,2025-12-20 16:56:00.041 +0900,import,341,true,,,
342,9990,,2025-12-20 16:56:00.047 +0900,import,342,true,,,
343,9990,,2025-12-20 16:56:00.052 +0900,import,343,true,,,
344,9990,,2025-12-20 16:56:00.058 +0900,import,344,true,,,
345,9990,,2025-12-20 16:56:00.063 +0900,import,345,true,,,
346,9990,,2025-12-20 16:56:00.068 +0900,import,346,true,,,
347,9990,,2025-12-20 16:56:00.074 +0900,import,347,true,,,
351,9990,,2025-12-20 16:56:00.096 +0900,import,351,true,,,
352,10900,,2025-12-20 16:56:00.102 +0900,import,352,true,,,
353,10900,,2025-12-20 16:56:00.108 +0900,import,353,true,,,
354,13900,,2025-12-20 16:56:00.113 +0900,import,354,true,,,
355,13900,,2025-12-20 16:56:00.119 +0900,import,355,true,,,
356,10900,,2025-12-20 16:56:00.124 +0900,import,356,true,,,
357,9990,,2025-12-20 16:56:00.130 +0900,import,357,true,,,
358,9990,,2025-12-20 16:56:00.135 +0900,import,358,true,,,
359,9990,,2025-12-20 16:56:00.141 +0900,import,359,true,,,
360,9990,,2025-12-20 16:56:00.146 +0900,import,360,true,,,
361,9990,,2025-12-20 16:56:00.151 +0900,import,361,true,,,
362,9990,,2025-12-20 16:56:00.157 +0900,import,362,true,,,
365,9990,,2025-12-20 16:56:00.173 +0900,import,365,true,,,
366,9990,,2025-12-20 16:56:00.178 +0900,import,366,true,,,
367,9990,,2025-12-20 16:56:00.183 +0900,import,367,true,,,
368,11900,,2025-12-20 16:56:00.189 +0900,import,368,true,,,
370,9990,,2025-12-20 16:56:00.200 +0900,import,370,true,,,
371,9990,,2025-12-20 16:56:00.205 +0900,import,371,true,,,
373,9990,,2025-12-20 16:56:00.217 +0900,import,373,true,,,
374,9990,,2025-12-20 16:56:00.222 +0900,import,374,true,,,
375,9990,,2025-12-20 16:56:00.228 +0900,import,375,true,,,
376,9990,,2025-12-20 16:56:00.234 +0900,import,376,true,,,
377,9990,,2025-12-20 16:56:00.239 +0900,import,377,true,,,
378,19990,,2025-12-20 16:56:00.245 +0900,import,378,true,,,
379,9990,,2025-12-20 16:56:00.251 +0900,import,379,true,,,
380,9990,,2025-12-20 16:56:00.256 +0900,import,380,true,,,
381,9990,,2025-12-20 16:56:00.262 +0900,import,381,true,,,
383,9990,,2025-12-20 16:56:00.274 +0900,import,383,true,,,
384,9990,,2025-12-20 16:56:00.279 +0900,import,384,true,,,
385,11900,,2025-12-20 16:56:00.286 +0900,import,385,true,,,
386,11900,,2025-12-20 16:56:00.293 +0900,import,386,true,,,
387,12900,,2025-12-20 16:56:00.299 +0900,import,387,true,,,
314,43900,59900,2025-12-20 16:55:59.897 +0900,import,314,false,,,
315,48900,49900,2025-12-20 16:55:59.902 +0900,import,315,false,,,
317,34900,,2025-12-20 16:55:59.913 +0900,import,317,false,,,
316,43900,44900,2025-12-20 16:55:59.907 +0900,import,316,false,,,
318,60900,61900,2025-12-20 16:55:59.918 +0900,import,318,false,,,
320,64900,,2025-12-20 16:55:59.929 +0900,import,320,false,,,
328,6990,13990,2025-12-20 16:55:59.971 +0900,import,328,false,,,
334,6990,13990,2025-12-20 16:56:00.003 +0900,import,334,false,,,
335,5950,11900,2025-12-20 16:56:00.009 +0900,import,335,false,,,
337,9990,19990,2025-12-20 16:56:00.020 +0900,import,337,false,,,
349,5950,11900,2025-12-20 16:56:00.085 +0900,import,349,false,,,
348,9990,,2025-12-20 16:56:00.080 +0900,import,348,false,,,
350,5950,11900,2025-12-20 16:56:00.091 +0900,import,350,false,,,
363,8990,17990,2025-12-20 16:56:00.162 +0900,import,363,false,,,
364,12990,,2025-12-20 16:56:00.168 +0900,import,364,false,,,
369,9990,19990,2025-12-20 16:56:00.194 +0900,import,369,false,,,
372,9990,19990,2025-12-20 16:56:00.211 +0900,import,372,false,,,
382,9990,19990,2025-12-20 16:56:00.268 +0900,import,382,false,,,
390,8990,,2025-12-20 16:56:00.319 +0900,import,390,true,,,
391,4990,,2025-12-20 16:56:00.326 +0900,import,391,true,,,
394,6990,,2025-12-20 16:56:00.344 +0900,import,394,true,,,
400,1000,,2025-12-20 16:56:00.382 +0900,import,400,true,,,
401,4990,,2025-12-20 16:56:00.388 +0900,import,401,true,,,
403,3990,,2025-12-20 16:56:00.401 +0900,import,403,true,,,
404,3990,,2025-12-20 16:56:00.407 +0900,import,404,true,,,
405,9990,,2025-12-20 16:56:00.412 +0900,import,405,true,,,
406,2990,,2025-12-20 16:56:00.418 +0900,import,406,true,,,
408,3990,,2025-12-20 16:56:00.431 +0900,import,408,true,,,
409,1590,,2025-12-20 16:56:00.437 +0900,import,409,true,,,
410,3990,,2025-12-20 16:56:00.443 +0900,import,410,true,,,
411,4990,,2025-12-20 16:56:00.449 +0900,import,411,true,,,
412,4990,,2025-12-20 16:56:00.456 +0900,import,412,true,,,
415,1690,,2025-12-20 16:56:00.474 +0900,import,415,true,,,
416,4490,,2025-12-20 16:56:00.481 +0900,import,416,true,,,
417,3990,,2025-12-20 16:56:00.487 +0900,import,417,true,,,
419,5990,,2025-12-20 16:56:00.499 +0900,import,419,true,,,
421,5490,,2025-12-20 16:56:00.511 +0900,import,421,true,,,
422,5490,,2025-12-20 16:56:00.518 +0900,import,422,true,,,
423,3990,,2025-12-20 16:56:00.524 +0900,import,423,true,,,
424,3990,,2025-12-20 16:56:00.530 +0900,import,424,true,,,
426,8490,,2025-12-20 16:56:00.543 +0900,import,426,true,,,
427,3490,,2025-12-20 16:56:00.550 +0900,import,427,true,,,
428,4990,,2025-12-20 16:56:00.557 +0900,import,428,true,,,
435,5990,,2025-12-20 16:56:00.600 +0900,import,435,true,,,
436,2490,,2025-12-20 16:56:00.606 +0900,import,436,true,,,
438,3990,,2025-12-20 16:56:00.618 +0900,import,438,true,,,
439,2190,,2025-12-20 16:56:00.624 +0900,import,439,true,,,
442,1990,,2025-12-20 16:56:00.642 +0900,import,442,true,,,
445,1990,,2025-12-20 16:56:00.660 +0900,import,445,true,,,
447,5990,,2025-12-20 16:56:00.678 +0900,import,447,true,,,
451,2990,,2025-12-20 16:56:00.711 +0900,import,451,true,,,
454,3490,,2025-12-20 16:56:00.729 +0900,import,454,true,,,
457,2990,,2025-12-20 16:56:00.746 +0900,import,457,true,,,
460,3990,,2025-12-20 16:56:00.764 +0900,import,460,true,,,
461,2990,,2025-12-20 16:56:00.770 +0900,import,461,true,,,
462,3490,,2025-12-20 16:56:00.776 +0900,import,462,true,,,
463,2990,,2025-12-20 16:56:00.782 +0900,import,463,true,,,
464,2990,,2025-12-20 16:56:00.788 +0900,import,464,true,,,
465,2490,,2025-12-20 16:56:00.794 +0900,import,465,true,,,
466,2490,,2025-12-20 16:56:00.801 +0900,import,466,true,,,
467,3990,,2025-12-20 16:56:00.806 +0900,import,467,true,,,
468,2990,,2025-12-20 16:56:00.812 +0900,import,468,true,,,
470,4990,,2025-12-20 16:56:00.823 +0900,import,470,true,,,
472,4990,,2025-12-20 16:56:00.835 +0900,import,472,true,,,
473,2590,,2025-12-20 16:56:00.842 +0900,import,473,true,,,
476,2990,,2025-12-20 16:56:00.860 +0900,import,476,true,,,
477,2990,,2025-12-20 16:56:00.865 +0900,import,477,true,,,
478,2590,,2025-12-20 16:56:00.871 +0900,import,478,true,,,
480,5990,,2025-12-20 16:56:00.882 +0900,import,480,true,,,
482,5990,,2025-12-20 16:56:00.893 +0900,import,482,true,,,
483,2990,,2025-12-20 16:56:00.900 +0900,import,483,true,,,
393,8990,,2025-12-20 16:56:00.338 +0900,import,393,false,,,
395,4990,,2025-12-20 16:56:00.351 +0900,import,395,false,,,
396,10990,14990,2025-12-20 16:56:00.357 +0900,import,396,false,,,
399,6290,6990,2025-12-20 16:56:00.376 +0900,import,399,false,,,
407,4990,8990,2025-12-20 16:56:00.424 +0900,import,407,false,,,
418,6990,,2025-12-20 16:56:00.493 +0900,import,418,false,,,
425,1290,2580,2025-12-20 16:56:00.537 +0900,import,425,false,,,
429,2990,5980,2025-12-20 16:56:00.564 +0900,import,429,false,,,
430,2990,5980,2025-12-20 16:56:00.570 +0900,import,430,false,,,
431,1590,2590,2025-12-20 16:56:00.577 +0900,import,431,false,,,
432,5990,7990,2025-12-20 16:56:00.583 +0900,import,432,false,,,
433,990,1980,2025-12-20 16:56:00.589 +0900,import,433,false,,,
434,2990,3990,2025-12-20 16:56:00.595 +0900,import,434,false,,,
437,3990,6990,2025-12-20 16:56:00.612 +0900,import,437,false,,,
446,5990,7990,2025-12-20 16:56:00.669 +0900,import,446,false,,,
448,2490,4980,2025-12-20 16:56:00.686 +0900,import,448,false,,,
449,2990,4990,2025-12-20 16:56:00.692 +0900,import,449,false,,,
450,1790,2990,2025-12-20 16:56:00.702 +0900,import,450,false,,,
452,2990,3990,2025-12-20 16:56:00.717 +0900,import,452,false,,,
453,3490,4990,2025-12-20 16:56:00.723 +0900,import,453,false,,,
456,3990,4990,2025-12-20 16:56:00.741 +0900,import,456,false,,,
459,3990,4990,2025-12-20 16:56:00.759 +0900,import,459,false,,,
469,3490,5990,2025-12-20 16:56:00.817 +0900,import,469,false,,,
471,2990,5980,2025-12-20 16:56:00.829 +0900,import,471,false,,,
481,2490,4980,2025-12-20 16:56:00.888 +0900,import,481,false,,,
487,1490,,2025-12-20 16:56:00.924 +0900,import,487,true,,,
488,4490,,2025-12-20 16:56:00.929 +0900,import,488,true,,,
490,1000,,2025-12-20 16:56:00.942 +0900,import,490,true,,,
491,5990,,2025-12-20 16:56:00.948 +0900,import,491,true,,,
492,4990,,2025-12-20 16:56:00.954 +0900,import,492,true,,,
493,3990,,2025-12-20 16:56:00.959 +0900,import,493,true,,,
500,1490,,2025-12-20 16:56:01.005 +0900,import,500,true,,,
502,4990,,2025-12-20 16:56:01.018 +0900,import,502,true,,,
503,4990,,2025-12-20 16:56:01.024 +0900,import,503,true,,,
505,2490,,2025-12-20 16:56:01.036 +0900,import,505,true,,,
506,2490,,2025-12-20 16:56:01.041 +0900,import,506,true,,,
510,2490,,2025-12-20 16:56:01.065 +0900,import,510,true,,,
511,2990,,2025-12-20 16:56:01.071 +0900,import,511,true,,,
512,3490,,2025-12-20 16:56:01.077 +0900,import,512,true,,,
513,3990,,2025-12-20 16:56:01.083 +0900,import,513,true,,,
514,4990,,2025-12-20 16:56:01.089 +0900,import,514,true,,,
515,3490,,2025-12-20 16:56:01.095 +0900,import,515,true,,,
516,2490,,2025-12-20 16:56:01.101 +0900,import,516,true,,,
517,3490,,2025-12-20 16:56:01.107 +0900,import,517,true,,,
518,1990,,2025-12-20 16:56:01.113 +0900,import,518,true,,,
521,5990,,2025-12-20 16:56:01.132 +0900,import,521,true,,,
522,2990,,2025-12-20 16:56:01.138 +0900,import,522,true,,,
523,5990,,2025-12-20 16:56:01.144 +0900,import,523,true,,,
524,6990,,2025-12-20 16:56:01.150 +0900,import,524,true,,,
525,4990,,2025-12-20 16:56:01.157 +0900,import,525,true,,,
526,5990,,2025-12-20 16:56:01.163 +0900,import,526,true,,,
527,3990,,2025-12-20 16:56:01.170 +0900,import,527,true,,,
528,3990,,2025-12-20 16:56:01.176 +0900,import,528,true,,,
529,3990,,2025-12-20 16:56:01.182 +0900,import,529,true,,,
530,3990,,2025-12-20 16:56:01.189 +0900,import,530,true,,,
531,3990,,2025-12-20 16:56:01.195 +0900,import,531,true,,,
532,3990,,2025-12-20 16:56:01.201 +0900,import,532,true,,,
533,3990,,2025-12-20 16:56:01.207 +0900,import,533,true,,,
534,3990,,2025-12-20 16:56:01.214 +0900,import,534,true,,,
535,4990,,2025-12-20 16:56:01.219 +0900,import,535,true,,,
540,1290,,2025-12-20 16:56:01.247 +0900,import,540,true,,,
541,1490,,2025-12-20 16:56:01.253 +0900,import,541,true,,,
542,6980,,2025-12-20 16:56:01.258 +0900,import,542,true,,,
543,6980,,2025-12-20 16:56:01.264 +0900,import,543,true,,,
544,6980,,2025-12-20 16:56:01.270 +0900,import,544,true,,,
545,4990,,2025-12-20 16:56:01.276 +0900,import,545,true,,,
546,4990,,2025-12-20 16:56:01.282 +0900,import,546,true,,,
547,4380,,2025-12-20 16:56:01.287 +0900,import,547,true,,,
548,4990,,2025-12-20 16:56:01.294 +0900,import,548,true,,,
549,1490,,2025-12-20 16:56:01.300 +0900,import,549,true,,,
550,3290,,2025-12-20 16:56:01.306 +0900,import,550,true,,,
551,3290,,2025-12-20 16:56:01.312 +0900,import,551,true,,,
552,2200,,2025-12-20 16:56:01.318 +0900,import,552,true,,,
553,2200,,2025-12-20 16:56:01.323 +0900,import,553,true,,,
554,1490,,2025-12-20 16:56:01.329 +0900,import,554,true,,,
556,1490,,2025-12-20 16:56:01.341 +0900,import,556,true,,,
558,5790,,2025-12-20 16:56:01.353 +0900,import,558,true,,,
560,6980,,2025-12-20 16:56:01.363 +0900,import,560,true,,,
563,12990,,2025-12-20 16:56:01.380 +0900,import,563,true,,,
564,2200,,2025-12-20 16:56:01.385 +0900,import,564,true,,,
565,3290,,2025-12-20 16:56:01.391 +0900,import,565,true,,,
566,4680,,2025-12-20 16:56:01.397 +0900,import,566,true,,,
568,4680,,2025-12-20 16:56:01.408 +0900,import,568,true,,,
569,2200,,2025-12-20 16:56:01.413 +0900,import,569,true,,,
570,4380,,2025-12-20 16:56:01.418 +0900,import,570,true,,,
571,4380,,2025-12-20 16:56:01.423 +0900,import,571,true,,,
573,4680,,2025-12-20 16:56:01.434 +0900,import,573,true,,,
575,3290,,2025-12-20 16:56:01.445 +0900,import,575,true,,,
576,4680,,2025-12-20 16:56:01.450 +0900,import,576,true,,,
577,4380,,2025-12-20 16:56:01.456 +0900,import,577,true,,,
578,4680,,2025-12-20 16:56:01.461 +0900,import,578,true,,,
579,3990,,2025-12-20 16:56:01.467 +0900,import,579,true,,,
580,5490,,2025-12-20 16:56:01.474 +0900,import,580,true,,,
581,1790,,2025-12-20 16:56:01.479 +0900,import,581,true,,,
582,3990,,2025-12-20 16:56:01.485 +0900,import,582,true,,,
494,2990,5980,2025-12-20 16:56:00.966 +0900,import,494,false,,,
498,4490,4990,2025-12-20 16:56:00.993 +0900,import,498,false,,,
499,1190,1990,2025-12-20 16:56:00.999 +0900,import,499,false,,,
501,6990,9990,2025-12-20 16:56:01.011 +0900,import,501,false,,,
504,5990,6990,2025-12-20 16:56:01.030 +0900,import,504,false,,,
519,2990,4990,2025-12-20 16:56:01.119 +0900,import,519,false,,,
536,3690,4390,2025-12-20 16:56:01.225 +0900,import,536,false,,,
555,3690,4390,2025-12-20 16:56:01.335 +0900,import,555,false,,,
537,3690,4590,2025-12-20 16:56:01.230 +0900,import,537,false,,,
557,3690,4390,2025-12-20 16:56:01.346 +0900,import,557,false,,,
562,3690,4390,2025-12-20 16:56:01.374 +0900,import,562,false,,,
538,3690,4590,2025-12-20 16:56:01.236 +0900,import,538,false,,,
561,3690,4390,2025-12-20 16:56:01.369 +0900,import,561,false,,,
559,3690,4390,2025-12-20 16:56:01.358 +0900,import,559,false,,,
539,6490,6890,2025-12-20 16:56:01.241 +0900,import,539,false,,,
572,6490,6890,2025-12-20 16:56:01.428 +0900,import,572,false,,,
574,6490,6890,2025-12-20 16:56:01.439 +0900,import,574,false,,,
567,6490,6890,2025-12-20 16:56:01.402 +0900,import,567,false,,,
583,3790,,2025-12-20 16:56:01.491 +0900,import,583,true,,,
584,1790,,2025-12-20 16:56:01.498 +0900,import,584,true,,,
585,1990,,2025-12-20 16:56:01.504 +0900,import,585,true,,,
586,3790,,2025-12-20 16:56:01.511 +0900,import,586,true,,,
588,1790,,2025-12-20 16:56:01.524 +0900,import,588,true,,,
589,3790,,2025-12-20 16:56:01.530 +0900,import,589,true,,,
587,4990,,2025-12-20 16:56:01.518 +0900,import,587,false,,,
594,1790,,2025-12-20 16:56:01.559 +0900,import,594,true,,,
595,1990,,2025-12-20 16:56:01.566 +0900,import,595,true,,,
599,1790,,2025-12-20 16:56:01.591 +0900,import,599,true,,,
600,1990,,2025-12-20 16:56:01.596 +0900,import,600,true,,,
601,3990,,2025-12-20 16:56:01.603 +0900,import,601,true,,,
602,1790,,2025-12-20 16:56:01.610 +0900,import,602,true,,,
603,1990,,2025-12-20 16:56:01.616 +0900,import,603,true,,,
604,3990,,2025-12-20 16:56:01.621 +0900,import,604,true,,,
605,3990,,2025-12-20 16:56:01.628 +0900,import,605,true,,,
606,6990,,2025-12-20 16:56:01.633 +0900,import,606,true,,,
607,11990,,2025-12-20 16:56:01.639 +0900,import,607,true,,,
608,8880,,2025-12-20 16:56:01.644 +0900,import,608,true,,,
609,6480,,2025-12-20 16:56:01.650 +0900,import,609,true,,,
610,4480,,2025-12-20 16:56:01.655 +0900,import,610,true,,,
611,5880,,2025-12-20 16:56:01.661 +0900,import,611,true,,,
612,6990,,2025-12-20 16:56:01.668 +0900,import,612,true,,,
614,3490,,2025-12-20 16:56:01.679 +0900,import,614,true,,,
615,1000,,2025-12-20 16:56:01.685 +0900,import,615,true,,,
616,3490,,2025-12-20 16:56:01.691 +0900,import,616,true,,,
617,6990,,2025-12-20 16:56:01.697 +0900,import,617,true,,,
618,1490,,2025-12-20 16:56:01.703 +0900,import,618,true,,,
619,4990,,2025-12-20 16:56:01.708 +0900,import,619,true,,,
620,2990,,2025-12-20 16:56:01.714 +0900,import,620,true,,,
621,1000,,2025-12-20 16:56:01.721 +0900,import,621,true,,,
623,5990,,2025-12-20 16:56:01.732 +0900,import,623,true,,,
624,6990,,2025-12-20 16:56:01.739 +0900,import,624,true,,,
625,4990,,2025-12-20 16:56:01.745 +0900,import,625,true,,,
626,4990,,2025-12-20 16:56:01.750 +0900,import,626,true,,,
627,1990,,2025-12-20 16:56:01.756 +0900,import,627,true,,,
628,5990,,2025-12-20 16:56:01.762 +0900,import,628,true,,,
629,1490,,2025-12-20 16:56:01.769 +0900,import,629,true,,,
630,1490,,2025-12-20 16:56:01.775 +0900,import,630,true,,,
631,1490,,2025-12-20 16:56:01.781 +0900,import,631,true,,,
632,1990,,2025-12-20 16:56:01.787 +0900,import,632,true,,,
633,1000,,2025-12-20 16:56:01.793 +0900,import,633,true,,,
634,3990,,2025-12-20 16:56:01.799 +0900,import,634,true,,,
635,1490,,2025-12-20 16:56:01.806 +0900,import,635,true,,,
636,1990,,2025-12-20 16:56:01.811 +0900,import,636,true,,,
637,1990,,2025-12-20 16:56:01.817 +0900,import,637,true,,,
638,2990,,2025-12-20 16:56:01.823 +0900,import,638,true,,,
640,1490,,2025-12-20 16:56:01.834 +0900,import,640,true,,,
641,3490,,2025-12-20 16:56:01.839 +0900,import,641,true,,,
642,5990,,2025-12-20 16:56:01.844 +0900,import,642,true,,,
643,1990,,2025-12-20 16:56:01.851 +0900,import,643,true,,,
644,5990,,2025-12-20 16:56:01.857 +0900,import,644,true,,,
645,5990,,2025-12-20 16:56:01.862 +0900,import,645,true,,,
646,5990,,2025-12-20 16:56:01.867 +0900,import,646,true,,,
647,5990,,2025-12-20 16:56:01.872 +0900,import,647,true,,,
648,5990,,2025-12-20 16:56:01.878 +0900,import,648,true,,,
649,1990,,2025-12-20 16:56:01.884 +0900,import,649,true,,,
655,9990,,2025-12-20 16:56:01.918 +0900,import,655,true,,,
662,3990,,2025-12-20 16:56:01.956 +0900,import,662,true,,,
664,2990,,2025-12-20 16:56:01.967 +0900,import,664,true,,,
666,2990,,2025-12-20 16:56:01.977 +0900,import,666,true,,,
667,6490,,2025-12-20 16:56:01.983 +0900,import,667,true,,,
668,5990,,2025-12-20 16:56:01.989 +0900,import,668,true,,,
670,6990,,2025-12-20 16:56:02.000 +0900,import,670,true,,,
671,4990,,2025-12-20 16:56:02.005 +0900,import,671,true,,,
673,4990,,2025-12-20 16:56:02.017 +0900,import,673,true,,,
674,4490,,2025-12-20 16:56:02.023 +0900,import,674,true,,,
675,4990,,2025-12-20 16:56:02.028 +0900,import,675,true,,,
676,10900,,2025-12-20 16:56:02.034 +0900,import,676,true,,,
677,11900,,2025-12-20 16:56:02.040 +0900,import,677,true,,,
678,9990,,2025-12-20 16:56:02.045 +0900,import,678,true,,,
679,4990,,2025-12-20 16:56:02.051 +0900,import,679,true,,,
591,3490,3990,2025-12-20 16:56:01.542 +0900,import,591,false,,,
598,3490,3990,2025-12-20 16:56:01.584 +0900,import,598,false,,,
596,4990,5990,2025-12-20 16:56:01.572 +0900,import,596,false,,,
593,3990,4990,2025-12-20 16:56:01.553 +0900,import,593,false,,,
592,3490,3990,2025-12-20 16:56:01.548 +0900,import,592,false,,,
622,2990,,2025-12-20 16:56:01.726 +0900,import,622,false,,,
639,2990,,2025-12-20 16:56:01.828 +0900,import,639,false,,,
650,5990,11990,2025-12-20 16:56:01.890 +0900,import,650,false,,,
651,5990,11990,2025-12-20 16:56:01.895 +0900,import,651,false,,,
657,5990,11990,2025-12-20 16:56:01.928 +0900,import,657,false,,,
652,5990,11990,2025-12-20 16:56:01.901 +0900,import,652,false,,,
661,5990,11990,2025-12-20 16:56:01.950 +0900,import,661,false,,,
658,5990,11990,2025-12-20 16:56:01.934 +0900,import,658,false,,,
656,19900,,2025-12-20 16:56:01.923 +0900,import,656,false,,,
653,5990,11990,2025-12-20 16:56:01.907 +0900,import,653,false,,,
660,5990,11990,2025-12-20 16:56:01.945 +0900,import,660,false,,,
654,5990,11990,2025-12-20 16:56:01.913 +0900,import,654,false,,,
669,2990,,2025-12-20 16:56:01.994 +0900,import,669,false,,,
659,5990,11990,2025-12-20 16:56:01.939 +0900,import,659,false,,,
665,5990,,2025-12-20 16:56:01.972 +0900,import,665,false,,,
663,5990,11990,2025-12-20 16:56:01.961 +0900,import,663,false,,,
672,5990,11990,2025-12-20 16:56:02.011 +0900,import,672,false,,,
680,9990,,2025-12-20 16:56:02.056 +0900,import,680,true,,,
681,4990,,2025-12-20 16:56:02.062 +0900,import,681,true,,,
682,2900,,2025-12-20 16:56:02.067 +0900,import,682,true,,,
683,2900,,2025-12-20 16:56:02.073 +0900,import,683,true,,,
684,2900,,2025-12-20 16:56:02.078 +0900,import,684,true,,,
685,2900,,2025-12-20 16:56:02.084 +0900,import,685,true,,,
686,2900,,2025-12-20 16:56:02.089 +0900,import,686,true,,,
687,4990,,2025-12-20 16:56:02.095 +0900,import,687,true,,,
688,2980,,2025-12-20 16:56:02.101 +0900,import,688,true,,,
689,3980,,2025-12-20 16:56:02.106 +0900,import,689,true,,,
691,3890,,2025-12-20 16:56:02.118 +0900,import,691,true,,,
693,3890,,2025-12-20 16:56:02.130 +0900,import,693,true,,,
697,4990,,2025-12-20 16:56:02.154 +0900,import,697,true,,,
705,2990,,2025-12-20 16:56:02.201 +0900,import,705,true,,,
706,4890,,2025-12-20 16:56:02.207 +0900,import,706,true,,,
710,4890,,2025-12-20 16:56:02.231 +0900,import,710,true,,,
712,3790,,2025-12-20 16:56:02.243 +0900,import,712,true,,,
714,7990,,2025-12-20 16:56:02.256 +0900,import,714,true,,,
715,12490,,2025-12-20 16:56:02.262 +0900,import,715,true,,,
716,9990,,2025-12-20 16:56:02.267 +0900,import,716,true,,,
717,9990,,2025-12-20 16:56:02.272 +0900,import,717,true,,,
718,9990,,2025-12-20 16:56:02.278 +0900,import,718,true,,,
719,8490,,2025-12-20 16:56:02.283 +0900,import,719,true,,,
720,7490,,2025-12-20 16:56:02.289 +0900,import,720,true,,,
721,6990,,2025-12-20 16:56:02.295 +0900,import,721,true,,,
723,9490,,2025-12-20 16:56:02.306 +0900,import,723,true,,,
724,4490,,2025-12-20 16:56:02.313 +0900,import,724,true,,,
725,4190,,2025-12-20 16:56:02.318 +0900,import,725,true,,,
726,8490,,2025-12-20 16:56:02.323 +0900,import,726,true,,,
728,8790,,2025-12-20 16:56:02.334 +0900,import,728,true,,,
730,6490,,2025-12-20 16:56:02.346 +0900,import,730,true,,,
731,6990,,2025-12-20 16:56:02.353 +0900,import,731,true,,,
736,10990,,2025-12-20 16:56:02.383 +0900,import,736,true,,,
738,11990,,2025-12-20 16:56:02.393 +0900,import,738,true,,,
739,10990,,2025-12-20 16:56:02.399 +0900,import,739,true,,,
740,13990,,2025-12-20 16:56:02.404 +0900,import,740,true,,,
741,9990,,2025-12-20 16:56:02.410 +0900,import,741,true,,,
742,12990,,2025-12-20 16:56:02.416 +0900,import,742,true,,,
743,10990,,2025-12-20 16:56:02.422 +0900,import,743,true,,,
744,8990,,2025-12-20 16:56:02.427 +0900,import,744,true,,,
745,6490,,2025-12-20 16:56:02.433 +0900,import,745,true,,,
746,12990,,2025-12-20 16:56:02.438 +0900,import,746,true,,,
747,9900,,2025-12-20 16:56:02.443 +0900,import,747,true,,,
749,10990,,2025-12-20 16:56:02.454 +0900,import,749,true,,,
750,5990,,2025-12-20 16:56:02.460 +0900,import,750,true,,,
752,11190,,2025-12-20 16:56:02.471 +0900,import,752,true,,,
753,11190,,2025-12-20 16:56:02.477 +0900,import,753,true,,,
754,11490,,2025-12-20 16:56:02.482 +0900,import,754,true,,,
755,2990,,2025-12-20 16:56:02.489 +0900,import,755,true,,,
756,11990,,2025-12-20 16:56:02.495 +0900,import,756,true,,,
757,11990,,2025-12-20 16:56:02.501 +0900,import,757,true,,,
758,12990,,2025-12-20 16:56:02.506 +0900,import,758,true,,,
759,7990,,2025-12-20 16:56:02.512 +0900,import,759,true,,,
761,5990,,2025-12-20 16:56:02.524 +0900,import,761,true,,,
762,10980,,2025-12-20 16:56:02.529 +0900,import,762,true,,,
763,1790,,2025-12-20 16:56:02.536 +0900,import,763,true,,,
764,1990,,2025-12-20 16:56:02.542 +0900,import,764,true,,,
765,3590,,2025-12-20 16:56:02.548 +0900,import,765,true,,,
766,8990,,2025-12-20 16:56:02.553 +0900,import,766,true,,,
767,7990,,2025-12-20 16:56:02.558 +0900,import,767,true,,,
768,2790,,2025-12-20 16:56:02.564 +0900,import,768,true,,,
769,7490,,2025-12-20 16:56:02.569 +0900,import,769,true,,,
770,7490,,2025-12-20 16:56:02.575 +0900,import,770,true,,,
771,4490,,2025-12-20 16:56:02.580 +0900,import,771,true,,,
772,4490,,2025-12-20 16:56:02.585 +0900,import,772,true,,,
773,1990,,2025-12-20 16:56:02.591 +0900,import,773,true,,,
774,2790,,2025-12-20 16:56:02.596 +0900,import,774,true,,,
775,1990,,2025-12-20 16:56:02.602 +0900,import,775,true,,,
776,7990,,2025-12-20 16:56:02.607 +0900,import,776,true,,,
694,3840,5490,2025-12-20 16:56:02.136 +0900,import,694,false,,,
696,6900,8900,2025-12-20 16:56:02.148 +0900,import,696,false,,,
698,2990,4990,2025-12-20 16:56:02.159 +0900,import,698,false,,,
699,2790,3990,2025-12-20 16:56:02.165 +0900,import,699,false,,,
701,2440,3490,2025-12-20 16:56:02.177 +0900,import,701,false,,,
707,1970,3290,2025-12-20 16:56:02.214 +0900,import,707,false,,,
708,3000,4290,2025-12-20 16:56:02.220 +0900,import,708,false,,,
722,8490,,2025-12-20 16:56:02.300 +0900,import,722,false,,,
727,7990,,2025-12-20 16:56:02.328 +0900,import,727,false,,,
732,8490,,2025-12-20 16:56:02.358 +0900,import,732,false,,,
733,6890,7890,2025-12-20 16:56:02.363 +0900,import,733,false,,,
735,7990,,2025-12-20 16:56:02.377 +0900,import,735,false,,,
737,10900,,2025-12-20 16:56:02.388 +0900,import,737,false,,,
748,4990,,2025-12-20 16:56:02.448 +0900,import,748,false,,,
760,9900,,2025-12-20 16:56:02.517 +0900,import,760,false,,,
777,3490,,2025-12-20 16:56:02.613 +0900,import,777,true,,,
778,11790,,2025-12-20 16:56:02.618 +0900,import,778,true,,,
779,3490,,2025-12-20 16:56:02.624 +0900,import,779,true,,,
780,5490,,2025-12-20 16:56:02.629 +0900,import,780,true,,,
782,3590,,2025-12-20 16:56:02.640 +0900,import,782,true,,,
783,5490,,2025-12-20 16:56:02.646 +0900,import,783,true,,,
784,3590,,2025-12-20 16:56:02.651 +0900,import,784,true,,,
786,2890,,2025-12-20 16:56:02.662 +0900,import,786,true,,,
787,1290,,2025-12-20 16:56:02.669 +0900,import,787,true,,,
788,1490,,2025-12-20 16:56:02.674 +0900,import,788,true,,,
789,5490,,2025-12-20 16:56:02.679 +0900,import,789,true,,,
790,1990,,2025-12-20 16:56:02.686 +0900,import,790,true,,,
791,2990,,2025-12-20 16:56:02.692 +0900,import,791,true,,,
792,4590,,2025-12-20 16:56:02.697 +0900,import,792,true,,,
793,5290,,2025-12-20 16:56:02.702 +0900,import,793,true,,,
795,5590,,2025-12-20 16:56:02.714 +0900,import,795,true,,,
796,4590,,2025-12-20 16:56:02.720 +0900,import,796,true,,,
797,2500,,2025-12-20 16:56:02.725 +0900,import,797,true,,,
798,1600,,2025-12-20 16:56:02.730 +0900,import,798,true,,,
799,3690,,2025-12-20 16:56:02.736 +0900,import,799,true,,,
800,2990,,2025-12-20 16:56:02.741 +0900,import,800,true,,,
801,3290,,2025-12-20 16:56:02.747 +0900,import,801,true,,,
802,3290,,2025-12-20 16:56:02.752 +0900,import,802,true,,,
804,1590,,2025-12-20 16:56:02.763 +0900,import,804,true,,,
805,1690,,2025-12-20 16:56:02.768 +0900,import,805,true,,,
807,3390,,2025-12-20 16:56:02.779 +0900,import,807,true,,,
808,1590,,2025-12-20 16:56:02.784 +0900,import,808,true,,,
809,1790,,2025-12-20 16:56:02.789 +0900,import,809,true,,,
810,2200,,2025-12-20 16:56:02.795 +0900,import,810,true,,,
811,5190,,2025-12-20 16:56:02.800 +0900,import,811,true,,,
812,3490,,2025-12-20 16:56:02.805 +0900,import,812,true,,,
813,3490,,2025-12-20 16:56:02.811 +0900,import,813,true,,,
814,2290,,2025-12-20 16:56:02.816 +0900,import,814,true,,,
815,1290,,2025-12-20 16:56:02.822 +0900,import,815,true,,,
816,2790,,2025-12-20 16:56:02.827 +0900,import,816,true,,,
817,1190,,2025-12-20 16:56:02.834 +0900,import,817,true,,,
818,2190,,2025-12-20 16:56:02.839 +0900,import,818,true,,,
821,2800,,2025-12-20 16:56:02.856 +0900,import,821,true,,,
822,2790,,2025-12-20 16:56:02.861 +0900,import,822,true,,,
823,1990,,2025-12-20 16:56:02.866 +0900,import,823,true,,,
825,1000,,2025-12-20 16:56:02.878 +0900,import,825,true,,,
827,1100,,2025-12-20 16:56:02.889 +0900,import,827,true,,,
829,2600,,2025-12-20 16:56:02.899 +0900,import,829,true,,,
830,1280,,2025-12-20 16:56:02.906 +0900,import,830,true,,,
831,1990,,2025-12-20 16:56:02.912 +0900,import,831,true,,,
832,2490,,2025-12-20 16:56:02.918 +0900,import,832,true,,,
833,1990,,2025-12-20 16:56:02.923 +0900,import,833,true,,,
834,1400,,2025-12-20 16:56:02.929 +0900,import,834,true,,,
870,7990,,2025-12-20 16:56:03.164 +0900,import,870,true,,,
871,9990,,2025-12-20 16:56:03.171 +0900,import,871,true,,,
872,14990,,2025-12-20 16:56:03.177 +0900,import,872,true,,,
873,9990,,2025-12-20 16:56:03.184 +0900,import,873,true,,,
794,2990,,2025-12-20 16:56:02.708 +0900,import,794,false,,,
803,1790,,2025-12-20 16:56:02.757 +0900,import,803,false,,,
806,4990,,2025-12-20 16:56:02.774 +0900,import,806,false,,,
820,2990,,2025-12-20 16:56:02.850 +0900,import,820,false,,,
824,1290,,2025-12-20 16:56:02.871 +0900,import,824,false,,,
828,2190,,2025-12-20 16:56:02.894 +0900,import,828,false,,,
835,7450,14900,2025-12-20 16:56:02.936 +0900,import,835,false,,,
836,8450,16900,2025-12-20 16:56:02.943 +0900,import,836,false,,,
839,9450,18900,2025-12-20 16:56:02.965 +0900,import,839,false,,,
837,10950,21900,2025-12-20 16:56:02.950 +0900,import,837,false,,,
838,10450,20900,2025-12-20 16:56:02.957 +0900,import,838,false,,,
840,11950,23900,2025-12-20 16:56:02.972 +0900,import,840,false,,,
841,6450,12900,2025-12-20 16:56:02.978 +0900,import,841,false,,,
842,10950,21900,2025-12-20 16:56:02.985 +0900,import,842,false,,,
843,8950,17900,2025-12-20 16:56:02.992 +0900,import,843,false,,,
844,5750,11500,2025-12-20 16:56:02.998 +0900,import,844,false,,,
845,5750,11500,2025-12-20 16:56:03.005 +0900,import,845,false,,,
846,18450,20500,2025-12-20 16:56:03.011 +0900,import,846,false,,,
848,3800,7600,2025-12-20 16:56:03.024 +0900,import,848,false,,,
847,3800,7600,2025-12-20 16:56:03.017 +0900,import,847,false,,,
849,3800,7600,2025-12-20 16:56:03.031 +0900,import,849,false,,,
850,10710,11900,2025-12-20 16:56:03.037 +0900,import,850,false,,,
851,3800,7600,2025-12-20 16:56:03.043 +0900,import,851,false,,,
853,10350,11500,2025-12-20 16:56:03.055 +0900,import,853,false,,,
852,14850,16500,2025-12-20 16:56:03.049 +0900,import,852,false,,,
855,9450,10500,2025-12-20 16:56:03.068 +0900,import,855,false,,,
856,16650,18500,2025-12-20 16:56:03.074 +0900,import,856,false,,,
858,14940,24900,2025-12-20 16:56:03.087 +0900,import,858,false,,,
857,22140,36900,2025-12-20 16:56:03.081 +0900,import,857,false,,,
859,8340,13900,2025-12-20 16:56:03.094 +0900,import,859,false,,,
860,6990,9990,2025-12-20 16:56:03.100 +0900,import,860,false,,,
861,7990,9990,2025-12-20 16:56:03.106 +0900,import,861,false,,,
862,7990,9990,2025-12-20 16:56:03.113 +0900,import,862,false,,,
863,7990,9990,2025-12-20 16:56:03.120 +0900,import,863,false,,,
865,7990,9990,2025-12-20 16:56:03.132 +0900,import,865,false,,,
866,9800,14000,2025-12-20 16:56:03.139 +0900,import,866,false,,,
868,7990,,2025-12-20 16:56:03.151 +0900,import,868,false,,,
867,5990,9990,2025-12-20 16:56:03.145 +0900,import,867,false,,,
864,7990,,2025-12-20 16:56:03.125 +0900,import,864,false,,,
869,7190,8990,2025-12-20 16:56:03.157 +0900,import,869,false,,,
874,7990,,2025-12-20 16:56:03.190 +0900,import,874,true,,,
886,12990,,2025-12-20 16:56:03.264 +0900,import,886,false,,,
877,13990,,2025-12-20 16:56:03.208 +0900,import,877,true,,,
878,10990,,2025-12-20 16:56:03.214 +0900,import,878,true,,,
879,9990,,2025-12-20 16:56:03.221 +0900,import,879,true,,,
880,9990,,2025-12-20 16:56:03.227 +0900,import,880,true,,,
885,3990,,2025-12-20 16:56:03.258 +0900,import,885,true,,,
889,10990,,2025-12-20 16:56:03.283 +0900,import,889,true,,,
890,11990,,2025-12-20 16:56:03.289 +0900,import,890,true,,,
894,7990,,2025-12-20 16:56:03.314 +0900,import,894,true,,,
896,8990,,2025-12-20 16:56:03.325 +0900,import,896,true,,,
900,10990,,2025-12-20 16:56:03.347 +0900,import,900,true,,,
909,9900,,2025-12-20 16:56:03.403 +0900,import,909,true,,,
957,14310,15900,2025-12-20 16:56:03.703 +0900,import,957,true,,,
876,6390,7990,2025-12-20 16:56:03.202 +0900,import,876,false,,,
882,5990,9990,2025-12-20 16:56:03.240 +0900,import,882,false,,,
875,6400,12800,2025-12-20 16:56:03.196 +0900,import,875,false,,,
883,6390,7990,2025-12-20 16:56:03.246 +0900,import,883,false,,,
884,8990,9990,2025-12-20 16:56:03.252 +0900,import,884,false,,,
888,8990,9990,2025-12-20 16:56:03.277 +0900,import,888,false,,,
891,8790,10990,2025-12-20 16:56:03.295 +0900,import,891,false,,,
893,12790,15990,2025-12-20 16:56:03.307 +0900,import,893,false,,,
892,6990,,2025-12-20 16:56:03.300 +0900,import,892,false,,,
895,7990,,2025-12-20 16:56:03.320 +0900,import,895,false,,,
897,5450,10900,2025-12-20 16:56:03.330 +0900,import,897,false,,,
899,5450,10900,2025-12-20 16:56:03.342 +0900,import,899,false,,,
898,7990,9990,2025-12-20 16:56:03.336 +0900,import,898,false,,,
901,15990,19990,2025-12-20 16:56:03.354 +0900,import,901,false,,,
902,9900,19800,2025-12-20 16:56:03.360 +0900,import,902,false,,,
904,1650,2750,2025-12-20 16:56:03.373 +0900,import,904,false,,,
905,16980,28300,2025-12-20 16:56:03.378 +0900,import,905,false,,,
906,1810,2590,2025-12-20 16:56:03.385 +0900,import,906,false,,,
911,14900,29800,2025-12-20 16:56:03.416 +0900,import,911,false,,,
903,2640,3300,2025-12-20 16:56:03.367 +0900,import,903,false,,,
907,1030,1720,2025-12-20 16:56:03.391 +0900,import,907,false,,,
908,1810,2590,2025-12-20 16:56:03.397 +0900,import,908,false,,,
912,14900,29800,2025-12-20 16:56:03.422 +0900,import,912,false,,,
916,9900,19800,2025-12-20 16:56:03.447 +0900,import,916,false,,,
910,2640,3300,2025-12-20 16:56:03.410 +0900,import,910,false,,,
913,11500,23000,2025-12-20 16:56:03.428 +0900,import,913,false,,,
915,2990,4990,2025-12-20 16:56:03.441 +0900,import,915,false,,,
922,1530,2550,2025-12-20 16:56:03.487 +0900,import,922,false,,,
920,13750,27500,2025-12-20 16:56:03.473 +0900,import,920,false,,,
921,9900,19800,2025-12-20 16:56:03.480 +0900,import,921,false,,,
917,7900,15800,2025-12-20 16:56:03.453 +0900,import,917,false,,,
918,2990,4990,2025-12-20 16:56:03.460 +0900,import,918,false,,,
919,16950,33900,2025-12-20 16:56:03.467 +0900,import,919,false,,,
924,4080,5100,2025-12-20 16:56:03.499 +0900,import,924,false,,,
923,7900,15800,2025-12-20 16:56:03.493 +0900,import,923,false,,,
925,10450,20900,2025-12-20 16:56:03.505 +0900,import,925,false,,,
927,4080,5100,2025-12-20 16:56:03.518 +0900,import,927,false,,,
926,3420,4890,2025-12-20 16:56:03.512 +0900,import,926,false,,,
929,3420,4890,2025-12-20 16:56:03.530 +0900,import,929,false,,,
930,16980,28300,2025-12-20 16:56:03.536 +0900,import,930,false,,,
933,1560,2600,2025-12-20 16:56:03.555 +0900,import,933,false,,,
934,950,1590,2025-12-20 16:56:03.562 +0900,import,934,false,,,
936,6000,7500,2025-12-20 16:56:03.574 +0900,import,936,false,,,
935,8160,10200,2025-12-20 16:56:03.568 +0900,import,935,false,,,
937,15900,26500,2025-12-20 16:56:03.581 +0900,import,937,false,,,
946,13750,27500,2025-12-20 16:56:03.636 +0900,import,946,false,,,
939,8640,10800,2025-12-20 16:56:03.594 +0900,import,939,false,,,
940,2230,3190,2025-12-20 16:56:03.600 +0900,import,940,false,,,
942,990,1650,2025-12-20 16:56:03.613 +0900,import,942,false,,,
941,13750,27500,2025-12-20 16:56:03.606 +0900,import,941,false,,,
944,1970,3290,2025-12-20 16:56:03.625 +0900,import,944,false,,,
943,1790,2990,2025-12-20 16:56:03.619 +0900,import,943,false,,,
945,1050,1750,2025-12-20 16:56:03.630 +0900,import,945,false,,,
947,1560,2600,2025-12-20 16:56:03.642 +0900,import,947,false,,,
948,2100,3000,2025-12-20 16:56:03.648 +0900,import,948,false,,,
949,1970,3290,2025-12-20 16:56:03.654 +0900,import,949,false,,,
950,2640,4400,2025-12-20 16:56:03.660 +0900,import,950,false,,,
951,2580,4300,2025-12-20 16:56:03.667 +0900,import,951,false,,,
952,16500,27500,2025-12-20 16:56:03.673 +0900,import,952,false,,,
953,4740,7900,2025-12-20 16:56:03.679 +0900,import,953,false,,,
956,18810,20900,2025-12-20 16:56:03.697 +0900,import,956,false,,,
955,6930,9900,2025-12-20 16:56:03.691 +0900,import,955,false,,,
959,7630,10900,2025-12-20 16:56:03.716 +0900,import,959,false,,,
954,9900,16500,2025-12-20 16:56:03.685 +0900,import,954,false,,,
962,19710,21900,2025-12-20 16:56:03.734 +0900,import,962,false,,,
963,23310,25900,2025-12-20 16:56:03.741 +0900,import,963,false,,,
965,3950,7900,2025-12-20 16:56:03.753 +0900,import,965,false,,,
961,24210,26900,2025-12-20 16:56:03.728 +0900,import,961,false,,,
960,21510,23900,2025-12-20 16:56:03.722 +0900,import,960,false,,,
8138,64900,,2025-12-20 17:05:57.100 +0900,crawl,320,false,79900,-15000,-18.77
976,57000,,2025-12-20 16:56:03.824 +0900,import,976,true,,,
978,14900,19900,2025-12-20 16:56:03.837 +0900,import,978,true,,,
984,18990,,2025-12-20 16:56:03.876 +0900,import,984,true,,,
987,26990,,2025-12-20 16:56:03.895 +0900,import,987,true,,,
998,15990,,2025-12-20 16:56:03.985 +0900,import,998,true,,,
1010,16990,,2025-12-20 16:56:04.061 +0900,import,1010,true,,,
1015,5990,,2025-12-20 16:56:04.091 +0900,import,1015,true,,,
1017,17990,,2025-12-20 16:56:04.104 +0900,import,1017,true,,,
1018,10990,,2025-12-20 16:56:04.109 +0900,import,1018,true,,,
1019,11990,,2025-12-20 16:56:04.115 +0900,import,1019,true,,,
1024,15990,,2025-12-20 16:56:04.145 +0900,import,1024,true,,,
1025,13990,,2025-12-20 16:56:04.152 +0900,import,1025,true,,,
1027,4990,,2025-12-20 16:56:04.163 +0900,import,1027,true,,,
1034,6990,,2025-12-20 16:56:04.205 +0900,import,1034,true,,,
1043,7990,,2025-12-20 16:56:04.254 +0900,import,1043,true,,,
1046,4490,,2025-12-20 16:56:04.270 +0900,import,1046,true,,,
1047,4490,,2025-12-20 16:56:04.276 +0900,import,1047,true,,,
1048,14990,,2025-12-20 16:56:04.281 +0900,import,1048,true,,,
1049,4490,,2025-12-20 16:56:04.287 +0900,import,1049,true,,,
1050,4490,,2025-12-20 16:56:04.292 +0900,import,1050,true,,,
1051,4490,,2025-12-20 16:56:04.297 +0900,import,1051,true,,,
1052,4490,,2025-12-20 16:56:04.302 +0900,import,1052,true,,,
1053,14990,,2025-12-20 16:56:04.308 +0900,import,1053,true,,,
1054,4490,,2025-12-20 16:56:04.314 +0900,import,1054,true,,,
1055,4490,,2025-12-20 16:56:04.319 +0900,import,1055,true,,,
1059,11990,,2025-12-20 16:56:04.339 +0900,import,1059,true,,,
1060,4490,,2025-12-20 16:56:04.344 +0900,import,1060,true,,,
1064,15990,,2025-12-20 16:56:04.366 +0900,import,1064,true,,,
1065,8990,,2025-12-20 16:56:04.371 +0900,import,1065,true,,,
973,54900,64900,2025-12-20 16:56:03.805 +0900,import,973,false,,,
972,54900,64900,2025-12-20 16:56:03.799 +0900,import,972,false,,,
977,9900,19800,2025-12-20 16:56:03.830 +0900,import,977,false,,,
980,15900,,2025-12-20 16:56:03.850 +0900,import,980,false,,,
979,10710,11900,2025-12-20 16:56:03.844 +0900,import,979,false,,,
981,2520,3600,2025-12-20 16:56:03.857 +0900,import,981,false,,,
985,12150,13500,2025-12-20 16:56:03.882 +0900,import,985,false,,,
982,10350,11500,2025-12-20 16:56:03.863 +0900,import,982,false,,,
991,15600,26000,2025-12-20 16:56:03.934 +0900,import,991,false,,,
989,3540,5900,2025-12-20 16:56:03.909 +0900,import,989,false,,,
990,15600,26000,2025-12-20 16:56:03.920 +0900,import,990,false,,,
992,10990,15990,2025-12-20 16:56:03.942 +0900,import,992,false,,,
993,17990,24990,2025-12-20 16:56:03.949 +0900,import,993,false,,,
994,10990,12990,2025-12-20 16:56:03.959 +0900,import,994,false,,,
995,10990,12990,2025-12-20 16:56:03.967 +0900,import,995,false,,,
996,12990,21650,2025-12-20 16:56:03.973 +0900,import,996,false,,,
997,10990,18330,2025-12-20 16:56:03.979 +0900,import,997,false,,,
1000,9990,14990,2025-12-20 16:56:03.999 +0900,import,1000,false,,,
999,10990,13990,2025-12-20 16:56:03.992 +0900,import,999,false,,,
1001,9990,14990,2025-12-20 16:56:04.005 +0900,import,1001,false,,,
1002,8990,14990,2025-12-20 16:56:04.011 +0900,import,1002,false,,,
1003,8990,17990,2025-12-20 16:56:04.018 +0900,import,1003,false,,,
1005,8990,14990,2025-12-20 16:56:04.031 +0900,import,1005,false,,,
1004,8990,17990,2025-12-20 16:56:04.024 +0900,import,1004,false,,,
1006,8990,12990,2025-12-20 16:56:04.037 +0900,import,1006,false,,,
1012,8990,12990,2025-12-20 16:56:04.073 +0900,import,1012,false,,,
1013,11990,19990,2025-12-20 16:56:04.079 +0900,import,1013,false,,,
1014,6990,11650,2025-12-20 16:56:04.086 +0900,import,1014,false,,,
1016,5820,8320,2025-12-20 16:56:04.097 +0900,import,1016,false,,,
1020,10990,15990,2025-12-20 16:56:04.122 +0900,import,1020,false,,,
1021,8990,13990,2025-12-20 16:56:04.128 +0900,import,1021,false,,,
1023,5390,8990,2025-12-20 16:56:04.140 +0900,import,1023,false,,,
1022,7990,10990,2025-12-20 16:56:04.134 +0900,import,1022,false,,,
1026,6990,8990,2025-12-20 16:56:04.158 +0900,import,1026,false,,,
1031,6990,11650,2025-12-20 16:56:04.188 +0900,import,1031,false,,,
1030,11990,16990,2025-12-20 16:56:04.182 +0900,import,1030,false,,,
1029,10990,19990,2025-12-20 16:56:04.176 +0900,import,1029,false,,,
1032,7990,9990,2025-12-20 16:56:04.193 +0900,import,1032,false,,,
1033,9990,11990,2025-12-20 16:56:04.199 +0900,import,1033,false,,,
1037,11190,13990,2025-12-20 16:56:04.221 +0900,import,1037,false,,,
1036,9990,14990,2025-12-20 16:56:04.216 +0900,import,1036,false,,,
1038,9990,14990,2025-12-20 16:56:04.227 +0900,import,1038,false,,,
1039,15990,23990,2025-12-20 16:56:04.233 +0900,import,1039,false,,,
1041,3490,4990,2025-12-20 16:56:04.244 +0900,import,1041,false,,,
1042,6990,9990,2025-12-20 16:56:04.249 +0900,import,1042,false,,,
1045,4990,10990,2025-12-20 16:56:04.265 +0900,import,1045,false,,,
1057,7990,,2025-12-20 16:56:04.329 +0900,import,1057,false,,,
1056,11990,,2025-12-20 16:56:04.324 +0900,import,1056,false,,,
1061,1990,,2025-12-20 16:56:04.350 +0900,import,1061,false,,,
1062,1990,,2025-12-20 16:56:04.355 +0900,import,1062,false,,,
1058,6990,,2025-12-20 16:56:04.334 +0900,import,1058,false,,,
1063,2490,,2025-12-20 16:56:04.360 +0900,import,1063,false,,,
1067,6990,,2025-12-20 16:56:04.381 +0900,import,1067,false,,,
1066,2490,,2025-12-20 16:56:04.376 +0900,import,1066,false,,,
1069,4490,,2025-12-20 16:56:04.391 +0900,import,1069,true,,,
1070,4490,,2025-12-20 16:56:04.396 +0900,import,1070,true,,,
1071,4990,,2025-12-20 16:56:04.401 +0900,import,1071,true,,,
1072,7990,,2025-12-20 16:56:04.407 +0900,import,1072,true,,,
1073,4990,,2025-12-20 16:56:04.413 +0900,import,1073,true,,,
9069,79900,,2025-12-20 17:07:34.563 +0900,crawl,320,true,64900,15000,23.11
1078,10990,,2025-12-20 16:56:04.440 +0900,import,1078,true,,,
1079,5990,,2025-12-20 16:56:04.445 +0900,import,1079,true,,,
1081,4990,,2025-12-20 16:56:04.456 +0900,import,1081,true,,,
1082,5390,,2025-12-20 16:56:04.461 +0900,import,1082,true,,,
1083,2590,,2025-12-20 16:56:04.466 +0900,import,1083,true,,,
1084,11490,,2025-12-20 16:56:04.472 +0900,import,1084,true,,,
1086,5990,,2025-12-20 16:56:04.482 +0900,import,1086,true,,,
1087,5590,,2025-12-20 16:56:04.488 +0900,import,1087,true,,,
1088,2190,,2025-12-20 16:56:04.493 +0900,import,1088,true,,,
1090,8990,,2025-12-20 16:56:04.504 +0900,import,1090,true,,,
1091,5490,,2025-12-20 16:56:04.509 +0900,import,1091,true,,,
1093,9990,,2025-12-20 16:56:04.520 +0900,import,1093,true,,,
1097,2190,,2025-12-20 16:56:04.542 +0900,import,1097,true,,,
1100,7990,,2025-12-20 16:56:04.559 +0900,import,1100,true,,,
1101,7990,,2025-12-20 16:56:04.564 +0900,import,1101,true,,,
1102,9990,,2025-12-20 16:56:04.570 +0900,import,1102,true,,,
1103,8990,,2025-12-20 16:56:04.575 +0900,import,1103,true,,,
1104,4290,,2025-12-20 16:56:04.580 +0900,import,1104,true,,,
1105,8990,,2025-12-20 16:56:04.586 +0900,import,1105,true,,,
1108,6990,,2025-12-20 16:56:04.602 +0900,import,1108,true,,,
1109,4990,,2025-12-20 16:56:04.608 +0900,import,1109,true,,,
1110,1790,,2025-12-20 16:56:04.613 +0900,import,1110,true,,,
1111,9490,,2025-12-20 16:56:04.619 +0900,import,1111,true,,,
1112,5490,,2025-12-20 16:56:04.624 +0900,import,1112,true,,,
1113,7990,,2025-12-20 16:56:04.629 +0900,import,1113,true,,,
1114,9990,,2025-12-20 16:56:04.634 +0900,import,1114,true,,,
1116,6990,,2025-12-20 16:56:04.645 +0900,import,1116,true,,,
1117,9490,,2025-12-20 16:56:04.650 +0900,import,1117,true,,,
1118,9990,,2025-12-20 16:56:04.656 +0900,import,1118,true,,,
1120,10990,,2025-12-20 16:56:04.667 +0900,import,1120,true,,,
1121,10990,,2025-12-20 16:56:04.672 +0900,import,1121,true,,,
1122,8490,,2025-12-20 16:56:04.677 +0900,import,1122,true,,,
1123,10990,,2025-12-20 16:56:04.682 +0900,import,1123,true,,,
1124,7490,,2025-12-20 16:56:04.687 +0900,import,1124,true,,,
1127,3990,,2025-12-20 16:56:04.703 +0900,import,1127,true,,,
1128,4990,,2025-12-20 16:56:04.709 +0900,import,1128,true,,,
1129,4990,,2025-12-20 16:56:04.714 +0900,import,1129,true,,,
1131,5490,,2025-12-20 16:56:04.724 +0900,import,1131,true,,,
1132,8990,,2025-12-20 16:56:04.729 +0900,import,1132,true,,,
1133,2490,,2025-12-20 16:56:04.735 +0900,import,1133,true,,,
1134,1690,,2025-12-20 16:56:04.741 +0900,import,1134,true,,,
1136,7990,,2025-12-20 16:56:04.751 +0900,import,1136,true,,,
1137,9990,,2025-12-20 16:56:04.757 +0900,import,1137,true,,,
1138,3990,,2025-12-20 16:56:04.763 +0900,import,1138,true,,,
1139,6590,,2025-12-20 16:56:04.768 +0900,import,1139,true,,,
1140,1990,,2025-12-20 16:56:04.774 +0900,import,1140,true,,,
1141,6990,,2025-12-20 16:56:04.780 +0900,import,1141,true,,,
1142,6990,,2025-12-20 16:56:04.785 +0900,import,1142,true,,,
1143,4990,,2025-12-20 16:56:04.790 +0900,import,1143,true,,,
1144,3990,,2025-12-20 16:56:04.796 +0900,import,1144,true,,,
1145,1990,,2025-12-20 16:56:04.802 +0900,import,1145,true,,,
1146,1790,,2025-12-20 16:56:04.807 +0900,import,1146,true,,,
1147,4690,,2025-12-20 16:56:04.813 +0900,import,1147,true,,,
1149,8990,,2025-12-20 16:56:04.823 +0900,import,1149,true,,,
1150,7990,,2025-12-20 16:56:04.829 +0900,import,1150,true,,,
1153,6990,,2025-12-20 16:56:04.845 +0900,import,1153,true,,,
1154,6190,,2025-12-20 16:56:04.851 +0900,import,1154,true,,,
1156,10800,,2025-12-20 16:56:04.862 +0900,import,1156,true,,,
1157,2590,,2025-12-20 16:56:04.868 +0900,import,1157,true,,,
1158,2590,,2025-12-20 16:56:04.873 +0900,import,1158,true,,,
1159,2590,,2025-12-20 16:56:04.879 +0900,import,1159,true,,,
1160,2590,,2025-12-20 16:56:04.884 +0900,import,1160,true,,,
1161,2590,,2025-12-20 16:56:04.890 +0900,import,1161,true,,,
1162,2590,,2025-12-20 16:56:04.895 +0900,import,1162,true,,,
1163,2590,,2025-12-20 16:56:04.901 +0900,import,1163,true,,,
1164,2590,,2025-12-20 16:56:04.906 +0900,import,1164,true,,,
1074,9990,,2025-12-20 16:56:04.418 +0900,import,1074,false,,,
1076,6990,8990,2025-12-20 16:56:04.429 +0900,import,1076,false,,,
1077,6990,8990,2025-12-20 16:56:04.435 +0900,import,1077,false,,,
1080,7990,12990,2025-12-20 16:56:04.450 +0900,import,1080,false,,,
1096,6990,,2025-12-20 16:56:04.537 +0900,import,1096,false,,,
1085,7490,8490,2025-12-20 16:56:04.477 +0900,import,1085,false,,,
1089,6990,8990,2025-12-20 16:56:04.499 +0900,import,1089,false,,,
1095,8490,9490,2025-12-20 16:56:04.531 +0900,import,1095,false,,,
1092,7990,10990,2025-12-20 16:56:04.515 +0900,import,1092,false,,,
1099,8490,,2025-12-20 16:56:04.553 +0900,import,1099,false,,,
1126,10990,13990,2025-12-20 16:56:04.698 +0900,import,1126,false,,,
1130,5490,7490,2025-12-20 16:56:04.719 +0900,import,1130,false,,,
1135,6990,,2025-12-20 16:56:04.746 +0900,import,1135,false,,,
1148,4990,,2025-12-20 16:56:04.818 +0900,import,1148,false,,,
1151,7490,,2025-12-20 16:56:04.834 +0900,import,1151,false,,,
1165,6990,,2025-12-20 16:56:04.913 +0900,import,1165,true,,,
1166,2590,,2025-12-20 16:56:04.918 +0900,import,1166,true,,,
1167,2590,,2025-12-20 16:56:04.923 +0900,import,1167,true,,,
1168,2290,,2025-12-20 16:56:04.929 +0900,import,1168,true,,,
1169,6490,,2025-12-20 16:56:04.934 +0900,import,1169,true,,,
1170,2590,,2025-12-20 16:56:04.939 +0900,import,1170,true,,,
1171,2590,,2025-12-20 16:56:04.944 +0900,import,1171,true,,,
1172,2290,,2025-12-20 16:56:04.950 +0900,import,1172,true,,,
1173,2290,,2025-12-20 16:56:04.955 +0900,import,1173,true,,,
1174,6990,,2025-12-20 16:56:04.961 +0900,import,1174,true,,,
1175,4990,,2025-12-20 16:56:04.967 +0900,import,1175,true,,,
1176,6990,,2025-12-20 16:56:04.973 +0900,import,1176,true,,,
1177,2290,,2025-12-20 16:56:04.978 +0900,import,1177,true,,,
1178,2290,,2025-12-20 16:56:04.983 +0900,import,1178,true,,,
1179,6990,,2025-12-20 16:56:04.988 +0900,import,1179,true,,,
1180,6490,,2025-12-20 16:56:04.994 +0900,import,1180,true,,,
1182,6490,,2025-12-20 16:56:05.005 +0900,import,1182,true,,,
1183,6490,,2025-12-20 16:56:05.010 +0900,import,1183,true,,,
1184,5990,,2025-12-20 16:56:05.016 +0900,import,1184,true,,,
1185,4990,,2025-12-20 16:56:05.022 +0900,import,1185,true,,,
1186,11400,,2025-12-20 16:56:05.027 +0900,import,1186,true,,,
1187,4990,,2025-12-20 16:56:05.033 +0900,import,1187,true,,,
1188,6490,,2025-12-20 16:56:05.038 +0900,import,1188,true,,,
1189,9490,,2025-12-20 16:56:05.044 +0900,import,1189,true,,,
1190,8500,,2025-12-20 16:56:05.049 +0900,import,1190,true,,,
1191,4790,,2025-12-20 16:56:05.055 +0900,import,1191,true,,,
1192,11990,,2025-12-20 16:56:05.060 +0900,import,1192,true,,,
1193,15000,,2025-12-20 16:56:05.066 +0900,import,1193,true,,,
1194,5990,,2025-12-20 16:56:05.072 +0900,import,1194,true,,,
1195,7990,,2025-12-20 16:56:05.077 +0900,import,1195,true,,,
1196,5990,,2025-12-20 16:56:05.083 +0900,import,1196,true,,,
1197,5990,,2025-12-20 16:56:05.088 +0900,import,1197,true,,,
1198,4990,,2025-12-20 16:56:05.095 +0900,import,1198,true,,,
1199,12900,,2025-12-20 16:56:05.100 +0900,import,1199,true,,,
1200,7490,,2025-12-20 16:56:05.106 +0900,import,1200,true,,,
1201,6480,,2025-12-20 16:56:05.111 +0900,import,1201,true,,,
1202,3990,,2025-12-20 16:56:05.117 +0900,import,1202,true,,,
1203,6990,9990,2025-12-20 16:56:05.123 +0900,import,1203,true,,,
1204,7490,,2025-12-20 16:56:05.128 +0900,import,1204,true,,,
1205,8990,,2025-12-20 16:56:05.135 +0900,import,1205,true,,,
1206,4990,,2025-12-20 16:56:05.142 +0900,import,1206,true,,,
1207,4990,,2025-12-20 16:56:05.148 +0900,import,1207,true,,,
1209,4990,,2025-12-20 16:56:05.159 +0900,import,1209,true,,,
1210,4990,,2025-12-20 16:56:05.165 +0900,import,1210,true,,,
1211,4990,,2025-12-20 16:56:05.170 +0900,import,1211,true,,,
1212,4990,,2025-12-20 16:56:05.177 +0900,import,1212,true,,,
1213,6990,,2025-12-20 16:56:05.182 +0900,import,1213,true,,,
1214,12900,,2025-12-20 16:56:05.188 +0900,import,1214,true,,,
1215,11990,,2025-12-20 16:56:05.193 +0900,import,1215,true,,,
1216,9990,,2025-12-20 16:56:05.200 +0900,import,1216,true,,,
1217,9990,,2025-12-20 16:56:05.205 +0900,import,1217,true,,,
1218,7490,,2025-12-20 16:56:05.211 +0900,import,1218,true,,,
1219,13900,,2025-12-20 16:56:05.217 +0900,import,1219,true,,,
1220,12900,,2025-12-20 16:56:05.223 +0900,import,1220,true,,,
1221,6480,,2025-12-20 16:56:05.229 +0900,import,1221,true,,,
1222,6480,,2025-12-20 16:56:05.234 +0900,import,1222,true,,,
1223,4990,,2025-12-20 16:56:05.240 +0900,import,1223,true,,,
1224,6990,,2025-12-20 16:56:05.246 +0900,import,1224,true,,,
1231,8500,,2025-12-20 16:56:05.288 +0900,import,1231,true,,,
1232,9490,,2025-12-20 16:56:05.293 +0900,import,1232,true,,,
1233,9900,,2025-12-20 16:56:05.299 +0900,import,1233,true,,,
1234,12900,,2025-12-20 16:56:05.305 +0900,import,1234,true,,,
1235,7690,,2025-12-20 16:56:05.310 +0900,import,1235,true,,,
1236,9480,,2025-12-20 16:56:05.316 +0900,import,1236,true,,,
1237,11900,,2025-12-20 16:56:05.322 +0900,import,1237,true,,,
1238,7690,,2025-12-20 16:56:05.327 +0900,import,1238,true,,,
1239,11900,,2025-12-20 16:56:05.333 +0900,import,1239,true,,,
1240,6000,,2025-12-20 16:56:05.339 +0900,import,1240,true,,,
1241,7800,,2025-12-20 16:56:05.346 +0900,import,1241,true,,,
1246,2990,,2025-12-20 16:56:05.375 +0900,import,1246,true,,,
1247,10780,,2025-12-20 16:56:05.381 +0900,import,1247,true,,,
1248,5990,,2025-12-20 16:56:05.386 +0900,import,1248,true,,,
1249,18610,,2025-12-20 16:56:05.392 +0900,import,1249,true,,,
1250,10420,,2025-12-20 16:56:05.397 +0900,import,1250,true,,,
1252,8490,,2025-12-20 16:56:05.408 +0900,import,1252,true,,,
1253,5390,,2025-12-20 16:56:05.413 +0900,import,1253,true,,,
1254,5900,,2025-12-20 16:56:05.419 +0900,import,1254,true,,,
1255,17990,,2025-12-20 16:56:05.425 +0900,import,1255,true,,,
1256,15010,,2025-12-20 16:56:05.430 +0900,import,1256,true,,,
1257,12280,,2025-12-20 16:56:05.436 +0900,import,1257,true,,,
1258,10890,,2025-12-20 16:56:05.441 +0900,import,1258,true,,,
1259,10900,,2025-12-20 16:56:05.446 +0900,import,1259,true,,,
1260,6600,,2025-12-20 16:56:05.452 +0900,import,1260,true,,,
1261,9980,,2025-12-20 16:56:05.457 +0900,import,1261,true,,,
1208,4490,,2025-12-20 16:56:05.153 +0900,import,1208,false,,,
1225,4990,,2025-12-20 16:56:05.252 +0900,import,1225,false,,,
1226,4990,,2025-12-20 16:56:05.258 +0900,import,1226,false,,,
1228,6780,,2025-12-20 16:56:05.270 +0900,import,1228,false,,,
1229,6780,,2025-12-20 16:56:05.276 +0900,import,1229,false,,,
1230,4990,5990,2025-12-20 16:56:05.282 +0900,import,1230,false,,,
1242,3490,,2025-12-20 16:56:05.352 +0900,import,1242,false,,,
1244,5590,,2025-12-20 16:56:05.363 +0900,import,1244,false,,,
1245,5590,,2025-12-20 16:56:05.369 +0900,import,1245,false,,,
1243,3490,,2025-12-20 16:56:05.358 +0900,import,1243,false,,,
1251,10480,,2025-12-20 16:56:05.403 +0900,import,1251,false,,,
1262,7990,,2025-12-20 16:56:05.462 +0900,import,1262,true,,,
1263,8480,,2025-12-20 16:56:05.468 +0900,import,1263,true,,,
1264,10780,,2025-12-20 16:56:05.473 +0900,import,1264,true,,,
1265,9300,,2025-12-20 16:56:05.479 +0900,import,1265,true,,,
1266,10990,,2025-12-20 16:56:05.484 +0900,import,1266,true,,,
1267,18480,,2025-12-20 16:56:05.490 +0900,import,1267,true,,,
1268,14990,,2025-12-20 16:56:05.495 +0900,import,1268,true,,,
1269,4290,,2025-12-20 16:56:05.501 +0900,import,1269,true,,,
1270,10990,,2025-12-20 16:56:05.508 +0900,import,1270,true,,,
1272,3490,,2025-12-20 16:56:05.519 +0900,import,1272,true,,,
1273,3890,,2025-12-20 16:56:05.524 +0900,import,1273,true,,,
1274,8400,,2025-12-20 16:56:05.530 +0900,import,1274,true,,,
1275,3700,,2025-12-20 16:56:05.536 +0900,import,1275,true,,,
1276,17990,,2025-12-20 16:56:05.541 +0900,import,1276,true,,,
1277,7980,,2025-12-20 16:56:05.547 +0900,import,1277,true,,,
1278,3590,,2025-12-20 16:56:05.553 +0900,import,1278,true,,,
1279,27980,,2025-12-20 16:56:05.559 +0900,import,1279,true,,,
1280,29900,,2025-12-20 16:56:05.565 +0900,import,1280,true,,,
1281,21580,,2025-12-20 16:56:05.570 +0900,import,1281,true,,,
1282,2200,,2025-12-20 16:56:05.576 +0900,import,1282,true,,,
1283,7200,,2025-12-20 16:56:05.581 +0900,import,1283,true,,,
1285,4980,,2025-12-20 16:56:05.592 +0900,import,1285,true,,,
1286,5800,,2025-12-20 16:56:05.598 +0900,import,1286,true,,,
1287,10400,,2025-12-20 16:56:05.603 +0900,import,1287,true,,,
1288,14400,,2025-12-20 16:56:05.608 +0900,import,1288,true,,,
1289,20600,,2025-12-20 16:56:05.614 +0900,import,1289,true,,,
1290,4980,,2025-12-20 16:56:05.619 +0900,import,1290,true,,,
1291,7600,,2025-12-20 16:56:05.625 +0900,import,1291,true,,,
1292,34480,,2025-12-20 16:56:05.630 +0900,import,1292,true,,,
1293,35500,,2025-12-20 16:56:05.635 +0900,import,1293,true,,,
1294,2300,,2025-12-20 16:56:05.641 +0900,import,1294,true,,,
1295,2400,,2025-12-20 16:56:05.646 +0900,import,1295,true,,,
1296,14900,,2025-12-20 16:56:05.652 +0900,import,1296,true,,,
1297,17990,,2025-12-20 16:56:05.658 +0900,import,1297,true,,,
1298,4480,,2025-12-20 16:56:05.663 +0900,import,1298,true,,,
1299,22000,,2025-12-20 16:56:05.669 +0900,import,1299,true,,,
1300,5050,,2025-12-20 16:56:05.674 +0900,import,1300,true,,,
1301,3990,,2025-12-20 16:56:05.679 +0900,import,1301,true,,,
1302,21200,,2025-12-20 16:56:05.685 +0900,import,1302,true,,,
1303,13000,,2025-12-20 16:56:05.690 +0900,import,1303,true,,,
1304,5700,,2025-12-20 16:56:05.696 +0900,import,1304,true,,,
1305,21200,,2025-12-20 16:56:05.701 +0900,import,1305,true,,,
1306,25990,,2025-12-20 16:56:05.707 +0900,import,1306,true,,,
1307,13000,,2025-12-20 16:56:05.715 +0900,import,1307,true,,,
1308,5200,,2025-12-20 16:56:05.723 +0900,import,1308,true,,,
1309,4980,,2025-12-20 16:56:05.731 +0900,import,1309,true,,,
1310,10990,,2025-12-20 16:56:05.738 +0900,import,1310,true,,,
1311,14500,,2025-12-20 16:56:05.745 +0900,import,1311,true,,,
1312,7490,,2025-12-20 16:56:05.753 +0900,import,1312,true,,,
1313,13280,,2025-12-20 16:56:05.761 +0900,import,1313,true,,,
1314,13200,,2025-12-20 16:56:05.767 +0900,import,1314,true,,,
1315,35500,,2025-12-20 16:56:05.773 +0900,import,1315,true,,,
1316,20600,,2025-12-20 16:56:05.778 +0900,import,1316,true,,,
1317,13000,,2025-12-20 16:56:05.784 +0900,import,1317,true,,,
1318,5600,,2025-12-20 16:56:05.789 +0900,import,1318,true,,,
1319,2200,,2025-12-20 16:56:05.795 +0900,import,1319,true,,,
1320,4390,,2025-12-20 16:56:05.800 +0900,import,1320,true,,,
1321,8500,,2025-12-20 16:56:05.806 +0900,import,1321,true,,,
1322,4980,,2025-12-20 16:56:05.811 +0900,import,1322,true,,,
1323,9400,,2025-12-20 16:56:05.817 +0900,import,1323,true,,,
1324,9400,,2025-12-20 16:56:05.822 +0900,import,1324,true,,,
1325,7980,,2025-12-20 16:56:05.827 +0900,import,1325,true,,,
1326,15800,,2025-12-20 16:56:05.833 +0900,import,1326,true,,,
1327,1990,,2025-12-20 16:56:05.838 +0900,import,1327,true,,,
1328,9400,,2025-12-20 16:56:05.844 +0900,import,1328,true,,,
1329,17800,,2025-12-20 16:56:05.849 +0900,import,1329,true,,,
1330,8500,,2025-12-20 16:56:05.855 +0900,import,1330,true,,,
1331,2990,,2025-12-20 16:56:05.861 +0900,import,1331,true,,,
1332,7500,,2025-12-20 16:56:05.866 +0900,import,1332,true,,,
1333,9700,,2025-12-20 16:56:05.872 +0900,import,1333,true,,,
1334,9400,,2025-12-20 16:56:05.877 +0900,import,1334,true,,,
1335,5580,,2025-12-20 16:56:05.882 +0900,import,1335,true,,,
1336,7400,,2025-12-20 16:56:05.888 +0900,import,1336,true,,,
1337,6980,,2025-12-20 16:56:05.894 +0900,import,1337,true,,,
1338,4900,,2025-12-20 16:56:05.899 +0900,import,1338,true,,,
1339,4900,,2025-12-20 16:56:05.905 +0900,import,1339,true,,,
1340,1990,,2025-12-20 16:56:05.910 +0900,import,1340,true,,,
1341,2600,,2025-12-20 16:56:05.916 +0900,import,1341,true,,,
1342,2490,,2025-12-20 16:56:05.922 +0900,import,1342,true,,,
1343,4500,,2025-12-20 16:56:05.927 +0900,import,1343,true,,,
1344,9700,,2025-12-20 16:56:05.933 +0900,import,1344,true,,,
1345,5880,,2025-12-20 16:56:05.938 +0900,import,1345,true,,,
1346,9400,,2025-12-20 16:56:05.943 +0900,import,1346,true,,,
1347,12700,,2025-12-20 16:56:05.949 +0900,import,1347,true,,,
1348,4980,,2025-12-20 16:56:05.954 +0900,import,1348,true,,,
1349,6880,,2025-12-20 16:56:05.960 +0900,import,1349,true,,,
1350,18900,,2025-12-20 16:56:05.965 +0900,import,1350,true,,,
1351,9480,,2025-12-20 16:56:05.971 +0900,import,1351,true,,,
1352,9400,,2025-12-20 16:56:05.977 +0900,import,1352,true,,,
1353,7800,,2025-12-20 16:56:05.982 +0900,import,1353,true,,,
1354,5480,,2025-12-20 16:56:05.988 +0900,import,1354,true,,,
1355,2780,,2025-12-20 16:56:05.994 +0900,import,1355,true,,,
1356,17800,,2025-12-20 16:56:05.999 +0900,import,1356,true,,,
1357,9480,,2025-12-20 16:56:06.005 +0900,import,1357,true,,,
1358,12880,,2025-12-20 16:56:06.010 +0900,import,1358,true,,,
1284,3980,,2025-12-20 16:56:05.587 +0900,import,1284,false,,,
1359,15790,,2025-12-20 16:56:06.016 +0900,import,1359,true,,,
1360,9800,,2025-12-20 16:56:06.022 +0900,import,1360,true,,,
1361,7280,,2025-12-20 16:56:06.028 +0900,import,1361,true,,,
1362,9480,,2025-12-20 16:56:06.034 +0900,import,1362,true,,,
1363,9480,,2025-12-20 16:56:06.039 +0900,import,1363,true,,,
1364,9900,,2025-12-20 16:56:06.045 +0900,import,1364,true,,,
1365,4380,,2025-12-20 16:56:06.051 +0900,import,1365,true,,,
1368,2590,,2025-12-20 16:56:06.067 +0900,import,1368,true,,,
1369,5480,,2025-12-20 16:56:06.073 +0900,import,1369,true,,,
1370,5480,,2025-12-20 16:56:06.078 +0900,import,1370,true,,,
1371,2590,,2025-12-20 16:56:06.084 +0900,import,1371,true,,,
1372,3480,,2025-12-20 16:56:06.090 +0900,import,1372,true,,,
1373,2590,,2025-12-20 16:56:06.096 +0900,import,1373,true,,,
1374,1890,,2025-12-20 16:56:06.101 +0900,import,1374,true,,,
1375,3480,,2025-12-20 16:56:06.107 +0900,import,1375,true,,,
1376,3480,,2025-12-20 16:56:06.112 +0900,import,1376,true,,,
1377,4390,,2025-12-20 16:56:06.118 +0900,import,1377,true,,,
1378,3480,,2025-12-20 16:56:06.123 +0900,import,1378,true,,,
1380,7980,,2025-12-20 16:56:06.135 +0900,import,1380,true,,,
1381,4990,,2025-12-20 16:56:06.140 +0900,import,1381,true,,,
1382,4990,,2025-12-20 16:56:06.146 +0900,import,1382,true,,,
1383,3480,,2025-12-20 16:56:06.151 +0900,import,1383,true,,,
1384,7990,,2025-12-20 16:56:06.156 +0900,import,1384,true,,,
1385,5480,,2025-12-20 16:56:06.162 +0900,import,1385,true,,,
1386,3480,,2025-12-20 16:56:06.168 +0900,import,1386,true,,,
1387,3480,,2025-12-20 16:56:06.173 +0900,import,1387,true,,,
1388,3480,,2025-12-20 16:56:06.179 +0900,import,1388,true,,,
1389,5690,,2025-12-20 16:56:06.185 +0900,import,1389,true,,,
1390,4990,,2025-12-20 16:56:06.190 +0900,import,1390,true,,,
1391,2590,,2025-12-20 16:56:06.196 +0900,import,1391,true,,,
1392,2290,,2025-12-20 16:56:06.202 +0900,import,1392,true,,,
1393,2990,,2025-12-20 16:56:06.207 +0900,import,1393,true,,,
1394,5500,,2025-12-20 16:56:06.213 +0900,import,1394,true,,,
1395,3390,,2025-12-20 16:56:06.218 +0900,import,1395,true,,,
1396,2290,,2025-12-20 16:56:06.224 +0900,import,1396,true,,,
1397,2990,,2025-12-20 16:56:06.230 +0900,import,1397,true,,,
1398,2290,,2025-12-20 16:56:06.236 +0900,import,1398,true,,,
1399,2990,,2025-12-20 16:56:06.241 +0900,import,1399,true,,,
1400,2990,,2025-12-20 16:56:06.247 +0900,import,1400,true,,,
1401,6500,,2025-12-20 16:56:06.252 +0900,import,1401,true,,,
1402,2990,,2025-12-20 16:56:06.258 +0900,import,1402,true,,,
1403,2990,,2025-12-20 16:56:06.264 +0900,import,1403,true,,,
1404,6500,,2025-12-20 16:56:06.269 +0900,import,1404,true,,,
1405,2290,,2025-12-20 16:56:06.275 +0900,import,1405,true,,,
1406,6500,,2025-12-20 16:56:06.281 +0900,import,1406,true,,,
1407,5990,,2025-12-20 16:56:06.286 +0900,import,1407,true,,,
1408,3680,,2025-12-20 16:56:06.291 +0900,import,1408,true,,,
1409,5480,,2025-12-20 16:56:06.297 +0900,import,1409,true,,,
1410,5280,,2025-12-20 16:56:06.302 +0900,import,1410,true,,,
1411,6390,,2025-12-20 16:56:06.307 +0900,import,1411,true,,,
1413,7200,,2025-12-20 16:56:06.318 +0900,import,1413,true,,,
1414,6390,,2025-12-20 16:56:06.323 +0900,import,1414,true,,,
1415,3470,,2025-12-20 16:56:06.329 +0900,import,1415,true,,,
1416,3680,,2025-12-20 16:56:06.334 +0900,import,1416,true,,,
1417,5890,,2025-12-20 16:56:06.340 +0900,import,1417,true,,,
1418,5790,,2025-12-20 16:56:06.345 +0900,import,1418,true,,,
1419,5190,,2025-12-20 16:56:06.351 +0900,import,1419,true,,,
1420,4490,,2025-12-20 16:56:06.356 +0900,import,1420,true,,,
1421,4480,,2025-12-20 16:56:06.362 +0900,import,1421,true,,,
1422,4480,,2025-12-20 16:56:06.367 +0900,import,1422,true,,,
1423,5890,,2025-12-20 16:56:06.373 +0900,import,1423,true,,,
1424,5690,,2025-12-20 16:56:06.378 +0900,import,1424,true,,,
1425,5490,,2025-12-20 16:56:06.384 +0900,import,1425,true,,,
1426,9980,,2025-12-20 16:56:06.389 +0900,import,1426,true,,,
1427,4190,,2025-12-20 16:56:06.395 +0900,import,1427,true,,,
1428,7990,,2025-12-20 16:56:06.400 +0900,import,1428,true,,,
1429,4980,,2025-12-20 16:56:06.406 +0900,import,1429,true,,,
1430,7990,,2025-12-20 16:56:06.411 +0900,import,1430,true,,,
1431,7990,,2025-12-20 16:56:06.417 +0900,import,1431,true,,,
1432,3480,,2025-12-20 16:56:06.422 +0900,import,1432,true,,,
1433,5480,,2025-12-20 16:56:06.427 +0900,import,1433,true,,,
1434,4980,,2025-12-20 16:56:06.433 +0900,import,1434,true,,,
1435,4980,,2025-12-20 16:56:06.438 +0900,import,1435,true,,,
1436,3480,,2025-12-20 16:56:06.443 +0900,import,1436,true,,,
1437,3480,,2025-12-20 16:56:06.449 +0900,import,1437,true,,,
1438,7990,,2025-12-20 16:56:06.455 +0900,import,1438,true,,,
1439,4980,,2025-12-20 16:56:06.460 +0900,import,1439,true,,,
1440,7990,,2025-12-20 16:56:06.466 +0900,import,1440,true,,,
1441,6990,,2025-12-20 16:56:06.471 +0900,import,1441,true,,,
1442,6990,,2025-12-20 16:56:06.477 +0900,import,1442,true,,,
1443,6990,,2025-12-20 16:56:06.482 +0900,import,1443,true,,,
1444,4480,,2025-12-20 16:56:06.488 +0900,import,1444,true,,,
1445,4480,,2025-12-20 16:56:06.493 +0900,import,1445,true,,,
1446,4480,,2025-12-20 16:56:06.499 +0900,import,1446,true,,,
1447,4480,,2025-12-20 16:56:06.504 +0900,import,1447,true,,,
1448,8290,,2025-12-20 16:56:06.510 +0900,import,1448,true,,,
1449,4480,,2025-12-20 16:56:06.515 +0900,import,1449,true,,,
1450,4480,,2025-12-20 16:56:06.520 +0900,import,1450,true,,,
1451,4380,,2025-12-20 16:56:06.526 +0900,import,1451,true,,,
1452,4380,,2025-12-20 16:56:06.532 +0900,import,1452,true,,,
1453,3980,,2025-12-20 16:56:06.573 +0900,import,1453,true,,,
1454,6390,,2025-12-20 16:56:06.580 +0900,import,1454,true,,,
1455,5990,,2025-12-20 16:56:06.585 +0900,import,1455,true,,,
1367,4780,,2025-12-20 16:56:06.062 +0900,import,1367,false,,,
1379,5480,,2025-12-20 16:56:06.129 +0900,import,1379,false,,,
1412,3120,,2025-12-20 16:56:06.313 +0900,import,1412,false,,,
1456,4380,,2025-12-20 16:56:06.591 +0900,import,1456,true,,,
1457,4480,,2025-12-20 16:56:06.597 +0900,import,1457,true,,,
1458,4480,,2025-12-20 16:56:06.602 +0900,import,1458,true,,,
1459,4480,,2025-12-20 16:56:06.608 +0900,import,1459,true,,,
1460,4480,,2025-12-20 16:56:06.613 +0900,import,1460,true,,,
1461,11390,,2025-12-20 16:56:06.618 +0900,import,1461,true,,,
1462,4480,,2025-12-20 16:56:06.624 +0900,import,1462,true,,,
1463,5580,,2025-12-20 16:56:06.630 +0900,import,1463,true,,,
1464,6490,,2025-12-20 16:56:06.635 +0900,import,1464,true,,,
1465,6490,,2025-12-20 16:56:06.641 +0900,import,1465,true,,,
1466,6490,,2025-12-20 16:56:06.646 +0900,import,1466,true,,,
1467,6490,,2025-12-20 16:56:06.652 +0900,import,1467,true,,,
1468,9980,,2025-12-20 16:56:06.658 +0900,import,1468,true,,,
1469,5280,,2025-12-20 16:56:06.663 +0900,import,1469,true,,,
1470,5490,,2025-12-20 16:56:06.669 +0900,import,1470,true,,,
1471,5990,,2025-12-20 16:56:06.674 +0900,import,1471,true,,,
1472,5990,,2025-12-20 16:56:06.680 +0900,import,1472,true,,,
1473,11980,,2025-12-20 16:56:06.685 +0900,import,1473,true,,,
1474,9980,,2025-12-20 16:56:06.691 +0900,import,1474,true,,,
1475,7480,,2025-12-20 16:56:06.696 +0900,import,1475,true,,,
1476,5980,,2025-12-20 16:56:06.702 +0900,import,1476,true,,,
1477,6980,,2025-12-20 16:56:06.707 +0900,import,1477,true,,,
1478,5990,,2025-12-20 16:56:06.712 +0900,import,1478,true,,,
1479,3490,,2025-12-20 16:56:06.718 +0900,import,1479,true,,,
1480,2990,,2025-12-20 16:56:06.723 +0900,import,1480,true,,,
1481,3180,,2025-12-20 16:56:06.729 +0900,import,1481,true,,,
1482,5980,,2025-12-20 16:56:06.735 +0900,import,1482,true,,,
1483,9980,,2025-12-20 16:56:06.740 +0900,import,1483,true,,,
1484,11980,,2025-12-20 16:56:06.746 +0900,import,1484,true,,,
1485,9980,,2025-12-20 16:56:06.752 +0900,import,1485,true,,,
1486,2990,,2025-12-20 16:56:06.757 +0900,import,1486,true,,,
1487,9980,,2025-12-20 16:56:06.763 +0900,import,1487,true,,,
1488,11980,,2025-12-20 16:56:06.768 +0900,import,1488,true,,,
1489,5990,,2025-12-20 16:56:06.774 +0900,import,1489,true,,,
1490,11980,,2025-12-20 16:56:06.779 +0900,import,1490,true,,,
1491,9980,,2025-12-20 16:56:06.785 +0900,import,1491,true,,,
1492,11980,,2025-12-20 16:56:06.791 +0900,import,1492,true,,,
1493,5900,,2025-12-20 16:56:06.796 +0900,import,1493,true,,,
1494,5990,,2025-12-20 16:56:06.802 +0900,import,1494,true,,,
1495,5490,,2025-12-20 16:56:06.807 +0900,import,1495,true,,,
1496,5900,,2025-12-20 16:56:06.813 +0900,import,1496,true,,,
1497,4990,,2025-12-20 16:56:06.819 +0900,import,1497,true,,,
1498,11980,,2025-12-20 16:56:06.824 +0900,import,1498,true,,,
1499,4790,,2025-12-20 16:56:06.830 +0900,import,1499,true,,,
1500,9980,,2025-12-20 16:56:06.836 +0900,import,1500,true,,,
1501,6980,,2025-12-20 16:56:06.841 +0900,import,1501,true,,,
1502,6890,,2025-12-20 16:56:06.847 +0900,import,1502,true,,,
1503,11980,,2025-12-20 16:56:06.853 +0900,import,1503,true,,,
1504,11980,,2025-12-20 16:56:06.858 +0900,import,1504,true,,,
1505,4790,,2025-12-20 16:56:06.865 +0900,import,1505,true,,,
1506,7890,,2025-12-20 16:56:06.871 +0900,import,1506,true,,,
1507,5990,,2025-12-20 16:56:06.876 +0900,import,1507,true,,,
1508,6490,,2025-12-20 16:56:06.882 +0900,import,1508,true,,,
1509,6980,,2025-12-20 16:56:06.887 +0900,import,1509,true,,,
1510,6980,,2025-12-20 16:56:06.893 +0900,import,1510,true,,,
1511,6980,,2025-12-20 16:56:06.899 +0900,import,1511,true,,,
1512,5990,,2025-12-20 16:56:06.904 +0900,import,1512,true,,,
1513,5990,,2025-12-20 16:56:06.910 +0900,import,1513,true,,,
1514,9980,,2025-12-20 16:56:06.915 +0900,import,1514,true,,,
1515,7990,,2025-12-20 16:56:06.921 +0900,import,1515,true,,,
1516,7990,,2025-12-20 16:56:06.926 +0900,import,1516,true,,,
1517,7990,,2025-12-20 16:56:06.933 +0900,import,1517,true,,,
1520,4090,,2025-12-20 16:56:06.950 +0900,import,1520,true,,,
1521,2980,,2025-12-20 16:56:06.956 +0900,import,1521,true,,,
1522,7980,,2025-12-20 16:56:06.962 +0900,import,1522,true,,,
1523,22990,,2025-12-20 16:56:06.967 +0900,import,1523,true,,,
1524,8990,,2025-12-20 16:56:06.973 +0900,import,1524,true,,,
1525,1590,,2025-12-20 16:56:06.979 +0900,import,1525,true,,,
1526,7990,,2025-12-20 16:56:06.984 +0900,import,1526,true,,,
1527,2990,,2025-12-20 16:56:06.990 +0900,import,1527,true,,,
1528,2980,,2025-12-20 16:56:06.995 +0900,import,1528,true,,,
1529,2980,,2025-12-20 16:56:07.001 +0900,import,1529,true,,,
1530,3190,,2025-12-20 16:56:07.007 +0900,import,1530,true,,,
1531,3590,,2025-12-20 16:56:07.014 +0900,import,1531,true,,,
1532,3290,,2025-12-20 16:56:07.019 +0900,import,1532,true,,,
1533,3690,,2025-12-20 16:56:07.025 +0900,import,1533,true,,,
1534,2980,,2025-12-20 16:56:07.031 +0900,import,1534,true,,,
1535,1090,,2025-12-20 16:56:07.036 +0900,import,1535,true,,,
1536,12990,,2025-12-20 16:56:07.042 +0900,import,1536,true,,,
1537,3290,,2025-12-20 16:56:07.047 +0900,import,1537,true,,,
1538,2980,,2025-12-20 16:56:07.053 +0900,import,1538,true,,,
1539,4990,,2025-12-20 16:56:07.060 +0900,import,1539,true,,,
1540,5380,,2025-12-20 16:56:07.066 +0900,import,1540,true,,,
1541,13990,,2025-12-20 16:56:07.071 +0900,import,1541,true,,,
1542,8400,,2025-12-20 16:56:07.077 +0900,import,1542,true,,,
1543,7490,,2025-12-20 16:56:07.083 +0900,import,1543,true,,,
1544,4490,,2025-12-20 16:56:07.088 +0900,import,1544,true,,,
1545,8190,,2025-12-20 16:56:07.094 +0900,import,1545,true,,,
1546,8490,,2025-12-20 16:56:07.099 +0900,import,1546,true,,,
1547,2490,,2025-12-20 16:56:07.105 +0900,import,1547,true,,,
1548,14990,,2025-12-20 16:56:07.110 +0900,import,1548,true,,,
1550,3000,,2025-12-20 16:56:07.122 +0900,import,1550,true,,,
1551,12990,,2025-12-20 16:56:07.127 +0900,import,1551,true,,,
1552,12900,,2025-12-20 16:56:07.133 +0900,import,1552,true,,,
1519,2790,,2025-12-20 16:56:06.944 +0900,import,1519,false,,,
1549,3980,,2025-12-20 16:56:07.116 +0900,import,1549,false,,,
1553,11130,15900,2025-12-20 16:56:07.139 +0900,import,1553,true,,,
1554,6800,,2025-12-20 16:56:07.144 +0900,import,1554,true,,,
1555,3190,,2025-12-20 16:56:07.149 +0900,import,1555,true,,,
1556,2980,,2025-12-20 16:56:07.155 +0900,import,1556,true,,,
1557,3000,,2025-12-20 16:56:07.160 +0900,import,1557,true,,,
1558,3180,,2025-12-20 16:56:07.166 +0900,import,1558,true,,,
1559,4490,,2025-12-20 16:56:07.171 +0900,import,1559,true,,,
1560,2980,,2025-12-20 16:56:07.177 +0900,import,1560,true,,,
1561,5490,,2025-12-20 16:56:07.182 +0900,import,1561,true,,,
1562,5490,,2025-12-20 16:56:07.188 +0900,import,1562,true,,,
1563,3000,,2025-12-20 16:56:07.193 +0900,import,1563,true,,,
1564,3000,,2025-12-20 16:56:07.199 +0900,import,1564,true,,,
1565,7900,,2025-12-20 16:56:07.204 +0900,import,1565,true,,,
1566,9300,,2025-12-20 16:56:07.209 +0900,import,1566,true,,,
1567,9900,,2025-12-20 16:56:07.215 +0900,import,1567,true,,,
1568,5990,,2025-12-20 16:56:07.221 +0900,import,1568,true,,,
1569,7990,,2025-12-20 16:56:07.226 +0900,import,1569,true,,,
1570,6980,,2025-12-20 16:56:07.232 +0900,import,1570,true,,,
1571,4490,,2025-12-20 16:56:07.238 +0900,import,1571,true,,,
1572,12990,,2025-12-20 16:56:07.243 +0900,import,1572,true,,,
1573,3000,,2025-12-20 16:56:07.249 +0900,import,1573,true,,,
1574,2990,,2025-12-20 16:56:07.255 +0900,import,1574,true,,,
1575,2980,,2025-12-20 16:56:07.260 +0900,import,1575,true,,,
1576,2490,,2025-12-20 16:56:07.266 +0900,import,1576,true,,,
1577,3490,,2025-12-20 16:56:07.272 +0900,import,1577,true,,,
1578,6990,,2025-12-20 16:56:07.277 +0900,import,1578,true,,,
1579,5990,,2025-12-20 16:56:07.283 +0900,import,1579,true,,,
1580,3990,,2025-12-20 16:56:07.288 +0900,import,1580,true,,,
1581,2490,,2025-12-20 16:56:07.293 +0900,import,1581,true,,,
1582,7490,,2025-12-20 16:56:07.299 +0900,import,1582,true,,,
1583,4490,,2025-12-20 16:56:07.304 +0900,import,1583,true,,,
1584,4990,,2025-12-20 16:56:07.310 +0900,import,1584,true,,,
1585,11000,,2025-12-20 16:56:07.315 +0900,import,1585,true,,,
1586,6100,,2025-12-20 16:56:07.321 +0900,import,1586,true,,,
1587,2980,,2025-12-20 16:56:07.326 +0900,import,1587,true,,,
1588,14900,,2025-12-20 16:56:07.332 +0900,import,1588,true,,,
1589,13480,,2025-12-20 16:56:07.338 +0900,import,1589,true,,,
1590,7500,,2025-12-20 16:56:07.343 +0900,import,1590,true,,,
1591,2980,,2025-12-20 16:56:07.349 +0900,import,1591,true,,,
1592,12980,,2025-12-20 16:56:07.354 +0900,import,1592,true,,,
1593,12980,,2025-12-20 16:56:07.359 +0900,import,1593,true,,,
1594,5500,,2025-12-20 16:56:07.365 +0900,import,1594,true,,,
1595,5500,,2025-12-20 16:56:07.370 +0900,import,1595,true,,,
1596,5990,,2025-12-20 16:56:07.376 +0900,import,1596,true,,,
1597,5980,,2025-12-20 16:56:07.381 +0900,import,1597,true,,,
1598,4990,,2025-12-20 16:56:07.387 +0900,import,1598,true,,,
1599,6480,,2025-12-20 16:56:07.392 +0900,import,1599,true,,,
1600,6990,,2025-12-20 16:56:07.398 +0900,import,1600,true,,,
1601,6790,,2025-12-20 16:56:07.403 +0900,import,1601,true,,,
1602,4990,,2025-12-20 16:56:07.408 +0900,import,1602,true,,,
1603,7990,,2025-12-20 16:56:07.414 +0900,import,1603,true,,,
1604,4690,,2025-12-20 16:56:07.419 +0900,import,1604,true,,,
1605,6990,,2025-12-20 16:56:07.424 +0900,import,1605,true,,,
1606,6990,,2025-12-20 16:56:07.429 +0900,import,1606,true,,,
1607,6990,,2025-12-20 16:56:07.435 +0900,import,1607,true,,,
1608,3990,,2025-12-20 16:56:07.440 +0900,import,1608,true,,,
1609,5000,,2025-12-20 16:56:07.445 +0900,import,1609,true,,,
1610,4800,,2025-12-20 16:56:07.451 +0900,import,1610,true,,,
1611,6900,,2025-12-20 16:56:07.456 +0900,import,1611,true,,,
1612,5590,,2025-12-20 16:56:07.461 +0900,import,1612,true,,,
1613,11990,,2025-12-20 16:56:07.467 +0900,import,1613,true,,,
1614,8680,,2025-12-20 16:56:07.472 +0900,import,1614,true,,,
1615,6800,,2025-12-20 16:56:07.478 +0900,import,1615,true,,,
1616,16100,,2025-12-20 16:56:07.483 +0900,import,1616,true,,,
1617,6990,,2025-12-20 16:56:07.489 +0900,import,1617,true,,,
1618,6990,,2025-12-20 16:56:07.495 +0900,import,1618,true,,,
1619,3990,,2025-12-20 16:56:07.500 +0900,import,1619,true,,,
1620,3990,,2025-12-20 16:56:07.505 +0900,import,1620,true,,,
1621,12980,,2025-12-20 16:56:07.511 +0900,import,1621,true,,,
1622,9900,,2025-12-20 16:56:07.516 +0900,import,1622,true,,,
1623,4980,,2025-12-20 16:56:07.522 +0900,import,1623,true,,,
1624,4990,,2025-12-20 16:56:07.528 +0900,import,1624,true,,,
1625,3590,,2025-12-20 16:56:07.533 +0900,import,1625,true,,,
1626,7990,,2025-12-20 16:56:07.539 +0900,import,1626,true,,,
1627,2290,,2025-12-20 16:56:07.545 +0900,import,1627,true,,,
1628,2990,,2025-12-20 16:56:07.551 +0900,import,1628,true,,,
1629,2690,,2025-12-20 16:56:07.556 +0900,import,1629,true,,,
1630,2490,,2025-12-20 16:56:07.562 +0900,import,1630,true,,,
1631,1990,,2025-12-20 16:56:07.568 +0900,import,1631,true,,,
1632,4590,,2025-12-20 16:56:07.573 +0900,import,1632,true,,,
1633,2290,,2025-12-20 16:56:07.578 +0900,import,1633,true,,,
1634,2690,,2025-12-20 16:56:07.584 +0900,import,1634,true,,,
1635,3680,,2025-12-20 16:56:07.589 +0900,import,1635,true,,,
1636,13590,,2025-12-20 16:56:07.595 +0900,import,1636,true,,,
1637,6290,,2025-12-20 16:56:07.600 +0900,import,1637,true,,,
1638,2800,,2025-12-20 16:56:07.605 +0900,import,1638,true,,,
1639,5990,,2025-12-20 16:56:07.611 +0900,import,1639,true,,,
1640,2800,,2025-12-20 16:56:07.616 +0900,import,1640,true,,,
1641,3490,,2025-12-20 16:56:07.622 +0900,import,1641,true,,,
1642,5800,,2025-12-20 16:56:07.627 +0900,import,1642,true,,,
1643,13700,,2025-12-20 16:56:07.633 +0900,import,1643,true,,,
1644,2990,,2025-12-20 16:56:07.638 +0900,import,1644,true,,,
1645,5390,,2025-12-20 16:56:07.644 +0900,import,1645,true,,,
1646,7980,,2025-12-20 16:56:07.649 +0900,import,1646,true,,,
1647,6980,,2025-12-20 16:56:07.654 +0900,import,1647,true,,,
1648,5950,8500,2025-12-20 16:56:07.660 +0900,import,1648,true,,,
1649,5590,,2025-12-20 16:56:07.666 +0900,import,1649,true,,,
1650,2490,,2025-12-20 16:56:07.671 +0900,import,1650,true,,,
1651,5190,,2025-12-20 16:56:07.677 +0900,import,1651,true,,,
1652,2490,,2025-12-20 16:56:07.682 +0900,import,1652,true,,,
1653,5500,,2025-12-20 16:56:07.688 +0900,import,1653,true,,,
1654,5500,,2025-12-20 16:56:07.693 +0900,import,1654,true,,,
1655,5900,,2025-12-20 16:56:07.699 +0900,import,1655,true,,,
1656,2690,,2025-12-20 16:56:07.704 +0900,import,1656,true,,,
1657,2260,,2025-12-20 16:56:07.709 +0900,import,1657,true,,,
1658,4690,,2025-12-20 16:56:07.715 +0900,import,1658,true,,,
1659,3980,,2025-12-20 16:56:07.721 +0900,import,1659,true,,,
1660,2980,,2025-12-20 16:56:07.726 +0900,import,1660,true,,,
1661,3490,,2025-12-20 16:56:07.732 +0900,import,1661,true,,,
1662,5500,,2025-12-20 16:56:07.737 +0900,import,1662,true,,,
1663,5530,7900,2025-12-20 16:56:07.742 +0900,import,1663,true,,,
1664,8980,,2025-12-20 16:56:07.748 +0900,import,1664,true,,,
1665,5690,,2025-12-20 16:56:07.753 +0900,import,1665,true,,,
1666,6790,,2025-12-20 16:56:07.759 +0900,import,1666,true,,,
1667,9900,,2025-12-20 16:56:07.764 +0900,import,1667,true,,,
1668,6400,,2025-12-20 16:56:07.770 +0900,import,1668,true,,,
1669,2980,,2025-12-20 16:56:07.775 +0900,import,1669,true,,,
1670,2490,,2025-12-20 16:56:07.781 +0900,import,1670,true,,,
1671,5290,,2025-12-20 16:56:07.786 +0900,import,1671,true,,,
1672,2180,,2025-12-20 16:56:07.792 +0900,import,1672,true,,,
1673,3080,,2025-12-20 16:56:07.797 +0900,import,1673,true,,,
1674,8190,,2025-12-20 16:56:07.803 +0900,import,1674,true,,,
1675,3180,,2025-12-20 16:56:07.808 +0900,import,1675,true,,,
1676,7790,,2025-12-20 16:56:07.813 +0900,import,1676,true,,,
1677,1980,,2025-12-20 16:56:07.819 +0900,import,1677,true,,,
1678,5490,,2025-12-20 16:56:07.824 +0900,import,1678,true,,,
1679,8690,,2025-12-20 16:56:07.830 +0900,import,1679,true,,,
1680,4380,,2025-12-20 16:56:07.835 +0900,import,1680,true,,,
1681,5990,,2025-12-20 16:56:07.841 +0900,import,1681,true,,,
1682,3980,,2025-12-20 16:56:07.846 +0900,import,1682,true,,,
1683,5980,,2025-12-20 16:56:07.852 +0900,import,1683,true,,,
1684,9580,,2025-12-20 16:56:07.857 +0900,import,1684,true,,,
1685,5990,,2025-12-20 16:56:07.863 +0900,import,1685,true,,,
1686,8690,,2025-12-20 16:56:07.869 +0900,import,1686,true,,,
1687,4880,,2025-12-20 16:56:07.874 +0900,import,1687,true,,,
1688,5990,,2025-12-20 16:56:07.880 +0900,import,1688,true,,,
1689,3380,,2025-12-20 16:56:07.885 +0900,import,1689,true,,,
1690,8680,,2025-12-20 16:56:07.890 +0900,import,1690,true,,,
1691,3980,,2025-12-20 16:56:07.896 +0900,import,1691,true,,,
1692,3980,,2025-12-20 16:56:07.901 +0900,import,1692,true,,,
1694,6490,,2025-12-20 16:56:07.912 +0900,import,1694,true,,,
1695,9980,,2025-12-20 16:56:07.918 +0900,import,1695,true,,,
1696,2980,,2025-12-20 16:56:07.923 +0900,import,1696,true,,,
1697,2820,,2025-12-20 16:56:07.929 +0900,import,1697,true,,,
1698,4680,,2025-12-20 16:56:07.934 +0900,import,1698,true,,,
1699,8380,,2025-12-20 16:56:07.940 +0900,import,1699,true,,,
1700,2850,,2025-12-20 16:56:07.945 +0900,import,1700,true,,,
1701,3050,,2025-12-20 16:56:07.950 +0900,import,1701,true,,,
1702,3050,,2025-12-20 16:56:07.956 +0900,import,1702,true,,,
1703,3200,,2025-12-20 16:56:07.961 +0900,import,1703,true,,,
1704,3050,,2025-12-20 16:56:07.966 +0900,import,1704,true,,,
1705,3950,,2025-12-20 16:56:07.972 +0900,import,1705,true,,,
1706,2980,,2025-12-20 16:56:07.977 +0900,import,1706,true,,,
1707,3990,,2025-12-20 16:56:07.983 +0900,import,1707,true,,,
1708,8290,,2025-12-20 16:56:07.989 +0900,import,1708,true,,,
1709,8490,,2025-12-20 16:56:07.994 +0900,import,1709,true,,,
1710,3480,,2025-12-20 16:56:07.999 +0900,import,1710,true,,,
1711,7680,,2025-12-20 16:56:08.005 +0900,import,1711,true,,,
1712,6490,,2025-12-20 16:56:08.011 +0900,import,1712,true,,,
1713,7480,,2025-12-20 16:56:08.017 +0900,import,1713,true,,,
1714,10990,,2025-12-20 16:56:08.022 +0900,import,1714,true,,,
1715,6980,,2025-12-20 16:56:08.028 +0900,import,1715,true,,,
1716,2290,,2025-12-20 16:56:08.034 +0900,import,1716,true,,,
1717,7680,,2025-12-20 16:56:08.039 +0900,import,1717,true,,,
1718,5800,,2025-12-20 16:56:08.045 +0900,import,1718,true,,,
1719,6590,,2025-12-20 16:56:08.050 +0900,import,1719,true,,,
1720,4280,,2025-12-20 16:56:08.056 +0900,import,1720,true,,,
1721,2780,,2025-12-20 16:56:08.061 +0900,import,1721,true,,,
1722,3880,,2025-12-20 16:56:08.067 +0900,import,1722,true,,,
1723,5590,,2025-12-20 16:56:08.072 +0900,import,1723,true,,,
1724,11550,16500,2025-12-20 16:56:08.078 +0900,import,1724,true,,,
1725,2300,,2025-12-20 16:56:08.084 +0900,import,1725,true,,,
1726,6580,,2025-12-20 16:56:08.090 +0900,import,1726,true,,,
1727,7990,,2025-12-20 16:56:08.095 +0900,import,1727,true,,,
1728,4480,,2025-12-20 16:56:08.101 +0900,import,1728,true,,,
1729,1880,,2025-12-20 16:56:08.106 +0900,import,1729,true,,,
1730,760,,2025-12-20 16:56:08.112 +0900,import,1730,true,,,
1731,6450,,2025-12-20 16:56:08.118 +0900,import,1731,true,,,
1732,9980,,2025-12-20 16:56:08.123 +0900,import,1732,true,,,
1733,11980,,2025-12-20 16:56:08.129 +0900,import,1733,true,,,
1734,4980,,2025-12-20 16:56:08.134 +0900,import,1734,true,,,
1735,2350,,2025-12-20 16:56:08.140 +0900,import,1735,true,,,
1736,10880,,2025-12-20 16:56:08.145 +0900,import,1736,true,,,
1737,4280,,2025-12-20 16:56:08.151 +0900,import,1737,true,,,
1738,5290,,2025-12-20 16:56:08.156 +0900,import,1738,true,,,
1739,17580,,2025-12-20 16:56:08.162 +0900,import,1739,true,,,
1740,9480,,2025-12-20 16:56:08.167 +0900,import,1740,true,,,
1741,7780,,2025-12-20 16:56:08.173 +0900,import,1741,true,,,
1742,8980,,2025-12-20 16:56:08.179 +0900,import,1742,true,,,
1743,3990,,2025-12-20 16:56:08.184 +0900,import,1743,true,,,
1744,3390,,2025-12-20 16:56:08.190 +0900,import,1744,true,,,
1745,4090,,2025-12-20 16:56:08.195 +0900,import,1745,true,,,
1746,3290,,2025-12-20 16:56:08.201 +0900,import,1746,true,,,
1747,3190,,2025-12-20 16:56:08.206 +0900,import,1747,true,,,
1748,2790,,2025-12-20 16:56:08.212 +0900,import,1748,true,,,
1749,4090,,2025-12-20 16:56:08.217 +0900,import,1749,true,,,
1750,3190,,2025-12-20 16:56:08.223 +0900,import,1750,true,,,
1751,17900,,2025-12-20 16:56:08.228 +0900,import,1751,true,,,
1752,19800,,2025-12-20 16:56:08.234 +0900,import,1752,true,,,
1753,7500,,2025-12-20 16:56:08.239 +0900,import,1753,true,,,
1754,34800,,2025-12-20 16:56:08.245 +0900,import,1754,true,,,
1755,9970,,2025-12-20 16:56:08.251 +0900,import,1755,true,,,
1756,11900,,2025-12-20 16:56:08.256 +0900,import,1756,true,,,
1757,19900,,2025-12-20 16:56:08.261 +0900,import,1757,true,,,
1758,12500,,2025-12-20 16:56:08.267 +0900,import,1758,true,,,
1759,3800,,2025-12-20 16:56:08.273 +0900,import,1759,true,,,
1760,3100,,2025-12-20 16:56:08.279 +0900,import,1760,true,,,
1761,2500,,2025-12-20 16:56:08.286 +0900,import,1761,true,,,
1762,2300,,2025-12-20 16:56:08.292 +0900,import,1762,true,,,
1763,3990,,2025-12-20 16:56:08.299 +0900,import,1763,true,,,
1764,3650,,2025-12-20 16:56:08.306 +0900,import,1764,true,,,
1765,4280,,2025-12-20 16:56:08.311 +0900,import,1765,true,,,
1766,4280,,2025-12-20 16:56:08.317 +0900,import,1766,true,,,
1767,3990,,2025-12-20 16:56:08.323 +0900,import,1767,true,,,
1768,6490,,2025-12-20 16:56:08.329 +0900,import,1768,true,,,
1769,5590,,2025-12-20 16:56:08.335 +0900,import,1769,true,,,
1770,5250,,2025-12-20 16:56:08.340 +0900,import,1770,true,,,
1771,4990,,2025-12-20 16:56:08.346 +0900,import,1771,true,,,
1772,3400,,2025-12-20 16:56:08.352 +0900,import,1772,true,,,
1773,3990,,2025-12-20 16:56:08.358 +0900,import,1773,true,,,
1774,4280,,2025-12-20 16:56:08.363 +0900,import,1774,true,,,
1775,3990,,2025-12-20 16:56:08.369 +0900,import,1775,true,,,
1776,4190,,2025-12-20 16:56:08.376 +0900,import,1776,true,,,
1777,4280,,2025-12-20 16:56:08.381 +0900,import,1777,true,,,
1778,3200,,2025-12-20 16:56:08.388 +0900,import,1778,true,,,
1779,13500,,2025-12-20 16:56:08.393 +0900,import,1779,true,,,
1780,3600,,2025-12-20 16:56:08.399 +0900,import,1780,true,,,
1781,3790,,2025-12-20 16:56:08.404 +0900,import,1781,true,,,
1782,4890,,2025-12-20 16:56:08.410 +0900,import,1782,true,,,
1783,3990,,2025-12-20 16:56:08.415 +0900,import,1783,true,,,
1784,4280,,2025-12-20 16:56:08.421 +0900,import,1784,true,,,
1785,7950,,2025-12-20 16:56:08.426 +0900,import,1785,true,,,
1786,3950,,2025-12-20 16:56:08.431 +0900,import,1786,true,,,
1787,4690,,2025-12-20 16:56:08.437 +0900,import,1787,true,,,
1788,7190,,2025-12-20 16:56:08.443 +0900,import,1788,true,,,
1789,5380,,2025-12-20 16:56:08.449 +0900,import,1789,true,,,
1790,8490,,2025-12-20 16:56:08.454 +0900,import,1790,true,,,
1791,6490,,2025-12-20 16:56:08.460 +0900,import,1791,true,,,
1792,6190,,2025-12-20 16:56:08.466 +0900,import,1792,true,,,
1793,6090,,2025-12-20 16:56:08.472 +0900,import,1793,true,,,
1794,3790,,2025-12-20 16:56:08.478 +0900,import,1794,true,,,
1795,3990,,2025-12-20 16:56:08.484 +0900,import,1795,true,,,
1796,4380,,2025-12-20 16:56:08.490 +0900,import,1796,true,,,
1797,6690,,2025-12-20 16:56:08.496 +0900,import,1797,true,,,
1798,4800,,2025-12-20 16:56:08.502 +0900,import,1798,true,,,
1799,5600,,2025-12-20 16:56:08.508 +0900,import,1799,true,,,
1800,7990,,2025-12-20 16:56:08.514 +0900,import,1800,true,,,
1801,12900,,2025-12-20 16:56:08.521 +0900,import,1801,true,,,
1802,4550,,2025-12-20 16:56:08.526 +0900,import,1802,true,,,
1803,17980,,2025-12-20 16:56:08.532 +0900,import,1803,true,,,
1804,11180,,2025-12-20 16:56:08.537 +0900,import,1804,true,,,
1805,7300,,2025-12-20 16:56:08.543 +0900,import,1805,true,,,
1806,4290,,2025-12-20 16:56:08.549 +0900,import,1806,true,,,
1807,16750,,2025-12-20 16:56:08.554 +0900,import,1807,true,,,
1808,5480,,2025-12-20 16:56:08.560 +0900,import,1808,true,,,
1810,7980,,2025-12-20 16:56:08.571 +0900,import,1810,true,,,
1811,2800,,2025-12-20 16:56:08.577 +0900,import,1811,true,,,
1812,1440,,2025-12-20 16:56:08.582 +0900,import,1812,true,,,
1813,980,,2025-12-20 16:56:08.588 +0900,import,1813,true,,,
1814,9290,,2025-12-20 16:56:08.593 +0900,import,1814,true,,,
1815,9290,,2025-12-20 16:56:08.599 +0900,import,1815,true,,,
1816,9290,,2025-12-20 16:56:08.604 +0900,import,1816,true,,,
1817,2190,,2025-12-20 16:56:08.609 +0900,import,1817,true,,,
1818,2490,,2025-12-20 16:56:08.615 +0900,import,1818,true,,,
1819,6200,,2025-12-20 16:56:08.620 +0900,import,1819,true,,,
1820,8900,,2025-12-20 16:56:08.625 +0900,import,1820,true,,,
1821,5460,,2025-12-20 16:56:08.631 +0900,import,1821,true,,,
1822,20500,,2025-12-20 16:56:08.636 +0900,import,1822,true,,,
1823,13850,,2025-12-20 16:56:08.642 +0900,import,1823,true,,,
1824,35480,,2025-12-20 16:56:08.647 +0900,import,1824,true,,,
1825,7980,,2025-12-20 16:56:08.653 +0900,import,1825,true,,,
1826,7990,,2025-12-20 16:56:08.658 +0900,import,1826,true,,,
1827,7990,,2025-12-20 16:56:08.664 +0900,import,1827,true,,,
1828,7990,,2025-12-20 16:56:08.669 +0900,import,1828,true,,,
1829,7990,,2025-12-20 16:56:08.675 +0900,import,1829,true,,,
1830,2590,,2025-12-20 16:56:08.680 +0900,import,1830,true,,,
1831,9900,,2025-12-20 16:56:08.686 +0900,import,1831,true,,,
1832,7990,,2025-12-20 16:56:08.691 +0900,import,1832,true,,,
1833,8990,,2025-12-20 16:56:08.697 +0900,import,1833,true,,,
1834,8990,,2025-12-20 16:56:08.703 +0900,import,1834,true,,,
1835,8990,,2025-12-20 16:56:08.708 +0900,import,1835,true,,,
1836,2590,,2025-12-20 16:56:08.714 +0900,import,1836,true,,,
1837,7990,,2025-12-20 16:56:08.720 +0900,import,1837,true,,,
1838,7990,,2025-12-20 16:56:08.725 +0900,import,1838,true,,,
1839,8990,,2025-12-20 16:56:08.731 +0900,import,1839,true,,,
1840,7990,,2025-12-20 16:56:08.736 +0900,import,1840,true,,,
1841,7990,,2025-12-20 16:56:08.741 +0900,import,1841,true,,,
1842,7990,,2025-12-20 16:56:08.747 +0900,import,1842,true,,,
1843,9900,,2025-12-20 16:56:08.753 +0900,import,1843,true,,,
1844,9900,,2025-12-20 16:56:08.758 +0900,import,1844,true,,,
1846,5280,,2025-12-20 16:56:08.769 +0900,import,1846,true,,,
1847,7980,,2025-12-20 16:56:08.775 +0900,import,1847,true,,,
1848,3980,,2025-12-20 16:56:08.780 +0900,import,1848,true,,,
1849,4280,,2025-12-20 16:56:08.786 +0900,import,1849,true,,,
1850,9980,,2025-12-20 16:56:08.792 +0900,import,1850,true,,,
1851,6480,,2025-12-20 16:56:08.797 +0900,import,1851,true,,,
1852,4280,,2025-12-20 16:56:08.803 +0900,import,1852,true,,,
1853,3490,,2025-12-20 16:56:08.809 +0900,import,1853,true,,,
1854,3980,,2025-12-20 16:56:08.814 +0900,import,1854,true,,,
1855,5490,,2025-12-20 16:56:08.820 +0900,import,1855,true,,,
1856,6480,,2025-12-20 16:56:08.825 +0900,import,1856,true,,,
1857,9490,,2025-12-20 16:56:08.831 +0900,import,1857,true,,,
1858,9490,,2025-12-20 16:56:08.836 +0900,import,1858,true,,,
1859,9480,,2025-12-20 16:56:08.842 +0900,import,1859,true,,,
1860,5980,,2025-12-20 16:56:08.847 +0900,import,1860,true,,,
1861,9980,,2025-12-20 16:56:08.853 +0900,import,1861,true,,,
1862,6180,,2025-12-20 16:56:08.858 +0900,import,1862,true,,,
1863,9480,,2025-12-20 16:56:08.864 +0900,import,1863,true,,,
1864,2090,,2025-12-20 16:56:08.870 +0900,import,1864,true,,,
1865,4280,,2025-12-20 16:56:08.876 +0900,import,1865,true,,,
1866,2810,,2025-12-20 16:56:08.882 +0900,import,1866,true,,,
1867,3080,,2025-12-20 16:56:08.887 +0900,import,1867,true,,,
1868,4180,,2025-12-20 16:56:08.893 +0900,import,1868,true,,,
1869,4280,,2025-12-20 16:56:08.899 +0900,import,1869,true,,,
1870,2550,,2025-12-20 16:56:08.904 +0900,import,1870,true,,,
1871,2890,,2025-12-20 16:56:08.910 +0900,import,1871,true,,,
1872,4580,,2025-12-20 16:56:08.916 +0900,import,1872,true,,,
1873,1990,,2025-12-20 16:56:08.922 +0900,import,1873,true,,,
1874,5190,,2025-12-20 16:56:08.928 +0900,import,1874,true,,,
1875,1990,,2025-12-20 16:56:08.933 +0900,import,1875,true,,,
1876,4580,,2025-12-20 16:56:08.939 +0900,import,1876,true,,,
1877,7390,,2025-12-20 16:56:08.945 +0900,import,1877,true,,,
1878,7980,,2025-12-20 16:56:08.951 +0900,import,1878,true,,,
1879,7980,,2025-12-20 16:56:08.956 +0900,import,1879,true,,,
1880,4980,,2025-12-20 16:56:08.962 +0900,import,1880,true,,,
1882,1700,,2025-12-20 16:56:08.977 +0900,import,1882,true,,,
1884,5980,,2025-12-20 16:56:08.991 +0900,import,1884,true,,,
1885,5980,,2025-12-20 16:56:08.998 +0900,import,1885,true,,,
1886,11980,,2025-12-20 16:56:09.007 +0900,import,1886,true,,,
1887,16980,,2025-12-20 16:56:09.013 +0900,import,1887,true,,,
1888,16980,,2025-12-20 16:56:09.018 +0900,import,1888,true,,,
1889,14900,,2025-12-20 16:56:09.024 +0900,import,1889,true,,,
1890,14900,,2025-12-20 16:56:09.031 +0900,import,1890,true,,,
1891,26500,,2025-12-20 16:56:09.036 +0900,import,1891,true,,,
1893,17980,,2025-12-20 16:56:09.048 +0900,import,1893,true,,,
1894,13990,,2025-12-20 16:56:09.053 +0900,import,1894,true,,,
1895,12990,,2025-12-20 16:56:09.059 +0900,import,1895,true,,,
1896,10990,,2025-12-20 16:56:09.065 +0900,import,1896,true,,,
1897,19990,,2025-12-20 16:56:09.070 +0900,import,1897,true,,,
1898,10990,,2025-12-20 16:56:09.076 +0900,import,1898,true,,,
1899,10990,,2025-12-20 16:56:09.082 +0900,import,1899,true,,,
1900,26980,,2025-12-20 16:56:09.087 +0900,import,1900,true,,,
1901,25980,,2025-12-20 16:56:09.093 +0900,import,1901,true,,,
1902,30990,,2025-12-20 16:56:09.098 +0900,import,1902,true,,,
1903,13980,,2025-12-20 16:56:09.104 +0900,import,1903,true,,,
1904,19900,,2025-12-20 16:56:09.110 +0900,import,1904,true,,,
1905,13900,,2025-12-20 16:56:09.116 +0900,import,1905,true,,,
1906,24900,,2025-12-20 16:56:09.121 +0900,import,1906,true,,,
1907,22990,,2025-12-20 16:56:09.127 +0900,import,1907,true,,,
1908,16200,,2025-12-20 16:56:09.132 +0900,import,1908,true,,,
1909,33580,,2025-12-20 16:56:09.138 +0900,import,1909,true,,,
1910,32990,,2025-12-20 16:56:09.143 +0900,import,1910,true,,,
1911,12600,,2025-12-20 16:56:09.148 +0900,import,1911,true,,,
1912,25700,,2025-12-20 16:56:09.154 +0900,import,1912,true,,,
1913,42980,,2025-12-20 16:56:09.159 +0900,import,1913,true,,,
1914,16200,,2025-12-20 16:56:09.165 +0900,import,1914,true,,,
1915,24900,,2025-12-20 16:56:09.171 +0900,import,1915,true,,,
1916,33490,,2025-12-20 16:56:09.177 +0900,import,1916,true,,,
1917,18900,,2025-12-20 16:56:09.183 +0900,import,1917,true,,,
1918,20800,,2025-12-20 16:56:09.188 +0900,import,1918,true,,,
1919,36500,,2025-12-20 16:56:09.194 +0900,import,1919,true,,,
1920,28000,,2025-12-20 16:56:09.199 +0900,import,1920,true,,,
1921,48500,,2025-12-20 16:56:09.205 +0900,import,1921,true,,,
1922,11900,,2025-12-20 16:56:09.211 +0900,import,1922,true,,,
1923,27000,,2025-12-20 16:56:09.216 +0900,import,1923,true,,,
1924,15980,,2025-12-20 16:56:09.222 +0900,import,1924,true,,,
1925,19600,,2025-12-20 16:56:09.227 +0900,import,1925,true,,,
1926,12900,,2025-12-20 16:56:09.233 +0900,import,1926,true,,,
1927,13900,,2025-12-20 16:56:09.238 +0900,import,1927,true,,,
1928,35990,,2025-12-20 16:56:09.244 +0900,import,1928,true,,,
1929,22990,,2025-12-20 16:56:09.250 +0900,import,1929,true,,,
1930,30990,,2025-12-20 16:56:09.255 +0900,import,1930,true,,,
1931,35900,,2025-12-20 16:56:09.261 +0900,import,1931,true,,,
1932,22980,,2025-12-20 16:56:09.266 +0900,import,1932,true,,,
1933,12990,,2025-12-20 16:56:09.272 +0900,import,1933,true,,,
1934,11990,,2025-12-20 16:56:09.277 +0900,import,1934,true,,,
1935,12900,,2025-12-20 16:56:09.283 +0900,import,1935,true,,,
1936,14980,,2025-12-20 16:56:09.288 +0900,import,1936,true,,,
1937,11300,,2025-12-20 16:56:09.294 +0900,import,1937,true,,,
1938,9800,,2025-12-20 16:56:09.299 +0900,import,1938,true,,,
1939,8380,,2025-12-20 16:56:09.305 +0900,import,1939,true,,,
1940,5990,,2025-12-20 16:56:09.311 +0900,import,1940,true,,,
1883,5500,,2025-12-20 16:56:08.984 +0900,import,1883,false,,,
1881,5500,,2025-12-20 16:56:08.970 +0900,import,1881,false,,,
1892,19800,,2025-12-20 16:56:09.042 +0900,import,1892,false,,,
1941,7450,,2025-12-20 16:56:09.316 +0900,import,1941,true,,,
1942,12550,,2025-12-20 16:56:09.322 +0900,import,1942,true,,,
1943,43900,,2025-12-20 16:56:09.328 +0900,import,1943,true,,,
1944,14900,,2025-12-20 16:56:09.335 +0900,import,1944,true,,,
1945,9500,,2025-12-20 16:56:09.340 +0900,import,1945,true,,,
1946,16000,,2025-12-20 16:56:09.345 +0900,import,1946,true,,,
1947,9500,,2025-12-20 16:56:09.351 +0900,import,1947,true,,,
1949,16000,,2025-12-20 16:56:09.361 +0900,import,1949,true,,,
1950,11500,,2025-12-20 16:56:09.367 +0900,import,1950,true,,,
1951,8000,,2025-12-20 16:56:09.372 +0900,import,1951,true,,,
1952,5200,,2025-12-20 16:56:09.377 +0900,import,1952,true,,,
1953,4390,,2025-12-20 16:56:09.383 +0900,import,1953,true,,,
1954,11500,,2025-12-20 16:56:09.389 +0900,import,1954,true,,,
1955,8500,,2025-12-20 16:56:09.395 +0900,import,1955,true,,,
1956,16990,,2025-12-20 16:56:09.400 +0900,import,1956,true,,,
1957,12490,,2025-12-20 16:56:09.406 +0900,import,1957,true,,,
1958,11190,,2025-12-20 16:56:09.411 +0900,import,1958,true,,,
1959,5490,,2025-12-20 16:56:09.417 +0900,import,1959,true,,,
1960,5500,,2025-12-20 16:56:09.422 +0900,import,1960,true,,,
1961,9500,,2025-12-20 16:56:09.428 +0900,import,1961,true,,,
1962,7480,,2025-12-20 16:56:09.433 +0900,import,1962,true,,,
1963,5180,,2025-12-20 16:56:09.438 +0900,import,1963,true,,,
1964,6250,,2025-12-20 16:56:09.443 +0900,import,1964,true,,,
1965,6500,,2025-12-20 16:56:09.449 +0900,import,1965,true,,,
1966,9900,,2025-12-20 16:56:09.455 +0900,import,1966,true,,,
1967,9490,,2025-12-20 16:56:09.460 +0900,import,1967,true,,,
1968,5900,,2025-12-20 16:56:09.465 +0900,import,1968,true,,,
1969,17900,,2025-12-20 16:56:09.471 +0900,import,1969,true,,,
1970,6500,,2025-12-20 16:56:09.476 +0900,import,1970,true,,,
1971,9500,,2025-12-20 16:56:09.482 +0900,import,1971,true,,,
1972,17900,,2025-12-20 16:56:09.488 +0900,import,1972,true,,,
1973,15790,,2025-12-20 16:56:09.493 +0900,import,1973,true,,,
1974,4990,,2025-12-20 16:56:09.499 +0900,import,1974,true,,,
1975,15980,,2025-12-20 16:56:09.505 +0900,import,1975,true,,,
1976,5300,,2025-12-20 16:56:09.511 +0900,import,1976,true,,,
1977,11980,,2025-12-20 16:56:09.516 +0900,import,1977,true,,,
1978,10800,,2025-12-20 16:56:09.522 +0900,import,1978,true,,,
1979,12500,,2025-12-20 16:56:09.527 +0900,import,1979,true,,,
1980,23990,,2025-12-20 16:56:09.533 +0900,import,1980,true,,,
1981,10800,,2025-12-20 16:56:09.538 +0900,import,1981,true,,,
1982,14990,,2025-12-20 16:56:09.543 +0900,import,1982,true,,,
1983,29900,,2025-12-20 16:56:09.549 +0900,import,1983,true,,,
1984,10990,,2025-12-20 16:56:09.555 +0900,import,1984,true,,,
1985,10990,,2025-12-20 16:56:09.560 +0900,import,1985,true,,,
1986,9500,,2025-12-20 16:56:09.566 +0900,import,1986,true,,,
1987,11980,,2025-12-20 16:56:09.571 +0900,import,1987,true,,,
1988,9900,,2025-12-20 16:56:09.577 +0900,import,1988,true,,,
1989,4790,,2025-12-20 16:56:09.583 +0900,import,1989,true,,,
1990,7990,,2025-12-20 16:56:09.588 +0900,import,1990,true,,,
2009,5790,,2025-12-20 16:56:09.695 +0900,import,2009,false,,,
1992,3990,,2025-12-20 16:56:09.599 +0900,import,1992,true,,,
1993,5990,,2025-12-20 16:56:09.605 +0900,import,1993,true,,,
1994,7990,,2025-12-20 16:56:09.611 +0900,import,1994,true,,,
1996,4990,,2025-12-20 16:56:09.621 +0900,import,1996,true,,,
1997,7990,,2025-12-20 16:56:09.627 +0900,import,1997,true,,,
1999,7990,,2025-12-20 16:56:09.638 +0900,import,1999,true,,,
2000,6990,,2025-12-20 16:56:09.643 +0900,import,2000,true,,,
2001,3090,,2025-12-20 16:56:09.649 +0900,import,2001,true,,,
2002,3490,,2025-12-20 16:56:09.655 +0900,import,2002,true,,,
2003,4990,,2025-12-20 16:56:09.661 +0900,import,2003,true,,,
2004,2990,,2025-12-20 16:56:09.667 +0900,import,2004,true,,,
2005,3690,,2025-12-20 16:56:09.673 +0900,import,2005,true,,,
2007,5690,,2025-12-20 16:56:09.684 +0900,import,2007,true,,,
2008,5690,,2025-12-20 16:56:09.689 +0900,import,2008,true,,,
2010,6690,,2025-12-20 16:56:09.700 +0900,import,2010,true,,,
2011,4190,,2025-12-20 16:56:09.706 +0900,import,2011,true,,,
2013,1590,,2025-12-20 16:56:09.717 +0900,import,2013,true,,,
2014,2290,,2025-12-20 16:56:09.722 +0900,import,2014,true,,,
2015,3990,,2025-12-20 16:56:09.728 +0900,import,2015,true,,,
2018,4990,,2025-12-20 16:56:09.744 +0900,import,2018,true,,,
2020,5990,,2025-12-20 16:56:09.755 +0900,import,2020,true,,,
2021,6990,,2025-12-20 16:56:09.760 +0900,import,2021,true,,,
2022,2290,,2025-12-20 16:56:09.766 +0900,import,2022,true,,,
2025,3990,,2025-12-20 16:56:09.783 +0900,import,2025,true,,,
2037,4990,,2025-12-20 16:56:09.847 +0900,import,2037,true,,,
1995,8990,,2025-12-20 16:56:09.616 +0900,import,1995,false,,,
2006,7990,,2025-12-20 16:56:09.678 +0900,import,2006,false,,,
1998,4490,,2025-12-20 16:56:09.632 +0900,import,1998,false,,,
2017,4090,,2025-12-20 16:56:09.738 +0900,import,2017,false,,,
2023,1990,,2025-12-20 16:56:09.772 +0900,import,2023,false,,,
2029,6490,,2025-12-20 16:56:09.804 +0900,import,2029,false,,,
2024,5990,,2025-12-20 16:56:09.777 +0900,import,2024,false,,,
2026,3990,,2025-12-20 16:56:09.788 +0900,import,2026,false,,,
2019,4490,,2025-12-20 16:56:09.749 +0900,import,2019,false,,,
2028,5490,,2025-12-20 16:56:09.799 +0900,import,2028,false,,,
2031,3990,,2025-12-20 16:56:09.815 +0900,import,2031,false,,,
2033,5990,,2025-12-20 16:56:09.826 +0900,import,2033,false,,,
2034,6990,,2025-12-20 16:56:09.831 +0900,import,2034,false,,,
2036,2990,4990,2025-12-20 16:56:09.842 +0900,import,2036,false,,,
1948,6980,,2025-12-20 16:56:09.356 +0900,import,1948,false,,,
2038,7990,,2025-12-20 16:56:09.853 +0900,import,2038,true,,,
2076,8990,,2025-12-20 16:56:10.065 +0900,import,2076,false,,,
2040,7990,,2025-12-20 16:56:09.864 +0900,import,2040,true,,,
2049,4990,,2025-12-20 16:56:09.915 +0900,import,2049,true,,,
2050,4990,,2025-12-20 16:56:09.921 +0900,import,2050,true,,,
2052,2990,,2025-12-20 16:56:09.933 +0900,import,2052,true,,,
2055,4990,,2025-12-20 16:56:09.951 +0900,import,2055,true,,,
2056,14990,,2025-12-20 16:56:09.959 +0900,import,2056,true,,,
2057,2990,,2025-12-20 16:56:09.965 +0900,import,2057,true,,,
2058,2990,,2025-12-20 16:56:09.970 +0900,import,2058,true,,,
2060,1990,,2025-12-20 16:56:09.979 +0900,import,2060,true,,,
2061,2990,,2025-12-20 16:56:09.984 +0900,import,2061,true,,,
2064,2690,,2025-12-20 16:56:09.998 +0900,import,2064,true,,,
2065,3790,,2025-12-20 16:56:10.004 +0900,import,2065,true,,,
2066,2490,,2025-12-20 16:56:10.009 +0900,import,2066,true,,,
2069,4990,,2025-12-20 16:56:10.024 +0900,import,2069,true,,,
2070,2490,,2025-12-20 16:56:10.029 +0900,import,2070,true,,,
2071,1990,,2025-12-20 16:56:10.038 +0900,import,2071,true,,,
2072,4990,,2025-12-20 16:56:10.045 +0900,import,2072,true,,,
2073,6390,,2025-12-20 16:56:10.050 +0900,import,2073,true,,,
2074,5490,,2025-12-20 16:56:10.056 +0900,import,2074,true,,,
2075,4390,,2025-12-20 16:56:10.061 +0900,import,2075,true,,,
2078,4990,,2025-12-20 16:56:10.076 +0900,import,2078,true,,,
2079,2690,,2025-12-20 16:56:10.083 +0900,import,2079,true,,,
2080,7990,,2025-12-20 16:56:10.091 +0900,import,2080,true,,,
2081,3590,,2025-12-20 16:56:10.099 +0900,import,2081,true,,,
2082,3990,,2025-12-20 16:56:10.106 +0900,import,2082,true,,,
2083,6490,,2025-12-20 16:56:10.114 +0900,import,2083,true,,,
2084,2290,,2025-12-20 16:56:10.121 +0900,import,2084,true,,,
2085,3090,,2025-12-20 16:56:10.131 +0900,import,2085,true,,,
2086,4990,,2025-12-20 16:56:10.138 +0900,import,2086,true,,,
2087,2990,,2025-12-20 16:56:10.146 +0900,import,2087,true,,,
2088,1990,,2025-12-20 16:56:10.152 +0900,import,2088,true,,,
2089,3990,,2025-12-20 16:56:10.158 +0900,import,2089,true,,,
2090,2290,,2025-12-20 16:56:10.164 +0900,import,2090,true,,,
2091,1990,,2025-12-20 16:56:10.174 +0900,import,2091,true,,,
2096,840,,2025-12-20 16:56:10.216 +0900,import,2096,true,,,
2097,1990,,2025-12-20 16:56:10.224 +0900,import,2097,true,,,
2098,5990,,2025-12-20 16:56:10.232 +0900,import,2098,true,,,
2099,5690,,2025-12-20 16:56:10.238 +0900,import,2099,true,,,
2102,8190,,2025-12-20 16:56:10.257 +0900,import,2102,true,,,
2105,6990,,2025-12-20 16:56:10.274 +0900,import,2105,true,,,
2106,6990,,2025-12-20 16:56:10.280 +0900,import,2106,true,,,
2108,9990,,2025-12-20 16:56:10.292 +0900,import,2108,true,,,
2109,8490,,2025-12-20 16:56:10.298 +0900,import,2109,true,,,
2111,11900,,2025-12-20 16:56:10.312 +0900,import,2111,true,,,
2112,7990,,2025-12-20 16:56:10.319 +0900,import,2112,true,,,
2114,8490,,2025-12-20 16:56:10.332 +0900,import,2114,true,,,
2117,3890,,2025-12-20 16:56:10.350 +0900,import,2117,true,,,
2119,3890,,2025-12-20 16:56:10.362 +0900,import,2119,true,,,
2120,3890,,2025-12-20 16:56:10.368 +0900,import,2120,true,,,
2121,3890,,2025-12-20 16:56:10.374 +0900,import,2121,true,,,
2122,5490,,2025-12-20 16:56:10.380 +0900,import,2122,true,,,
2124,8890,,2025-12-20 16:56:10.393 +0900,import,2124,true,,,
2125,3890,,2025-12-20 16:56:10.399 +0900,import,2125,true,,,
2127,3590,,2025-12-20 16:56:10.412 +0900,import,2127,true,,,
2128,2990,,2025-12-20 16:56:10.418 +0900,import,2128,true,,,
2129,2990,,2025-12-20 16:56:10.424 +0900,import,2129,true,,,
2130,2990,,2025-12-20 16:56:10.430 +0900,import,2130,true,,,
2132,4790,,2025-12-20 16:56:10.442 +0900,import,2132,true,,,
2133,6590,,2025-12-20 16:56:10.447 +0900,import,2133,true,,,
2134,3990,,2025-12-20 16:56:10.453 +0900,import,2134,true,,,
2041,1990,3990,2025-12-20 16:56:09.870 +0900,import,2041,false,,,
2043,1590,3190,2025-12-20 16:56:09.882 +0900,import,2043,false,,,
2047,4490,8990,2025-12-20 16:56:09.904 +0900,import,2047,false,,,
2046,6990,13990,2025-12-20 16:56:09.898 +0900,import,2046,false,,,
2042,5590,7990,2025-12-20 16:56:09.876 +0900,import,2042,false,,,
2051,4890,,2025-12-20 16:56:09.927 +0900,import,2051,false,,,
2048,6490,12990,2025-12-20 16:56:09.910 +0900,import,2048,false,,,
2044,2790,3990,2025-12-20 16:56:09.887 +0900,import,2044,false,,,
2054,1990,3990,2025-12-20 16:56:09.944 +0900,import,2054,false,,,
2053,6990,10990,2025-12-20 16:56:09.938 +0900,import,2053,false,,,
2059,2990,,2025-12-20 16:56:09.974 +0900,import,2059,false,,,
2067,4990,6990,2025-12-20 16:56:10.014 +0900,import,2067,false,,,
2068,4990,6990,2025-12-20 16:56:10.019 +0900,import,2068,false,,,
2062,1490,,2025-12-20 16:56:09.989 +0900,import,2062,false,,,
2077,1990,,2025-12-20 16:56:10.070 +0900,import,2077,false,,,
2063,3690,4690,2025-12-20 16:56:09.994 +0900,import,2063,false,,,
2094,5390,5990,2025-12-20 16:56:10.199 +0900,import,2094,false,,,
2093,5390,5990,2025-12-20 16:56:10.190 +0900,import,2093,false,,,
2100,5390,5990,2025-12-20 16:56:10.243 +0900,import,2100,false,,,
2101,5390,5990,2025-12-20 16:56:10.251 +0900,import,2101,false,,,
2131,4990,,2025-12-20 16:56:10.436 +0900,import,2131,false,,,
2135,2990,,2025-12-20 16:56:10.459 +0900,import,2135,true,,,
2136,2990,,2025-12-20 16:56:10.465 +0900,import,2136,true,,,
2137,13990,,2025-12-20 16:56:10.470 +0900,import,2137,true,,,
2138,2990,,2025-12-20 16:56:10.476 +0900,import,2138,true,,,
2139,3990,,2025-12-20 16:56:10.483 +0900,import,2139,true,,,
9074,13990,,2025-12-20 17:07:35.401 +0900,crawl,349,true,5950,8040,135.13
2141,4500,,2025-12-20 16:56:10.495 +0900,import,2141,true,,,
2142,4500,,2025-12-20 16:56:10.502 +0900,import,2142,true,,,
2143,4500,,2025-12-20 16:56:10.509 +0900,import,2143,true,,,
2144,4500,,2025-12-20 16:56:10.516 +0900,import,2144,true,,,
2145,4500,,2025-12-20 16:56:10.522 +0900,import,2145,true,,,
2146,4500,,2025-12-20 16:56:10.529 +0900,import,2146,true,,,
2147,4500,,2025-12-20 16:56:10.536 +0900,import,2147,true,,,
2148,4500,,2025-12-20 16:56:10.544 +0900,import,2148,true,,,
2149,4500,,2025-12-20 16:56:10.551 +0900,import,2149,true,,,
2150,4500,,2025-12-20 16:56:10.557 +0900,import,2150,true,,,
2151,4500,,2025-12-20 16:56:10.565 +0900,import,2151,true,,,
2152,4500,,2025-12-20 16:56:10.572 +0900,import,2152,true,,,
2153,4500,,2025-12-20 16:56:10.579 +0900,import,2153,true,,,
2154,4500,,2025-12-20 16:56:10.586 +0900,import,2154,true,,,
2155,4500,,2025-12-20 16:56:10.594 +0900,import,2155,true,,,
2156,4500,,2025-12-20 16:56:10.601 +0900,import,2156,true,,,
2157,4500,,2025-12-20 16:56:10.608 +0900,import,2157,true,,,
2158,4500,,2025-12-20 16:56:10.614 +0900,import,2158,true,,,
2159,4500,,2025-12-20 16:56:10.622 +0900,import,2159,true,,,
2160,4500,,2025-12-20 16:56:10.629 +0900,import,2160,true,,,
2161,4500,,2025-12-20 16:56:10.636 +0900,import,2161,true,,,
2162,4500,,2025-12-20 16:56:10.642 +0900,import,2162,true,,,
2163,4500,,2025-12-20 16:56:10.650 +0900,import,2163,true,,,
2164,4500,,2025-12-20 16:56:10.656 +0900,import,2164,true,,,
2165,5990,,2025-12-20 16:56:10.663 +0900,import,2165,true,,,
2166,4500,,2025-12-20 16:56:10.670 +0900,import,2166,true,,,
2167,4500,,2025-12-20 16:56:10.677 +0900,import,2167,true,,,
2168,4500,,2025-12-20 16:56:10.683 +0900,import,2168,true,,,
2169,9990,,2025-12-20 16:56:10.691 +0900,import,2169,true,,,
2170,12900,,2025-12-20 16:56:10.697 +0900,import,2170,true,,,
2171,14900,,2025-12-20 16:56:10.703 +0900,import,2171,true,,,
2172,6990,,2025-12-20 16:56:10.709 +0900,import,2172,true,,,
2173,9990,,2025-12-20 16:56:10.714 +0900,import,2173,true,,,
2174,15900,,2025-12-20 16:56:10.720 +0900,import,2174,true,,,
2175,15900,,2025-12-20 16:56:10.726 +0900,import,2175,true,,,
2176,15900,,2025-12-20 16:56:10.731 +0900,import,2176,true,,,
2177,17400,,2025-12-20 16:56:10.738 +0900,import,2177,true,,,
2178,11900,,2025-12-20 16:56:10.744 +0900,import,2178,true,,,
2179,14900,,2025-12-20 16:56:10.749 +0900,import,2179,true,,,
2180,5990,,2025-12-20 16:56:10.755 +0900,import,2180,true,,,
2183,14900,,2025-12-20 16:56:10.779 +0900,import,2183,true,,,
2185,14900,,2025-12-20 16:56:10.794 +0900,import,2185,true,,,
2186,8990,,2025-12-20 16:56:10.805 +0900,import,2186,true,,,
2187,15900,,2025-12-20 16:56:10.813 +0900,import,2187,true,,,
2189,15900,,2025-12-20 16:56:10.825 +0900,import,2189,true,,,
2191,6990,,2025-12-20 16:56:10.836 +0900,import,2191,true,,,
2192,15900,,2025-12-20 16:56:10.842 +0900,import,2192,true,,,
2193,3990,,2025-12-20 16:56:10.848 +0900,import,2193,true,,,
2194,7990,,2025-12-20 16:56:10.854 +0900,import,2194,true,,,
2196,3990,,2025-12-20 16:56:10.865 +0900,import,2196,true,,,
2199,9990,,2025-12-20 16:56:10.882 +0900,import,2199,true,,,
2201,11900,,2025-12-20 16:56:10.893 +0900,import,2201,true,,,
2202,7990,,2025-12-20 16:56:10.899 +0900,import,2202,true,,,
2204,8490,,2025-12-20 16:56:10.911 +0900,import,2204,true,,,
2205,19800,,2025-12-20 16:56:10.916 +0900,import,2205,true,,,
2206,31800,,2025-12-20 16:56:10.922 +0900,import,2206,true,,,
2207,6990,,2025-12-20 16:56:10.929 +0900,import,2207,true,,,
2216,8990,,2025-12-20 16:56:10.989 +0900,import,2216,true,,,
2217,4980,,2025-12-20 16:56:10.996 +0900,import,2217,true,,,
2218,8500,,2025-12-20 16:56:11.002 +0900,import,2218,true,,,
2208,5250,10500,2025-12-20 16:56:10.935 +0900,import,2208,false,,,
2210,3990,7980,2025-12-20 16:56:10.948 +0900,import,2210,false,,,
2211,3300,5500,2025-12-20 16:56:10.955 +0900,import,2211,false,,,
2212,7200,12000,2025-12-20 16:56:10.963 +0900,import,2212,false,,,
2213,4980,8300,2025-12-20 16:56:10.969 +0900,import,2213,false,,,
2214,3200,4000,2025-12-20 16:56:10.976 +0900,import,2214,false,,,
2222,9990,19980,2025-12-20 16:56:11.027 +0900,import,2222,false,,,
2219,27860,39800,2025-12-20 16:56:11.009 +0900,import,2219,false,,,
2220,5390,8990,2025-12-20 16:56:11.015 +0900,import,2220,false,,,
2221,4200,7000,2025-12-20 16:56:11.022 +0900,import,2221,false,,,
2231,11980,19980,2025-12-20 16:56:11.083 +0900,import,2231,false,,,
2223,7000,14000,2025-12-20 16:56:11.034 +0900,import,2223,false,,,
2224,4680,7800,2025-12-20 16:56:11.041 +0900,import,2224,false,,,
2227,32900,35900,2025-12-20 16:56:11.059 +0900,import,2227,false,,,
2228,6450,12900,2025-12-20 16:56:11.065 +0900,import,2228,false,,,
2230,11980,19980,2025-12-20 16:56:11.077 +0900,import,2230,false,,,
2225,11340,18900,2025-12-20 16:56:11.047 +0900,import,2225,false,,,
2229,4500,7500,2025-12-20 16:56:11.071 +0900,import,2229,false,,,
2140,2490,,2025-12-20 16:56:10.489 +0900,import,2140,false,,,
2181,13900,,2025-12-20 16:56:10.763 +0900,import,2181,false,,,
2182,7990,,2025-12-20 16:56:10.772 +0900,import,2182,false,,,
2200,16900,,2025-12-20 16:56:10.888 +0900,import,2200,false,,,
2195,12900,,2025-12-20 16:56:10.859 +0900,import,2195,false,,,
2188,6990,,2025-12-20 16:56:10.819 +0900,import,2188,false,,,
2190,7490,,2025-12-20 16:56:10.831 +0900,import,2190,false,,,
2198,8990,,2025-12-20 16:56:10.876 +0900,import,2198,false,,,
2203,11900,,2025-12-20 16:56:10.905 +0900,import,2203,false,,,
2232,5990,,2025-12-20 16:56:11.089 +0900,import,2232,true,,,
2234,4990,,2025-12-20 16:56:11.101 +0900,import,2234,true,,,
2236,1300,,2025-12-20 16:56:11.114 +0900,import,2236,true,,,
2237,4990,,2025-12-20 16:56:11.120 +0900,import,2237,true,,,
2239,11900,,2025-12-20 16:56:11.132 +0900,import,2239,true,,,
2241,11900,,2025-12-20 16:56:11.144 +0900,import,2241,true,,,
2233,37900,,2025-12-20 16:56:11.096 +0900,import,2233,false,,,
2254,19900,,2025-12-20 16:56:11.226 +0900,import,2254,true,,,
2259,6000,,2025-12-20 16:56:11.259 +0900,import,2259,true,,,
2260,24900,,2025-12-20 16:56:11.265 +0900,import,2260,true,,,
2261,24900,,2025-12-20 16:56:11.271 +0900,import,2261,true,,,
2262,17900,,2025-12-20 16:56:11.277 +0900,import,2262,true,,,
2263,30000,,2025-12-20 16:56:11.282 +0900,import,2263,true,,,
2264,45000,,2025-12-20 16:56:11.288 +0900,import,2264,true,,,
2265,40000,,2025-12-20 16:56:11.294 +0900,import,2265,true,,,
2266,50000,,2025-12-20 16:56:11.300 +0900,import,2266,true,,,
2276,2580,,2025-12-20 16:56:11.359 +0900,import,2276,true,,,
2284,8990,,2025-12-20 16:56:11.411 +0900,import,2284,true,,,
2285,2190,,2025-12-20 16:56:11.418 +0900,import,2285,true,,,
2289,11900,,2025-12-20 16:56:11.442 +0900,import,2289,true,,,
2290,4490,,2025-12-20 16:56:11.448 +0900,import,2290,true,,,
2293,5990,,2025-12-20 16:56:11.467 +0900,import,2293,true,,,
2294,2990,,2025-12-20 16:56:11.474 +0900,import,2294,true,,,
2295,6990,,2025-12-20 16:56:11.480 +0900,import,2295,true,,,
2296,2590,,2025-12-20 16:56:11.485 +0900,import,2296,true,,,
2300,3990,,2025-12-20 16:56:11.512 +0900,import,2300,true,,,
2303,5990,,2025-12-20 16:56:11.533 +0900,import,2303,true,,,
2304,4990,,2025-12-20 16:56:11.540 +0900,import,2304,true,,,
2305,2990,,2025-12-20 16:56:11.547 +0900,import,2305,true,,,
2306,4490,,2025-12-20 16:56:11.554 +0900,import,2306,true,,,
2307,4990,,2025-12-20 16:56:11.561 +0900,import,2307,true,,,
2308,9990,,2025-12-20 16:56:11.568 +0900,import,2308,true,,,
2324,15900,,2025-12-20 16:56:11.669 +0900,import,2324,true,,,
2327,9990,,2025-12-20 16:56:11.689 +0900,import,2327,true,,,
2246,3000,5000,2025-12-20 16:56:11.176 +0900,import,2246,false,,,
2247,3300,5500,2025-12-20 16:56:11.182 +0900,import,2247,false,,,
2248,5320,7600,2025-12-20 16:56:11.189 +0900,import,2248,false,,,
2249,4830,6900,2025-12-20 16:56:11.195 +0900,import,2249,false,,,
2250,9540,15900,2025-12-20 16:56:11.202 +0900,import,2250,false,,,
2255,11120,13900,2025-12-20 16:56:11.232 +0900,import,2255,false,,,
2252,23920,29900,2025-12-20 16:56:11.213 +0900,import,2252,false,,,
2257,1200,2000,2025-12-20 16:56:11.245 +0900,import,2257,false,,,
2258,1200,2000,2025-12-20 16:56:11.251 +0900,import,2258,false,,,
2267,12890,29980,2025-12-20 16:56:11.306 +0900,import,2267,false,,,
2274,11170,25980,2025-12-20 16:56:11.347 +0900,import,2274,false,,,
2271,1990,3980,2025-12-20 16:56:11.329 +0900,import,2271,false,,,
2268,219840,458000,2025-12-20 16:56:11.312 +0900,import,2268,false,,,
2269,29900,59800,2025-12-20 16:56:11.318 +0900,import,2269,false,,,
2270,79900,159800,2025-12-20 16:56:11.323 +0900,import,2270,false,,,
2282,5950,8500,2025-12-20 16:56:11.399 +0900,import,2282,false,,,
2272,2790,4650,2025-12-20 16:56:11.335 +0900,import,2272,false,,,
2277,990,1980,2025-12-20 16:56:11.367 +0900,import,2277,false,,,
2275,300,600,2025-12-20 16:56:11.353 +0900,import,2275,false,,,
2273,2990,5980,2025-12-20 16:56:11.341 +0900,import,2273,false,,,
2283,6930,9900,2025-12-20 16:56:11.405 +0900,import,2283,false,,,
2279,990,1980,2025-12-20 16:56:11.380 +0900,import,2279,false,,,
2278,790,1580,2025-12-20 16:56:11.373 +0900,import,2278,false,,,
2281,300,600,2025-12-20 16:56:11.392 +0900,import,2281,false,,,
2280,2190,3650,2025-12-20 16:56:11.386 +0900,import,2280,false,,,
2287,3300,6600,2025-12-20 16:56:11.430 +0900,import,2287,false,,,
2288,2990,5980,2025-12-20 16:56:11.436 +0900,import,2288,false,,,
2292,6990,13980,2025-12-20 16:56:11.460 +0900,import,2292,false,,,
2297,8300,16600,2025-12-20 16:56:11.492 +0900,import,2297,false,,,
2298,5990,11980,2025-12-20 16:56:11.499 +0900,import,2298,false,,,
2299,9990,16650,2025-12-20 16:56:11.505 +0900,import,2299,false,,,
2302,9990,16650,2025-12-20 16:56:11.525 +0900,import,2302,false,,,
2301,9990,16650,2025-12-20 16:56:11.519 +0900,import,2301,false,,,
2309,5970,9950,2025-12-20 16:56:11.574 +0900,import,2309,false,,,
2310,3300,6600,2025-12-20 16:56:11.581 +0900,import,2310,false,,,
2313,4400,8800,2025-12-20 16:56:11.600 +0900,import,2313,false,,,
2311,2200,4400,2025-12-20 16:56:11.587 +0900,import,2311,false,,,
2312,1190,2380,2025-12-20 16:56:11.594 +0900,import,2312,false,,,
2314,5490,9150,2025-12-20 16:56:11.606 +0900,import,2314,false,,,
2315,16500,33000,2025-12-20 16:56:11.613 +0900,import,2315,false,,,
2316,9900,16500,2025-12-20 16:56:11.619 +0900,import,2316,false,,,
2318,15900,26500,2025-12-20 16:56:11.631 +0900,import,2318,false,,,
2320,9900,16500,2025-12-20 16:56:11.643 +0900,import,2320,false,,,
2322,11550,16500,2025-12-20 16:56:11.655 +0900,import,2322,false,,,
2319,20930,29900,2025-12-20 16:56:11.637 +0900,import,2319,false,,,
2326,16500,27500,2025-12-20 16:56:11.682 +0900,import,2326,false,,,
2323,13930,19900,2025-12-20 16:56:11.662 +0900,import,2323,false,,,
2321,9900,16500,2025-12-20 16:56:11.649 +0900,import,2321,false,,,
2325,9540,15900,2025-12-20 16:56:11.676 +0900,import,2325,false,,,
2328,9030,12900,2025-12-20 16:56:11.695 +0900,import,2328,false,,,
9076,13990,,2025-12-20 17:07:35.421 +0900,crawl,350,true,5950,8040,135.13
2330,15900,,2025-12-20 16:56:11.708 +0900,import,2330,true,,,
2331,10900,,2025-12-20 16:56:11.713 +0900,import,2331,true,,,
2332,15900,,2025-12-20 16:56:11.720 +0900,import,2332,true,,,
2333,11900,,2025-12-20 16:56:11.726 +0900,import,2333,true,,,
2335,15900,,2025-12-20 16:56:11.739 +0900,import,2335,true,,,
2336,13900,,2025-12-20 16:56:11.745 +0900,import,2336,true,,,
2338,15900,,2025-12-20 16:56:11.757 +0900,import,2338,true,,,
2340,9990,,2025-12-20 16:56:11.769 +0900,import,2340,true,,,
2342,15900,,2025-12-20 16:56:11.783 +0900,import,2342,true,,,
2345,5990,,2025-12-20 16:56:11.806 +0900,import,2345,true,,,
2346,6990,,2025-12-20 16:56:11.813 +0900,import,2346,true,,,
2347,6990,,2025-12-20 16:56:11.819 +0900,import,2347,true,,,
2351,6990,,2025-12-20 16:56:11.841 +0900,import,2351,true,,,
2356,9990,,2025-12-20 16:56:11.876 +0900,import,2356,true,,,
2357,16500,,2025-12-20 16:56:11.881 +0900,import,2357,true,,,
2359,4990,,2025-12-20 16:56:11.893 +0900,import,2359,true,,,
2360,2990,,2025-12-20 16:56:11.900 +0900,import,2360,true,,,
2361,5990,,2025-12-20 16:56:11.908 +0900,import,2361,true,,,
2406,1000,,2025-12-20 16:56:12.223 +0900,import,2406,true,,,
2407,1000,,2025-12-20 16:56:12.231 +0900,import,2407,true,,,
2408,1000,,2025-12-20 16:56:12.238 +0900,import,2408,true,,,
2412,12900,,2025-12-20 16:56:12.262 +0900,import,2412,true,,,
2413,9990,,2025-12-20 16:56:12.268 +0900,import,2413,true,,,
2417,11900,,2025-12-20 16:56:12.292 +0900,import,2417,true,,,
2418,2190,,2025-12-20 16:56:12.298 +0900,import,2418,true,,,
2422,2990,,2025-12-20 16:56:12.321 +0900,import,2422,true,,,
2423,3290,,2025-12-20 16:56:12.327 +0900,import,2423,true,,,
2334,11550,16500,2025-12-20 16:56:11.732 +0900,import,2334,false,,,
2329,13930,19900,2025-12-20 16:56:11.702 +0900,import,2329,false,,,
2343,11940,19900,2025-12-20 16:56:11.790 +0900,import,2343,false,,,
2344,7740,12900,2025-12-20 16:56:11.795 +0900,import,2344,false,,,
2349,11940,19900,2025-12-20 16:56:11.829 +0900,import,2349,false,,,
2352,13930,19900,2025-12-20 16:56:11.850 +0900,import,2352,false,,,
2354,13930,19900,2025-12-20 16:56:11.862 +0900,import,2354,false,,,
2353,9950,19900,2025-12-20 16:56:11.856 +0900,import,2353,false,,,
2355,7740,12900,2025-12-20 16:56:11.871 +0900,import,2355,false,,,
2358,13930,19900,2025-12-20 16:56:11.888 +0900,import,2358,false,,,
2363,9900,16500,2025-12-20 16:56:11.922 +0900,import,2363,false,,,
2364,7740,12900,2025-12-20 16:56:11.929 +0900,import,2364,false,,,
2366,11940,19900,2025-12-20 16:56:11.944 +0900,import,2366,false,,,
2365,9900,16500,2025-12-20 16:56:11.937 +0900,import,2365,false,,,
2369,9900,16500,2025-12-20 16:56:11.962 +0900,import,2369,false,,,
2367,9540,15900,2025-12-20 16:56:11.951 +0900,import,2367,false,,,
2374,9900,16500,2025-12-20 16:56:12.000 +0900,import,2374,false,,,
2368,11550,16500,2025-12-20 16:56:11.956 +0900,import,2368,false,,,
2377,11940,19900,2025-12-20 16:56:12.018 +0900,import,2377,false,,,
2376,9540,15900,2025-12-20 16:56:12.012 +0900,import,2376,false,,,
2373,5700,9500,2025-12-20 16:56:11.990 +0900,import,2373,false,,,
2375,3900,6500,2025-12-20 16:56:12.006 +0900,import,2375,false,,,
2371,11550,16500,2025-12-20 16:56:11.974 +0900,import,2371,false,,,
2370,9540,15900,2025-12-20 16:56:11.969 +0900,import,2370,false,,,
2379,8250,16500,2025-12-20 16:56:12.030 +0900,import,2379,false,,,
2380,8250,16500,2025-12-20 16:56:12.036 +0900,import,2380,false,,,
2384,5750,11500,2025-12-20 16:56:12.064 +0900,import,2384,false,,,
2387,5750,11500,2025-12-20 16:56:12.083 +0900,import,2387,false,,,
2396,11940,19900,2025-12-20 16:56:12.159 +0900,import,2396,false,,,
2386,8250,16500,2025-12-20 16:56:12.077 +0900,import,2386,false,,,
2395,6990,9990,2025-12-20 16:56:12.154 +0900,import,2395,false,,,
2385,8950,17900,2025-12-20 16:56:12.071 +0900,import,2385,false,,,
2393,8950,17900,2025-12-20 16:56:12.144 +0900,import,2393,false,,,
2383,8950,17900,2025-12-20 16:56:12.058 +0900,import,2383,false,,,
2382,11990,19990,2025-12-20 16:56:12.053 +0900,import,2382,false,,,
2392,10980,18300,2025-12-20 16:56:12.135 +0900,import,2392,false,,,
2398,8950,17900,2025-12-20 16:56:12.170 +0900,import,2398,false,,,
2391,14990,24990,2025-12-20 16:56:12.123 +0900,import,2391,false,,,
2390,17990,25700,2025-12-20 16:56:12.114 +0900,import,2390,false,,,
2389,8250,16500,2025-12-20 16:56:12.106 +0900,import,2389,false,,,
2411,8950,17900,2025-12-20 16:56:12.256 +0900,import,2411,false,,,
2397,6250,12500,2025-12-20 16:56:12.165 +0900,import,2397,false,,,
2410,1790,,2025-12-20 16:56:12.249 +0900,import,2410,false,,,
2400,8250,16500,2025-12-20 16:56:12.183 +0900,import,2400,false,,,
2401,10980,18300,2025-12-20 16:56:12.187 +0900,import,2401,false,,,
2402,9990,14280,2025-12-20 16:56:12.196 +0900,import,2402,false,,,
2403,7980,13300,2025-12-20 16:56:12.207 +0900,import,2403,false,,,
2405,4790,7990,2025-12-20 16:56:12.219 +0900,import,2405,false,,,
2399,8250,16500,2025-12-20 16:56:12.177 +0900,import,2399,false,,,
2388,5990,9990,2025-12-20 16:56:12.094 +0900,import,2388,false,,,
2414,7980,11400,2025-12-20 16:56:12.273 +0900,import,2414,false,,,
2416,5490,10990,2025-12-20 16:56:12.286 +0900,import,2416,false,,,
2404,7980,13300,2025-12-20 16:56:12.213 +0900,import,2404,false,,,
2415,7980,13300,2025-12-20 16:56:12.280 +0900,import,2415,false,,,
2419,4980,8300,2025-12-20 16:56:12.304 +0900,import,2419,false,,,
2421,8950,17900,2025-12-20 16:56:12.316 +0900,import,2421,false,,,
2424,7980,13300,2025-12-20 16:56:12.333 +0900,import,2424,false,,,
2420,7500,12500,2025-12-20 16:56:12.310 +0900,import,2420,false,,,
2425,7980,13300,2025-12-20 16:56:12.339 +0900,import,2425,false,,,
2440,4490,,2025-12-20 16:56:12.427 +0900,import,2440,false,,,
2439,7990,,2025-12-20 16:56:12.421 +0900,import,2439,true,,,
2446,6990,,2025-12-20 16:56:12.459 +0900,import,2446,true,,,
2447,8990,,2025-12-20 16:56:12.465 +0900,import,2447,true,,,
2449,10900,,2025-12-20 16:56:12.476 +0900,import,2449,true,,,
2450,5990,,2025-12-20 16:56:12.483 +0900,import,2450,true,,,
2456,5990,,2025-12-20 16:56:12.519 +0900,import,2456,true,,,
2460,11990,,2025-12-20 16:56:12.543 +0900,import,2460,true,,,
2464,2390,,2025-12-20 16:56:12.568 +0900,import,2464,true,,,
2466,8990,,2025-12-20 16:56:12.581 +0900,import,2466,true,,,
2471,5490,,2025-12-20 16:56:12.611 +0900,import,2471,true,,,
2479,10890,,2025-12-20 16:56:12.660 +0900,import,2479,true,,,
2480,8990,,2025-12-20 16:56:12.666 +0900,import,2480,true,,,
2482,12490,,2025-12-20 16:56:12.678 +0900,import,2482,true,,,
2484,10990,,2025-12-20 16:56:12.690 +0900,import,2484,true,,,
2499,6990,,2025-12-20 16:56:12.779 +0900,import,2499,true,,,
2438,7980,13300,2025-12-20 16:56:12.415 +0900,import,2438,false,,,
2426,14990,24990,2025-12-20 16:56:12.345 +0900,import,2426,false,,,
2427,10990,21980,2025-12-20 16:56:12.351 +0900,import,2427,false,,,
2431,7990,9990,2025-12-20 16:56:12.376 +0900,import,2431,false,,,
2428,10790,17990,2025-12-20 16:56:12.357 +0900,import,2428,false,,,
2451,12900,21500,2025-12-20 16:56:12.490 +0900,import,2451,false,,,
2429,5490,10990,2025-12-20 16:56:12.363 +0900,import,2429,false,,,
2434,4790,7990,2025-12-20 16:56:12.392 +0900,import,2434,false,,,
2435,4790,7990,2025-12-20 16:56:12.397 +0900,import,2435,false,,,
2444,11900,17000,2025-12-20 16:56:12.448 +0900,import,2444,false,,,
2445,11900,17000,2025-12-20 16:56:12.454 +0900,import,2445,false,,,
2448,4980,8300,2025-12-20 16:56:12.470 +0900,import,2448,false,,,
2432,7500,12500,2025-12-20 16:56:12.381 +0900,import,2432,false,,,
2442,4790,7990,2025-12-20 16:56:12.438 +0900,import,2442,false,,,
2441,4990,,2025-12-20 16:56:12.432 +0900,import,2441,false,,,
2443,4790,7990,2025-12-20 16:56:12.443 +0900,import,2443,false,,,
2452,6900,11500,2025-12-20 16:56:12.496 +0900,import,2452,false,,,
2453,6900,11500,2025-12-20 16:56:12.501 +0900,import,2453,false,,,
2454,15990,19990,2025-12-20 16:56:12.507 +0900,import,2454,false,,,
2437,15920,19900,2025-12-20 16:56:12.409 +0900,import,2437,false,,,
2455,4980,8300,2025-12-20 16:56:12.513 +0900,import,2455,false,,,
2459,3990,6650,2025-12-20 16:56:12.537 +0900,import,2459,false,,,
2457,5990,9990,2025-12-20 16:56:12.525 +0900,import,2457,false,,,
2458,7980,13300,2025-12-20 16:56:12.531 +0900,import,2458,false,,,
2461,5990,11980,2025-12-20 16:56:12.549 +0900,import,2461,false,,,
2463,2990,4280,2025-12-20 16:56:12.561 +0900,import,2463,false,,,
2465,3990,7980,2025-12-20 16:56:12.575 +0900,import,2465,false,,,
2469,4780,7980,2025-12-20 16:56:12.599 +0900,import,2469,false,,,
2475,8560,14280,2025-12-20 16:56:12.635 +0900,import,2475,false,,,
2468,2280,3800,2025-12-20 16:56:12.594 +0900,import,2468,false,,,
2470,7980,11400,2025-12-20 16:56:12.605 +0900,import,2470,false,,,
2473,3990,6650,2025-12-20 16:56:12.622 +0900,import,2473,false,,,
2467,5990,,2025-12-20 16:56:12.588 +0900,import,2467,false,,,
2474,4990,9980,2025-12-20 16:56:12.628 +0900,import,2474,false,,,
2495,8990,,2025-12-20 16:56:12.755 +0900,import,2495,false,,,
2478,7980,11400,2025-12-20 16:56:12.653 +0900,import,2478,false,,,
2481,2990,4280,2025-12-20 16:56:12.672 +0900,import,2481,false,,,
2477,10990,15700,2025-12-20 16:56:12.647 +0900,import,2477,false,,,
2493,12950,18500,2025-12-20 16:56:12.742 +0900,import,2493,false,,,
2472,7980,11400,2025-12-20 16:56:12.617 +0900,import,2472,false,,,
2496,5990,9990,2025-12-20 16:56:12.761 +0900,import,2496,false,,,
2510,13930,19900,2025-12-20 16:56:12.843 +0900,import,2510,false,,,
2494,9800,14000,2025-12-20 16:56:12.748 +0900,import,2494,false,,,
2489,5990,11990,2025-12-20 16:56:12.720 +0900,import,2489,false,,,
2490,5990,9990,2025-12-20 16:56:12.725 +0900,import,2490,false,,,
2516,4890,6990,2025-12-20 16:56:12.878 +0900,import,2516,false,,,
2497,6990,9990,2025-12-20 16:56:12.767 +0900,import,2497,false,,,
2519,7990,9990,2025-12-20 16:56:12.896 +0900,import,2519,false,,,
2476,4890,6990,2025-12-20 16:56:12.641 +0900,import,2476,false,,,
2506,3990,6650,2025-12-20 16:56:12.820 +0900,import,2506,false,,,
2487,4190,6990,2025-12-20 16:56:12.708 +0900,import,2487,false,,,
2492,3990,6650,2025-12-20 16:56:12.736 +0900,import,2492,false,,,
2513,7980,11400,2025-12-20 16:56:12.861 +0900,import,2513,false,,,
2485,6990,11650,2025-12-20 16:56:12.696 +0900,import,2485,false,,,
2514,4780,7980,2025-12-20 16:56:12.867 +0900,import,2514,false,,,
2512,2490,3120,2025-12-20 16:56:12.856 +0900,import,2512,false,,,
2507,3990,6650,2025-12-20 16:56:12.826 +0900,import,2507,false,,,
2515,4970,7100,2025-12-20 16:56:12.872 +0900,import,2515,false,,,
2517,3990,6650,2025-12-20 16:56:12.884 +0900,import,2517,false,,,
2501,5990,,2025-12-20 16:56:12.790 +0900,import,2501,false,,,
2486,7990,9990,2025-12-20 16:56:12.702 +0900,import,2486,false,,,
2520,8990,12850,2025-12-20 16:56:12.902 +0900,import,2520,false,,,
2504,10960,13700,2025-12-20 16:56:12.809 +0900,import,2504,false,,,
2498,7990,9990,2025-12-20 16:56:12.773 +0900,import,2498,false,,,
2521,7280,10400,2025-12-20 16:56:12.908 +0900,import,2521,false,,,
2523,3990,,2025-12-20 16:56:12.920 +0900,import,2523,true,,,
2525,2990,,2025-12-20 16:56:12.933 +0900,import,2525,true,,,
2568,10900,,2025-12-20 16:56:13.211 +0900,import,2568,false,,,
2529,2990,,2025-12-20 16:56:12.959 +0900,import,2529,true,,,
2534,6790,,2025-12-20 16:56:12.988 +0900,import,2534,true,,,
2551,14900,,2025-12-20 16:56:13.099 +0900,import,2551,true,,,
2552,9990,,2025-12-20 16:56:13.106 +0900,import,2552,true,,,
2562,16500,,2025-12-20 16:56:13.172 +0900,import,2562,true,,,
2565,16500,,2025-12-20 16:56:13.191 +0900,import,2565,true,,,
2566,16500,,2025-12-20 16:56:13.198 +0900,import,2566,true,,,
2577,12900,,2025-12-20 16:56:13.267 +0900,import,2577,true,,,
2584,16900,,2025-12-20 16:56:13.310 +0900,import,2584,true,,,
2585,16900,,2025-12-20 16:56:13.317 +0900,import,2585,true,,,
2586,3490,,2025-12-20 16:56:13.323 +0900,import,2586,true,,,
2587,1990,,2025-12-20 16:56:13.329 +0900,import,2587,true,,,
2588,2990,,2025-12-20 16:56:13.335 +0900,import,2588,true,,,
2589,2490,,2025-12-20 16:56:13.341 +0900,import,2589,true,,,
2590,1990,,2025-12-20 16:56:13.347 +0900,import,2590,true,,,
2591,1990,,2025-12-20 16:56:13.353 +0900,import,2591,true,,,
2592,3490,,2025-12-20 16:56:13.358 +0900,import,2592,true,,,
2593,2490,,2025-12-20 16:56:13.364 +0900,import,2593,true,,,
2594,1990,,2025-12-20 16:56:13.370 +0900,import,2594,true,,,
2595,2990,,2025-12-20 16:56:13.376 +0900,import,2595,true,,,
2598,3790,,2025-12-20 16:56:13.394 +0900,import,2598,true,,,
2599,5890,,2025-12-20 16:56:13.399 +0900,import,2599,true,,,
2600,2690,,2025-12-20 16:56:13.406 +0900,import,2600,true,,,
2601,5990,,2025-12-20 16:56:13.411 +0900,import,2601,true,,,
2603,3790,,2025-12-20 16:56:13.423 +0900,import,2603,true,,,
2604,5490,,2025-12-20 16:56:13.429 +0900,import,2604,true,,,
2605,6390,,2025-12-20 16:56:13.434 +0900,import,2605,true,,,
2607,5490,,2025-12-20 16:56:13.445 +0900,import,2607,true,,,
2608,2990,,2025-12-20 16:56:13.451 +0900,import,2608,true,,,
2609,6390,,2025-12-20 16:56:13.456 +0900,import,2609,true,,,
2610,3890,,2025-12-20 16:56:13.462 +0900,import,2610,true,,,
2612,2990,,2025-12-20 16:56:13.473 +0900,import,2612,true,,,
2614,6590,,2025-12-20 16:56:13.484 +0900,import,2614,true,,,
2616,1990,,2025-12-20 16:56:13.495 +0900,import,2616,true,,,
2618,7790,,2025-12-20 16:56:13.506 +0900,import,2618,true,,,
2619,6490,,2025-12-20 16:56:13.512 +0900,import,2619,true,,,
2526,6990,11650,2025-12-20 16:56:12.939 +0900,import,2526,false,,,
2530,1990,2850,2025-12-20 16:56:12.965 +0900,import,2530,false,,,
2528,9450,13500,2025-12-20 16:56:12.953 +0900,import,2528,false,,,
2531,3990,4990,2025-12-20 16:56:12.970 +0900,import,2531,false,,,
2527,12950,18500,2025-12-20 16:56:12.946 +0900,import,2527,false,,,
2535,4790,5990,2025-12-20 16:56:12.994 +0900,import,2535,false,,,
2533,6990,9990,2025-12-20 16:56:12.982 +0900,import,2533,false,,,
2536,11940,19900,2025-12-20 16:56:13.001 +0900,import,2536,false,,,
2537,11940,19900,2025-12-20 16:56:13.008 +0900,import,2537,false,,,
2538,11340,18900,2025-12-20 16:56:13.014 +0900,import,2538,false,,,
2540,6990,9990,2025-12-20 16:56:13.028 +0900,import,2540,false,,,
2539,11940,19900,2025-12-20 16:56:13.021 +0900,import,2539,false,,,
2545,13930,19900,2025-12-20 16:56:13.060 +0900,import,2545,false,,,
2541,15920,19900,2025-12-20 16:56:13.034 +0900,import,2541,false,,,
2548,16740,27900,2025-12-20 16:56:13.080 +0900,import,2548,false,,,
2542,8720,10900,2025-12-20 16:56:13.042 +0900,import,2542,false,,,
2543,9730,13900,2025-12-20 16:56:13.048 +0900,import,2543,false,,,
2546,13230,18900,2025-12-20 16:56:13.067 +0900,import,2546,false,,,
2547,11940,19900,2025-12-20 16:56:13.073 +0900,import,2547,false,,,
2553,13930,19900,2025-12-20 16:56:13.112 +0900,import,2553,false,,,
2557,15540,25900,2025-12-20 16:56:13.139 +0900,import,2557,false,,,
2574,15330,21900,2025-12-20 16:56:13.248 +0900,import,2574,false,,,
2549,11940,19900,2025-12-20 16:56:13.086 +0900,import,2549,false,,,
2561,15920,19900,2025-12-20 16:56:13.165 +0900,import,2561,false,,,
2570,13930,19900,2025-12-20 16:56:13.224 +0900,import,2570,false,,,
2556,11900,,2025-12-20 16:56:13.133 +0900,import,2556,false,,,
2564,12900,,2025-12-20 16:56:13.185 +0900,import,2564,false,,,
2558,7990,9990,2025-12-20 16:56:13.146 +0900,import,2558,false,,,
2544,18130,25900,2025-12-20 16:56:13.054 +0900,import,2544,false,,,
2559,14940,24900,2025-12-20 16:56:13.152 +0900,import,2559,false,,,
2560,17940,29900,2025-12-20 16:56:13.159 +0900,import,2560,false,,,
2573,18130,25900,2025-12-20 16:56:13.242 +0900,import,2573,false,,,
2578,20720,25900,2025-12-20 16:56:13.275 +0900,import,2578,false,,,
2567,11130,15900,2025-12-20 16:56:13.205 +0900,import,2567,false,,,
2550,13930,19900,2025-12-20 16:56:13.093 +0900,import,2550,false,,,
2555,10430,14900,2025-12-20 16:56:13.127 +0900,import,2555,false,,,
2569,9730,13900,2025-12-20 16:56:13.218 +0900,import,2569,false,,,
2571,19950,39900,2025-12-20 16:56:13.230 +0900,import,2571,false,,,
2554,15920,19900,2025-12-20 16:56:13.119 +0900,import,2554,false,,,
2572,23920,29900,2025-12-20 16:56:13.236 +0900,import,2572,false,,,
2575,18130,25900,2025-12-20 16:56:13.255 +0900,import,2575,false,,,
2576,13230,18900,2025-12-20 16:56:13.261 +0900,import,2576,false,,,
2581,15900,,2025-12-20 16:56:13.292 +0900,import,2581,false,,,
2582,15920,19900,2025-12-20 16:56:13.299 +0900,import,2582,false,,,
2583,15900,,2025-12-20 16:56:13.305 +0900,import,2583,false,,,
2602,3490,,2025-12-20 16:56:13.417 +0900,import,2602,false,,,
2606,5290,,2025-12-20 16:56:13.440 +0900,import,2606,false,,,
2611,2790,,2025-12-20 16:56:13.467 +0900,import,2611,false,,,
2615,2790,,2025-12-20 16:56:13.490 +0900,import,2615,false,,,
2617,5990,,2025-12-20 16:56:13.501 +0900,import,2617,false,,,
2620,6290,,2025-12-20 16:56:13.517 +0900,import,2620,true,,,
2621,6290,,2025-12-20 16:56:13.523 +0900,import,2621,true,,,
2622,6290,,2025-12-20 16:56:13.529 +0900,import,2622,true,,,
2623,5800,,2025-12-20 16:56:13.535 +0900,import,2623,true,,,
2624,6290,,2025-12-20 16:56:13.541 +0900,import,2624,true,,,
2626,3990,,2025-12-20 16:56:13.552 +0900,import,2626,true,,,
2657,4990,,2025-12-20 16:56:13.727 +0900,import,2657,false,,,
2628,3990,,2025-12-20 16:56:13.563 +0900,import,2628,true,,,
2629,5800,,2025-12-20 16:56:13.569 +0900,import,2629,true,,,
2630,550,,2025-12-20 16:56:13.575 +0900,import,2630,true,,,
2631,550,,2025-12-20 16:56:13.581 +0900,import,2631,true,,,
2632,550,,2025-12-20 16:56:13.587 +0900,import,2632,true,,,
2633,4890,,2025-12-20 16:56:13.592 +0900,import,2633,true,,,
2634,3990,,2025-12-20 16:56:13.598 +0900,import,2634,true,,,
2635,5800,,2025-12-20 16:56:13.603 +0900,import,2635,true,,,
2636,3990,,2025-12-20 16:56:13.609 +0900,import,2636,true,,,
2637,3990,,2025-12-20 16:56:13.615 +0900,import,2637,true,,,
2638,2790,,2025-12-20 16:56:13.620 +0900,import,2638,true,,,
2639,3990,,2025-12-20 16:56:13.626 +0900,import,2639,true,,,
2640,2790,,2025-12-20 16:56:13.631 +0900,import,2640,true,,,
2641,3990,,2025-12-20 16:56:13.637 +0900,import,2641,true,,,
2643,3990,,2025-12-20 16:56:13.649 +0900,import,2643,true,,,
2644,7990,,2025-12-20 16:56:13.655 +0900,import,2644,true,,,
2645,2300,,2025-12-20 16:56:13.660 +0900,import,2645,true,,,
2647,7990,,2025-12-20 16:56:13.671 +0900,import,2647,true,,,
2648,5990,,2025-12-20 16:56:13.677 +0900,import,2648,true,,,
2649,5990,,2025-12-20 16:56:13.683 +0900,import,2649,true,,,
2650,6990,,2025-12-20 16:56:13.688 +0900,import,2650,true,,,
2651,4490,,2025-12-20 16:56:13.694 +0900,import,2651,true,,,
2653,2590,,2025-12-20 16:56:13.705 +0900,import,2653,true,,,
2654,2590,,2025-12-20 16:56:13.710 +0900,import,2654,true,,,
2655,14900,,2025-12-20 16:56:13.716 +0900,import,2655,true,,,
2656,14900,,2025-12-20 16:56:13.722 +0900,import,2656,true,,,
2658,11900,,2025-12-20 16:56:13.734 +0900,import,2658,true,,,
2659,1750,,2025-12-20 16:56:13.740 +0900,import,2659,true,,,
2660,6690,,2025-12-20 16:56:13.746 +0900,import,2660,true,,,
2662,19900,,2025-12-20 16:56:13.756 +0900,import,2662,true,,,
2666,6690,,2025-12-20 16:56:13.780 +0900,import,2666,true,,,
2667,4990,,2025-12-20 16:56:13.785 +0900,import,2667,true,,,
2669,11900,,2025-12-20 16:56:13.797 +0900,import,2669,true,,,
2674,4490,,2025-12-20 16:56:13.826 +0900,import,2674,true,,,
2676,16900,,2025-12-20 16:56:13.837 +0900,import,2676,true,,,
2677,2300,,2025-12-20 16:56:13.842 +0900,import,2677,true,,,
2678,5690,,2025-12-20 16:56:13.848 +0900,import,2678,true,,,
2679,1990,,2025-12-20 16:56:13.853 +0900,import,2679,true,,,
2680,2300,,2025-12-20 16:56:13.859 +0900,import,2680,true,,,
2681,5290,,2025-12-20 16:56:13.865 +0900,import,2681,true,,,
2683,8990,,2025-12-20 16:56:13.877 +0900,import,2683,true,,,
2684,6290,,2025-12-20 16:56:13.882 +0900,import,2684,true,,,
2686,17900,,2025-12-20 16:56:13.894 +0900,import,2686,true,,,
2687,1990,,2025-12-20 16:56:13.899 +0900,import,2687,true,,,
2688,1990,,2025-12-20 16:56:13.905 +0900,import,2688,true,,,
2689,5490,,2025-12-20 16:56:13.911 +0900,import,2689,true,,,
2690,7590,,2025-12-20 16:56:13.916 +0900,import,2690,true,,,
2692,2290,,2025-12-20 16:56:13.928 +0900,import,2692,true,,,
2693,5490,,2025-12-20 16:56:13.935 +0900,import,2693,true,,,
2694,2990,,2025-12-20 16:56:13.940 +0900,import,2694,true,,,
2695,5790,,2025-12-20 16:56:13.946 +0900,import,2695,true,,,
2696,5490,,2025-12-20 16:56:13.952 +0900,import,2696,true,,,
2698,2490,,2025-12-20 16:56:13.963 +0900,import,2698,true,,,
2699,2290,,2025-12-20 16:56:13.969 +0900,import,2699,true,,,
2702,3190,,2025-12-20 16:56:13.986 +0900,import,2702,true,,,
2703,2700,,2025-12-20 16:56:13.992 +0900,import,2703,true,,,
2704,2990,,2025-12-20 16:56:13.997 +0900,import,2704,true,,,
2705,4990,,2025-12-20 16:56:14.003 +0900,import,2705,true,,,
2707,4990,,2025-12-20 16:56:14.020 +0900,import,2707,true,,,
2708,2590,,2025-12-20 16:56:14.028 +0900,import,2708,true,,,
2709,2290,,2025-12-20 16:56:14.036 +0900,import,2709,true,,,
2711,7290,,2025-12-20 16:56:14.051 +0900,import,2711,true,,,
2712,5690,,2025-12-20 16:56:14.057 +0900,import,2712,true,,,
2713,4290,,2025-12-20 16:56:14.062 +0900,import,2713,true,,,
2714,3990,,2025-12-20 16:56:14.068 +0900,import,2714,true,,,
2715,2990,,2025-12-20 16:56:14.074 +0900,import,2715,true,,,
2716,2990,,2025-12-20 16:56:14.079 +0900,import,2716,true,,,
2627,7290,,2025-12-20 16:56:13.558 +0900,import,2627,false,,,
2642,3490,,2025-12-20 16:56:13.643 +0900,import,2642,false,,,
2646,3490,,2025-12-20 16:56:13.666 +0900,import,2646,false,,,
2652,3490,,2025-12-20 16:56:13.700 +0900,import,2652,false,,,
2664,4990,,2025-12-20 16:56:13.769 +0900,import,2664,false,,,
2663,4720,,2025-12-20 16:56:13.763 +0900,import,2663,false,,,
2672,3990,,2025-12-20 16:56:13.814 +0900,import,2672,false,,,
2675,3990,,2025-12-20 16:56:13.831 +0900,import,2675,false,,,
2682,3990,,2025-12-20 16:56:13.871 +0900,import,2682,false,,,
2673,3990,,2025-12-20 16:56:13.820 +0900,import,2673,false,,,
2665,3990,,2025-12-20 16:56:13.774 +0900,import,2665,false,,,
2691,5490,,2025-12-20 16:56:13.922 +0900,import,2691,false,,,
2697,6490,,2025-12-20 16:56:13.957 +0900,import,2697,false,,,
2700,5290,,2025-12-20 16:56:13.975 +0900,import,2700,false,,,
2701,6490,,2025-12-20 16:56:13.980 +0900,import,2701,false,,,
2710,1250,1390,2025-12-20 16:56:14.043 +0900,import,2710,false,,,
2717,3990,,2025-12-20 16:56:14.085 +0900,import,2717,true,,,
2718,2990,,2025-12-20 16:56:14.091 +0900,import,2718,true,,,
2719,3990,,2025-12-20 16:56:14.096 +0900,import,2719,true,,,
2720,4990,,2025-12-20 16:56:14.102 +0900,import,2720,true,,,
2721,6490,,2025-12-20 16:56:14.108 +0900,import,2721,true,,,
2723,3790,,2025-12-20 16:56:14.119 +0900,import,2723,true,,,
2724,2190,,2025-12-20 16:56:14.125 +0900,import,2724,true,,,
2725,6490,,2025-12-20 16:56:14.131 +0900,import,2725,true,,,
2726,3790,,2025-12-20 16:56:14.136 +0900,import,2726,true,,,
2787,3790,,2025-12-20 16:56:14.492 +0900,import,2787,false,,,
2730,3790,,2025-12-20 16:56:14.158 +0900,import,2730,true,,,
2731,3790,,2025-12-20 16:56:14.164 +0900,import,2731,true,,,
2733,3790,,2025-12-20 16:56:14.175 +0900,import,2733,true,,,
2735,3790,,2025-12-20 16:56:14.187 +0900,import,2735,true,,,
2736,3790,,2025-12-20 16:56:14.192 +0900,import,2736,true,,,
2737,3990,,2025-12-20 16:56:14.198 +0900,import,2737,true,,,
2738,1690,,2025-12-20 16:56:14.205 +0900,import,2738,true,,,
2739,1690,,2025-12-20 16:56:14.211 +0900,import,2739,true,,,
2740,5990,,2025-12-20 16:56:14.216 +0900,import,2740,true,,,
2742,4990,,2025-12-20 16:56:14.227 +0900,import,2742,true,,,
2744,3790,,2025-12-20 16:56:14.238 +0900,import,2744,true,,,
2746,4090,,2025-12-20 16:56:14.250 +0900,import,2746,true,,,
2747,1690,,2025-12-20 16:56:14.256 +0900,import,2747,true,,,
2748,4490,,2025-12-20 16:56:14.262 +0900,import,2748,true,,,
2751,3490,,2025-12-20 16:56:14.280 +0900,import,2751,true,,,
2752,6990,,2025-12-20 16:56:14.286 +0900,import,2752,true,,,
2753,6690,,2025-12-20 16:56:14.291 +0900,import,2753,true,,,
2754,2990,,2025-12-20 16:56:14.298 +0900,import,2754,true,,,
2755,2990,,2025-12-20 16:56:14.304 +0900,import,2755,true,,,
2758,3990,,2025-12-20 16:56:14.320 +0900,import,2758,true,,,
2761,3990,,2025-12-20 16:56:14.340 +0900,import,2761,true,,,
2765,4900,,2025-12-20 16:56:14.364 +0900,import,2765,true,,,
2768,3990,,2025-12-20 16:56:14.380 +0900,import,2768,true,,,
2769,3790,,2025-12-20 16:56:14.387 +0900,import,2769,true,,,
2771,3990,,2025-12-20 16:56:14.401 +0900,import,2771,true,,,
2772,3990,,2025-12-20 16:56:14.405 +0900,import,2772,true,,,
2773,3990,,2025-12-20 16:56:14.412 +0900,import,2773,true,,,
2774,3990,,2025-12-20 16:56:14.421 +0900,import,2774,true,,,
2775,2990,,2025-12-20 16:56:14.427 +0900,import,2775,true,,,
2776,2990,,2025-12-20 16:56:14.432 +0900,import,2776,true,,,
2779,2490,,2025-12-20 16:56:14.449 +0900,import,2779,true,,,
2780,3690,,2025-12-20 16:56:14.454 +0900,import,2780,true,,,
2781,4990,,2025-12-20 16:56:14.458 +0900,import,2781,true,,,
2782,3990,,2025-12-20 16:56:14.463 +0900,import,2782,true,,,
2784,2490,,2025-12-20 16:56:14.474 +0900,import,2784,true,,,
2785,6400,,2025-12-20 16:56:14.480 +0900,import,2785,true,,,
2786,3990,,2025-12-20 16:56:14.486 +0900,import,2786,true,,,
2788,3990,,2025-12-20 16:56:14.498 +0900,import,2788,true,,,
2789,4090,,2025-12-20 16:56:14.503 +0900,import,2789,true,,,
2791,4990,,2025-12-20 16:56:14.515 +0900,import,2791,true,,,
2792,5990,,2025-12-20 16:56:14.520 +0900,import,2792,true,,,
2794,4990,,2025-12-20 16:56:14.532 +0900,import,2794,true,,,
2795,5990,,2025-12-20 16:56:14.537 +0900,import,2795,true,,,
2798,4990,,2025-12-20 16:56:14.556 +0900,import,2798,true,,,
2799,3980,,2025-12-20 16:56:14.561 +0900,import,2799,true,,,
2800,3980,,2025-12-20 16:56:14.567 +0900,import,2800,true,,,
2801,3990,,2025-12-20 16:56:14.573 +0900,import,2801,true,,,
2802,5990,,2025-12-20 16:56:14.579 +0900,import,2802,true,,,
2804,5790,,2025-12-20 16:56:14.590 +0900,import,2804,true,,,
2805,6880,,2025-12-20 16:56:14.596 +0900,import,2805,true,,,
2807,3990,,2025-12-20 16:56:14.607 +0900,import,2807,true,,,
2809,3090,,2025-12-20 16:56:14.618 +0900,import,2809,true,,,
2728,3490,,2025-12-20 16:56:14.147 +0900,import,2728,false,,,
2732,4490,,2025-12-20 16:56:14.170 +0900,import,2732,false,,,
2734,5990,,2025-12-20 16:56:14.181 +0900,import,2734,false,,,
2729,2190,,2025-12-20 16:56:14.153 +0900,import,2729,false,,,
2727,2190,,2025-12-20 16:56:14.142 +0900,import,2727,false,,,
2778,5790,,2025-12-20 16:56:14.444 +0900,import,2778,false,,,
2762,3990,,2025-12-20 16:56:14.346 +0900,import,2762,false,,,
2756,5990,,2025-12-20 16:56:14.309 +0900,import,2756,false,,,
2790,4990,,2025-12-20 16:56:14.509 +0900,import,2790,false,,,
2750,3990,,2025-12-20 16:56:14.273 +0900,import,2750,false,,,
2766,2990,,2025-12-20 16:56:14.371 +0900,import,2766,false,,,
2743,5990,,2025-12-20 16:56:14.233 +0900,import,2743,false,,,
2777,1900,,2025-12-20 16:56:14.438 +0900,import,2777,false,,,
2793,3990,,2025-12-20 16:56:14.526 +0900,import,2793,false,,,
2806,6990,,2025-12-20 16:56:14.601 +0900,import,2806,false,,,
2808,4990,,2025-12-20 16:56:14.613 +0900,import,2808,false,,,
2812,4790,,2025-12-20 16:56:14.635 +0900,import,2812,false,,,
2811,2990,,2025-12-20 16:56:14.630 +0900,import,2811,false,,,
2810,4190,,2025-12-20 16:56:14.624 +0900,import,2810,false,,,
2813,5990,,2025-12-20 16:56:14.641 +0900,import,2813,false,,,
2814,8000,,2025-12-20 16:56:14.647 +0900,import,2814,true,,,
2815,7990,,2025-12-20 16:56:14.653 +0900,import,2815,true,,,
2864,8590,,2025-12-20 16:56:14.936 +0900,import,2864,false,,,
2818,5090,,2025-12-20 16:56:14.670 +0900,import,2818,true,,,
2821,6990,,2025-12-20 16:56:14.688 +0900,import,2821,true,,,
2822,6990,,2025-12-20 16:56:14.694 +0900,import,2822,true,,,
2823,2190,,2025-12-20 16:56:14.700 +0900,import,2823,true,,,
2827,3990,,2025-12-20 16:56:14.724 +0900,import,2827,true,,,
2829,2200,,2025-12-20 16:56:14.735 +0900,import,2829,true,,,
2830,3990,,2025-12-20 16:56:14.741 +0900,import,2830,true,,,
2831,3990,,2025-12-20 16:56:14.746 +0900,import,2831,true,,,
2832,10800,,2025-12-20 16:56:14.752 +0900,import,2832,true,,,
2833,2690,,2025-12-20 16:56:14.758 +0900,import,2833,true,,,
2835,3990,,2025-12-20 16:56:14.769 +0900,import,2835,true,,,
2836,5690,,2025-12-20 16:56:14.775 +0900,import,2836,true,,,
2837,2200,,2025-12-20 16:56:14.781 +0900,import,2837,true,,,
2838,2200,,2025-12-20 16:56:14.787 +0900,import,2838,true,,,
2839,2200,,2025-12-20 16:56:14.792 +0900,import,2839,true,,,
2840,890,,2025-12-20 16:56:14.798 +0900,import,2840,true,,,
2841,10900,,2025-12-20 16:56:14.804 +0900,import,2841,true,,,
2844,1290,,2025-12-20 16:56:14.822 +0900,import,2844,true,,,
2845,3990,,2025-12-20 16:56:14.827 +0900,import,2845,true,,,
2846,2490,,2025-12-20 16:56:14.833 +0900,import,2846,true,,,
2849,5490,,2025-12-20 16:56:14.850 +0900,import,2849,true,,,
2851,10900,,2025-12-20 16:56:14.862 +0900,import,2851,true,,,
2857,3990,,2025-12-20 16:56:14.896 +0900,import,2857,true,,,
2858,3990,,2025-12-20 16:56:14.902 +0900,import,2858,true,,,
2859,10990,,2025-12-20 16:56:14.908 +0900,import,2859,true,,,
2862,9490,,2025-12-20 16:56:14.925 +0900,import,2862,true,,,
2863,3390,,2025-12-20 16:56:14.931 +0900,import,2863,true,,,
2866,4490,,2025-12-20 16:56:14.948 +0900,import,2866,true,,,
2867,6490,,2025-12-20 16:56:14.954 +0900,import,2867,true,,,
2869,5990,,2025-12-20 16:56:14.966 +0900,import,2869,true,,,
2870,2290,,2025-12-20 16:56:14.972 +0900,import,2870,true,,,
2871,2490,,2025-12-20 16:56:14.978 +0900,import,2871,true,,,
2872,6990,,2025-12-20 16:56:14.984 +0900,import,2872,true,,,
2873,5250,,2025-12-20 16:56:14.990 +0900,import,2873,true,,,
2874,6400,,2025-12-20 16:56:14.996 +0900,import,2874,true,,,
2876,5290,,2025-12-20 16:56:15.008 +0900,import,2876,true,,,
2878,3990,,2025-12-20 16:56:15.020 +0900,import,2878,true,,,
2880,4990,,2025-12-20 16:56:15.033 +0900,import,2880,true,,,
2881,5290,,2025-12-20 16:56:15.039 +0900,import,2881,true,,,
2884,7490,,2025-12-20 16:56:15.057 +0900,import,2884,true,,,
2885,3280,,2025-12-20 16:56:15.063 +0900,import,2885,true,,,
2886,3280,,2025-12-20 16:56:15.069 +0900,import,2886,true,,,
2887,18990,,2025-12-20 16:56:15.075 +0900,import,2887,true,,,
2888,18990,,2025-12-20 16:56:15.081 +0900,import,2888,true,,,
2889,23900,,2025-12-20 16:56:15.087 +0900,import,2889,true,,,
2890,3290,,2025-12-20 16:56:15.093 +0900,import,2890,true,,,
2891,21990,,2025-12-20 16:56:15.099 +0900,import,2891,true,,,
2892,18990,,2025-12-20 16:56:15.106 +0900,import,2892,true,,,
2893,18990,,2025-12-20 16:56:15.112 +0900,import,2893,true,,,
2894,3290,,2025-12-20 16:56:15.118 +0900,import,2894,true,,,
2895,18990,,2025-12-20 16:56:15.124 +0900,import,2895,true,,,
2896,19990,,2025-12-20 16:56:15.130 +0900,import,2896,true,,,
2897,17800,,2025-12-20 16:56:15.136 +0900,import,2897,true,,,
2898,18990,,2025-12-20 16:56:15.142 +0900,import,2898,true,,,
2899,9990,,2025-12-20 16:56:15.149 +0900,import,2899,true,,,
2900,1000,,2025-12-20 16:56:15.155 +0900,import,2900,true,,,
2901,18900,,2025-12-20 16:56:15.161 +0900,import,2901,true,,,
2902,18990,,2025-12-20 16:56:15.167 +0900,import,2902,true,,,
2903,18990,,2025-12-20 16:56:15.173 +0900,import,2903,true,,,
2904,23900,,2025-12-20 16:56:15.179 +0900,import,2904,true,,,
2905,19900,,2025-12-20 16:56:15.185 +0900,import,2905,true,,,
2906,19900,,2025-12-20 16:56:15.191 +0900,import,2906,true,,,
2907,21500,,2025-12-20 16:56:15.198 +0900,import,2907,true,,,
2908,19990,,2025-12-20 16:56:15.204 +0900,import,2908,true,,,
2909,18900,,2025-12-20 16:56:15.210 +0900,import,2909,true,,,
2910,18990,,2025-12-20 16:56:15.216 +0900,import,2910,true,,,
2847,8990,,2025-12-20 16:56:14.839 +0900,import,2847,false,,,
2817,3490,,2025-12-20 16:56:14.664 +0900,import,2817,false,,,
2819,8990,,2025-12-20 16:56:14.676 +0900,import,2819,false,,,
2824,2690,,2025-12-20 16:56:14.706 +0900,import,2824,false,,,
2834,3990,,2025-12-20 16:56:14.763 +0900,import,2834,false,,,
2826,3990,,2025-12-20 16:56:14.718 +0900,import,2826,false,,,
2828,8990,,2025-12-20 16:56:14.729 +0900,import,2828,false,,,
2860,1590,,2025-12-20 16:56:14.913 +0900,import,2860,false,,,
2861,1590,,2025-12-20 16:56:14.919 +0900,import,2861,false,,,
2825,1290,,2025-12-20 16:56:14.712 +0900,import,2825,false,,,
2843,2690,,2025-12-20 16:56:14.816 +0900,import,2843,false,,,
2850,1590,,2025-12-20 16:56:14.856 +0900,import,2850,false,,,
2852,3990,,2025-12-20 16:56:14.868 +0900,import,2852,false,,,
2865,3280,,2025-12-20 16:56:14.942 +0900,import,2865,false,,,
2868,3990,,2025-12-20 16:56:14.960 +0900,import,2868,false,,,
2875,3490,,2025-12-20 16:56:15.003 +0900,import,2875,false,,,
2879,6990,,2025-12-20 16:56:15.026 +0900,import,2879,false,,,
2882,1900,,2025-12-20 16:56:15.045 +0900,import,2882,false,,,
2883,6990,,2025-12-20 16:56:15.051 +0900,import,2883,false,,,
2911,18990,,2025-12-20 16:56:15.222 +0900,import,2911,true,,,
2912,18900,,2025-12-20 16:56:15.228 +0900,import,2912,true,,,
9082,3890,,2025-12-20 17:07:37.289 +0900,crawl,133,true,3490,400,11.46
2914,16800,,2025-12-20 16:56:15.240 +0900,import,2914,true,,,
2915,14990,,2025-12-20 16:56:15.246 +0900,import,2915,true,,,
2916,15200,,2025-12-20 16:56:15.252 +0900,import,2916,true,,,
2917,18990,,2025-12-20 16:56:15.258 +0900,import,2917,true,,,
2918,18990,,2025-12-20 16:56:15.264 +0900,import,2918,true,,,
2919,17800,,2025-12-20 16:56:15.270 +0900,import,2919,true,,,
2920,16990,,2025-12-20 16:56:15.276 +0900,import,2920,true,,,
2921,16990,,2025-12-20 16:56:15.282 +0900,import,2921,true,,,
2922,17800,,2025-12-20 16:56:15.288 +0900,import,2922,true,,,
2923,14990,,2025-12-20 16:56:15.293 +0900,import,2923,true,,,
2924,2600,,2025-12-20 16:56:15.300 +0900,import,2924,true,,,
2926,15990,,2025-12-20 16:56:15.312 +0900,import,2926,true,,,
2927,2800,,2025-12-20 16:56:15.318 +0900,import,2927,true,,,
2928,3190,,2025-12-20 16:56:15.324 +0900,import,2928,true,,,
2929,16990,,2025-12-20 16:56:15.330 +0900,import,2929,true,,,
2930,3190,,2025-12-20 16:56:15.336 +0900,import,2930,true,,,
2933,2800,,2025-12-20 16:56:15.354 +0900,import,2933,true,,,
2934,2990,,2025-12-20 16:56:15.360 +0900,import,2934,true,,,
2935,30000,,2025-12-20 16:56:15.366 +0900,import,2935,true,,,
2936,16990,,2025-12-20 16:56:15.373 +0900,import,2936,true,,,
2938,11890,16990,2025-12-20 16:56:15.385 +0900,import,2938,true,,,
2939,2990,,2025-12-20 16:56:15.392 +0900,import,2939,true,,,
2940,15200,,2025-12-20 16:56:15.398 +0900,import,2940,true,,,
2941,19990,,2025-12-20 16:56:15.403 +0900,import,2941,true,,,
2942,14990,,2025-12-20 16:56:15.409 +0900,import,2942,true,,,
2943,19990,,2025-12-20 16:56:15.415 +0900,import,2943,true,,,
2944,15990,,2025-12-20 16:56:15.422 +0900,import,2944,true,,,
2945,24990,,2025-12-20 16:56:15.429 +0900,import,2945,true,,,
2946,24990,,2025-12-20 16:56:15.435 +0900,import,2946,true,,,
2947,3990,,2025-12-20 16:56:15.441 +0900,import,2947,true,,,
2948,14990,,2025-12-20 16:56:15.446 +0900,import,2948,true,,,
2949,19990,,2025-12-20 16:56:15.452 +0900,import,2949,true,,,
2950,19990,,2025-12-20 16:56:15.458 +0900,import,2950,true,,,
2951,19990,,2025-12-20 16:56:15.464 +0900,import,2951,true,,,
2952,16800,,2025-12-20 16:56:15.469 +0900,import,2952,true,,,
2953,19990,,2025-12-20 16:56:15.475 +0900,import,2953,true,,,
2954,19990,,2025-12-20 16:56:15.481 +0900,import,2954,true,,,
2955,7990,,2025-12-20 16:56:15.487 +0900,import,2955,true,,,
2956,14990,,2025-12-20 16:56:15.493 +0900,import,2956,true,,,
2957,15990,,2025-12-20 16:56:15.500 +0900,import,2957,true,,,
2958,28800,,2025-12-20 16:56:15.506 +0900,import,2958,true,,,
2959,16990,,2025-12-20 16:56:15.512 +0900,import,2959,true,,,
2961,13990,,2025-12-20 16:56:15.524 +0900,import,2961,true,,,
2962,5990,,2025-12-20 16:56:15.531 +0900,import,2962,true,,,
2963,13990,,2025-12-20 16:56:15.537 +0900,import,2963,true,,,
2964,6790,,2025-12-20 16:56:15.544 +0900,import,2964,true,,,
2965,6790,,2025-12-20 16:56:15.550 +0900,import,2965,true,,,
2966,8990,,2025-12-20 16:56:15.556 +0900,import,2966,true,,,
2967,9900,,2025-12-20 16:56:15.562 +0900,import,2967,true,,,
2969,7800,,2025-12-20 16:56:15.574 +0900,import,2969,true,,,
2970,5390,,2025-12-20 16:56:15.580 +0900,import,2970,true,,,
2971,8990,,2025-12-20 16:56:15.587 +0900,import,2971,true,,,
2972,10900,,2025-12-20 16:56:15.593 +0900,import,2972,true,,,
2973,9990,,2025-12-20 16:56:15.599 +0900,import,2973,true,,,
2974,8490,,2025-12-20 16:56:15.606 +0900,import,2974,true,,,
2975,9990,,2025-12-20 16:56:15.612 +0900,import,2975,true,,,
2976,9990,,2025-12-20 16:56:15.618 +0900,import,2976,true,,,
2977,5990,,2025-12-20 16:56:15.624 +0900,import,2977,true,,,
2978,10980,,2025-12-20 16:56:15.630 +0900,import,2978,true,,,
2979,7990,,2025-12-20 16:56:15.635 +0900,import,2979,true,,,
2980,7990,,2025-12-20 16:56:15.641 +0900,import,2980,true,,,
2981,11690,,2025-12-20 16:56:15.648 +0900,import,2981,true,,,
2982,8490,,2025-12-20 16:56:15.654 +0900,import,2982,true,,,
2983,14390,,2025-12-20 16:56:15.661 +0900,import,2983,true,,,
2984,8990,,2025-12-20 16:56:15.667 +0900,import,2984,true,,,
2985,14390,,2025-12-20 16:56:15.673 +0900,import,2985,true,,,
2987,6590,,2025-12-20 16:56:15.685 +0900,import,2987,true,,,
2989,6490,,2025-12-20 16:56:15.698 +0900,import,2989,true,,,
2992,12300,,2025-12-20 16:56:15.716 +0900,import,2992,true,,,
2993,4990,,2025-12-20 16:56:15.724 +0900,import,2993,true,,,
2995,4990,,2025-12-20 16:56:15.737 +0900,import,2995,true,,,
2998,5490,,2025-12-20 16:56:15.754 +0900,import,2998,true,,,
2999,11900,,2025-12-20 16:56:15.761 +0900,import,2999,true,,,
3000,9890,,2025-12-20 16:56:15.767 +0900,import,3000,true,,,
3001,14900,,2025-12-20 16:56:15.774 +0900,import,3001,true,,,
3002,6490,,2025-12-20 16:56:15.780 +0900,import,3002,true,,,
3003,6990,,2025-12-20 16:56:15.786 +0900,import,3003,true,,,
3005,9890,,2025-12-20 16:56:15.798 +0900,import,3005,true,,,
3006,6990,,2025-12-20 16:56:15.803 +0900,import,3006,true,,,
3007,11990,,2025-12-20 16:56:15.809 +0900,import,3007,true,,,
2937,18800,19800,2025-12-20 16:56:15.379 +0900,import,2937,false,,,
2913,9990,17600,2025-12-20 16:56:15.234 +0900,import,2913,false,,,
2931,18800,19800,2025-12-20 16:56:15.342 +0900,import,2931,false,,,
2932,9990,17600,2025-12-20 16:56:15.348 +0900,import,2932,false,,,
2960,5990,,2025-12-20 16:56:15.518 +0900,import,2960,false,,,
2991,4990,,2025-12-20 16:56:15.710 +0900,import,2991,false,,,
2997,9990,,2025-12-20 16:56:15.748 +0900,import,2997,false,,,
3004,4490,,2025-12-20 16:56:15.792 +0900,import,3004,false,,,
3008,9990,,2025-12-20 16:56:15.818 +0900,import,3008,true,,,
3009,9990,,2025-12-20 16:56:15.826 +0900,import,3009,true,,,
3010,9990,,2025-12-20 16:56:15.834 +0900,import,3010,true,,,
3011,6990,,2025-12-20 16:56:15.841 +0900,import,3011,true,,,
9083,7290,,2025-12-20 17:07:38.714 +0900,crawl,175,true,3640,3650,100.27
3015,10980,,2025-12-20 16:56:15.873 +0900,import,3015,true,,,
3017,6890,,2025-12-20 16:56:15.885 +0900,import,3017,true,,,
3018,6890,,2025-12-20 16:56:15.891 +0900,import,3018,true,,,
3019,4290,,2025-12-20 16:56:15.897 +0900,import,3019,true,,,
3020,6890,,2025-12-20 16:56:15.903 +0900,import,3020,true,,,
3022,6890,,2025-12-20 16:56:15.915 +0900,import,3022,true,,,
3026,6090,,2025-12-20 16:56:15.938 +0900,import,3026,true,,,
3027,10980,,2025-12-20 16:56:15.944 +0900,import,3027,true,,,
3029,9990,,2025-12-20 16:56:15.956 +0900,import,3029,true,,,
3034,6090,,2025-12-20 16:56:15.986 +0900,import,3034,true,,,
3036,7900,,2025-12-20 16:56:15.998 +0900,import,3036,true,,,
3037,7900,,2025-12-20 16:56:16.004 +0900,import,3037,true,,,
3038,7900,,2025-12-20 16:56:16.010 +0900,import,3038,true,,,
3039,9990,,2025-12-20 16:56:16.016 +0900,import,3039,true,,,
3040,5190,,2025-12-20 16:56:16.022 +0900,import,3040,true,,,
3042,4590,,2025-12-20 16:56:16.035 +0900,import,3042,true,,,
3043,7590,,2025-12-20 16:56:16.041 +0900,import,3043,true,,,
3044,4590,,2025-12-20 16:56:16.047 +0900,import,3044,true,,,
3045,4590,,2025-12-20 16:56:16.054 +0900,import,3045,true,,,
3046,7900,,2025-12-20 16:56:16.061 +0900,import,3046,true,,,
3047,4490,,2025-12-20 16:56:16.067 +0900,import,3047,true,,,
3048,4400,,2025-12-20 16:56:16.073 +0900,import,3048,true,,,
3049,7590,,2025-12-20 16:56:16.079 +0900,import,3049,true,,,
3050,5190,,2025-12-20 16:56:16.085 +0900,import,3050,true,,,
3051,8490,,2025-12-20 16:56:16.091 +0900,import,3051,true,,,
3056,6190,,2025-12-20 16:56:16.122 +0900,import,3056,true,,,
3058,9390,,2025-12-20 16:56:16.134 +0900,import,3058,true,,,
3059,5990,,2025-12-20 16:56:16.140 +0900,import,3059,true,,,
3064,5990,,2025-12-20 16:56:16.172 +0900,import,3064,true,,,
3065,5990,,2025-12-20 16:56:16.179 +0900,import,3065,true,,,
3066,5200,,2025-12-20 16:56:16.185 +0900,import,3066,true,,,
3067,4790,,2025-12-20 16:56:16.192 +0900,import,3067,true,,,
3070,7790,,2025-12-20 16:56:16.210 +0900,import,3070,true,,,
3071,7590,,2025-12-20 16:56:16.217 +0900,import,3071,true,,,
3072,4790,,2025-12-20 16:56:16.223 +0900,import,3072,true,,,
3073,4290,,2025-12-20 16:56:16.229 +0900,import,3073,true,,,
3074,7590,,2025-12-20 16:56:16.235 +0900,import,3074,true,,,
3075,7590,,2025-12-20 16:56:16.241 +0900,import,3075,true,,,
3076,11190,,2025-12-20 16:56:16.247 +0900,import,3076,true,,,
3077,7490,,2025-12-20 16:56:16.253 +0900,import,3077,true,,,
3078,5200,,2025-12-20 16:56:16.259 +0900,import,3078,true,,,
3079,5990,,2025-12-20 16:56:16.266 +0900,import,3079,true,,,
3080,5800,,2025-12-20 16:56:16.272 +0900,import,3080,true,,,
3081,6390,,2025-12-20 16:56:16.278 +0900,import,3081,true,,,
3082,7990,,2025-12-20 16:56:16.284 +0900,import,3082,true,,,
3083,11900,,2025-12-20 16:56:16.291 +0900,import,3083,true,,,
3084,11990,,2025-12-20 16:56:16.297 +0900,import,3084,true,,,
3085,6590,,2025-12-20 16:56:16.304 +0900,import,3085,true,,,
3086,7400,,2025-12-20 16:56:16.310 +0900,import,3086,true,,,
3089,6990,,2025-12-20 16:56:16.329 +0900,import,3089,true,,,
3090,12990,,2025-12-20 16:56:16.336 +0900,import,3090,true,,,
3091,5990,,2025-12-20 16:56:16.342 +0900,import,3091,true,,,
3092,8490,,2025-12-20 16:56:16.348 +0900,import,3092,true,,,
3095,7790,,2025-12-20 16:56:16.366 +0900,import,3095,true,,,
3096,10990,,2025-12-20 16:56:16.372 +0900,import,3096,true,,,
3098,6700,,2025-12-20 16:56:16.384 +0900,import,3098,true,,,
3099,7990,,2025-12-20 16:56:16.391 +0900,import,3099,true,,,
3100,4000,,2025-12-20 16:56:16.397 +0900,import,3100,true,,,
3101,4000,,2025-12-20 16:56:16.403 +0900,import,3101,true,,,
3102,12900,,2025-12-20 16:56:16.409 +0900,import,3102,true,,,
3103,7590,,2025-12-20 16:56:16.415 +0900,import,3103,true,,,
3012,6990,,2025-12-20 16:56:15.849 +0900,import,3012,false,,,
3023,6990,,2025-12-20 16:56:15.921 +0900,import,3023,false,,,
3024,6990,,2025-12-20 16:56:15.927 +0900,import,3024,false,,,
3032,6990,,2025-12-20 16:56:15.974 +0900,import,3032,false,,,
3028,4490,,2025-12-20 16:56:15.951 +0900,import,3028,false,,,
3052,2990,3990,2025-12-20 16:56:16.097 +0900,import,3052,false,,,
3054,8990,,2025-12-20 16:56:16.109 +0900,import,3054,false,,,
3053,3990,,2025-12-20 16:56:16.103 +0900,import,3053,false,,,
3055,3990,,2025-12-20 16:56:16.115 +0900,import,3055,false,,,
3069,4790,,2025-12-20 16:56:16.204 +0900,import,3069,false,,,
3068,3990,,2025-12-20 16:56:16.198 +0900,import,3068,false,,,
3061,5590,,2025-12-20 16:56:16.152 +0900,import,3061,false,,,
3057,5190,,2025-12-20 16:56:16.128 +0900,import,3057,false,,,
3060,8990,,2025-12-20 16:56:16.146 +0900,import,3060,false,,,
3062,3990,,2025-12-20 16:56:16.158 +0900,import,3062,false,,,
3088,5590,,2025-12-20 16:56:16.323 +0900,import,3088,false,,,
3104,13990,,2025-12-20 16:56:16.421 +0900,import,3104,false,,,
3105,9990,,2025-12-20 16:56:16.428 +0900,import,3105,true,,,
3107,5990,,2025-12-20 16:56:16.441 +0900,import,3107,true,,,
3108,6990,,2025-12-20 16:56:16.448 +0900,import,3108,true,,,
3110,6490,,2025-12-20 16:56:16.460 +0900,import,3110,true,,,
3111,13900,,2025-12-20 16:56:16.467 +0900,import,3111,true,,,
3113,14080,,2025-12-20 16:56:16.479 +0900,import,3113,true,,,
3114,4490,,2025-12-20 16:56:16.485 +0900,import,3114,true,,,
3117,2990,,2025-12-20 16:56:16.504 +0900,import,3117,true,,,
3118,13900,,2025-12-20 16:56:16.510 +0900,import,3118,true,,,
3119,3490,,2025-12-20 16:56:16.517 +0900,import,3119,true,,,
3120,4990,,2025-12-20 16:56:16.523 +0900,import,3120,true,,,
3121,9990,,2025-12-20 16:56:16.530 +0900,import,3121,true,,,
3122,3990,,2025-12-20 16:56:16.536 +0900,import,3122,true,,,
3123,3990,,2025-12-20 16:56:16.542 +0900,import,3123,true,,,
3124,990,,2025-12-20 16:56:16.548 +0900,import,3124,true,,,
3125,990,,2025-12-20 16:56:16.555 +0900,import,3125,true,,,
3127,990,,2025-12-20 16:56:16.567 +0900,import,3127,true,,,
3128,13900,,2025-12-20 16:56:16.573 +0900,import,3128,true,,,
3129,3990,,2025-12-20 16:56:16.579 +0900,import,3129,true,,,
3131,10990,,2025-12-20 16:56:16.592 +0900,import,3131,true,,,
3133,990,,2025-12-20 16:56:16.604 +0900,import,3133,true,,,
3134,4890,,2025-12-20 16:56:16.610 +0900,import,3134,true,,,
3136,9990,,2025-12-20 16:56:16.622 +0900,import,3136,true,,,
3138,1100,,2025-12-20 16:56:16.634 +0900,import,3138,true,,,
3139,990,,2025-12-20 16:56:16.640 +0900,import,3139,true,,,
3140,4890,,2025-12-20 16:56:16.646 +0900,import,3140,true,,,
3141,4890,,2025-12-20 16:56:16.652 +0900,import,3141,true,,,
3142,2980,,2025-12-20 16:56:16.658 +0900,import,3142,true,,,
3144,990,,2025-12-20 16:56:16.670 +0900,import,3144,true,,,
3147,890,,2025-12-20 16:56:16.689 +0900,import,3147,true,,,
3148,3490,,2025-12-20 16:56:16.696 +0900,import,3148,true,,,
3149,890,,2025-12-20 16:56:16.703 +0900,import,3149,true,,,
3150,5380,,2025-12-20 16:56:16.708 +0900,import,3150,true,,,
3151,1290,,2025-12-20 16:56:16.715 +0900,import,3151,true,,,
3152,1290,,2025-12-20 16:56:16.721 +0900,import,3152,true,,,
3153,4590,,2025-12-20 16:56:16.727 +0900,import,3153,true,,,
3154,6690,,2025-12-20 16:56:16.733 +0900,import,3154,true,,,
3155,13900,,2025-12-20 16:56:16.740 +0900,import,3155,true,,,
3156,2300,,2025-12-20 16:56:16.746 +0900,import,3156,true,,,
3157,13900,,2025-12-20 16:56:16.752 +0900,import,3157,true,,,
3158,6490,,2025-12-20 16:56:16.758 +0900,import,3158,true,,,
3159,2990,,2025-12-20 16:56:16.764 +0900,import,3159,true,,,
3160,2990,,2025-12-20 16:56:16.770 +0900,import,3160,true,,,
3161,2990,,2025-12-20 16:56:16.776 +0900,import,3161,true,,,
3162,2990,,2025-12-20 16:56:16.782 +0900,import,3162,true,,,
3163,1490,,2025-12-20 16:56:16.788 +0900,import,3163,true,,,
3164,3300,,2025-12-20 16:56:16.794 +0900,import,3164,true,,,
3167,2600,,2025-12-20 16:56:16.812 +0900,import,3167,true,,,
3168,2600,,2025-12-20 16:56:16.818 +0900,import,3168,true,,,
3169,2600,,2025-12-20 16:56:16.825 +0900,import,3169,true,,,
3170,2600,,2025-12-20 16:56:16.831 +0900,import,3170,true,,,
3171,2600,,2025-12-20 16:56:16.837 +0900,import,3171,true,,,
3172,3390,,2025-12-20 16:56:16.844 +0900,import,3172,true,,,
3173,4590,,2025-12-20 16:56:16.850 +0900,import,3173,true,,,
3174,4590,,2025-12-20 16:56:16.856 +0900,import,3174,true,,,
3175,2600,,2025-12-20 16:56:16.862 +0900,import,3175,true,,,
3176,2600,,2025-12-20 16:56:16.868 +0900,import,3176,true,,,
3177,2600,,2025-12-20 16:56:16.874 +0900,import,3177,true,,,
3178,2500,,2025-12-20 16:56:16.880 +0900,import,3178,true,,,
3179,3390,,2025-12-20 16:56:16.887 +0900,import,3179,true,,,
3180,1000,,2025-12-20 16:56:16.893 +0900,import,3180,true,,,
3181,1000,,2025-12-20 16:56:16.899 +0900,import,3181,true,,,
3182,3390,,2025-12-20 16:56:16.906 +0900,import,3182,true,,,
3183,1000,,2025-12-20 16:56:16.912 +0900,import,3183,true,,,
3184,2500,,2025-12-20 16:56:16.919 +0900,import,3184,true,,,
3185,2500,,2025-12-20 16:56:16.924 +0900,import,3185,true,,,
3186,2500,,2025-12-20 16:56:16.930 +0900,import,3186,true,,,
3187,3390,,2025-12-20 16:56:16.937 +0900,import,3187,true,,,
3188,2190,,2025-12-20 16:56:16.943 +0900,import,3188,true,,,
3189,2500,,2025-12-20 16:56:16.949 +0900,import,3189,true,,,
3190,3990,,2025-12-20 16:56:16.954 +0900,import,3190,true,,,
3191,4590,,2025-12-20 16:56:16.960 +0900,import,3191,true,,,
3192,3990,,2025-12-20 16:56:16.966 +0900,import,3192,true,,,
3193,4590,,2025-12-20 16:56:16.972 +0900,import,3193,true,,,
3194,3290,,2025-12-20 16:56:16.978 +0900,import,3194,true,,,
3195,2990,,2025-12-20 16:56:16.984 +0900,import,3195,true,,,
3196,1290,,2025-12-20 16:56:16.989 +0900,import,3196,true,,,
3197,1290,,2025-12-20 16:56:16.995 +0900,import,3197,true,,,
3198,1290,,2025-12-20 16:56:17.001 +0900,import,3198,true,,,
3199,2190,,2025-12-20 16:56:17.007 +0900,import,3199,true,,,
3200,2190,,2025-12-20 16:56:17.013 +0900,import,3200,true,,,
3201,3290,,2025-12-20 16:56:17.019 +0900,import,3201,true,,,
3112,7390,8990,2025-12-20 16:56:16.473 +0900,import,3112,false,,,
3115,5990,,2025-12-20 16:56:16.492 +0900,import,3115,false,,,
3116,5990,,2025-12-20 16:56:16.498 +0900,import,3116,false,,,
3165,4190,,2025-12-20 16:56:16.800 +0900,import,3165,false,,,
3166,4190,,2025-12-20 16:56:16.806 +0900,import,3166,false,,,
3202,2700,,2025-12-20 16:56:17.025 +0900,import,3202,true,,,
3203,2990,,2025-12-20 16:56:17.031 +0900,import,3203,true,,,
3204,2890,,2025-12-20 16:56:17.037 +0900,import,3204,true,,,
3205,2990,,2025-12-20 16:56:17.043 +0900,import,3205,true,,,
3206,2990,,2025-12-20 16:56:17.048 +0900,import,3206,true,,,
3207,2990,,2025-12-20 16:56:17.054 +0900,import,3207,true,,,
3208,2990,,2025-12-20 16:56:17.060 +0900,import,3208,true,,,
3209,3490,,2025-12-20 16:56:17.067 +0900,import,3209,true,,,
3210,3490,,2025-12-20 16:56:17.073 +0900,import,3210,true,,,
3211,2690,,2025-12-20 16:56:17.080 +0900,import,3211,true,,,
3212,5590,,2025-12-20 16:56:17.086 +0900,import,3212,true,,,
3213,1000,,2025-12-20 16:56:17.092 +0900,import,3213,true,,,
3214,2900,,2025-12-20 16:56:17.098 +0900,import,3214,true,,,
3215,1000,,2025-12-20 16:56:17.105 +0900,import,3215,true,,,
3216,2550,,2025-12-20 16:56:17.110 +0900,import,3216,true,,,
3217,3150,,2025-12-20 16:56:17.117 +0900,import,3217,true,,,
3218,2550,,2025-12-20 16:56:17.123 +0900,import,3218,true,,,
3219,2590,,2025-12-20 16:56:17.129 +0900,import,3219,true,,,
3220,2550,,2025-12-20 16:56:17.134 +0900,import,3220,true,,,
3221,3150,,2025-12-20 16:56:17.140 +0900,import,3221,true,,,
3222,2490,,2025-12-20 16:56:17.146 +0900,import,3222,true,,,
3223,1990,,2025-12-20 16:56:17.151 +0900,import,3223,true,,,
3224,2450,,2025-12-20 16:56:17.157 +0900,import,3224,true,,,
3225,2590,,2025-12-20 16:56:17.163 +0900,import,3225,true,,,
3226,2590,,2025-12-20 16:56:17.168 +0900,import,3226,true,,,
3227,3150,,2025-12-20 16:56:17.174 +0900,import,3227,true,,,
3228,3150,,2025-12-20 16:56:17.180 +0900,import,3228,true,,,
3229,2250,,2025-12-20 16:56:17.186 +0900,import,3229,true,,,
3230,2450,,2025-12-20 16:56:17.191 +0900,import,3230,true,,,
3231,3150,,2025-12-20 16:56:17.197 +0900,import,3231,true,,,
3232,2390,,2025-12-20 16:56:17.203 +0900,import,3232,true,,,
3233,2390,,2025-12-20 16:56:17.209 +0900,import,3233,true,,,
3234,3150,,2025-12-20 16:56:17.215 +0900,import,3234,true,,,
9084,9990,,2025-12-20 17:07:38.719 +0900,crawl,176,true,6990,3000,42.92
3237,4990,,2025-12-20 16:56:17.233 +0900,import,3237,true,,,
3238,1000,,2025-12-20 16:56:17.239 +0900,import,3238,true,,,
3239,1000,,2025-12-20 16:56:17.245 +0900,import,3239,true,,,
3241,5990,,2025-12-20 16:56:17.256 +0900,import,3241,true,,,
3242,4990,,2025-12-20 16:56:17.262 +0900,import,3242,true,,,
3243,4990,,2025-12-20 16:56:17.268 +0900,import,3243,true,,,
3244,9990,,2025-12-20 16:56:17.274 +0900,import,3244,true,,,
3245,9990,,2025-12-20 16:56:17.280 +0900,import,3245,true,,,
3246,16900,,2025-12-20 16:56:17.285 +0900,import,3246,true,,,
3248,1000,,2025-12-20 16:56:17.297 +0900,import,3248,true,,,
3250,7990,,2025-12-20 16:56:17.308 +0900,import,3250,true,,,
3251,8990,,2025-12-20 16:56:17.314 +0900,import,3251,true,,,
3253,4990,,2025-12-20 16:56:17.326 +0900,import,3253,true,,,
3254,4990,,2025-12-20 16:56:17.332 +0900,import,3254,true,,,
3255,4990,,2025-12-20 16:56:17.338 +0900,import,3255,true,,,
3256,9990,,2025-12-20 16:56:17.343 +0900,import,3256,true,,,
3258,9990,,2025-12-20 16:56:17.355 +0900,import,3258,true,,,
3259,9990,,2025-12-20 16:56:17.361 +0900,import,3259,true,,,
3261,9990,,2025-12-20 16:56:17.373 +0900,import,3261,true,,,
3262,9990,,2025-12-20 16:56:17.379 +0900,import,3262,true,,,
3263,9990,,2025-12-20 16:56:17.385 +0900,import,3263,true,,,
3267,9990,,2025-12-20 16:56:17.408 +0900,import,3267,true,,,
3268,4990,,2025-12-20 16:56:17.414 +0900,import,3268,true,,,
3269,4990,,2025-12-20 16:56:17.420 +0900,import,3269,true,,,
3270,3990,,2025-12-20 16:56:17.426 +0900,import,3270,true,,,
3272,9990,,2025-12-20 16:56:17.437 +0900,import,3272,true,,,
3273,4990,,2025-12-20 16:56:17.443 +0900,import,3273,true,,,
3274,4990,,2025-12-20 16:56:17.448 +0900,import,3274,true,,,
3275,1990,,2025-12-20 16:56:17.454 +0900,import,3275,true,,,
3276,3300,,2025-12-20 16:56:17.459 +0900,import,3276,true,,,
3278,11900,,2025-12-20 16:56:17.471 +0900,import,3278,true,,,
3279,3300,,2025-12-20 16:56:17.476 +0900,import,3279,true,,,
3280,3300,,2025-12-20 16:56:17.482 +0900,import,3280,true,,,
3281,5990,,2025-12-20 16:56:17.488 +0900,import,3281,true,,,
3282,5990,,2025-12-20 16:56:17.493 +0900,import,3282,true,,,
3283,6490,,2025-12-20 16:56:17.499 +0900,import,3283,true,,,
3284,11990,,2025-12-20 16:56:17.505 +0900,import,3284,true,,,
3285,6490,,2025-12-20 16:56:17.510 +0900,import,3285,true,,,
3286,6490,,2025-12-20 16:56:17.516 +0900,import,3286,true,,,
3287,6490,,2025-12-20 16:56:17.521 +0900,import,3287,true,,,
3288,6490,,2025-12-20 16:56:17.527 +0900,import,3288,true,,,
3289,6490,,2025-12-20 16:56:17.533 +0900,import,3289,true,,,
3290,9990,,2025-12-20 16:56:17.539 +0900,import,3290,true,,,
3291,9990,,2025-12-20 16:56:17.545 +0900,import,3291,true,,,
3292,2990,,2025-12-20 16:56:17.551 +0900,import,3292,true,,,
3293,2990,,2025-12-20 16:56:17.557 +0900,import,3293,true,,,
3294,1000,,2025-12-20 16:56:17.564 +0900,import,3294,true,,,
3295,1000,,2025-12-20 16:56:17.571 +0900,import,3295,true,,,
3296,1000,,2025-12-20 16:56:17.576 +0900,import,3296,true,,,
3298,2990,,2025-12-20 16:56:17.588 +0900,import,3298,true,,,
3236,6990,9990,2025-12-20 16:56:17.227 +0900,import,3236,false,,,
3240,6990,9990,2025-12-20 16:56:17.251 +0900,import,3240,false,,,
3247,6990,9990,2025-12-20 16:56:17.291 +0900,import,3247,false,,,
3249,6990,9990,2025-12-20 16:56:17.303 +0900,import,3249,false,,,
3252,6990,9990,2025-12-20 16:56:17.320 +0900,import,3252,false,,,
3264,3990,9990,2025-12-20 16:56:17.390 +0900,import,3264,false,,,
3265,3990,9990,2025-12-20 16:56:17.396 +0900,import,3265,false,,,
3260,2990,4990,2025-12-20 16:56:17.368 +0900,import,3260,false,,,
3266,9990,,2025-12-20 16:56:17.402 +0900,import,3266,false,,,
3271,2990,4990,2025-12-20 16:56:17.432 +0900,import,3271,false,,,
3277,4990,,2025-12-20 16:56:17.465 +0900,import,3277,false,,,
3297,3990,,2025-12-20 16:56:17.582 +0900,import,3297,false,,,
3299,3990,,2025-12-20 16:56:17.593 +0900,import,3299,true,,,
3300,3990,,2025-12-20 16:56:17.599 +0900,import,3300,true,,,
3301,7990,,2025-12-20 16:56:17.605 +0900,import,3301,true,,,
3302,9990,,2025-12-20 16:56:17.611 +0900,import,3302,true,,,
9085,5990,,2025-12-20 17:07:38.724 +0900,crawl,178,true,4190,1800,42.96
3304,9990,,2025-12-20 16:56:17.623 +0900,import,3304,true,,,
3308,9990,,2025-12-20 16:56:17.646 +0900,import,3308,true,,,
3309,1000,,2025-12-20 16:56:17.652 +0900,import,3309,true,,,
3310,5490,,2025-12-20 16:56:17.658 +0900,import,3310,true,,,
3312,5490,,2025-12-20 16:56:17.669 +0900,import,3312,true,,,
3313,5490,,2025-12-20 16:56:17.675 +0900,import,3313,true,,,
3314,12900,,2025-12-20 16:56:17.680 +0900,import,3314,true,,,
3315,9990,,2025-12-20 16:56:17.687 +0900,import,3315,true,,,
3316,14990,,2025-12-20 16:56:17.692 +0900,import,3316,true,,,
3317,15900,,2025-12-20 16:56:17.698 +0900,import,3317,true,,,
3318,9990,,2025-12-20 16:56:17.704 +0900,import,3318,true,,,
3319,9990,,2025-12-20 16:56:17.710 +0900,import,3319,true,,,
3320,9990,,2025-12-20 16:56:17.716 +0900,import,3320,true,,,
3321,9990,,2025-12-20 16:56:17.721 +0900,import,3321,true,,,
3322,9990,,2025-12-20 16:56:17.727 +0900,import,3322,true,,,
3323,9990,,2025-12-20 16:56:17.733 +0900,import,3323,true,,,
3324,9990,,2025-12-20 16:56:17.739 +0900,import,3324,true,,,
3325,1000,,2025-12-20 16:56:17.745 +0900,import,3325,true,,,
3326,11900,,2025-12-20 16:56:17.751 +0900,import,3326,true,,,
3327,5490,,2025-12-20 16:56:17.756 +0900,import,3327,true,,,
3328,5490,,2025-12-20 16:56:17.761 +0900,import,3328,true,,,
3329,12990,,2025-12-20 16:56:17.767 +0900,import,3329,true,,,
3330,9990,,2025-12-20 16:56:17.773 +0900,import,3330,true,,,
3331,9990,,2025-12-20 16:56:17.779 +0900,import,3331,true,,,
3332,1000,,2025-12-20 16:56:17.785 +0900,import,3332,true,,,
3333,9990,,2025-12-20 16:56:17.790 +0900,import,3333,true,,,
3334,9990,,2025-12-20 16:56:17.796 +0900,import,3334,true,,,
3335,9990,,2025-12-20 16:56:17.802 +0900,import,3335,true,,,
3336,9990,,2025-12-20 16:56:17.808 +0900,import,3336,true,,,
3337,9990,,2025-12-20 16:56:17.813 +0900,import,3337,true,,,
3338,9990,,2025-12-20 16:56:17.819 +0900,import,3338,true,,,
3339,9990,,2025-12-20 16:56:17.824 +0900,import,3339,true,,,
3340,5990,,2025-12-20 16:56:17.830 +0900,import,3340,true,,,
3341,14990,,2025-12-20 16:56:17.836 +0900,import,3341,true,,,
3342,9990,,2025-12-20 16:56:17.841 +0900,import,3342,true,,,
3343,15900,,2025-12-20 16:56:17.847 +0900,import,3343,true,,,
3344,15900,,2025-12-20 16:56:17.853 +0900,import,3344,true,,,
3345,1000,,2025-12-20 16:56:17.859 +0900,import,3345,true,,,
3346,5990,,2025-12-20 16:56:17.864 +0900,import,3346,true,,,
3347,12990,,2025-12-20 16:56:17.870 +0900,import,3347,true,,,
3348,9990,,2025-12-20 16:56:17.876 +0900,import,3348,true,,,
3349,4990,,2025-12-20 16:56:17.882 +0900,import,3349,true,,,
3350,5990,,2025-12-20 16:56:17.888 +0900,import,3350,true,,,
3351,1000,,2025-12-20 16:56:17.894 +0900,import,3351,true,,,
3352,9990,,2025-12-20 16:56:17.900 +0900,import,3352,true,,,
3353,9990,,2025-12-20 16:56:17.906 +0900,import,3353,true,,,
3355,8990,,2025-12-20 16:56:17.919 +0900,import,3355,true,,,
3357,9990,,2025-12-20 16:56:17.930 +0900,import,3357,true,,,
3358,12900,,2025-12-20 16:56:17.936 +0900,import,3358,true,,,
3359,1000,,2025-12-20 16:56:17.941 +0900,import,3359,true,,,
3360,14900,,2025-12-20 16:56:17.948 +0900,import,3360,true,,,
3363,8990,,2025-12-20 16:56:17.966 +0900,import,3363,true,,,
3365,4990,,2025-12-20 16:56:17.978 +0900,import,3365,true,,,
3366,9990,,2025-12-20 16:56:17.983 +0900,import,3366,true,,,
3367,9990,,2025-12-20 16:56:17.989 +0900,import,3367,true,,,
3368,14990,,2025-12-20 16:56:17.995 +0900,import,3368,true,,,
3369,12900,,2025-12-20 16:56:18.001 +0900,import,3369,true,,,
3370,6490,,2025-12-20 16:56:18.007 +0900,import,3370,true,,,
3371,6490,,2025-12-20 16:56:18.013 +0900,import,3371,true,,,
3372,6990,,2025-12-20 16:56:18.019 +0900,import,3372,true,,,
3373,5990,,2025-12-20 16:56:18.025 +0900,import,3373,true,,,
3374,6490,,2025-12-20 16:56:18.031 +0900,import,3374,true,,,
3375,8990,,2025-12-20 16:56:18.036 +0900,import,3375,true,,,
3376,7990,,2025-12-20 16:56:18.042 +0900,import,3376,true,,,
3377,13990,,2025-12-20 16:56:18.048 +0900,import,3377,true,,,
3378,7990,,2025-12-20 16:56:18.054 +0900,import,3378,true,,,
3379,6990,,2025-12-20 16:56:18.060 +0900,import,3379,true,,,
3380,16900,,2025-12-20 16:56:18.065 +0900,import,3380,true,,,
3381,6990,,2025-12-20 16:56:18.071 +0900,import,3381,true,,,
3383,9990,,2025-12-20 16:56:18.083 +0900,import,3383,true,,,
3384,4990,,2025-12-20 16:56:18.089 +0900,import,3384,true,,,
3385,9990,,2025-12-20 16:56:18.094 +0900,import,3385,true,,,
3386,9990,,2025-12-20 16:56:18.100 +0900,import,3386,true,,,
3387,1690,,2025-12-20 16:56:18.106 +0900,import,3387,true,,,
3388,1690,,2025-12-20 16:56:18.112 +0900,import,3388,true,,,
3389,9990,,2025-12-20 16:56:18.118 +0900,import,3389,true,,,
3390,9990,,2025-12-20 16:56:18.124 +0900,import,3390,true,,,
3391,9990,,2025-12-20 16:56:18.129 +0900,import,3391,true,,,
3392,5980,,2025-12-20 16:56:18.135 +0900,import,3392,true,,,
3393,12990,,2025-12-20 16:56:18.141 +0900,import,3393,true,,,
3395,19900,,2025-12-20 16:56:18.153 +0900,import,3395,true,,,
3305,3840,5490,2025-12-20 16:56:17.629 +0900,import,3305,false,,,
3307,3840,5490,2025-12-20 16:56:17.640 +0900,import,3307,false,,,
3306,3840,5490,2025-12-20 16:56:17.635 +0900,import,3306,false,,,
3311,3990,,2025-12-20 16:56:17.663 +0900,import,3311,false,,,
3354,12990,14990,2025-12-20 16:56:17.913 +0900,import,3354,false,,,
3361,5990,,2025-12-20 16:56:17.954 +0900,import,3361,false,,,
3362,8990,11990,2025-12-20 16:56:17.960 +0900,import,3362,false,,,
3364,5990,,2025-12-20 16:56:17.972 +0900,import,3364,false,,,
3382,9990,19990,2025-12-20 16:56:18.077 +0900,import,3382,false,,,
3394,2390,2990,2025-12-20 16:56:18.147 +0900,import,3394,false,,,
3396,35900,,2025-12-20 16:56:18.159 +0900,import,3396,true,,,
3397,3390,,2025-12-20 16:56:18.166 +0900,import,3397,true,,,
3398,4790,,2025-12-20 16:56:18.172 +0900,import,3398,true,,,
3399,3390,,2025-12-20 16:56:18.178 +0900,import,3399,true,,,
3400,1000,,2025-12-20 16:56:18.184 +0900,import,3400,true,,,
3401,1000,,2025-12-20 16:56:18.190 +0900,import,3401,true,,,
3402,2390,,2025-12-20 16:56:18.196 +0900,import,3402,true,,,
3403,1000,,2025-12-20 16:56:18.202 +0900,import,3403,true,,,
3404,5990,,2025-12-20 16:56:18.208 +0900,import,3404,true,,,
3405,3590,,2025-12-20 16:56:18.214 +0900,import,3405,true,,,
3406,3990,,2025-12-20 16:56:18.220 +0900,import,3406,true,,,
3407,2690,,2025-12-20 16:56:18.226 +0900,import,3407,true,,,
3408,1000,,2025-12-20 16:56:18.232 +0900,import,3408,true,,,
3409,3690,,2025-12-20 16:56:18.238 +0900,import,3409,true,,,
3410,3590,,2025-12-20 16:56:18.243 +0900,import,3410,true,,,
3411,5290,,2025-12-20 16:56:18.249 +0900,import,3411,true,,,
3412,1000,,2025-12-20 16:56:18.255 +0900,import,3412,true,,,
3413,1000,,2025-12-20 16:56:18.262 +0900,import,3413,true,,,
3414,1360,,2025-12-20 16:56:18.268 +0900,import,3414,true,,,
3417,1360,,2025-12-20 16:56:18.286 +0900,import,3417,true,,,
3418,3590,,2025-12-20 16:56:18.292 +0900,import,3418,true,,,
3419,3330,,2025-12-20 16:56:18.298 +0900,import,3419,true,,,
3420,3330,,2025-12-20 16:56:18.304 +0900,import,3420,true,,,
3421,2490,4990,2025-12-20 16:56:18.310 +0900,import,3421,true,,,
3422,1000,,2025-12-20 16:56:18.317 +0900,import,3422,true,,,
3423,2720,,2025-12-20 16:56:18.323 +0900,import,3423,true,,,
3424,1360,,2025-12-20 16:56:18.328 +0900,import,3424,true,,,
3425,1000,,2025-12-20 16:56:18.335 +0900,import,3425,true,,,
3426,2000,,2025-12-20 16:56:18.340 +0900,import,3426,true,,,
3427,1000,,2025-12-20 16:56:18.347 +0900,import,3427,true,,,
3428,1000,,2025-12-20 16:56:18.352 +0900,import,3428,true,,,
3429,2720,,2025-12-20 16:56:18.358 +0900,import,3429,true,,,
3430,1990,,2025-12-20 16:56:18.365 +0900,import,3430,true,,,
3431,4590,,2025-12-20 16:56:18.371 +0900,import,3431,true,,,
3432,4590,,2025-12-20 16:56:18.376 +0900,import,3432,true,,,
3433,1000,,2025-12-20 16:56:18.383 +0900,import,3433,true,,,
3434,1590,,2025-12-20 16:56:18.388 +0900,import,3434,true,,,
3435,1670,,2025-12-20 16:56:18.395 +0900,import,3435,true,,,
3436,3590,,2025-12-20 16:56:18.401 +0900,import,3436,true,,,
3437,3590,,2025-12-20 16:56:18.407 +0900,import,3437,true,,,
3438,3330,,2025-12-20 16:56:18.413 +0900,import,3438,true,,,
3439,2980,,2025-12-20 16:56:18.419 +0900,import,3439,true,,,
3440,2720,,2025-12-20 16:56:18.425 +0900,import,3440,true,,,
3441,2580,,2025-12-20 16:56:18.431 +0900,import,3441,true,,,
3442,2720,,2025-12-20 16:56:18.437 +0900,import,3442,true,,,
3443,2720,,2025-12-20 16:56:18.443 +0900,import,3443,true,,,
3444,2720,,2025-12-20 16:56:18.448 +0900,import,3444,true,,,
3445,2720,,2025-12-20 16:56:18.454 +0900,import,3445,true,,,
3446,2790,,2025-12-20 16:56:18.460 +0900,import,3446,true,,,
3447,1990,,2025-12-20 16:56:18.466 +0900,import,3447,true,,,
3448,1590,,2025-12-20 16:56:18.473 +0900,import,3448,true,,,
3449,2000,,2025-12-20 16:56:18.479 +0900,import,3449,true,,,
3450,1360,,2025-12-20 16:56:18.485 +0900,import,3450,true,,,
3451,1360,,2025-12-20 16:56:18.490 +0900,import,3451,true,,,
3452,1670,,2025-12-20 16:56:18.496 +0900,import,3452,true,,,
3453,2720,,2025-12-20 16:56:18.502 +0900,import,3453,true,,,
3454,3330,,2025-12-20 16:56:18.509 +0900,import,3454,true,,,
3455,1590,,2025-12-20 16:56:18.514 +0900,import,3455,true,,,
3456,3590,,2025-12-20 16:56:18.520 +0900,import,3456,true,,,
3457,3330,,2025-12-20 16:56:18.527 +0900,import,3457,true,,,
3458,2180,,2025-12-20 16:56:18.533 +0900,import,3458,true,,,
3459,2390,,2025-12-20 16:56:18.539 +0900,import,3459,true,,,
3460,2720,,2025-12-20 16:56:18.545 +0900,import,3460,true,,,
3462,2390,,2025-12-20 16:56:18.556 +0900,import,3462,true,,,
3463,3330,,2025-12-20 16:56:18.563 +0900,import,3463,true,,,
3464,3990,,2025-12-20 16:56:18.569 +0900,import,3464,true,,,
3465,1990,,2025-12-20 16:56:18.575 +0900,import,3465,true,,,
3466,1360,,2025-12-20 16:56:18.581 +0900,import,3466,true,,,
3467,1670,,2025-12-20 16:56:18.588 +0900,import,3467,true,,,
3468,3330,,2025-12-20 16:56:18.594 +0900,import,3468,true,,,
3471,3330,,2025-12-20 16:56:18.612 +0900,import,3471,true,,,
3472,3330,,2025-12-20 16:56:18.618 +0900,import,3472,true,,,
3473,3990,,2025-12-20 16:56:18.624 +0900,import,3473,true,,,
3474,3330,,2025-12-20 16:56:18.630 +0900,import,3474,true,,,
3475,4990,,2025-12-20 16:56:18.636 +0900,import,3475,true,,,
3476,4320,,2025-12-20 16:56:18.642 +0900,import,3476,true,,,
3477,3590,,2025-12-20 16:56:18.648 +0900,import,3477,true,,,
3478,3390,,2025-12-20 16:56:18.654 +0900,import,3478,true,,,
3479,4320,,2025-12-20 16:56:18.660 +0900,import,3479,true,,,
3480,3990,,2025-12-20 16:56:18.666 +0900,import,3480,true,,,
3481,1000,,2025-12-20 16:56:18.673 +0900,import,3481,true,,,
3482,1000,,2025-12-20 16:56:18.679 +0900,import,3482,true,,,
3483,1000,,2025-12-20 16:56:18.685 +0900,import,3483,true,,,
3484,1490,,2025-12-20 16:56:18.690 +0900,import,3484,true,,,
3485,1000,,2025-12-20 16:56:18.696 +0900,import,3485,true,,,
3486,2490,,2025-12-20 16:56:18.702 +0900,import,3486,true,,,
3487,2490,,2025-12-20 16:56:18.708 +0900,import,3487,true,,,
3488,2390,,2025-12-20 16:56:18.713 +0900,import,3488,true,,,
3489,1000,,2025-12-20 16:56:18.719 +0900,import,3489,true,,,
3490,1000,,2025-12-20 16:56:18.725 +0900,import,3490,true,,,
3491,1000,,2025-12-20 16:56:18.731 +0900,import,3491,true,,,
3492,2390,,2025-12-20 16:56:18.737 +0900,import,3492,true,,,
3416,5190,,2025-12-20 16:56:18.280 +0900,import,3416,false,,,
3469,1690,,2025-12-20 16:56:18.600 +0900,import,3469,false,,,
3470,1690,,2025-12-20 16:56:18.606 +0900,import,3470,false,,,
3461,3990,,2025-12-20 16:56:18.550 +0900,import,3461,false,,,
3493,1000,,2025-12-20 16:56:18.743 +0900,import,3493,true,,,
3494,1000,,2025-12-20 16:56:18.749 +0900,import,3494,true,,,
3495,1000,,2025-12-20 16:56:18.755 +0900,import,3495,true,,,
3496,1000,,2025-12-20 16:56:18.761 +0900,import,3496,true,,,
3497,2390,,2025-12-20 16:56:18.767 +0900,import,3497,true,,,
3498,1000,,2025-12-20 16:56:18.773 +0900,import,3498,true,,,
3499,1000,,2025-12-20 16:56:18.779 +0900,import,3499,true,,,
3500,3390,,2025-12-20 16:56:18.784 +0900,import,3500,true,,,
3501,2790,,2025-12-20 16:56:18.790 +0900,import,3501,true,,,
3502,3390,,2025-12-20 16:56:18.796 +0900,import,3502,true,,,
3503,1000,,2025-12-20 16:56:18.802 +0900,import,3503,true,,,
3504,1000,,2025-12-20 16:56:18.808 +0900,import,3504,true,,,
3505,2490,,2025-12-20 16:56:18.814 +0900,import,3505,true,,,
3506,1000,,2025-12-20 16:56:18.820 +0900,import,3506,true,,,
3507,3390,,2025-12-20 16:56:18.826 +0900,import,3507,true,,,
3508,2490,,2025-12-20 16:56:18.832 +0900,import,3508,true,,,
3509,1000,,2025-12-20 16:56:18.838 +0900,import,3509,true,,,
3510,1000,,2025-12-20 16:56:18.843 +0900,import,3510,true,,,
3511,2390,,2025-12-20 16:56:18.849 +0900,import,3511,true,,,
3512,2490,,2025-12-20 16:56:18.855 +0900,import,3512,true,,,
3513,1000,,2025-12-20 16:56:18.861 +0900,import,3513,true,,,
3514,1000,,2025-12-20 16:56:18.868 +0900,import,3514,true,,,
3515,1190,,2025-12-20 16:56:18.874 +0900,import,3515,true,,,
3516,4380,,2025-12-20 16:56:18.880 +0900,import,3516,true,,,
3517,7990,,2025-12-20 16:56:18.886 +0900,import,3517,true,,,
3518,2800,,2025-12-20 16:56:18.891 +0900,import,3518,true,,,
3519,1990,,2025-12-20 16:56:18.898 +0900,import,3519,true,,,
3520,1190,,2025-12-20 16:56:18.904 +0900,import,3520,true,,,
3521,1000,,2025-12-20 16:56:18.910 +0900,import,3521,true,,,
3522,1190,,2025-12-20 16:56:18.916 +0900,import,3522,true,,,
3523,2800,,2025-12-20 16:56:18.922 +0900,import,3523,true,,,
3524,2390,,2025-12-20 16:56:18.928 +0900,import,3524,true,,,
3525,2390,,2025-12-20 16:56:18.934 +0900,import,3525,true,,,
3526,2490,,2025-12-20 16:56:18.940 +0900,import,3526,true,,,
3527,2390,,2025-12-20 16:56:18.946 +0900,import,3527,true,,,
3528,2790,,2025-12-20 16:56:18.953 +0900,import,3528,true,,,
3529,2790,,2025-12-20 16:56:18.960 +0900,import,3529,true,,,
3530,1990,,2025-12-20 16:56:18.966 +0900,import,3530,true,,,
3531,1980,,2025-12-20 16:56:18.973 +0900,import,3531,true,,,
3532,1990,,2025-12-20 16:56:18.980 +0900,import,3532,true,,,
3533,1990,,2025-12-20 16:56:18.986 +0900,import,3533,true,,,
3534,1390,,2025-12-20 16:56:18.992 +0900,import,3534,true,,,
3535,1000,,2025-12-20 16:56:18.998 +0900,import,3535,true,,,
3536,2490,,2025-12-20 16:56:19.004 +0900,import,3536,true,,,
3537,5090,,2025-12-20 16:56:19.011 +0900,import,3537,true,,,
3538,2790,,2025-12-20 16:56:19.016 +0900,import,3538,true,,,
3539,1990,,2025-12-20 16:56:19.022 +0900,import,3539,true,,,
3540,2180,,2025-12-20 16:56:19.029 +0900,import,3540,true,,,
3541,1990,,2025-12-20 16:56:19.035 +0900,import,3541,true,,,
3542,5990,,2025-12-20 16:56:19.041 +0900,import,3542,true,,,
3543,1990,,2025-12-20 16:56:19.047 +0900,import,3543,true,,,
3544,3990,,2025-12-20 16:56:19.055 +0900,import,3544,true,,,
3545,1390,,2025-12-20 16:56:19.064 +0900,import,3545,true,,,
3546,1900,2720,2025-12-20 16:56:19.071 +0900,import,3546,true,,,
3547,1990,,2025-12-20 16:56:19.080 +0900,import,3547,true,,,
3548,1690,,2025-12-20 16:56:19.088 +0900,import,3548,true,,,
3549,7490,,2025-12-20 16:56:19.097 +0900,import,3549,true,,,
9086,7290,,2025-12-20 17:07:38.730 +0900,crawl,177,true,5100,2190,42.94
3551,3990,,2025-12-20 16:56:19.111 +0900,import,3551,true,,,
3552,2390,,2025-12-20 16:56:19.117 +0900,import,3552,true,,,
3553,5990,,2025-12-20 16:56:19.123 +0900,import,3553,true,,,
3554,4190,,2025-12-20 16:56:19.129 +0900,import,3554,true,,,
3555,4990,,2025-12-20 16:56:19.135 +0900,import,3555,true,,,
3556,4380,,2025-12-20 16:56:19.141 +0900,import,3556,true,,,
3557,3990,,2025-12-20 16:56:19.147 +0900,import,3557,true,,,
3558,2590,,2025-12-20 16:56:19.153 +0900,import,3558,true,,,
3559,5760,,2025-12-20 16:56:19.159 +0900,import,3559,true,,,
3560,3990,,2025-12-20 16:56:19.165 +0900,import,3560,true,,,
3561,5290,,2025-12-20 16:56:19.171 +0900,import,3561,true,,,
3562,3990,,2025-12-20 16:56:19.178 +0900,import,3562,true,,,
3563,4290,,2025-12-20 16:56:19.184 +0900,import,3563,true,,,
3564,5290,,2025-12-20 16:56:19.190 +0900,import,3564,true,,,
3565,2590,,2025-12-20 16:56:19.196 +0900,import,3565,true,,,
3566,4790,,2025-12-20 16:56:19.202 +0900,import,3566,true,,,
3567,4080,,2025-12-20 16:56:19.209 +0900,import,3567,true,,,
3568,4800,,2025-12-20 16:56:19.215 +0900,import,3568,true,,,
3569,2990,,2025-12-20 16:56:19.221 +0900,import,3569,true,,,
3570,2590,,2025-12-20 16:56:19.227 +0900,import,3570,true,,,
3571,4190,,2025-12-20 16:56:19.233 +0900,import,3571,true,,,
3572,5490,,2025-12-20 16:56:19.239 +0900,import,3572,true,,,
3573,3990,,2025-12-20 16:56:19.245 +0900,import,3573,true,,,
3574,3990,,2025-12-20 16:56:19.252 +0900,import,3574,true,,,
3575,3990,,2025-12-20 16:56:19.258 +0900,import,3575,true,,,
3576,1360,,2025-12-20 16:56:19.264 +0900,import,3576,true,,,
3577,9900,,2025-12-20 16:56:19.269 +0900,import,3577,true,,,
3578,2590,,2025-12-20 16:56:19.276 +0900,import,3578,true,,,
3579,5290,,2025-12-20 16:56:19.282 +0900,import,3579,true,,,
3580,2590,,2025-12-20 16:56:19.288 +0900,import,3580,true,,,
3581,5360,,2025-12-20 16:56:19.294 +0900,import,3581,true,,,
3582,5290,,2025-12-20 16:56:19.300 +0900,import,3582,true,,,
3583,3990,,2025-12-20 16:56:19.306 +0900,import,3583,true,,,
3584,4080,,2025-12-20 16:56:19.312 +0900,import,3584,true,,,
3585,4290,,2025-12-20 16:56:19.318 +0900,import,3585,true,,,
3586,1000,,2025-12-20 16:56:19.323 +0900,import,3586,true,,,
3587,1000,,2025-12-20 16:56:19.329 +0900,import,3587,true,,,
3588,3360,,2025-12-20 16:56:19.336 +0900,import,3588,true,,,
3589,5290,,2025-12-20 16:56:19.342 +0900,import,3589,true,,,
3590,2890,,2025-12-20 16:56:19.348 +0900,import,3590,true,,,
3591,1000,,2025-12-20 16:56:19.354 +0900,import,3591,true,,,
3592,1000,,2025-12-20 16:56:19.360 +0900,import,3592,true,,,
3593,9900,,2025-12-20 16:56:19.366 +0900,import,3593,true,,,
3594,1000,,2025-12-20 16:56:19.372 +0900,import,3594,true,,,
3595,1000,,2025-12-20 16:56:19.377 +0900,import,3595,true,,,
3597,4780,,2025-12-20 16:56:19.390 +0900,import,3597,true,,,
3598,2790,,2025-12-20 16:56:19.395 +0900,import,3598,true,,,
3599,4490,,2025-12-20 16:56:19.401 +0900,import,3599,true,,,
3600,3360,,2025-12-20 16:56:19.408 +0900,import,3600,true,,,
3601,1360,,2025-12-20 16:56:19.414 +0900,import,3601,true,,,
3602,9900,,2025-12-20 16:56:19.419 +0900,import,3602,true,,,
3603,9900,,2025-12-20 16:56:19.426 +0900,import,3603,true,,,
3604,3790,,2025-12-20 16:56:19.432 +0900,import,3604,true,,,
3605,1000,,2025-12-20 16:56:19.438 +0900,import,3605,true,,,
3606,5490,,2025-12-20 16:56:19.444 +0900,import,3606,true,,,
3607,5360,,2025-12-20 16:56:19.450 +0900,import,3607,true,,,
3608,1000,,2025-12-20 16:56:19.456 +0900,import,3608,true,,,
3609,1000,,2025-12-20 16:56:19.462 +0900,import,3609,true,,,
3610,3090,,2025-12-20 16:56:19.468 +0900,import,3610,true,,,
3611,3290,,2025-12-20 16:56:19.474 +0900,import,3611,true,,,
3612,1000,,2025-12-20 16:56:19.480 +0900,import,3612,true,,,
3613,1360,,2025-12-20 16:56:19.486 +0900,import,3613,true,,,
3615,1000,,2025-12-20 16:56:19.498 +0900,import,3615,true,,,
3616,3990,,2025-12-20 16:56:19.504 +0900,import,3616,true,,,
3617,5360,,2025-12-20 16:56:19.510 +0900,import,3617,true,,,
3618,5440,,2025-12-20 16:56:19.516 +0900,import,3618,true,,,
3619,1590,,2025-12-20 16:56:19.522 +0900,import,3619,true,,,
3620,1590,,2025-12-20 16:56:19.529 +0900,import,3620,true,,,
3621,4290,,2025-12-20 16:56:19.535 +0900,import,3621,true,,,
3622,2990,,2025-12-20 16:56:19.541 +0900,import,3622,true,,,
3623,3390,,2025-12-20 16:56:19.548 +0900,import,3623,true,,,
3624,3190,,2025-12-20 16:56:19.553 +0900,import,3624,true,,,
3625,3990,,2025-12-20 16:56:19.559 +0900,import,3625,true,,,
3626,2890,,2025-12-20 16:56:19.566 +0900,import,3626,true,,,
3627,2090,2990,2025-12-20 16:56:19.572 +0900,import,3627,true,,,
3628,2890,,2025-12-20 16:56:19.578 +0900,import,3628,true,,,
3629,2090,2990,2025-12-20 16:56:19.584 +0900,import,3629,true,,,
3630,1650,,2025-12-20 16:56:19.590 +0900,import,3630,true,,,
3631,1990,,2025-12-20 16:56:19.596 +0900,import,3631,true,,,
3632,5290,,2025-12-20 16:56:19.602 +0900,import,3632,true,,,
3633,5290,,2025-12-20 16:56:19.608 +0900,import,3633,true,,,
3634,5440,,2025-12-20 16:56:19.615 +0900,import,3634,true,,,
3635,7500,,2025-12-20 16:56:19.621 +0900,import,3635,true,,,
3636,6990,,2025-12-20 16:56:19.626 +0900,import,3636,true,,,
3637,3490,4990,2025-12-20 16:56:19.632 +0900,import,3637,true,,,
3638,4990,,2025-12-20 16:56:19.639 +0900,import,3638,true,,,
3639,4490,,2025-12-20 16:56:19.644 +0900,import,3639,true,,,
3640,1000,,2025-12-20 16:56:19.650 +0900,import,3640,true,,,
3641,2990,,2025-12-20 16:56:19.657 +0900,import,3641,true,,,
3643,1000,,2025-12-20 16:56:19.668 +0900,import,3643,true,,,
3644,1000,,2025-12-20 16:56:19.674 +0900,import,3644,true,,,
3645,1650,,2025-12-20 16:56:19.680 +0900,import,3645,true,,,
3646,3840,,2025-12-20 16:56:19.686 +0900,import,3646,true,,,
3647,3690,,2025-12-20 16:56:19.692 +0900,import,3647,true,,,
3648,3990,,2025-12-20 16:56:19.698 +0900,import,3648,true,,,
3649,2090,2990,2025-12-20 16:56:19.704 +0900,import,3649,true,,,
3650,2090,2990,2025-12-20 16:56:19.709 +0900,import,3650,true,,,
3651,1590,,2025-12-20 16:56:19.716 +0900,import,3651,true,,,
3652,1590,,2025-12-20 16:56:19.721 +0900,import,3652,true,,,
3653,1190,,2025-12-20 16:56:19.728 +0900,import,3653,true,,,
3654,1190,,2025-12-20 16:56:19.734 +0900,import,3654,true,,,
3655,1520,,2025-12-20 16:56:19.740 +0900,import,3655,true,,,
3656,1520,,2025-12-20 16:56:19.745 +0900,import,3656,true,,,
3657,1650,,2025-12-20 16:56:19.751 +0900,import,3657,true,,,
3658,1520,,2025-12-20 16:56:19.757 +0900,import,3658,true,,,
3659,1520,,2025-12-20 16:56:19.764 +0900,import,3659,true,,,
3660,2000,,2025-12-20 16:56:19.769 +0900,import,3660,true,,,
3661,1190,,2025-12-20 16:56:19.775 +0900,import,3661,true,,,
3662,1490,,2025-12-20 16:56:19.781 +0900,import,3662,true,,,
3663,990,,2025-12-20 16:56:19.787 +0900,import,3663,true,,,
3664,990,,2025-12-20 16:56:19.792 +0900,import,3664,true,,,
3665,1000,,2025-12-20 16:56:19.799 +0900,import,3665,true,,,
3666,1590,,2025-12-20 16:56:19.805 +0900,import,3666,true,,,
3667,1390,,2025-12-20 16:56:19.811 +0900,import,3667,true,,,
3668,4780,,2025-12-20 16:56:19.817 +0900,import,3668,true,,,
3669,3290,,2025-12-20 16:56:19.823 +0900,import,3669,true,,,
3671,1490,,2025-12-20 16:56:19.835 +0900,import,3671,true,,,
3672,4700,,2025-12-20 16:56:19.841 +0900,import,3672,true,,,
3673,1000,,2025-12-20 16:56:19.848 +0900,import,3673,true,,,
3674,6290,,2025-12-20 16:56:19.853 +0900,import,3674,true,,,
3675,3990,,2025-12-20 16:56:19.859 +0900,import,3675,true,,,
3677,2990,,2025-12-20 16:56:19.872 +0900,import,3677,true,,,
3678,1190,,2025-12-20 16:56:19.878 +0900,import,3678,true,,,
3679,1690,,2025-12-20 16:56:19.884 +0900,import,3679,true,,,
3680,1480,,2025-12-20 16:56:19.890 +0900,import,3680,true,,,
3681,2090,2990,2025-12-20 16:56:19.896 +0900,import,3681,true,,,
3682,1390,,2025-12-20 16:56:19.902 +0900,import,3682,true,,,
3683,1590,,2025-12-20 16:56:19.908 +0900,import,3683,true,,,
3685,1000,,2025-12-20 16:56:19.920 +0900,import,3685,true,,,
3686,1520,,2025-12-20 16:56:19.926 +0900,import,3686,true,,,
3670,1990,,2025-12-20 16:56:19.829 +0900,import,3670,false,,,
3676,1990,,2025-12-20 16:56:19.865 +0900,import,3676,false,,,
3684,2790,,2025-12-20 16:56:19.914 +0900,import,3684,false,,,
3596,3490,,2025-12-20 16:56:19.383 +0900,import,3596,false,,,
3642,2790,,2025-12-20 16:56:19.662 +0900,import,3642,false,,,
3687,4990,,2025-12-20 16:56:19.932 +0900,import,3687,true,,,
3688,4190,5990,2025-12-20 16:56:19.937 +0900,import,3688,true,,,
3689,5190,,2025-12-20 16:56:19.943 +0900,import,3689,true,,,
3690,1790,,2025-12-20 16:56:19.949 +0900,import,3690,true,,,
3691,2990,,2025-12-20 16:56:19.955 +0900,import,3691,true,,,
3692,990,,2025-12-20 16:56:19.961 +0900,import,3692,true,,,
3693,1390,1990,2025-12-20 16:56:19.967 +0900,import,3693,true,,,
9087,8990,,2025-12-20 17:07:39.954 +0900,crawl,213,true,4490,4500,100.22
3695,4290,,2025-12-20 16:56:19.979 +0900,import,3695,true,,,
3696,6280,8980,2025-12-20 16:56:19.984 +0900,import,3696,true,,,
3697,1390,1990,2025-12-20 16:56:19.990 +0900,import,3697,true,,,
3698,3100,,2025-12-20 16:56:19.996 +0900,import,3698,true,,,
3699,1190,,2025-12-20 16:56:20.002 +0900,import,3699,true,,,
3700,2190,,2025-12-20 16:56:20.008 +0900,import,3700,true,,,
3701,2090,2990,2025-12-20 16:56:20.014 +0900,import,3701,true,,,
3703,4190,5990,2025-12-20 16:56:20.027 +0900,import,3703,true,,,
3704,1650,,2025-12-20 16:56:20.033 +0900,import,3704,true,,,
3705,5990,,2025-12-20 16:56:20.039 +0900,import,3705,true,,,
3706,7500,,2025-12-20 16:56:20.045 +0900,import,3706,true,,,
3707,7990,,2025-12-20 16:56:20.052 +0900,import,3707,true,,,
3708,6790,,2025-12-20 16:56:20.059 +0900,import,3708,true,,,
3709,2990,,2025-12-20 16:56:20.065 +0900,import,3709,true,,,
3710,1690,,2025-12-20 16:56:20.071 +0900,import,3710,true,,,
3711,2990,,2025-12-20 16:56:20.077 +0900,import,3711,true,,,
3712,3490,,2025-12-20 16:56:20.083 +0900,import,3712,true,,,
3713,1490,,2025-12-20 16:56:20.089 +0900,import,3713,true,,,
3714,5990,,2025-12-20 16:56:20.095 +0900,import,3714,true,,,
3715,5490,,2025-12-20 16:56:20.101 +0900,import,3715,true,,,
3717,4190,5990,2025-12-20 16:56:20.113 +0900,import,3717,true,,,
3718,2990,,2025-12-20 16:56:20.119 +0900,import,3718,true,,,
3719,2590,,2025-12-20 16:56:20.125 +0900,import,3719,true,,,
3721,3990,,2025-12-20 16:56:20.137 +0900,import,3721,true,,,
3722,2690,,2025-12-20 16:56:20.143 +0900,import,3722,true,,,
3723,2590,,2025-12-20 16:56:20.149 +0900,import,3723,true,,,
3724,3990,,2025-12-20 16:56:20.155 +0900,import,3724,true,,,
3725,2590,,2025-12-20 16:56:20.162 +0900,import,3725,true,,,
3726,3990,,2025-12-20 16:56:20.168 +0900,import,3726,true,,,
3727,2590,,2025-12-20 16:56:20.175 +0900,import,3727,true,,,
3728,3990,,2025-12-20 16:56:20.181 +0900,import,3728,true,,,
3729,1990,,2025-12-20 16:56:20.189 +0900,import,3729,true,,,
3730,3990,,2025-12-20 16:56:20.194 +0900,import,3730,true,,,
3731,1000,,2025-12-20 16:56:20.201 +0900,import,3731,true,,,
3732,4800,,2025-12-20 16:56:20.207 +0900,import,3732,true,,,
3733,2690,,2025-12-20 16:56:20.213 +0900,import,3733,true,,,
3734,4800,,2025-12-20 16:56:20.219 +0900,import,3734,true,,,
3735,3990,,2025-12-20 16:56:20.226 +0900,import,3735,true,,,
3736,1000,,2025-12-20 16:56:20.232 +0900,import,3736,true,,,
3737,1990,,2025-12-20 16:56:20.240 +0900,import,3737,true,,,
3739,4490,,2025-12-20 16:56:20.253 +0900,import,3739,true,,,
3740,1000,,2025-12-20 16:56:20.259 +0900,import,3740,true,,,
3741,1580,,2025-12-20 16:56:20.265 +0900,import,3741,true,,,
3742,4000,,2025-12-20 16:56:20.272 +0900,import,3742,true,,,
3743,1000,,2025-12-20 16:56:20.278 +0900,import,3743,true,,,
3744,1580,,2025-12-20 16:56:20.284 +0900,import,3744,true,,,
3745,1000,,2025-12-20 16:56:20.290 +0900,import,3745,true,,,
3746,4380,,2025-12-20 16:56:20.297 +0900,import,3746,true,,,
3747,3190,,2025-12-20 16:56:20.304 +0900,import,3747,true,,,
3748,1580,,2025-12-20 16:56:20.310 +0900,import,3748,true,,,
3749,1580,,2025-12-20 16:56:20.317 +0900,import,3749,true,,,
3750,1000,,2025-12-20 16:56:20.323 +0900,import,3750,true,,,
3751,4380,,2025-12-20 16:56:20.329 +0900,import,3751,true,,,
3752,3490,4990,2025-12-20 16:56:20.335 +0900,import,3752,true,,,
3753,4490,,2025-12-20 16:56:20.342 +0900,import,3753,true,,,
3754,4000,,2025-12-20 16:56:20.348 +0900,import,3754,true,,,
3755,2590,,2025-12-20 16:56:20.354 +0900,import,3755,true,,,
3756,2590,,2025-12-20 16:56:20.361 +0900,import,3756,true,,,
3757,1650,,2025-12-20 16:56:20.367 +0900,import,3757,true,,,
3758,1000,,2025-12-20 16:56:20.373 +0900,import,3758,true,,,
3759,1000,,2025-12-20 16:56:20.380 +0900,import,3759,true,,,
3761,1200,,2025-12-20 16:56:20.392 +0900,import,3761,true,,,
3763,1000,,2025-12-20 16:56:20.405 +0900,import,3763,true,,,
3764,2990,,2025-12-20 16:56:20.411 +0900,import,3764,true,,,
3765,1000,,2025-12-20 16:56:20.418 +0900,import,3765,true,,,
3766,1200,,2025-12-20 16:56:20.424 +0900,import,3766,true,,,
3767,3990,,2025-12-20 16:56:20.430 +0900,import,3767,true,,,
3768,5990,,2025-12-20 16:56:20.436 +0900,import,3768,true,,,
3769,3180,,2025-12-20 16:56:20.442 +0900,import,3769,true,,,
3770,1990,,2025-12-20 16:56:20.448 +0900,import,3770,true,,,
3771,4490,,2025-12-20 16:56:20.455 +0900,import,3771,true,,,
3772,2690,,2025-12-20 16:56:20.461 +0900,import,3772,true,,,
3773,2690,,2025-12-20 16:56:20.467 +0900,import,3773,true,,,
3774,4900,,2025-12-20 16:56:20.473 +0900,import,3774,true,,,
3775,6990,,2025-12-20 16:56:20.480 +0900,import,3775,true,,,
3776,1000,,2025-12-20 16:56:20.486 +0900,import,3776,true,,,
3777,5490,,2025-12-20 16:56:20.492 +0900,import,3777,true,,,
3779,1000,,2025-12-20 16:56:20.504 +0900,import,3779,true,,,
3780,5490,,2025-12-20 16:56:20.510 +0900,import,3780,true,,,
3781,6290,,2025-12-20 16:56:20.516 +0900,import,3781,true,,,
3782,3590,,2025-12-20 16:56:20.522 +0900,import,3782,true,,,
3783,2390,,2025-12-20 16:56:20.528 +0900,import,3783,true,,,
3702,3590,,2025-12-20 16:56:20.021 +0900,import,3702,false,,,
3716,3590,,2025-12-20 16:56:20.107 +0900,import,3716,false,,,
3720,3490,4990,2025-12-20 16:56:20.131 +0900,import,3720,false,,,
3738,6220,8890,2025-12-20 16:56:20.246 +0900,import,3738,false,,,
3760,1990,,2025-12-20 16:56:20.386 +0900,import,3760,false,,,
3778,4180,,2025-12-20 16:56:20.498 +0900,import,3778,false,,,
3784,1000,,2025-12-20 16:56:20.535 +0900,import,3784,true,,,
3786,2390,,2025-12-20 16:56:20.547 +0900,import,3786,true,,,
3787,1000,,2025-12-20 16:56:20.553 +0900,import,3787,true,,,
3788,6990,,2025-12-20 16:56:20.559 +0900,import,3788,true,,,
3789,3990,,2025-12-20 16:56:20.565 +0900,import,3789,true,,,
3790,6990,,2025-12-20 16:56:20.572 +0900,import,3790,true,,,
3791,3990,,2025-12-20 16:56:20.580 +0900,import,3791,true,,,
3792,5490,,2025-12-20 16:56:20.587 +0900,import,3792,true,,,
3793,1000,,2025-12-20 16:56:20.593 +0900,import,3793,true,,,
3794,3990,,2025-12-20 16:56:20.599 +0900,import,3794,true,,,
3795,3990,,2025-12-20 16:56:20.606 +0900,import,3795,true,,,
3796,6190,,2025-12-20 16:56:20.613 +0900,import,3796,true,,,
3797,4900,,2025-12-20 16:56:20.620 +0900,import,3797,true,,,
3798,4900,,2025-12-20 16:56:20.627 +0900,import,3798,true,,,
3799,2580,,2025-12-20 16:56:20.633 +0900,import,3799,true,,,
3800,1240,2490,2025-12-20 16:56:20.641 +0900,import,3800,true,,,
3801,1000,,2025-12-20 16:56:20.648 +0900,import,3801,true,,,
3802,8990,,2025-12-20 16:56:20.654 +0900,import,3802,true,,,
3803,4320,,2025-12-20 16:56:20.660 +0900,import,3803,true,,,
3804,4900,,2025-12-20 16:56:20.666 +0900,import,3804,true,,,
3805,4900,,2025-12-20 16:56:20.673 +0900,import,3805,true,,,
3806,1000,,2025-12-20 16:56:20.681 +0900,import,3806,true,,,
3807,8290,,2025-12-20 16:56:20.687 +0900,import,3807,true,,,
3808,8290,,2025-12-20 16:56:20.693 +0900,import,3808,true,,,
3809,9990,,2025-12-20 16:56:20.699 +0900,import,3809,true,,,
3810,7990,,2025-12-20 16:56:20.706 +0900,import,3810,true,,,
3811,2990,,2025-12-20 16:56:20.713 +0900,import,3811,true,,,
3813,5490,,2025-12-20 16:56:20.725 +0900,import,3813,true,,,
3814,1000,,2025-12-20 16:56:20.732 +0900,import,3814,true,,,
3815,4990,,2025-12-20 16:56:20.738 +0900,import,3815,true,,,
3816,4990,,2025-12-20 16:56:20.744 +0900,import,3816,true,,,
3817,3990,,2025-12-20 16:56:20.750 +0900,import,3817,true,,,
3818,3600,,2025-12-20 16:56:20.756 +0900,import,3818,true,,,
3819,1000,,2025-12-20 16:56:20.763 +0900,import,3819,true,,,
3820,700,1000,2025-12-20 16:56:20.769 +0900,import,3820,true,,,
3821,1990,,2025-12-20 16:56:20.776 +0900,import,3821,true,,,
3822,1990,,2025-12-20 16:56:20.783 +0900,import,3822,true,,,
3823,1990,,2025-12-20 16:56:20.789 +0900,import,3823,true,,,
3824,3990,,2025-12-20 16:56:20.795 +0900,import,3824,true,,,
3826,4790,,2025-12-20 16:56:20.807 +0900,import,3826,true,,,
3827,1990,,2025-12-20 16:56:20.814 +0900,import,3827,true,,,
3828,2160,3090,2025-12-20 16:56:20.820 +0900,import,3828,true,,,
3829,2690,,2025-12-20 16:56:20.826 +0900,import,3829,true,,,
3830,2590,,2025-12-20 16:56:20.832 +0900,import,3830,true,,,
3831,11000,,2025-12-20 16:56:20.838 +0900,import,3831,true,,,
3832,2990,,2025-12-20 16:56:20.844 +0900,import,3832,true,,,
3833,4990,,2025-12-20 16:56:20.849 +0900,import,3833,true,,,
3834,10490,14990,2025-12-20 16:56:20.855 +0900,import,3834,true,,,
3835,4990,,2025-12-20 16:56:20.861 +0900,import,3835,true,,,
3836,1990,,2025-12-20 16:56:20.869 +0900,import,3836,true,,,
3837,3990,,2025-12-20 16:56:20.878 +0900,import,3837,true,,,
3838,2790,,2025-12-20 16:56:20.885 +0900,import,3838,true,,,
3839,3490,,2025-12-20 16:56:20.893 +0900,import,3839,true,,,
3840,2190,,2025-12-20 16:56:20.902 +0900,import,3840,true,,,
3841,2790,,2025-12-20 16:56:20.911 +0900,import,3841,true,,,
3842,3130,4480,2025-12-20 16:56:20.920 +0900,import,3842,true,,,
3843,3180,,2025-12-20 16:56:20.926 +0900,import,3843,true,,,
3844,6990,,2025-12-20 16:56:20.932 +0900,import,3844,true,,,
3845,2990,,2025-12-20 16:56:20.938 +0900,import,3845,true,,,
3846,3090,,2025-12-20 16:56:20.943 +0900,import,3846,true,,,
3847,4990,,2025-12-20 16:56:20.949 +0900,import,3847,true,,,
3848,2090,2990,2025-12-20 16:56:20.955 +0900,import,3848,true,,,
3849,3130,4480,2025-12-20 16:56:20.961 +0900,import,3849,true,,,
3850,2790,,2025-12-20 16:56:20.967 +0900,import,3850,true,,,
3851,3090,,2025-12-20 16:56:20.973 +0900,import,3851,true,,,
3852,3600,,2025-12-20 16:56:20.979 +0900,import,3852,true,,,
3853,6290,8990,2025-12-20 16:56:20.986 +0900,import,3853,true,,,
3854,2490,,2025-12-20 16:56:20.992 +0900,import,3854,true,,,
3855,2490,,2025-12-20 16:56:20.998 +0900,import,3855,true,,,
3856,4390,,2025-12-20 16:56:21.004 +0900,import,3856,true,,,
3857,3590,,2025-12-20 16:56:21.010 +0900,import,3857,true,,,
3858,3990,,2025-12-20 16:56:21.017 +0900,import,3858,true,,,
3859,3990,,2025-12-20 16:56:21.024 +0900,import,3859,true,,,
3860,1360,,2025-12-20 16:56:21.030 +0900,import,3860,true,,,
3861,1360,,2025-12-20 16:56:21.036 +0900,import,3861,true,,,
3862,1360,,2025-12-20 16:56:21.043 +0900,import,3862,true,,,
3863,1000,,2025-12-20 16:56:21.049 +0900,import,3863,true,,,
3864,3990,,2025-12-20 16:56:21.055 +0900,import,3864,true,,,
3865,1000,,2025-12-20 16:56:21.062 +0900,import,3865,true,,,
3866,1360,,2025-12-20 16:56:21.068 +0900,import,3866,true,,,
3867,1360,,2025-12-20 16:56:21.074 +0900,import,3867,true,,,
3868,3690,,2025-12-20 16:56:21.081 +0900,import,3868,true,,,
3869,1000,,2025-12-20 16:56:21.088 +0900,import,3869,true,,,
3870,3990,,2025-12-20 16:56:21.094 +0900,import,3870,true,,,
3871,1360,,2025-12-20 16:56:21.100 +0900,import,3871,true,,,
3872,1000,,2025-12-20 16:56:21.107 +0900,import,3872,true,,,
3873,1360,,2025-12-20 16:56:21.113 +0900,import,3873,true,,,
3874,1000,,2025-12-20 16:56:21.120 +0900,import,3874,true,,,
3875,1180,,2025-12-20 16:56:21.125 +0900,import,3875,true,,,
3876,1000,,2025-12-20 16:56:21.132 +0900,import,3876,true,,,
3877,1000,,2025-12-20 16:56:21.138 +0900,import,3877,true,,,
3878,1000,,2025-12-20 16:56:21.144 +0900,import,3878,true,,,
3879,1990,,2025-12-20 16:56:21.151 +0900,import,3879,true,,,
3880,1180,,2025-12-20 16:56:21.157 +0900,import,3880,true,,,
3825,3480,,2025-12-20 16:56:20.801 +0900,import,3825,false,,,
3812,3480,,2025-12-20 16:56:20.719 +0900,import,3812,false,,,
3881,1360,,2025-12-20 16:56:21.163 +0900,import,3881,true,,,
3882,3300,,2025-12-20 16:56:21.169 +0900,import,3882,true,,,
3883,2590,,2025-12-20 16:56:21.175 +0900,import,3883,true,,,
3884,4900,,2025-12-20 16:56:21.182 +0900,import,3884,true,,,
3885,1000,,2025-12-20 16:56:21.189 +0900,import,3885,true,,,
3886,8990,,2025-12-20 16:56:21.195 +0900,import,3886,true,,,
3887,1000,,2025-12-20 16:56:21.201 +0900,import,3887,true,,,
3888,2880,,2025-12-20 16:56:21.208 +0900,import,3888,true,,,
3889,2290,,2025-12-20 16:56:21.214 +0900,import,3889,true,,,
3890,2590,,2025-12-20 16:56:21.221 +0900,import,3890,true,,,
3891,1360,,2025-12-20 16:56:21.227 +0900,import,3891,true,,,
3892,1360,,2025-12-20 16:56:21.234 +0900,import,3892,true,,,
3893,3990,,2025-12-20 16:56:21.240 +0900,import,3893,true,,,
3894,1990,,2025-12-20 16:56:21.246 +0900,import,3894,true,,,
3895,1000,,2025-12-20 16:56:21.253 +0900,import,3895,true,,,
3896,1000,,2025-12-20 16:56:21.259 +0900,import,3896,true,,,
3897,4680,,2025-12-20 16:56:21.266 +0900,import,3897,true,,,
3898,1000,,2025-12-20 16:56:21.272 +0900,import,3898,true,,,
3899,2390,,2025-12-20 16:56:21.278 +0900,import,3899,true,,,
3900,1000,,2025-12-20 16:56:21.285 +0900,import,3900,true,,,
3901,1360,,2025-12-20 16:56:21.292 +0900,import,3901,true,,,
3902,8990,,2025-12-20 16:56:21.299 +0900,import,3902,true,,,
3903,2980,,2025-12-20 16:56:21.305 +0900,import,3903,true,,,
3904,2720,,2025-12-20 16:56:21.311 +0900,import,3904,true,,,
3905,2240,,2025-12-20 16:56:21.317 +0900,import,3905,true,,,
3906,1360,,2025-12-20 16:56:21.323 +0900,import,3906,true,,,
3907,1990,,2025-12-20 16:56:21.330 +0900,import,3907,true,,,
3908,1360,,2025-12-20 16:56:21.336 +0900,import,3908,true,,,
3909,1190,,2025-12-20 16:56:21.342 +0900,import,3909,true,,,
3910,1000,,2025-12-20 16:56:21.348 +0900,import,3910,true,,,
3911,1000,,2025-12-20 16:56:21.355 +0900,import,3911,true,,,
3912,4580,,2025-12-20 16:56:21.361 +0900,import,3912,true,,,
3913,1360,,2025-12-20 16:56:21.367 +0900,import,3913,true,,,
3914,1360,,2025-12-20 16:56:21.373 +0900,import,3914,true,,,
3915,1360,,2025-12-20 16:56:21.379 +0900,import,3915,true,,,
3916,1360,,2025-12-20 16:56:21.385 +0900,import,3916,true,,,
3917,1040,,2025-12-20 16:56:21.391 +0900,import,3917,true,,,
3918,1490,,2025-12-20 16:56:21.398 +0900,import,3918,true,,,
3919,2790,3990,2025-12-20 16:56:21.404 +0900,import,3919,true,,,
3920,1000,,2025-12-20 16:56:21.410 +0900,import,3920,true,,,
3921,2180,,2025-12-20 16:56:21.416 +0900,import,3921,true,,,
3922,2180,,2025-12-20 16:56:21.422 +0900,import,3922,true,,,
3923,2180,,2025-12-20 16:56:21.428 +0900,import,3923,true,,,
3924,2390,,2025-12-20 16:56:21.434 +0900,import,3924,true,,,
3925,2790,,2025-12-20 16:56:21.440 +0900,import,3925,true,,,
3926,2390,,2025-12-20 16:56:21.446 +0900,import,3926,true,,,
3927,1000,,2025-12-20 16:56:21.451 +0900,import,3927,true,,,
3928,1000,,2025-12-20 16:56:21.457 +0900,import,3928,true,,,
3929,1360,,2025-12-20 16:56:21.463 +0900,import,3929,true,,,
3930,1360,,2025-12-20 16:56:21.469 +0900,import,3930,true,,,
3931,1990,,2025-12-20 16:56:21.476 +0900,import,3931,true,,,
3932,1360,,2025-12-20 16:56:21.482 +0900,import,3932,true,,,
3933,1000,,2025-12-20 16:56:21.488 +0900,import,3933,true,,,
3934,2990,,2025-12-20 16:56:21.495 +0900,import,3934,true,,,
3935,4390,,2025-12-20 16:56:21.501 +0900,import,3935,true,,,
3936,2180,,2025-12-20 16:56:21.507 +0900,import,3936,true,,,
3937,5090,,2025-12-20 16:56:21.513 +0900,import,3937,true,,,
3938,1490,,2025-12-20 16:56:21.520 +0900,import,3938,true,,,
3939,8990,,2025-12-20 16:56:21.527 +0900,import,3939,true,,,
3940,1990,,2025-12-20 16:56:21.533 +0900,import,3940,true,,,
3941,4680,,2025-12-20 16:56:21.540 +0900,import,3941,true,,,
3942,2390,,2025-12-20 16:56:21.546 +0900,import,3942,true,,,
3943,1490,,2025-12-20 16:56:21.553 +0900,import,3943,true,,,
3944,4390,,2025-12-20 16:56:21.558 +0900,import,3944,true,,,
3945,2790,,2025-12-20 16:56:21.564 +0900,import,3945,true,,,
3946,2880,,2025-12-20 16:56:21.570 +0900,import,3946,true,,,
3947,1190,,2025-12-20 16:56:21.576 +0900,import,3947,true,,,
3948,2990,,2025-12-20 16:56:21.582 +0900,import,3948,true,,,
3949,1600,,2025-12-20 16:56:21.588 +0900,import,3949,true,,,
3950,4490,,2025-12-20 16:56:21.593 +0900,import,3950,true,,,
3951,2190,,2025-12-20 16:56:21.601 +0900,import,3951,true,,,
3952,5790,,2025-12-20 16:56:21.607 +0900,import,3952,true,,,
3953,5290,,2025-12-20 16:56:21.613 +0900,import,3953,true,,,
3954,2590,,2025-12-20 16:56:21.620 +0900,import,3954,true,,,
3955,5290,,2025-12-20 16:56:21.626 +0900,import,3955,true,,,
3956,7200,,2025-12-20 16:56:21.632 +0900,import,3956,true,,,
3957,5290,,2025-12-20 16:56:21.638 +0900,import,3957,true,,,
3958,5290,,2025-12-20 16:56:21.644 +0900,import,3958,true,,,
3959,5290,,2025-12-20 16:56:21.650 +0900,import,3959,true,,,
3960,3990,,2025-12-20 16:56:21.657 +0900,import,3960,true,,,
3961,5760,,2025-12-20 16:56:21.663 +0900,import,3961,true,,,
3962,6490,,2025-12-20 16:56:21.669 +0900,import,3962,true,,,
3963,5760,,2025-12-20 16:56:21.675 +0900,import,3963,true,,,
3964,4640,,2025-12-20 16:56:21.681 +0900,import,3964,true,,,
3965,7990,,2025-12-20 16:56:21.687 +0900,import,3965,true,,,
3966,4780,,2025-12-20 16:56:21.693 +0900,import,3966,true,,,
3967,5290,,2025-12-20 16:56:21.700 +0900,import,3967,true,,,
3968,7990,,2025-12-20 16:56:21.705 +0900,import,3968,true,,,
3969,3990,,2025-12-20 16:56:21.712 +0900,import,3969,true,,,
3970,5290,,2025-12-20 16:56:21.718 +0900,import,3970,true,,,
3971,1190,,2025-12-20 16:56:21.724 +0900,import,3971,true,,,
3972,4640,,2025-12-20 16:56:21.730 +0900,import,3972,true,,,
3973,4490,,2025-12-20 16:56:21.736 +0900,import,3973,true,,,
3974,3600,,2025-12-20 16:56:21.742 +0900,import,3974,true,,,
3975,3990,,2025-12-20 16:56:21.749 +0900,import,3975,true,,,
3976,3990,,2025-12-20 16:56:21.755 +0900,import,3976,true,,,
3977,10490,,2025-12-20 16:56:21.761 +0900,import,3977,true,,,
3978,4320,,2025-12-20 16:56:21.768 +0900,import,3978,true,,,
3979,4490,,2025-12-20 16:56:21.774 +0900,import,3979,true,,,
3980,3990,,2025-12-20 16:56:21.780 +0900,import,3980,true,,,
3981,2990,,2025-12-20 16:56:21.787 +0900,import,3981,true,,,
3982,5760,,2025-12-20 16:56:21.793 +0900,import,3982,true,,,
3983,4790,,2025-12-20 16:56:21.799 +0900,import,3983,true,,,
3984,5760,,2025-12-20 16:56:21.805 +0900,import,3984,true,,,
3985,4680,,2025-12-20 16:56:21.811 +0900,import,3985,true,,,
3986,4790,,2025-12-20 16:56:21.817 +0900,import,3986,true,,,
3987,3990,,2025-12-20 16:56:21.825 +0900,import,3987,true,,,
3988,4680,,2025-12-20 16:56:21.832 +0900,import,3988,true,,,
3989,6390,,2025-12-20 16:56:21.838 +0900,import,3989,true,,,
3990,4790,,2025-12-20 16:56:21.844 +0900,import,3990,true,,,
3991,4790,,2025-12-20 16:56:21.850 +0900,import,3991,true,,,
3992,3990,,2025-12-20 16:56:21.858 +0900,import,3992,true,,,
3993,9990,,2025-12-20 16:56:21.864 +0900,import,3993,true,,,
3994,4990,,2025-12-20 16:56:21.870 +0900,import,3994,true,,,
3995,4990,,2025-12-20 16:56:21.876 +0900,import,3995,true,,,
3996,4800,,2025-12-20 16:56:21.882 +0900,import,3996,true,,,
3997,3990,,2025-12-20 16:56:21.888 +0900,import,3997,true,,,
3998,6990,,2025-12-20 16:56:21.895 +0900,import,3998,true,,,
3999,3990,,2025-12-20 16:56:21.903 +0900,import,3999,true,,,
4000,1990,,2025-12-20 16:56:21.909 +0900,import,4000,true,,,
4001,4990,,2025-12-20 16:56:21.915 +0900,import,4001,true,,,
4002,4990,,2025-12-20 16:56:21.921 +0900,import,4002,true,,,
4003,6790,,2025-12-20 16:56:21.927 +0900,import,4003,true,,,
4004,6790,,2025-12-20 16:56:21.933 +0900,import,4004,true,,,
4005,4990,,2025-12-20 16:56:21.940 +0900,import,4005,true,,,
4006,4490,,2025-12-20 16:56:21.946 +0900,import,4006,true,,,
4007,1000,,2025-12-20 16:56:21.952 +0900,import,4007,true,,,
4008,1000,,2025-12-20 16:56:21.959 +0900,import,4008,true,,,
4009,1000,,2025-12-20 16:56:21.966 +0900,import,4009,true,,,
4010,5980,,2025-12-20 16:56:21.972 +0900,import,4010,true,,,
4011,5980,,2025-12-20 16:56:21.978 +0900,import,4011,true,,,
4012,5980,,2025-12-20 16:56:21.984 +0900,import,4012,true,,,
4013,5980,,2025-12-20 16:56:21.990 +0900,import,4013,true,,,
4014,1000,,2025-12-20 16:56:21.997 +0900,import,4014,true,,,
4015,2990,,2025-12-20 16:56:22.003 +0900,import,4015,true,,,
4016,1490,,2025-12-20 16:56:22.009 +0900,import,4016,true,,,
4017,3490,,2025-12-20 16:56:22.015 +0900,import,4017,true,,,
4018,2990,,2025-12-20 16:56:22.020 +0900,import,4018,true,,,
4019,2990,,2025-12-20 16:56:22.027 +0900,import,4019,true,,,
4020,1990,,2025-12-20 16:56:22.033 +0900,import,4020,true,,,
4021,1490,,2025-12-20 16:56:22.039 +0900,import,4021,true,,,
4022,1990,,2025-12-20 16:56:22.046 +0900,import,4022,true,,,
4023,4500,,2025-12-20 16:56:22.052 +0900,import,4023,true,,,
4024,1190,,2025-12-20 16:56:22.058 +0900,import,4024,true,,,
4025,1190,,2025-12-20 16:56:22.064 +0900,import,4025,true,,,
4026,3790,,2025-12-20 16:56:22.070 +0900,import,4026,true,,,
4027,11990,,2025-12-20 16:56:22.076 +0900,import,4027,true,,,
4028,2990,,2025-12-20 16:56:22.083 +0900,import,4028,true,,,
4029,5980,,2025-12-20 16:56:22.090 +0900,import,4029,true,,,
4030,1490,,2025-12-20 16:56:22.097 +0900,import,4030,true,,,
4031,2990,,2025-12-20 16:56:22.103 +0900,import,4031,true,,,
4032,6900,,2025-12-20 16:56:22.109 +0900,import,4032,true,,,
4033,6900,,2025-12-20 16:56:22.116 +0900,import,4033,true,,,
4034,4990,,2025-12-20 16:56:22.122 +0900,import,4034,true,,,
4035,5290,,2025-12-20 16:56:22.128 +0900,import,4035,true,,,
4036,5290,,2025-12-20 16:56:22.134 +0900,import,4036,true,,,
4037,5200,,2025-12-20 16:56:22.141 +0900,import,4037,true,,,
4038,2990,,2025-12-20 16:56:22.148 +0900,import,4038,true,,,
4039,2990,,2025-12-20 16:56:22.154 +0900,import,4039,true,,,
4040,5120,,2025-12-20 16:56:22.160 +0900,import,4040,true,,,
4041,5200,,2025-12-20 16:56:22.167 +0900,import,4041,true,,,
4042,6790,,2025-12-20 16:56:22.172 +0900,import,4042,true,,,
4043,6790,,2025-12-20 16:56:22.178 +0900,import,4043,true,,,
4044,4800,,2025-12-20 16:56:22.185 +0900,import,4044,true,,,
4045,4320,,2025-12-20 16:56:22.191 +0900,import,4045,true,,,
4046,3840,,2025-12-20 16:56:22.197 +0900,import,4046,true,,,
4047,1040,1490,2025-12-20 16:56:22.203 +0900,import,4047,true,,,
4048,3490,,2025-12-20 16:56:22.210 +0900,import,4048,true,,,
4049,3840,,2025-12-20 16:56:22.216 +0900,import,4049,true,,,
4050,6790,,2025-12-20 16:56:22.222 +0900,import,4050,true,,,
4051,1040,1490,2025-12-20 16:56:22.228 +0900,import,4051,true,,,
4052,6190,,2025-12-20 16:56:22.234 +0900,import,4052,true,,,
4053,6190,,2025-12-20 16:56:22.241 +0900,import,4053,true,,,
4054,1040,1490,2025-12-20 16:56:22.247 +0900,import,4054,true,,,
4055,8400,,2025-12-20 16:56:22.253 +0900,import,4055,true,,,
4056,4380,,2025-12-20 16:56:22.260 +0900,import,4056,true,,,
4057,6290,,2025-12-20 16:56:22.266 +0900,import,4057,true,,,
4058,6290,,2025-12-20 16:56:22.273 +0900,import,4058,true,,,
4059,3990,,2025-12-20 16:56:22.279 +0900,import,4059,true,,,
4060,3990,,2025-12-20 16:56:22.286 +0900,import,4060,true,,,
4061,6190,,2025-12-20 16:56:22.292 +0900,import,4061,true,,,
4062,13600,,2025-12-20 16:56:22.298 +0900,import,4062,true,,,
4063,13600,,2025-12-20 16:56:22.304 +0900,import,4063,true,,,
4064,6190,,2025-12-20 16:56:22.311 +0900,import,4064,true,,,
4065,6800,,2025-12-20 16:56:22.316 +0900,import,4065,true,,,
4066,6800,,2025-12-20 16:56:22.322 +0900,import,4066,true,,,
4067,5290,,2025-12-20 16:56:22.328 +0900,import,4067,true,,,
4068,7590,,2025-12-20 16:56:22.335 +0900,import,4068,true,,,
4069,6990,9990,2025-12-20 16:56:22.341 +0900,import,4069,true,,,
4070,8890,,2025-12-20 16:56:22.348 +0900,import,4070,true,,,
4071,9190,,2025-12-20 16:56:22.354 +0900,import,4071,true,,,
4072,8890,,2025-12-20 16:56:22.361 +0900,import,4072,true,,,
4073,10390,,2025-12-20 16:56:22.367 +0900,import,4073,true,,,
4074,7890,,2025-12-20 16:56:22.373 +0900,import,4074,true,,,
4075,7990,,2025-12-20 16:56:22.380 +0900,import,4075,true,,,
4076,1690,,2025-12-20 16:56:22.386 +0900,import,4076,true,,,
4077,1690,,2025-12-20 16:56:22.392 +0900,import,4077,true,,,
4078,1690,,2025-12-20 16:56:22.399 +0900,import,4078,true,,,
4079,1900,,2025-12-20 16:56:22.405 +0900,import,4079,true,,,
4080,10390,,2025-12-20 16:56:22.411 +0900,import,4080,true,,,
4081,7690,,2025-12-20 16:56:22.417 +0900,import,4081,true,,,
4082,9990,14280,2025-12-20 16:56:22.424 +0900,import,4082,true,,,
4083,2000,,2025-12-20 16:56:22.430 +0900,import,4083,true,,,
4084,8890,,2025-12-20 16:56:22.436 +0900,import,4084,true,,,
4085,1890,,2025-12-20 16:56:22.442 +0900,import,4085,true,,,
4086,8890,,2025-12-20 16:56:22.449 +0900,import,4086,true,,,
4087,4980,,2025-12-20 16:56:22.455 +0900,import,4087,true,,,
4088,8890,,2025-12-20 16:56:22.461 +0900,import,4088,true,,,
4089,7790,,2025-12-20 16:56:22.467 +0900,import,4089,true,,,
4090,7190,,2025-12-20 16:56:22.473 +0900,import,4090,true,,,
4091,9990,,2025-12-20 16:56:22.480 +0900,import,4091,true,,,
4092,9990,,2025-12-20 16:56:22.486 +0900,import,4092,true,,,
4093,9900,,2025-12-20 16:56:22.492 +0900,import,4093,true,,,
4094,9590,,2025-12-20 16:56:22.499 +0900,import,4094,true,,,
4095,7790,,2025-12-20 16:56:22.504 +0900,import,4095,true,,,
4096,6990,,2025-12-20 16:56:22.511 +0900,import,4096,true,,,
4097,9590,,2025-12-20 16:56:22.517 +0900,import,4097,true,,,
4098,9990,,2025-12-20 16:56:22.523 +0900,import,4098,true,,,
4099,9990,,2025-12-20 16:56:22.530 +0900,import,4099,true,,,
4100,2990,,2025-12-20 16:56:22.536 +0900,import,4100,true,,,
4101,6990,,2025-12-20 16:56:22.542 +0900,import,4101,true,,,
4102,7190,,2025-12-20 16:56:22.548 +0900,import,4102,true,,,
4103,4990,,2025-12-20 16:56:22.555 +0900,import,4103,true,,,
4104,1690,,2025-12-20 16:56:22.562 +0900,import,4104,true,,,
4105,1690,,2025-12-20 16:56:22.568 +0900,import,4105,true,,,
4106,1890,,2025-12-20 16:56:22.575 +0900,import,4106,true,,,
4107,2000,,2025-12-20 16:56:22.581 +0900,import,4107,true,,,
4108,4990,,2025-12-20 16:56:22.587 +0900,import,4108,true,,,
4109,9990,,2025-12-20 16:56:22.593 +0900,import,4109,true,,,
4110,9990,,2025-12-20 16:56:22.600 +0900,import,4110,true,,,
4111,9590,,2025-12-20 16:56:22.606 +0900,import,4111,true,,,
4112,6690,,2025-12-20 16:56:22.612 +0900,import,4112,true,,,
4113,9990,,2025-12-20 16:56:22.619 +0900,import,4113,true,,,
4114,9990,,2025-12-20 16:56:22.625 +0900,import,4114,true,,,
4115,1900,,2025-12-20 16:56:22.632 +0900,import,4115,true,,,
4116,5990,,2025-12-20 16:56:22.638 +0900,import,4116,true,,,
4117,9690,,2025-12-20 16:56:22.644 +0900,import,4117,true,,,
4118,11590,,2025-12-20 16:56:22.650 +0900,import,4118,true,,,
4119,9990,,2025-12-20 16:56:22.656 +0900,import,4119,true,,,
4120,6990,,2025-12-20 16:56:22.662 +0900,import,4120,true,,,
4121,9590,,2025-12-20 16:56:22.669 +0900,import,4121,true,,,
4122,5990,,2025-12-20 16:56:22.675 +0900,import,4122,true,,,
4123,5990,,2025-12-20 16:56:22.681 +0900,import,4123,true,,,
4124,17990,,2025-12-20 16:56:22.688 +0900,import,4124,true,,,
4125,9990,,2025-12-20 16:56:22.694 +0900,import,4125,true,,,
4126,9990,,2025-12-20 16:56:22.700 +0900,import,4126,true,,,
4127,14190,,2025-12-20 16:56:22.706 +0900,import,4127,true,,,
4128,15190,,2025-12-20 16:56:22.712 +0900,import,4128,true,,,
4129,9590,,2025-12-20 16:56:22.718 +0900,import,4129,true,,,
4130,6990,,2025-12-20 16:56:22.724 +0900,import,4130,true,,,
4131,9990,,2025-12-20 16:56:22.730 +0900,import,4131,true,,,
4132,9990,,2025-12-20 16:56:22.736 +0900,import,4132,true,,,
4133,6990,,2025-12-20 16:56:22.742 +0900,import,4133,true,,,
4134,7590,,2025-12-20 16:56:22.747 +0900,import,4134,true,,,
4135,17990,,2025-12-20 16:56:22.754 +0900,import,4135,true,,,
4136,19490,,2025-12-20 16:56:22.760 +0900,import,4136,true,,,
4137,15890,,2025-12-20 16:56:22.767 +0900,import,4137,true,,,
4138,9990,,2025-12-20 16:56:22.773 +0900,import,4138,true,,,
4139,9590,,2025-12-20 16:56:22.779 +0900,import,4139,true,,,
4140,8490,,2025-12-20 16:56:22.785 +0900,import,4140,true,,,
4141,8490,,2025-12-20 16:56:22.791 +0900,import,4141,true,,,
4142,8490,,2025-12-20 16:56:22.797 +0900,import,4142,true,,,
4143,2000,,2025-12-20 16:56:22.803 +0900,import,4143,true,,,
4144,17990,,2025-12-20 16:56:22.809 +0900,import,4144,true,,,
4145,9990,,2025-12-20 16:56:22.814 +0900,import,4145,true,,,
4146,7990,,2025-12-20 16:56:22.820 +0900,import,4146,true,,,
4147,6990,,2025-12-20 16:56:22.827 +0900,import,4147,true,,,
4148,16890,,2025-12-20 16:56:22.832 +0900,import,4148,true,,,
4149,9990,,2025-12-20 16:56:22.839 +0900,import,4149,true,,,
4150,8890,,2025-12-20 16:56:22.845 +0900,import,4150,true,,,
4151,4900,,2025-12-20 16:56:22.851 +0900,import,4151,true,,,
4152,8800,,2025-12-20 16:56:22.856 +0900,import,4152,true,,,
4153,3490,,2025-12-20 16:56:22.862 +0900,import,4153,true,,,
4154,3490,,2025-12-20 16:56:22.868 +0900,import,4154,true,,,
4155,11200,,2025-12-20 16:56:22.874 +0900,import,4155,true,,,
4156,8800,,2025-12-20 16:56:22.880 +0900,import,4156,true,,,
4157,9990,,2025-12-20 16:56:22.886 +0900,import,4157,true,,,
4158,6490,,2025-12-20 16:56:22.892 +0900,import,4158,true,,,
4159,9990,,2025-12-20 16:56:22.898 +0900,import,4159,true,,,
4160,9990,,2025-12-20 16:56:22.904 +0900,import,4160,true,,,
4161,13990,,2025-12-20 16:56:22.911 +0900,import,4161,true,,,
4162,8990,,2025-12-20 16:56:22.917 +0900,import,4162,true,,,
4163,2180,,2025-12-20 16:56:22.924 +0900,import,4163,true,,,
4164,8490,,2025-12-20 16:56:22.930 +0900,import,4164,true,,,
4165,9990,,2025-12-20 16:56:22.936 +0900,import,4165,true,,,
4166,9990,,2025-12-20 16:56:22.942 +0900,import,4166,true,,,
4167,9990,,2025-12-20 16:56:22.949 +0900,import,4167,true,,,
4168,8990,,2025-12-20 16:56:22.954 +0900,import,4168,true,,,
4169,9690,,2025-12-20 16:56:22.960 +0900,import,4169,true,,,
4170,9990,,2025-12-20 16:56:22.966 +0900,import,4170,true,,,
4171,2800,,2025-12-20 16:56:22.972 +0900,import,4171,true,,,
4172,6290,8990,2025-12-20 16:56:22.978 +0900,import,4172,true,,,
4173,14990,,2025-12-20 16:56:22.984 +0900,import,4173,true,,,
4174,9990,,2025-12-20 16:56:22.990 +0900,import,4174,true,,,
4175,3990,,2025-12-20 16:56:22.996 +0900,import,4175,true,,,
4176,4990,,2025-12-20 16:56:23.002 +0900,import,4176,true,,,
4177,4990,,2025-12-20 16:56:23.008 +0900,import,4177,true,,,
4178,4790,,2025-12-20 16:56:23.014 +0900,import,4178,true,,,
4179,4990,,2025-12-20 16:56:23.020 +0900,import,4179,true,,,
4180,1100,,2025-12-20 16:56:23.026 +0900,import,4180,true,,,
4181,500,,2025-12-20 16:56:23.033 +0900,import,4181,true,,,
4182,1000,,2025-12-20 16:56:23.039 +0900,import,4182,true,,,
4183,3990,,2025-12-20 16:56:23.045 +0900,import,4183,true,,,
4184,13490,,2025-12-20 16:56:23.051 +0900,import,4184,true,,,
4185,590,,2025-12-20 16:56:23.057 +0900,import,4185,true,,,
4186,4990,,2025-12-20 16:56:23.064 +0900,import,4186,true,,,
4187,1100,,2025-12-20 16:56:23.070 +0900,import,4187,true,,,
4188,4990,,2025-12-20 16:56:23.076 +0900,import,4188,true,,,
4189,13490,,2025-12-20 16:56:23.083 +0900,import,4189,true,,,
4190,5590,,2025-12-20 16:56:23.089 +0900,import,4190,true,,,
4191,2730,,2025-12-20 16:56:23.095 +0900,import,4191,true,,,
4192,3990,,2025-12-20 16:56:23.101 +0900,import,4192,true,,,
4193,2190,,2025-12-20 16:56:23.107 +0900,import,4193,true,,,
4194,13990,,2025-12-20 16:56:23.113 +0900,import,4194,true,,,
4195,2190,,2025-12-20 16:56:23.119 +0900,import,4195,true,,,
4196,3780,,2025-12-20 16:56:23.125 +0900,import,4196,true,,,
4197,5990,,2025-12-20 16:56:23.131 +0900,import,4197,true,,,
4198,5990,,2025-12-20 16:56:23.137 +0900,import,4198,true,,,
4199,2490,,2025-12-20 16:56:23.143 +0900,import,4199,true,,,
4200,5990,,2025-12-20 16:56:23.149 +0900,import,4200,true,,,
4201,2990,,2025-12-20 16:56:23.156 +0900,import,4201,true,,,
4202,2490,,2025-12-20 16:56:23.162 +0900,import,4202,true,,,
4203,16490,,2025-12-20 16:56:23.167 +0900,import,4203,true,,,
4204,4990,,2025-12-20 16:56:23.173 +0900,import,4204,true,,,
4205,2990,,2025-12-20 16:56:23.179 +0900,import,4205,true,,,
4206,5990,,2025-12-20 16:56:23.186 +0900,import,4206,true,,,
4207,6000,,2025-12-20 16:56:23.192 +0900,import,4207,true,,,
4208,2990,,2025-12-20 16:56:23.198 +0900,import,4208,true,,,
4209,2190,,2025-12-20 16:56:23.204 +0900,import,4209,true,,,
4210,1000,,2025-12-20 16:56:23.210 +0900,import,4210,true,,,
4211,9900,,2025-12-20 16:56:23.216 +0900,import,4211,true,,,
4212,2990,,2025-12-20 16:56:23.222 +0900,import,4212,true,,,
4213,2990,,2025-12-20 16:56:23.228 +0900,import,4213,true,,,
4214,1600,,2025-12-20 16:56:23.235 +0900,import,4214,true,,,
4215,5990,,2025-12-20 16:56:23.240 +0900,import,4215,true,,,
4216,5600,,2025-12-20 16:56:23.247 +0900,import,4216,true,,,
4217,5990,,2025-12-20 16:56:23.253 +0900,import,4217,true,,,
4218,5990,,2025-12-20 16:56:23.259 +0900,import,4218,true,,,
4219,6000,,2025-12-20 16:56:23.265 +0900,import,4219,true,,,
4220,5590,,2025-12-20 16:56:23.271 +0900,import,4220,true,,,
4221,4890,,2025-12-20 16:56:23.278 +0900,import,4221,true,,,
4222,4990,,2025-12-20 16:56:23.284 +0900,import,4222,true,,,
4223,4490,,2025-12-20 16:56:23.290 +0900,import,4223,true,,,
4224,1690,,2025-12-20 16:56:23.296 +0900,import,4224,true,,,
4225,1690,,2025-12-20 16:56:23.302 +0900,import,4225,true,,,
4226,1500,,2025-12-20 16:56:23.308 +0900,import,4226,true,,,
4227,1890,,2025-12-20 16:56:23.314 +0900,import,4227,true,,,
4228,1890,,2025-12-20 16:56:23.320 +0900,import,4228,true,,,
4229,3890,,2025-12-20 16:56:23.326 +0900,import,4229,true,,,
4230,3890,,2025-12-20 16:56:23.332 +0900,import,4230,true,,,
4231,3490,,2025-12-20 16:56:23.338 +0900,import,4231,true,,,
4232,2990,,2025-12-20 16:56:23.345 +0900,import,4232,true,,,
4233,2990,,2025-12-20 16:56:23.351 +0900,import,4233,true,,,
4234,2980,,2025-12-20 16:56:23.356 +0900,import,4234,true,,,
4235,2980,,2025-12-20 16:56:23.362 +0900,import,4235,true,,,
4236,2980,,2025-12-20 16:56:23.368 +0900,import,4236,true,,,
4237,1000,,2025-12-20 16:56:23.374 +0900,import,4237,true,,,
4238,1600,,2025-12-20 16:56:23.380 +0900,import,4238,true,,,
4239,1890,,2025-12-20 16:56:23.386 +0900,import,4239,true,,,
4240,1890,,2025-12-20 16:56:23.392 +0900,import,4240,true,,,
4241,1100,,2025-12-20 16:56:23.398 +0900,import,4241,true,,,
4242,1890,,2025-12-20 16:56:23.404 +0900,import,4242,true,,,
4243,1690,,2025-12-20 16:56:23.410 +0900,import,4243,true,,,
4244,1690,,2025-12-20 16:56:23.416 +0900,import,4244,true,,,
4245,830,1190,2025-12-20 16:56:23.422 +0900,import,4245,true,,,
4246,1190,,2025-12-20 16:56:23.428 +0900,import,4246,true,,,
4247,1890,,2025-12-20 16:56:23.434 +0900,import,4247,true,,,
4248,1000,,2025-12-20 16:56:23.440 +0900,import,4248,true,,,
4249,1000,,2025-12-20 16:56:23.446 +0900,import,4249,true,,,
4250,1000,,2025-12-20 16:56:23.452 +0900,import,4250,true,,,
4251,1000,,2025-12-20 16:56:23.458 +0900,import,4251,true,,,
4252,1000,,2025-12-20 16:56:23.464 +0900,import,4252,true,,,
4253,1000,,2025-12-20 16:56:23.470 +0900,import,4253,true,,,
4254,1000,,2025-12-20 16:56:23.476 +0900,import,4254,true,,,
4255,1000,,2025-12-20 16:56:23.482 +0900,import,4255,true,,,
4256,16490,,2025-12-20 16:56:23.488 +0900,import,4256,true,,,
4257,1000,,2025-12-20 16:56:23.494 +0900,import,4257,true,,,
4258,1890,,2025-12-20 16:56:23.500 +0900,import,4258,true,,,
4259,9900,,2025-12-20 16:56:23.506 +0900,import,4259,true,,,
4260,16490,,2025-12-20 16:56:23.513 +0900,import,4260,true,,,
4261,1890,,2025-12-20 16:56:23.519 +0900,import,4261,true,,,
4262,1000,,2025-12-20 16:56:23.525 +0900,import,4262,true,,,
4263,4890,,2025-12-20 16:56:23.532 +0900,import,4263,true,,,
4264,2990,,2025-12-20 16:56:23.538 +0900,import,4264,true,,,
4265,1190,,2025-12-20 16:56:23.544 +0900,import,4265,true,,,
4266,1190,,2025-12-20 16:56:23.550 +0900,import,4266,true,,,
4267,1000,,2025-12-20 16:56:23.556 +0900,import,4267,true,,,
4268,1190,,2025-12-20 16:56:23.563 +0900,import,4268,true,,,
4269,16490,,2025-12-20 16:56:23.569 +0900,import,4269,true,,,
4270,3500,,2025-12-20 16:56:23.575 +0900,import,4270,true,,,
4271,1000,,2025-12-20 16:56:23.582 +0900,import,4271,true,,,
4272,5190,,2025-12-20 16:56:23.588 +0900,import,4272,true,,,
4273,1890,,2025-12-20 16:56:23.596 +0900,import,4273,true,,,
4274,1890,,2025-12-20 16:56:23.601 +0900,import,4274,true,,,
4275,1000,,2025-12-20 16:56:23.608 +0900,import,4275,true,,,
4276,1890,,2025-12-20 16:56:23.613 +0900,import,4276,true,,,
4277,3490,,2025-12-20 16:56:23.619 +0900,import,4277,true,,,
4278,1190,,2025-12-20 16:56:23.626 +0900,import,4278,true,,,
4279,6000,,2025-12-20 16:56:23.631 +0900,import,4279,true,,,
4280,6490,,2025-12-20 16:56:23.638 +0900,import,4280,true,,,
4281,1890,,2025-12-20 16:56:23.644 +0900,import,4281,true,,,
4282,3490,,2025-12-20 16:56:23.650 +0900,import,4282,true,,,
4283,4990,,2025-12-20 16:56:23.656 +0900,import,4283,true,,,
4284,4790,,2025-12-20 16:56:23.662 +0900,import,4284,true,,,
4285,1890,,2025-12-20 16:56:23.668 +0900,import,4285,true,,,
4286,3490,,2025-12-20 16:56:23.674 +0900,import,4286,true,,,
4287,1890,,2025-12-20 16:56:23.681 +0900,import,4287,true,,,
4288,3490,,2025-12-20 16:56:23.687 +0900,import,4288,true,,,
4289,1890,,2025-12-20 16:56:23.693 +0900,import,4289,true,,,
4290,2690,,2025-12-20 16:56:23.699 +0900,import,4290,true,,,
4291,3490,,2025-12-20 16:56:23.706 +0900,import,4291,true,,,
4292,1040,1490,2025-12-20 16:56:23.711 +0900,import,4292,true,,,
4293,1000,,2025-12-20 16:56:23.717 +0900,import,4293,true,,,
4294,8290,,2025-12-20 16:56:23.723 +0900,import,4294,true,,,
4295,1400,2000,2025-12-20 16:56:23.729 +0900,import,4295,true,,,
4296,2500,,2025-12-20 16:56:23.735 +0900,import,4296,true,,,
4297,2790,,2025-12-20 16:56:23.741 +0900,import,4297,true,,,
4298,3490,,2025-12-20 16:56:23.747 +0900,import,4298,true,,,
4299,16490,,2025-12-20 16:56:23.753 +0900,import,4299,true,,,
4300,3490,,2025-12-20 16:56:23.759 +0900,import,4300,true,,,
4301,3890,,2025-12-20 16:56:23.765 +0900,import,4301,true,,,
4302,3490,,2025-12-20 16:56:23.771 +0900,import,4302,true,,,
4303,3490,,2025-12-20 16:56:23.777 +0900,import,4303,true,,,
4304,1100,,2025-12-20 16:56:23.783 +0900,import,4304,true,,,
4305,2690,,2025-12-20 16:56:23.790 +0900,import,4305,true,,,
4306,3490,,2025-12-20 16:56:23.795 +0900,import,4306,true,,,
4307,2990,,2025-12-20 16:56:23.801 +0900,import,4307,true,,,
4308,5990,,2025-12-20 16:56:23.808 +0900,import,4308,true,,,
4309,5990,,2025-12-20 16:56:23.814 +0900,import,4309,true,,,
4310,3490,,2025-12-20 16:56:23.820 +0900,import,4310,true,,,
4311,4990,,2025-12-20 16:56:23.826 +0900,import,4311,true,,,
4312,2500,,2025-12-20 16:56:23.832 +0900,import,4312,true,,,
4313,1490,,2025-12-20 16:56:23.838 +0900,import,4313,true,,,
4314,1490,,2025-12-20 16:56:23.844 +0900,import,4314,true,,,
4315,1490,,2025-12-20 16:56:23.850 +0900,import,4315,true,,,
4316,1490,,2025-12-20 16:56:23.856 +0900,import,4316,true,,,
4317,4330,6190,2025-12-20 16:56:23.862 +0900,import,4317,true,,,
4318,1590,,2025-12-20 16:56:23.868 +0900,import,4318,true,,,
4319,2000,,2025-12-20 16:56:23.874 +0900,import,4319,true,,,
4320,2000,,2025-12-20 16:56:23.880 +0900,import,4320,true,,,
4321,2000,,2025-12-20 16:56:23.886 +0900,import,4321,true,,,
4322,2500,,2025-12-20 16:56:23.892 +0900,import,4322,true,,,
4323,2500,,2025-12-20 16:56:23.898 +0900,import,4323,true,,,
4324,2500,,2025-12-20 16:56:23.904 +0900,import,4324,true,,,
4325,4990,,2025-12-20 16:56:23.910 +0900,import,4325,true,,,
4326,4990,,2025-12-20 16:56:23.916 +0900,import,4326,true,,,
4327,830,1190,2025-12-20 16:56:23.922 +0900,import,4327,true,,,
4328,2990,,2025-12-20 16:56:23.928 +0900,import,4328,true,,,
4329,3490,,2025-12-20 16:56:23.934 +0900,import,4329,true,,,
4330,2990,,2025-12-20 16:56:23.940 +0900,import,4330,true,,,
4331,4370,,2025-12-20 16:56:23.946 +0900,import,4331,true,,,
4332,1740,,2025-12-20 16:56:23.953 +0900,import,4332,true,,,
4333,1490,,2025-12-20 16:56:23.959 +0900,import,4333,true,,,
4334,1490,,2025-12-20 16:56:23.965 +0900,import,4334,true,,,
4335,1490,,2025-12-20 16:56:23.971 +0900,import,4335,true,,,
4336,1490,,2025-12-20 16:56:23.978 +0900,import,4336,true,,,
4337,1490,,2025-12-20 16:56:23.984 +0900,import,4337,true,,,
4338,1490,,2025-12-20 16:56:23.991 +0900,import,4338,true,,,
4339,1490,,2025-12-20 16:56:23.997 +0900,import,4339,true,,,
4340,1490,,2025-12-20 16:56:24.003 +0900,import,4340,true,,,
4341,1300,,2025-12-20 16:56:24.009 +0900,import,4341,true,,,
4342,16990,,2025-12-20 16:56:24.016 +0900,import,4342,true,,,
4343,8990,,2025-12-20 16:56:24.022 +0900,import,4343,true,,,
4344,8990,,2025-12-20 16:56:24.028 +0900,import,4344,true,,,
4345,16990,,2025-12-20 16:56:24.035 +0900,import,4345,true,,,
4346,17490,,2025-12-20 16:56:24.041 +0900,import,4346,true,,,
4347,10500,,2025-12-20 16:56:24.047 +0900,import,4347,true,,,
4348,10500,,2025-12-20 16:56:24.053 +0900,import,4348,true,,,
4349,14990,,2025-12-20 16:56:24.059 +0900,import,4349,true,,,
4350,14990,,2025-12-20 16:56:24.065 +0900,import,4350,true,,,
4351,4480,,2025-12-20 16:56:24.071 +0900,import,4351,true,,,
4352,6800,,2025-12-20 16:56:24.078 +0900,import,4352,true,,,
4353,4480,,2025-12-20 16:56:24.084 +0900,import,4353,true,,,
4354,2720,,2025-12-20 16:56:24.090 +0900,import,4354,true,,,
4355,14990,,2025-12-20 16:56:24.096 +0900,import,4355,true,,,
4356,9990,,2025-12-20 16:56:24.105 +0900,import,4356,true,,,
4357,8990,,2025-12-20 16:56:24.115 +0900,import,4357,true,,,
4358,5900,,2025-12-20 16:56:24.123 +0900,import,4358,true,,,
4359,6800,,2025-12-20 16:56:24.131 +0900,import,4359,true,,,
4360,5290,,2025-12-20 16:56:24.142 +0900,import,4360,true,,,
4361,5290,,2025-12-20 16:56:24.150 +0900,import,4361,true,,,
4362,2390,,2025-12-20 16:56:24.156 +0900,import,4362,true,,,
4363,4700,,2025-12-20 16:56:24.163 +0900,import,4363,true,,,
4364,11990,,2025-12-20 16:56:24.169 +0900,import,4364,true,,,
4365,7590,,2025-12-20 16:56:24.176 +0900,import,4365,true,,,
4366,3990,,2025-12-20 16:56:24.182 +0900,import,4366,true,,,
4367,5990,,2025-12-20 16:56:24.189 +0900,import,4367,true,,,
4368,4160,,2025-12-20 16:56:24.196 +0900,import,4368,true,,,
4369,2720,,2025-12-20 16:56:24.202 +0900,import,4369,true,,,
4370,27600,,2025-12-20 16:56:24.208 +0900,import,4370,true,,,
4371,14990,,2025-12-20 16:56:24.214 +0900,import,4371,true,,,
4372,13990,,2025-12-20 16:56:24.221 +0900,import,4372,true,,,
4373,10800,,2025-12-20 16:56:24.227 +0900,import,4373,true,,,
4374,8990,,2025-12-20 16:56:24.234 +0900,import,4374,true,,,
4375,2720,,2025-12-20 16:56:24.240 +0900,import,4375,true,,,
4376,2090,,2025-12-20 16:56:24.247 +0900,import,4376,true,,,
4377,2720,,2025-12-20 16:56:24.253 +0900,import,4377,true,,,
4378,1590,,2025-12-20 16:56:24.259 +0900,import,4378,true,,,
4379,6990,,2025-12-20 16:56:24.265 +0900,import,4379,true,,,
4380,7390,,2025-12-20 16:56:24.271 +0900,import,4380,true,,,
4381,5290,,2025-12-20 16:56:24.278 +0900,import,4381,true,,,
4382,6990,,2025-12-20 16:56:24.284 +0900,import,4382,true,,,
4383,5590,,2025-12-20 16:56:24.290 +0900,import,4383,true,,,
4384,4790,,2025-12-20 16:56:24.296 +0900,import,4384,true,,,
4385,4780,,2025-12-20 16:56:24.303 +0900,import,4385,true,,,
4386,4780,,2025-12-20 16:56:24.309 +0900,import,4386,true,,,
4387,5000,,2025-12-20 16:56:24.315 +0900,import,4387,true,,,
4388,1290,,2025-12-20 16:56:24.322 +0900,import,4388,true,,,
4389,1590,,2025-12-20 16:56:24.328 +0900,import,4389,true,,,
4390,1590,,2025-12-20 16:56:24.333 +0900,import,4390,true,,,
4391,3900,,2025-12-20 16:56:24.340 +0900,import,4391,true,,,
4392,3990,,2025-12-20 16:56:24.346 +0900,import,4392,true,,,
4393,3590,,2025-12-20 16:56:24.352 +0900,import,4393,true,,,
4394,2160,,2025-12-20 16:56:24.358 +0900,import,4394,true,,,
4395,2400,,2025-12-20 16:56:24.364 +0900,import,4395,true,,,
4396,2590,,2025-12-20 16:56:24.369 +0900,import,4396,true,,,
4397,1290,,2025-12-20 16:56:24.376 +0900,import,4397,true,,,
4398,1590,,2025-12-20 16:56:24.382 +0900,import,4398,true,,,
4399,1290,,2025-12-20 16:56:24.388 +0900,import,4399,true,,,
4400,1590,,2025-12-20 16:56:24.395 +0900,import,4400,true,,,
4401,1590,,2025-12-20 16:56:24.401 +0900,import,4401,true,,,
4402,1590,,2025-12-20 16:56:24.407 +0900,import,4402,true,,,
4403,1800,,2025-12-20 16:56:24.413 +0900,import,4403,true,,,
4404,990,,2025-12-20 16:56:24.419 +0900,import,4404,true,,,
4405,990,,2025-12-20 16:56:24.426 +0900,import,4405,true,,,
4406,14990,,2025-12-20 16:56:24.432 +0900,import,4406,true,,,
4407,6990,,2025-12-20 16:56:24.438 +0900,import,4407,true,,,
4408,2580,,2025-12-20 16:56:24.444 +0900,import,4408,true,,,
4409,7590,,2025-12-20 16:56:24.450 +0900,import,4409,true,,,
4410,21890,,2025-12-20 16:56:24.456 +0900,import,4410,true,,,
4411,24990,,2025-12-20 16:56:24.463 +0900,import,4411,true,,,
4412,14990,,2025-12-20 16:56:24.469 +0900,import,4412,true,,,
4413,5240,7490,2025-12-20 16:56:24.475 +0900,import,4413,true,,,
4414,19900,,2025-12-20 16:56:24.482 +0900,import,4414,true,,,
4415,2390,,2025-12-20 16:56:24.489 +0900,import,4415,true,,,
4416,5440,,2025-12-20 16:56:24.495 +0900,import,4416,true,,,
4417,2160,,2025-12-20 16:56:24.501 +0900,import,4417,true,,,
4418,6790,,2025-12-20 16:56:24.508 +0900,import,4418,true,,,
4419,5590,,2025-12-20 16:56:24.514 +0900,import,4419,true,,,
4420,4800,,2025-12-20 16:56:24.521 +0900,import,4420,true,,,
4421,4790,,2025-12-20 16:56:24.527 +0900,import,4421,true,,,
4422,5290,,2025-12-20 16:56:24.534 +0900,import,4422,true,,,
4423,10800,,2025-12-20 16:56:24.541 +0900,import,4423,true,,,
4424,3000,,2025-12-20 16:56:24.548 +0900,import,4424,true,,,
4425,4800,,2025-12-20 16:56:24.554 +0900,import,4425,true,,,
4426,11990,,2025-12-20 16:56:24.560 +0900,import,4426,true,,,
4427,7990,,2025-12-20 16:56:24.567 +0900,import,4427,true,,,
4428,2720,,2025-12-20 16:56:24.574 +0900,import,4428,true,,,
4429,4990,,2025-12-20 16:56:24.580 +0900,import,4429,true,,,
4430,9990,,2025-12-20 16:56:24.587 +0900,import,4430,true,,,
4431,22190,,2025-12-20 16:56:24.593 +0900,import,4431,true,,,
4432,5590,,2025-12-20 16:56:24.600 +0900,import,4432,true,,,
4433,4780,,2025-12-20 16:56:24.606 +0900,import,4433,true,,,
4434,7190,,2025-12-20 16:56:24.612 +0900,import,4434,true,,,
4435,16100,,2025-12-20 16:56:24.619 +0900,import,4435,true,,,
4436,4990,,2025-12-20 16:56:24.625 +0900,import,4436,true,,,
4437,13700,,2025-12-20 16:56:24.631 +0900,import,4437,true,,,
4438,11990,,2025-12-20 16:56:24.637 +0900,import,4438,true,,,
4439,1690,,2025-12-20 16:56:24.643 +0900,import,4439,true,,,
4440,1790,,2025-12-20 16:56:24.649 +0900,import,4440,true,,,
4441,19900,,2025-12-20 16:56:24.656 +0900,import,4441,true,,,
4442,7980,,2025-12-20 16:56:24.662 +0900,import,4442,true,,,
4443,2100,,2025-12-20 16:56:24.668 +0900,import,4443,true,,,
4444,3120,,2025-12-20 16:56:24.674 +0900,import,4444,true,,,
4445,3990,,2025-12-20 16:56:24.680 +0900,import,4445,true,,,
4446,2390,,2025-12-20 16:56:24.686 +0900,import,4446,true,,,
4447,5000,,2025-12-20 16:56:24.692 +0900,import,4447,true,,,
4448,6990,,2025-12-20 16:56:24.698 +0900,import,4448,true,,,
4449,11990,,2025-12-20 16:56:24.705 +0900,import,4449,true,,,
4450,14990,,2025-12-20 16:56:24.711 +0900,import,4450,true,,,
4451,1590,,2025-12-20 16:56:24.717 +0900,import,4451,true,,,
4452,9300,,2025-12-20 16:56:24.724 +0900,import,4452,true,,,
4453,990,,2025-12-20 16:56:24.730 +0900,import,4453,true,,,
4454,17980,,2025-12-20 16:56:24.736 +0900,import,4454,true,,,
4455,17980,,2025-12-20 16:56:24.742 +0900,import,4455,true,,,
4456,5890,,2025-12-20 16:56:24.748 +0900,import,4456,true,,,
4457,6890,,2025-12-20 16:56:24.754 +0900,import,4457,true,,,
4458,5890,,2025-12-20 16:56:24.760 +0900,import,4458,true,,,
4459,4990,,2025-12-20 16:56:24.766 +0900,import,4459,true,,,
4460,10800,,2025-12-20 16:56:24.772 +0900,import,4460,true,,,
4461,2390,,2025-12-20 16:56:24.779 +0900,import,4461,true,,,
4462,3840,,2025-12-20 16:56:24.785 +0900,import,4462,true,,,
4463,4990,,2025-12-20 16:56:24.791 +0900,import,4463,true,,,
4464,1200,,2025-12-20 16:56:24.798 +0900,import,4464,true,,,
4465,1800,,2025-12-20 16:56:24.804 +0900,import,4465,true,,,
4466,1590,,2025-12-20 16:56:24.810 +0900,import,4466,true,,,
4467,22190,,2025-12-20 16:56:24.817 +0900,import,4467,true,,,
4468,19980,,2025-12-20 16:56:24.823 +0900,import,4468,true,,,
4469,1690,,2025-12-20 16:56:24.829 +0900,import,4469,true,,,
4470,21890,,2025-12-20 16:56:24.836 +0900,import,4470,true,,,
4471,14990,,2025-12-20 16:56:24.843 +0900,import,4471,true,,,
4472,2160,,2025-12-20 16:56:24.849 +0900,import,4472,true,,,
4473,22500,,2025-12-20 16:56:24.855 +0900,import,4473,true,,,
4474,2400,,2025-12-20 16:56:24.861 +0900,import,4474,true,,,
4475,5290,,2025-12-20 16:56:24.868 +0900,import,4475,true,,,
4476,17980,,2025-12-20 16:56:24.874 +0900,import,4476,true,,,
4477,1590,,2025-12-20 16:56:24.880 +0900,import,4477,true,,,
4478,31000,,2025-12-20 16:56:24.887 +0900,import,4478,true,,,
4479,12390,,2025-12-20 16:56:24.893 +0900,import,4479,true,,,
4480,4390,,2025-12-20 16:56:24.900 +0900,import,4480,true,,,
4481,4390,,2025-12-20 16:56:24.906 +0900,import,4481,true,,,
4482,6890,,2025-12-20 16:56:24.912 +0900,import,4482,true,,,
4483,13990,,2025-12-20 16:56:24.919 +0900,import,4483,true,,,
4484,21600,,2025-12-20 16:56:24.925 +0900,import,4484,true,,,
4485,5190,,2025-12-20 16:56:24.931 +0900,import,4485,true,,,
4486,5190,,2025-12-20 16:56:24.937 +0900,import,4486,true,,,
4487,8640,,2025-12-20 16:56:24.943 +0900,import,4487,true,,,
4488,13700,,2025-12-20 16:56:24.949 +0900,import,4488,true,,,
4489,1590,,2025-12-20 16:56:24.956 +0900,import,4489,true,,,
4490,1590,,2025-12-20 16:56:24.962 +0900,import,4490,true,,,
4491,11990,,2025-12-20 16:56:24.969 +0900,import,4491,true,,,
4492,11990,,2025-12-20 16:56:24.976 +0900,import,4492,true,,,
4493,11990,,2025-12-20 16:56:24.982 +0900,import,4493,true,,,
4494,17980,,2025-12-20 16:56:24.989 +0900,import,4494,true,,,
4495,3590,,2025-12-20 16:56:24.995 +0900,import,4495,true,,,
4496,4320,,2025-12-20 16:56:25.001 +0900,import,4496,true,,,
4497,4990,,2025-12-20 16:56:25.008 +0900,import,4497,true,,,
4498,5990,,2025-12-20 16:56:25.014 +0900,import,4498,true,,,
4499,5990,,2025-12-20 16:56:25.021 +0900,import,4499,true,,,
4500,4380,,2025-12-20 16:56:25.027 +0900,import,4500,true,,,
4501,7990,,2025-12-20 16:56:25.034 +0900,import,4501,true,,,
4502,7990,,2025-12-20 16:56:25.040 +0900,import,4502,true,,,
4503,8790,,2025-12-20 16:56:25.047 +0900,import,4503,true,,,
4504,6050,,2025-12-20 16:56:25.053 +0900,import,4504,true,,,
4505,5470,,2025-12-20 16:56:25.059 +0900,import,4505,true,,,
4506,2380,,2025-12-20 16:56:25.065 +0900,import,4506,true,,,
4507,3990,,2025-12-20 16:56:25.072 +0900,import,4507,true,,,
4508,3990,,2025-12-20 16:56:25.079 +0900,import,4508,true,,,
4509,6290,8990,2025-12-20 16:56:25.085 +0900,import,4509,true,,,
4510,8790,,2025-12-20 16:56:25.091 +0900,import,4510,true,,,
4511,1590,,2025-12-20 16:56:25.098 +0900,import,4511,true,,,
4512,1590,,2025-12-20 16:56:25.106 +0900,import,4512,true,,,
4513,5490,,2025-12-20 16:56:25.112 +0900,import,4513,true,,,
4514,5490,,2025-12-20 16:56:25.119 +0900,import,4514,true,,,
4515,5490,,2025-12-20 16:56:25.125 +0900,import,4515,true,,,
4516,5490,,2025-12-20 16:56:25.132 +0900,import,4516,true,,,
4517,5990,,2025-12-20 16:56:25.138 +0900,import,4517,true,,,
4518,5490,,2025-12-20 16:56:25.145 +0900,import,4518,true,,,
4519,4990,,2025-12-20 16:56:25.151 +0900,import,4519,true,,,
4520,4990,,2025-12-20 16:56:25.157 +0900,import,4520,true,,,
4521,1990,,2025-12-20 16:56:25.164 +0900,import,4521,true,,,
4522,3490,,2025-12-20 16:56:25.169 +0900,import,4522,true,,,
4523,3190,,2025-12-20 16:56:25.176 +0900,import,4523,true,,,
4524,3900,,2025-12-20 16:56:25.182 +0900,import,4524,true,,,
4525,2390,,2025-12-20 16:56:25.188 +0900,import,4525,true,,,
4526,2390,,2025-12-20 16:56:25.195 +0900,import,4526,true,,,
4527,2690,,2025-12-20 16:56:25.201 +0900,import,4527,true,,,
4528,2690,,2025-12-20 16:56:25.207 +0900,import,4528,true,,,
4529,2390,,2025-12-20 16:56:25.214 +0900,import,4529,true,,,
4530,2790,,2025-12-20 16:56:25.220 +0900,import,4530,true,,,
4531,2990,,2025-12-20 16:56:25.227 +0900,import,4531,true,,,
4532,2990,,2025-12-20 16:56:25.233 +0900,import,4532,true,,,
4533,2990,,2025-12-20 16:56:25.239 +0900,import,4533,true,,,
4534,2790,,2025-12-20 16:56:25.246 +0900,import,4534,true,,,
4535,2990,,2025-12-20 16:56:25.252 +0900,import,4535,true,,,
4536,2790,,2025-12-20 16:56:25.258 +0900,import,4536,true,,,
4537,2990,,2025-12-20 16:56:25.264 +0900,import,4537,true,,,
4538,1990,,2025-12-20 16:56:25.271 +0900,import,4538,true,,,
4539,1590,,2025-12-20 16:56:25.277 +0900,import,4539,true,,,
4540,1890,,2025-12-20 16:56:25.284 +0900,import,4540,true,,,
4541,1730,,2025-12-20 16:56:25.290 +0900,import,4541,true,,,
4542,1490,,2025-12-20 16:56:25.297 +0900,import,4542,true,,,
4543,1000,,2025-12-20 16:56:25.303 +0900,import,4543,true,,,
4544,1990,,2025-12-20 16:56:25.310 +0900,import,4544,true,,,
4545,2190,,2025-12-20 16:56:25.316 +0900,import,4545,true,,,
4546,2990,,2025-12-20 16:56:25.322 +0900,import,4546,true,,,
4547,1990,,2025-12-20 16:56:25.329 +0900,import,4547,true,,,
4548,2990,,2025-12-20 16:56:25.335 +0900,import,4548,true,,,
4549,3990,,2025-12-20 16:56:25.341 +0900,import,4549,true,,,
4550,1590,,2025-12-20 16:56:25.348 +0900,import,4550,true,,,
4551,2790,,2025-12-20 16:56:25.354 +0900,import,4551,true,,,
4552,700,,2025-12-20 16:56:25.360 +0900,import,4552,true,,,
4553,7900,,2025-12-20 16:56:25.366 +0900,import,4553,true,,,
4554,2790,,2025-12-20 16:56:25.373 +0900,import,4554,true,,,
4555,1000,,2025-12-20 16:56:25.379 +0900,import,4555,true,,,
4556,2490,,2025-12-20 16:56:25.385 +0900,import,4556,true,,,
4557,9890,,2025-12-20 16:56:25.392 +0900,import,4557,true,,,
4558,1000,,2025-12-20 16:56:25.399 +0900,import,4558,true,,,
4559,15900,,2025-12-20 16:56:25.405 +0900,import,4559,true,,,
4560,11000,,2025-12-20 16:56:25.412 +0900,import,4560,true,,,
4561,2790,,2025-12-20 16:56:25.418 +0900,import,4561,true,,,
4562,1990,,2025-12-20 16:56:25.424 +0900,import,4562,true,,,
4563,7990,,2025-12-20 16:56:25.431 +0900,import,4563,true,,,
4564,4490,,2025-12-20 16:56:25.437 +0900,import,4564,true,,,
4565,1890,,2025-12-20 16:56:25.443 +0900,import,4565,true,,,
4566,2390,,2025-12-20 16:56:25.450 +0900,import,4566,true,,,
4567,6290,,2025-12-20 16:56:25.456 +0900,import,4567,true,,,
4568,2690,,2025-12-20 16:56:25.462 +0900,import,4568,true,,,
4569,4990,,2025-12-20 16:56:25.469 +0900,import,4569,true,,,
4570,2390,,2025-12-20 16:56:25.475 +0900,import,4570,true,,,
4571,1890,,2025-12-20 16:56:25.482 +0900,import,4571,true,,,
4572,2390,,2025-12-20 16:56:25.488 +0900,import,4572,true,,,
4573,4490,,2025-12-20 16:56:25.495 +0900,import,4573,true,,,
4574,1490,,2025-12-20 16:56:25.501 +0900,import,4574,true,,,
4575,5990,,2025-12-20 16:56:25.507 +0900,import,4575,true,,,
4576,2790,,2025-12-20 16:56:25.514 +0900,import,4576,true,,,
4577,7900,,2025-12-20 16:56:25.520 +0900,import,4577,true,,,
4578,2790,,2025-12-20 16:56:25.526 +0900,import,4578,true,,,
4579,3190,,2025-12-20 16:56:25.533 +0900,import,4579,true,,,
4580,3490,,2025-12-20 16:56:25.539 +0900,import,4580,true,,,
4581,2690,,2025-12-20 16:56:25.546 +0900,import,4581,true,,,
4582,7990,,2025-12-20 16:56:25.552 +0900,import,4582,true,,,
4583,4490,,2025-12-20 16:56:25.558 +0900,import,4583,true,,,
4584,2390,,2025-12-20 16:56:25.565 +0900,import,4584,true,,,
4585,4990,,2025-12-20 16:56:25.572 +0900,import,4585,true,,,
4586,3490,,2025-12-20 16:56:25.578 +0900,import,4586,true,,,
4587,2890,,2025-12-20 16:56:25.584 +0900,import,4587,true,,,
4588,2890,,2025-12-20 16:56:25.590 +0900,import,4588,true,,,
4589,10980,,2025-12-20 16:56:25.597 +0900,import,4589,true,,,
4590,2790,,2025-12-20 16:56:25.603 +0900,import,4590,true,,,
4591,4300,,2025-12-20 16:56:25.609 +0900,import,4591,true,,,
4592,17900,,2025-12-20 16:56:25.616 +0900,import,4592,true,,,
4593,1290,,2025-12-20 16:56:25.622 +0900,import,4593,true,,,
4594,5990,,2025-12-20 16:56:25.628 +0900,import,4594,true,,,
4595,10990,,2025-12-20 16:56:25.634 +0900,import,4595,true,,,
4596,1990,,2025-12-20 16:56:25.641 +0900,import,4596,true,,,
4597,2790,,2025-12-20 16:56:25.647 +0900,import,4597,true,,,
4598,1600,,2025-12-20 16:56:25.653 +0900,import,4598,true,,,
4599,2790,,2025-12-20 16:56:25.659 +0900,import,4599,true,,,
4600,2490,,2025-12-20 16:56:25.665 +0900,import,4600,true,,,
4601,2990,,2025-12-20 16:56:25.672 +0900,import,4601,true,,,
4602,4490,,2025-12-20 16:56:25.679 +0900,import,4602,true,,,
4603,2990,,2025-12-20 16:56:25.685 +0900,import,4603,true,,,
4604,3900,,2025-12-20 16:56:25.692 +0900,import,4604,true,,,
4605,3900,,2025-12-20 16:56:25.698 +0900,import,4605,true,,,
4606,2890,,2025-12-20 16:56:25.704 +0900,import,4606,true,,,
4607,2890,,2025-12-20 16:56:25.711 +0900,import,4607,true,,,
4608,4490,,2025-12-20 16:56:25.717 +0900,import,4608,true,,,
4609,3890,,2025-12-20 16:56:25.724 +0900,import,4609,true,,,
4610,4180,5980,2025-12-20 16:56:25.730 +0900,import,4610,true,,,
4611,3900,,2025-12-20 16:56:25.737 +0900,import,4611,true,,,
4612,2490,,2025-12-20 16:56:25.743 +0900,import,4612,true,,,
4613,3900,,2025-12-20 16:56:25.749 +0900,import,4613,true,,,
4614,11990,,2025-12-20 16:56:25.756 +0900,import,4614,true,,,
4615,2790,,2025-12-20 16:56:25.762 +0900,import,4615,true,,,
4616,4990,,2025-12-20 16:56:25.768 +0900,import,4616,true,,,
4617,5990,,2025-12-20 16:56:25.775 +0900,import,4617,true,,,
4618,3990,,2025-12-20 16:56:25.781 +0900,import,4618,true,,,
4619,4990,,2025-12-20 16:56:25.787 +0900,import,4619,true,,,
4620,2990,,2025-12-20 16:56:25.793 +0900,import,4620,true,,,
4621,2490,,2025-12-20 16:56:25.799 +0900,import,4621,true,,,
4622,2490,,2025-12-20 16:56:25.805 +0900,import,4622,true,,,
4623,2990,,2025-12-20 16:56:25.812 +0900,import,4623,true,,,
4624,3490,,2025-12-20 16:56:25.818 +0900,import,4624,true,,,
4625,2990,,2025-12-20 16:56:25.824 +0900,import,4625,true,,,
4626,2400,,2025-12-20 16:56:25.830 +0900,import,4626,true,,,
4627,2170,,2025-12-20 16:56:25.837 +0900,import,4627,true,,,
4628,2170,,2025-12-20 16:56:25.843 +0900,import,4628,true,,,
4629,2890,,2025-12-20 16:56:25.849 +0900,import,4629,true,,,
4630,1490,,2025-12-20 16:56:25.855 +0900,import,4630,true,,,
4631,3900,,2025-12-20 16:56:25.861 +0900,import,4631,true,,,
4632,1490,,2025-12-20 16:56:25.868 +0900,import,4632,true,,,
4633,36250,,2025-12-20 16:56:25.874 +0900,import,4633,true,,,
4634,36600,,2025-12-20 16:56:25.880 +0900,import,4634,true,,,
4636,4690,,2025-12-20 16:56:25.893 +0900,import,4636,true,,,
4638,21800,,2025-12-20 16:56:25.906 +0900,import,4638,true,,,
4640,10390,,2025-12-20 16:56:25.920 +0900,import,4640,true,,,
4644,5490,,2025-12-20 16:56:25.952 +0900,import,4644,true,,,
4645,17980,,2025-12-20 16:56:25.962 +0900,import,4645,true,,,
4649,7990,,2025-12-20 16:56:25.989 +0900,import,4649,true,,,
4650,34690,,2025-12-20 16:56:25.996 +0900,import,4650,true,,,
4651,36600,,2025-12-20 16:56:26.003 +0900,import,4651,true,,,
4652,23290,,2025-12-20 16:56:26.009 +0900,import,4652,true,,,
4654,14900,,2025-12-20 16:56:26.021 +0900,import,4654,true,,,
4655,13490,,2025-12-20 16:56:26.027 +0900,import,4655,true,,,
4656,9900,,2025-12-20 16:56:26.034 +0900,import,4656,true,,,
4637,32380,,2025-12-20 16:56:25.900 +0900,import,4637,false,,,
4639,16200,,2025-12-20 16:56:25.913 +0900,import,4639,false,,,
4647,8010,,2025-12-20 16:56:25.977 +0900,import,4647,false,,,
4635,32240,,2025-12-20 16:56:25.887 +0900,import,4635,false,,,
4653,10430,14900,2025-12-20 16:56:26.015 +0900,import,4653,false,,,
4642,34800,,2025-12-20 16:56:25.936 +0900,import,4642,false,,,
4648,9550,,2025-12-20 16:56:25.983 +0900,import,4648,false,,,
4646,13590,,2025-12-20 16:56:25.971 +0900,import,4646,false,,,
4657,4990,,2025-12-20 16:56:26.040 +0900,import,4657,true,,,
4658,36600,,2025-12-20 16:56:26.046 +0900,import,4658,true,,,
4659,23250,,2025-12-20 16:56:26.053 +0900,import,4659,true,,,
4660,4990,,2025-12-20 16:56:26.059 +0900,import,4660,true,,,
4663,15980,,2025-12-20 16:56:26.078 +0900,import,4663,true,,,
4666,20580,,2025-12-20 16:56:26.096 +0900,import,4666,true,,,
4667,4980,,2025-12-20 16:56:26.102 +0900,import,4667,true,,,
4668,36980,,2025-12-20 16:56:26.108 +0900,import,4668,true,,,
4669,10580,,2025-12-20 16:56:26.115 +0900,import,4669,true,,,
4672,6980,,2025-12-20 16:56:26.133 +0900,import,4672,true,,,
4673,18150,,2025-12-20 16:56:26.139 +0900,import,4673,true,,,
4674,10430,14900,2025-12-20 16:56:26.147 +0900,import,4674,true,,,
4675,35900,,2025-12-20 16:56:26.154 +0900,import,4675,true,,,
4677,31990,,2025-12-20 16:56:26.166 +0900,import,4677,true,,,
4678,36900,,2025-12-20 16:56:26.172 +0900,import,4678,true,,,
4679,23430,33480,2025-12-20 16:56:26.178 +0900,import,4679,true,,,
4681,13900,,2025-12-20 16:56:26.191 +0900,import,4681,true,,,
4682,35900,,2025-12-20 16:56:26.197 +0900,import,4682,true,,,
4683,25900,,2025-12-20 16:56:26.203 +0900,import,4683,true,,,
4684,7690,,2025-12-20 16:56:26.209 +0900,import,4684,true,,,
4685,9990,,2025-12-20 16:56:26.216 +0900,import,4685,true,,,
4687,17990,,2025-12-20 16:56:26.228 +0900,import,4687,true,,,
4688,25900,,2025-12-20 16:56:26.234 +0900,import,4688,true,,,
4690,18020,,2025-12-20 16:56:26.246 +0900,import,4690,true,,,
4691,16990,,2025-12-20 16:56:26.252 +0900,import,4691,true,,,
4692,13900,,2025-12-20 16:56:26.258 +0900,import,4692,true,,,
4693,34900,,2025-12-20 16:56:26.265 +0900,import,4693,true,,,
4694,11090,,2025-12-20 16:56:26.271 +0900,import,4694,true,,,
4695,36900,,2025-12-20 16:56:26.277 +0900,import,4695,true,,,
4696,6980,,2025-12-20 16:56:26.283 +0900,import,4696,true,,,
4697,25900,,2025-12-20 16:56:26.289 +0900,import,4697,true,,,
4698,41210,,2025-12-20 16:56:26.295 +0900,import,4698,true,,,
4699,41210,,2025-12-20 16:56:26.301 +0900,import,4699,true,,,
4700,8990,,2025-12-20 16:56:26.307 +0900,import,4700,true,,,
4701,5510,,2025-12-20 16:56:26.313 +0900,import,4701,true,,,
4702,8990,,2025-12-20 16:56:26.319 +0900,import,4702,true,,,
4703,22990,,2025-12-20 16:56:26.326 +0900,import,4703,true,,,
4704,22990,,2025-12-20 16:56:26.332 +0900,import,4704,true,,,
4705,19800,,2025-12-20 16:56:26.338 +0900,import,4705,true,,,
4706,19800,,2025-12-20 16:56:26.344 +0900,import,4706,true,,,
4710,10990,,2025-12-20 16:56:26.369 +0900,import,4710,true,,,
4711,4980,,2025-12-20 16:56:26.375 +0900,import,4711,true,,,
4712,29390,,2025-12-20 16:56:26.382 +0900,import,4712,true,,,
4713,6800,,2025-12-20 16:56:26.388 +0900,import,4713,true,,,
4714,5510,,2025-12-20 16:56:26.394 +0900,import,4714,true,,,
4715,4980,,2025-12-20 16:56:26.400 +0900,import,4715,true,,,
4716,37990,,2025-12-20 16:56:26.407 +0900,import,4716,true,,,
4723,8990,,2025-12-20 16:56:26.452 +0900,import,4723,true,,,
4724,5990,,2025-12-20 16:56:26.459 +0900,import,4724,true,,,
4728,14450,,2025-12-20 16:56:26.484 +0900,import,4728,true,,,
4730,26900,,2025-12-20 16:56:26.498 +0900,import,4730,true,,,
4731,26700,,2025-12-20 16:56:26.504 +0900,import,4731,true,,,
4733,13690,,2025-12-20 16:56:26.517 +0900,import,4733,true,,,
4734,12190,,2025-12-20 16:56:26.524 +0900,import,4734,true,,,
4735,26900,,2025-12-20 16:56:26.531 +0900,import,4735,true,,,
4737,8990,,2025-12-20 16:56:26.544 +0900,import,4737,true,,,
4738,28490,,2025-12-20 16:56:26.551 +0900,import,4738,true,,,
4739,9990,,2025-12-20 16:56:26.557 +0900,import,4739,true,,,
4740,9990,,2025-12-20 16:56:26.564 +0900,import,4740,true,,,
4741,29410,,2025-12-20 16:56:26.571 +0900,import,4741,true,,,
4742,5980,,2025-12-20 16:56:26.577 +0900,import,4742,true,,,
4743,5980,,2025-12-20 16:56:26.583 +0900,import,4743,true,,,
4746,4690,,2025-12-20 16:56:26.603 +0900,import,4746,true,,,
4747,14450,,2025-12-20 16:56:26.611 +0900,import,4747,true,,,
4748,4900,,2025-12-20 16:56:26.617 +0900,import,4748,true,,,
4749,20090,,2025-12-20 16:56:26.624 +0900,import,4749,true,,,
4750,26580,,2025-12-20 16:56:26.630 +0900,import,4750,true,,,
4751,14990,,2025-12-20 16:56:26.637 +0900,import,4751,true,,,
4752,11790,,2025-12-20 16:56:26.643 +0900,import,4752,true,,,
4753,12980,,2025-12-20 16:56:26.650 +0900,import,4753,true,,,
4686,7180,,2025-12-20 16:56:26.222 +0900,import,4686,false,,,
4664,4060,,2025-12-20 16:56:26.084 +0900,import,4664,false,,,
4661,18190,,2025-12-20 16:56:26.065 +0900,import,4661,false,,,
4665,16200,,2025-12-20 16:56:26.090 +0900,import,4665,false,,,
4676,13010,,2025-12-20 16:56:26.160 +0900,import,4676,false,,,
4671,32380,,2025-12-20 16:56:26.127 +0900,import,4671,false,,,
4680,9800,,2025-12-20 16:56:26.185 +0900,import,4680,false,,,
4689,32800,,2025-12-20 16:56:26.240 +0900,import,4689,false,,,
4719,4480,,2025-12-20 16:56:26.426 +0900,import,4719,false,,,
4718,17980,,2025-12-20 16:56:26.419 +0900,import,4718,false,,,
4709,14580,,2025-12-20 16:56:26.363 +0900,import,4709,false,,,
4725,14800,,2025-12-20 16:56:26.465 +0900,import,4725,false,,,
4729,4480,,2025-12-20 16:56:26.491 +0900,import,4729,false,,,
4717,36080,,2025-12-20 16:56:26.413 +0900,import,4717,false,,,
4707,13010,,2025-12-20 16:56:26.350 +0900,import,4707,false,,,
4720,36090,,2025-12-20 16:56:26.432 +0900,import,4720,false,,,
4708,14580,,2025-12-20 16:56:26.357 +0900,import,4708,false,,,
4722,17980,,2025-12-20 16:56:26.445 +0900,import,4722,false,,,
4721,14800,,2025-12-20 16:56:26.438 +0900,import,4721,false,,,
4726,22800,,2025-12-20 16:56:26.472 +0900,import,4726,false,,,
4727,14800,,2025-12-20 16:56:26.478 +0900,import,4727,false,,,
4732,22800,,2025-12-20 16:56:26.511 +0900,import,4732,false,,,
4736,14800,,2025-12-20 16:56:26.537 +0900,import,4736,false,,,
4744,17980,,2025-12-20 16:56:26.590 +0900,import,4744,false,,,
4745,19950,,2025-12-20 16:56:26.596 +0900,import,4745,false,,,
4754,14990,,2025-12-20 16:56:26.656 +0900,import,4754,true,,,
4755,14990,,2025-12-20 16:56:26.663 +0900,import,4755,true,,,
4756,11790,,2025-12-20 16:56:26.669 +0900,import,4756,true,,,
4757,11790,,2025-12-20 16:56:26.676 +0900,import,4757,true,,,
4758,11790,,2025-12-20 16:56:26.683 +0900,import,4758,true,,,
4759,34800,,2025-12-20 16:56:26.689 +0900,import,4759,true,,,
4760,12980,,2025-12-20 16:56:26.696 +0900,import,4760,true,,,
4761,14000,,2025-12-20 16:56:26.702 +0900,import,4761,true,,,
4762,13500,,2025-12-20 16:56:26.709 +0900,import,4762,true,,,
4763,13500,,2025-12-20 16:56:26.715 +0900,import,4763,true,,,
4764,12500,,2025-12-20 16:56:26.721 +0900,import,4764,true,,,
4765,12500,,2025-12-20 16:56:26.727 +0900,import,4765,true,,,
4766,34800,,2025-12-20 16:56:26.733 +0900,import,4766,true,,,
4767,29480,,2025-12-20 16:56:26.740 +0900,import,4767,true,,,
4768,25920,,2025-12-20 16:56:26.746 +0900,import,4768,true,,,
4769,6390,,2025-12-20 16:56:26.752 +0900,import,4769,true,,,
4770,29170,,2025-12-20 16:56:26.758 +0900,import,4770,true,,,
4771,6390,,2025-12-20 16:56:26.764 +0900,import,4771,true,,,
4772,14990,,2025-12-20 16:56:26.771 +0900,import,4772,true,,,
4773,6390,,2025-12-20 16:56:26.777 +0900,import,4773,true,,,
4774,32620,,2025-12-20 16:56:26.783 +0900,import,4774,true,,,
4775,15260,,2025-12-20 16:56:26.789 +0900,import,4775,true,,,
4778,18890,,2025-12-20 16:56:26.808 +0900,import,4778,true,,,
4779,11400,,2025-12-20 16:56:26.815 +0900,import,4779,true,,,
4780,29670,,2025-12-20 16:56:26.821 +0900,import,4780,true,,,
4781,32620,,2025-12-20 16:56:26.828 +0900,import,4781,true,,,
4782,32620,,2025-12-20 16:56:26.834 +0900,import,4782,true,,,
4783,32620,,2025-12-20 16:56:26.840 +0900,import,4783,true,,,
4784,18890,,2025-12-20 16:56:26.846 +0900,import,4784,true,,,
4787,21800,,2025-12-20 16:56:26.864 +0900,import,4787,true,,,
4788,21800,,2025-12-20 16:56:26.870 +0900,import,4788,true,,,
4789,21800,,2025-12-20 16:56:26.876 +0900,import,4789,true,,,
4792,13500,,2025-12-20 16:56:26.895 +0900,import,4792,true,,,
4793,34800,,2025-12-20 16:56:26.901 +0900,import,4793,true,,,
4794,34800,,2025-12-20 16:56:26.907 +0900,import,4794,true,,,
4795,34800,,2025-12-20 16:56:26.913 +0900,import,4795,true,,,
4796,7900,,2025-12-20 16:56:26.919 +0900,import,4796,true,,,
4797,7900,,2025-12-20 16:56:26.925 +0900,import,4797,true,,,
4798,7900,,2025-12-20 16:56:26.931 +0900,import,4798,true,,,
4800,7990,,2025-12-20 16:56:26.944 +0900,import,4800,true,,,
4801,4000,,2025-12-20 16:56:26.951 +0900,import,4801,true,,,
4806,12490,,2025-12-20 16:56:26.981 +0900,import,4806,true,,,
4807,7990,,2025-12-20 16:56:26.987 +0900,import,4807,true,,,
4810,8990,,2025-12-20 16:56:27.006 +0900,import,4810,true,,,
4811,8990,,2025-12-20 16:56:27.012 +0900,import,4811,true,,,
4815,8990,,2025-12-20 16:56:27.035 +0900,import,4815,true,,,
4818,7990,,2025-12-20 16:56:27.053 +0900,import,4818,true,,,
4820,8990,,2025-12-20 16:56:27.064 +0900,import,4820,true,,,
4821,8990,,2025-12-20 16:56:27.070 +0900,import,4821,true,,,
4822,8690,,2025-12-20 16:56:27.076 +0900,import,4822,true,,,
4823,8690,,2025-12-20 16:56:27.082 +0900,import,4823,true,,,
4824,7990,,2025-12-20 16:56:27.088 +0900,import,4824,true,,,
4827,8990,,2025-12-20 16:56:27.106 +0900,import,4827,true,,,
4828,8990,,2025-12-20 16:56:27.112 +0900,import,4828,true,,,
4829,9490,,2025-12-20 16:56:27.118 +0900,import,4829,true,,,
4830,10900,,2025-12-20 16:56:27.124 +0900,import,4830,true,,,
4831,10900,,2025-12-20 16:56:27.130 +0900,import,4831,true,,,
4834,10900,,2025-12-20 16:56:27.147 +0900,import,4834,true,,,
4835,10900,,2025-12-20 16:56:27.153 +0900,import,4835,true,,,
4836,7990,,2025-12-20 16:56:27.159 +0900,import,4836,true,,,
4841,12490,,2025-12-20 16:56:27.189 +0900,import,4841,true,,,
4843,8690,,2025-12-20 16:56:27.202 +0900,import,4843,true,,,
4844,7990,,2025-12-20 16:56:27.208 +0900,import,4844,true,,,
4845,7990,,2025-12-20 16:56:27.214 +0900,import,4845,true,,,
4846,7290,,2025-12-20 16:56:27.220 +0900,import,4846,true,,,
4847,7290,,2025-12-20 16:56:27.225 +0900,import,4847,true,,,
4848,10100,,2025-12-20 16:56:27.232 +0900,import,4848,true,,,
4849,9100,,2025-12-20 16:56:27.238 +0900,import,4849,true,,,
4850,19800,,2025-12-20 16:56:27.244 +0900,import,4850,true,,,
4785,12990,15990,2025-12-20 16:56:26.852 +0900,import,4785,false,,,
4786,12990,15990,2025-12-20 16:56:26.858 +0900,import,4786,false,,,
4790,37790,,2025-12-20 16:56:26.882 +0900,import,4790,false,,,
4776,37790,,2025-12-20 16:56:26.796 +0900,import,4776,false,,,
4791,37790,,2025-12-20 16:56:26.888 +0900,import,4791,false,,,
4819,7520,9400,2025-12-20 16:56:27.059 +0900,import,4819,false,,,
4817,9990,12490,2025-12-20 16:56:27.047 +0900,import,4817,false,,,
4838,8470,10590,2025-12-20 16:56:27.172 +0900,import,4838,false,,,
4804,6390,7990,2025-12-20 16:56:26.969 +0900,import,4804,false,,,
4803,7520,9400,2025-12-20 16:56:26.963 +0900,import,4803,false,,,
4832,7520,9400,2025-12-20 16:56:27.135 +0900,import,4832,false,,,
4833,7520,9400,2025-12-20 16:56:27.141 +0900,import,4833,false,,,
4802,6390,7990,2025-12-20 16:56:26.957 +0900,import,4802,false,,,
4799,7520,9400,2025-12-20 16:56:26.937 +0900,import,4799,false,,,
4816,9990,12490,2025-12-20 16:56:27.041 +0900,import,4816,false,,,
4805,9990,12490,2025-12-20 16:56:26.975 +0900,import,4805,false,,,
4808,7520,9400,2025-12-20 16:56:26.993 +0900,import,4808,false,,,
4812,7040,8800,2025-12-20 16:56:27.017 +0900,import,4812,false,,,
4813,7040,8800,2025-12-20 16:56:27.023 +0900,import,4813,false,,,
4814,7040,8800,2025-12-20 16:56:27.029 +0900,import,4814,false,,,
4825,7520,9400,2025-12-20 16:56:27.094 +0900,import,4825,false,,,
4826,7520,9400,2025-12-20 16:56:27.100 +0900,import,4826,false,,,
4837,8470,10590,2025-12-20 16:56:27.165 +0900,import,4837,false,,,
4839,8470,10590,2025-12-20 16:56:27.177 +0900,import,4839,false,,,
4840,12200,15250,2025-12-20 16:56:27.183 +0900,import,4840,false,,,
4851,19800,,2025-12-20 16:56:27.250 +0900,import,4851,true,,,
4852,19800,,2025-12-20 16:56:27.256 +0900,import,4852,true,,,
4853,11400,,2025-12-20 16:56:27.262 +0900,import,4853,true,,,
4854,10100,,2025-12-20 16:56:27.268 +0900,import,4854,true,,,
4855,2700,,2025-12-20 16:56:27.274 +0900,import,4855,true,,,
4856,2700,,2025-12-20 16:56:27.280 +0900,import,4856,true,,,
4857,4390,,2025-12-20 16:56:27.286 +0900,import,4857,true,,,
4858,4390,,2025-12-20 16:56:27.292 +0900,import,4858,true,,,
4859,2590,,2025-12-20 16:56:27.297 +0900,import,4859,true,,,
4860,2700,,2025-12-20 16:56:27.303 +0900,import,4860,true,,,
4861,3990,,2025-12-20 16:56:27.309 +0900,import,4861,true,,,
4862,2590,,2025-12-20 16:56:27.315 +0900,import,4862,true,,,
4863,5990,,2025-12-20 16:56:27.321 +0900,import,4863,true,,,
4864,1000,,2025-12-20 16:56:27.328 +0900,import,4864,true,,,
4866,2590,,2025-12-20 16:56:27.340 +0900,import,4866,true,,,
4867,2690,,2025-12-20 16:56:27.346 +0900,import,4867,true,,,
4868,1000,,2025-12-20 16:56:27.352 +0900,import,4868,true,,,
4869,4590,,2025-12-20 16:56:27.358 +0900,import,4869,true,,,
4870,4490,,2025-12-20 16:56:27.364 +0900,import,4870,true,,,
4871,3500,,2025-12-20 16:56:27.370 +0900,import,4871,true,,,
4872,1000,,2025-12-20 16:56:27.376 +0900,import,4872,true,,,
4873,2690,,2025-12-20 16:56:27.383 +0900,import,4873,true,,,
4874,5990,,2025-12-20 16:56:27.389 +0900,import,4874,true,,,
4875,2090,,2025-12-20 16:56:27.395 +0900,import,4875,true,,,
4876,2890,,2025-12-20 16:56:27.401 +0900,import,4876,true,,,
4877,4090,,2025-12-20 16:56:27.406 +0900,import,4877,true,,,
4878,2790,,2025-12-20 16:56:27.412 +0900,import,4878,true,,,
4879,2790,,2025-12-20 16:56:27.418 +0900,import,4879,true,,,
4880,2490,,2025-12-20 16:56:27.424 +0900,import,4880,true,,,
4881,2890,,2025-12-20 16:56:27.430 +0900,import,4881,true,,,
4882,2790,,2025-12-20 16:56:27.436 +0900,import,4882,true,,,
4883,690,1390,2025-12-20 16:56:27.442 +0900,import,4883,true,,,
4884,2690,,2025-12-20 16:56:27.447 +0900,import,4884,true,,,
4885,2490,,2025-12-20 16:56:27.453 +0900,import,4885,true,,,
4886,1490,,2025-12-20 16:56:27.459 +0900,import,4886,true,,,
4887,6950,13900,2025-12-20 16:56:27.465 +0900,import,4887,true,,,
4888,6090,,2025-12-20 16:56:27.471 +0900,import,4888,true,,,
4889,2490,,2025-12-20 16:56:27.477 +0900,import,4889,true,,,
4890,2790,,2025-12-20 16:56:27.483 +0900,import,4890,true,,,
4891,2090,,2025-12-20 16:56:27.490 +0900,import,4891,true,,,
4892,2690,,2025-12-20 16:56:27.495 +0900,import,4892,true,,,
4893,11990,,2025-12-20 16:56:27.501 +0900,import,4893,true,,,
4894,5980,,2025-12-20 16:56:27.507 +0900,import,4894,true,,,
4896,8380,,2025-12-20 16:56:27.519 +0900,import,4896,true,,,
4897,6490,,2025-12-20 16:56:27.525 +0900,import,4897,true,,,
4898,2090,,2025-12-20 16:56:27.532 +0900,import,4898,true,,,
4899,5990,,2025-12-20 16:56:27.538 +0900,import,4899,true,,,
4900,6980,,2025-12-20 16:56:27.544 +0900,import,4900,true,,,
4901,4500,,2025-12-20 16:56:27.550 +0900,import,4901,true,,,
4902,5980,,2025-12-20 16:56:27.556 +0900,import,4902,true,,,
4906,10900,,2025-12-20 16:56:27.582 +0900,import,4906,true,,,
4907,5990,,2025-12-20 16:56:27.589 +0900,import,4907,true,,,
4910,6990,,2025-12-20 16:56:27.607 +0900,import,4910,true,,,
4911,2480,,2025-12-20 16:56:27.614 +0900,import,4911,true,,,
4912,3990,,2025-12-20 16:56:27.621 +0900,import,4912,true,,,
4913,5390,,2025-12-20 16:56:27.628 +0900,import,4913,true,,,
4914,14900,,2025-12-20 16:56:27.634 +0900,import,4914,true,,,
4915,5440,,2025-12-20 16:56:27.641 +0900,import,4915,true,,,
4916,9870,,2025-12-20 16:56:27.647 +0900,import,4916,true,,,
4917,2790,,2025-12-20 16:56:27.653 +0900,import,4917,true,,,
4918,3180,,2025-12-20 16:56:27.660 +0900,import,4918,true,,,
4919,6190,,2025-12-20 16:56:27.666 +0900,import,4919,true,,,
4920,4990,,2025-12-20 16:56:27.674 +0900,import,4920,true,,,
4921,14900,,2025-12-20 16:56:27.680 +0900,import,4921,true,,,
4922,5600,,2025-12-20 16:56:27.687 +0900,import,4922,true,,,
4923,6990,,2025-12-20 16:56:27.694 +0900,import,4923,true,,,
4924,6590,,2025-12-20 16:56:27.702 +0900,import,4924,true,,,
4925,5440,,2025-12-20 16:56:27.708 +0900,import,4925,true,,,
4926,4190,,2025-12-20 16:56:27.714 +0900,import,4926,true,,,
4927,5290,,2025-12-20 16:56:27.720 +0900,import,4927,true,,,
4928,5990,,2025-12-20 16:56:27.727 +0900,import,4928,true,,,
4930,7990,,2025-12-20 16:56:27.740 +0900,import,4930,true,,,
4931,5440,,2025-12-20 16:56:27.746 +0900,import,4931,true,,,
4932,9880,,2025-12-20 16:56:27.753 +0900,import,4932,true,,,
4933,9900,,2025-12-20 16:56:27.759 +0900,import,4933,true,,,
4934,7500,,2025-12-20 16:56:27.765 +0900,import,4934,true,,,
4935,7490,,2025-12-20 16:56:27.771 +0900,import,4935,true,,,
4936,7490,,2025-12-20 16:56:27.778 +0900,import,4936,true,,,
4937,6990,,2025-12-20 16:56:27.784 +0900,import,4937,true,,,
4938,5290,,2025-12-20 16:56:27.790 +0900,import,4938,true,,,
4939,13360,,2025-12-20 16:56:27.796 +0900,import,4939,true,,,
4941,2090,,2025-12-20 16:56:27.809 +0900,import,4941,true,,,
4942,2090,,2025-12-20 16:56:27.823 +0900,import,4942,true,,,
4943,5990,,2025-12-20 16:56:27.871 +0900,import,4943,true,,,
4944,14900,,2025-12-20 16:56:27.965 +0900,import,4944,true,,,
4945,9980,,2025-12-20 16:56:27.979 +0900,import,4945,true,,,
4946,9990,,2025-12-20 16:56:27.986 +0900,import,4946,true,,,
4947,9990,,2025-12-20 16:56:27.992 +0900,import,4947,true,,,
4895,5590,7990,2025-12-20 16:56:27.513 +0900,import,4895,false,,,
4903,7190,,2025-12-20 16:56:27.562 +0900,import,4903,false,,,
4905,14770,16420,2025-12-20 16:56:27.575 +0900,import,4905,false,,,
4904,9980,,2025-12-20 16:56:27.569 +0900,import,4904,false,,,
4908,14900,,2025-12-20 16:56:27.595 +0900,import,4908,false,,,
4929,9900,,2025-12-20 16:56:27.733 +0900,import,4929,false,,,
4940,8330,11900,2025-12-20 16:56:27.802 +0900,import,4940,false,,,
4948,6990,,2025-12-20 16:56:27.999 +0900,import,4948,true,,,
4949,6990,,2025-12-20 16:56:28.005 +0900,import,4949,true,,,
4950,3600,,2025-12-20 16:56:28.011 +0900,import,4950,true,,,
4951,9110,,2025-12-20 16:56:28.018 +0900,import,4951,true,,,
4952,8990,,2025-12-20 16:56:28.024 +0900,import,4952,true,,,
9091,12990,,2025-12-20 17:07:49.653 +0900,crawl,7,true,9990,3000,30.03
4955,5530,,2025-12-20 16:56:28.043 +0900,import,4955,true,,,
4956,5350,,2025-12-20 16:56:28.049 +0900,import,4956,true,,,
4957,5490,,2025-12-20 16:56:28.055 +0900,import,4957,true,,,
4958,6490,,2025-12-20 16:56:28.062 +0900,import,4958,true,,,
4959,5880,,2025-12-20 16:56:28.068 +0900,import,4959,true,,,
4960,6480,,2025-12-20 16:56:28.074 +0900,import,4960,true,,,
4962,4990,,2025-12-20 16:56:28.087 +0900,import,4962,true,,,
4963,5990,,2025-12-20 16:56:28.094 +0900,import,4963,true,,,
4964,7690,,2025-12-20 16:56:28.099 +0900,import,4964,true,,,
4965,5390,,2025-12-20 16:56:28.106 +0900,import,4965,true,,,
4966,10490,,2025-12-20 16:56:28.113 +0900,import,4966,true,,,
4967,5990,,2025-12-20 16:56:28.121 +0900,import,4967,true,,,
4969,6990,,2025-12-20 16:56:28.134 +0900,import,4969,true,,,
4971,8590,,2025-12-20 16:56:28.146 +0900,import,4971,true,,,
4972,5990,,2025-12-20 16:56:28.152 +0900,import,4972,true,,,
4973,9700,,2025-12-20 16:56:28.158 +0900,import,4973,true,,,
4974,6000,,2025-12-20 16:56:28.165 +0900,import,4974,true,,,
4976,9890,,2025-12-20 16:56:28.177 +0900,import,4976,true,,,
4977,6980,,2025-12-20 16:56:28.183 +0900,import,4977,true,,,
4978,5490,10990,2025-12-20 16:56:28.189 +0900,import,4978,true,,,
4979,9890,,2025-12-20 16:56:28.195 +0900,import,4979,true,,,
4980,9890,,2025-12-20 16:56:28.201 +0900,import,4980,true,,,
4981,6980,,2025-12-20 16:56:28.207 +0900,import,4981,true,,,
4982,5490,10990,2025-12-20 16:56:28.214 +0900,import,4982,true,,,
4983,3490,6980,2025-12-20 16:56:28.220 +0900,import,4983,true,,,
4984,2430,4860,2025-12-20 16:56:28.226 +0900,import,4984,true,,,
4987,6980,,2025-12-20 16:56:28.245 +0900,import,4987,true,,,
4989,8980,,2025-12-20 16:56:28.258 +0900,import,4989,true,,,
4993,4490,8990,2025-12-20 16:56:28.283 +0900,import,4993,true,,,
4994,6480,,2025-12-20 16:56:28.290 +0900,import,4994,true,,,
4995,4880,6980,2025-12-20 16:56:28.296 +0900,import,4995,true,,,
4996,6980,,2025-12-20 16:56:28.303 +0900,import,4996,true,,,
4998,8980,,2025-12-20 16:56:28.316 +0900,import,4998,true,,,
4999,6480,,2025-12-20 16:56:28.322 +0900,import,4999,true,,,
5000,16900,,2025-12-20 16:56:28.328 +0900,import,5000,true,,,
5001,13900,,2025-12-20 16:56:28.334 +0900,import,5001,true,,,
5002,5490,,2025-12-20 16:56:28.340 +0900,import,5002,true,,,
5003,5490,,2025-12-20 16:56:28.346 +0900,import,5003,true,,,
5004,5490,,2025-12-20 16:56:28.353 +0900,import,5004,true,,,
5005,5490,,2025-12-20 16:56:28.359 +0900,import,5005,true,,,
5006,5490,,2025-12-20 16:56:28.365 +0900,import,5006,true,,,
5007,9890,,2025-12-20 16:56:28.371 +0900,import,5007,true,,,
5008,9890,,2025-12-20 16:56:28.377 +0900,import,5008,true,,,
5009,9990,,2025-12-20 16:56:28.384 +0900,import,5009,true,,,
5010,5490,,2025-12-20 16:56:28.390 +0900,import,5010,true,,,
5011,16500,,2025-12-20 16:56:28.396 +0900,import,5011,true,,,
5012,9890,,2025-12-20 16:56:28.402 +0900,import,5012,true,,,
5013,6400,,2025-12-20 16:56:28.408 +0900,import,5013,true,,,
5014,6400,,2025-12-20 16:56:28.414 +0900,import,5014,true,,,
5015,14990,,2025-12-20 16:56:28.420 +0900,import,5015,true,,,
5016,6400,,2025-12-20 16:56:28.425 +0900,import,5016,true,,,
5017,9990,,2025-12-20 16:56:28.432 +0900,import,5017,true,,,
5018,7980,,2025-12-20 16:56:28.439 +0900,import,5018,true,,,
5019,7980,,2025-12-20 16:56:28.447 +0900,import,5019,true,,,
5020,9990,,2025-12-20 16:56:28.454 +0900,import,5020,true,,,
5021,12980,,2025-12-20 16:56:28.460 +0900,import,5021,true,,,
5022,6490,,2025-12-20 16:56:28.466 +0900,import,5022,true,,,
5023,9490,,2025-12-20 16:56:28.472 +0900,import,5023,true,,,
5024,5990,,2025-12-20 16:56:28.478 +0900,import,5024,true,,,
5025,6900,,2025-12-20 16:56:28.484 +0900,import,5025,true,,,
5026,6480,,2025-12-20 16:56:28.490 +0900,import,5026,true,,,
5027,6900,,2025-12-20 16:56:28.496 +0900,import,5027,true,,,
5028,14990,,2025-12-20 16:56:28.502 +0900,import,5028,true,,,
5029,7900,,2025-12-20 16:56:28.508 +0900,import,5029,true,,,
5030,14990,,2025-12-20 16:56:28.515 +0900,import,5030,true,,,
5031,11500,,2025-12-20 16:56:28.521 +0900,import,5031,true,,,
5032,11500,,2025-12-20 16:56:28.527 +0900,import,5032,true,,,
5033,11500,,2025-12-20 16:56:28.534 +0900,import,5033,true,,,
5034,15490,,2025-12-20 16:56:28.540 +0900,import,5034,true,,,
5035,12990,,2025-12-20 16:56:28.547 +0900,import,5035,true,,,
5036,7990,,2025-12-20 16:56:28.553 +0900,import,5036,true,,,
5037,4980,,2025-12-20 16:56:28.560 +0900,import,5037,true,,,
5038,4980,,2025-12-20 16:56:28.567 +0900,import,5038,true,,,
5039,5990,,2025-12-20 16:56:28.573 +0900,import,5039,true,,,
5040,4980,,2025-12-20 16:56:28.579 +0900,import,5040,true,,,
5041,26000,,2025-12-20 16:56:28.585 +0900,import,5041,true,,,
5042,9990,,2025-12-20 16:56:28.592 +0900,import,5042,true,,,
5043,6490,12980,2025-12-20 16:56:28.598 +0900,import,5043,true,,,
5044,4980,,2025-12-20 16:56:28.605 +0900,import,5044,true,,,
4970,7630,,2025-12-20 16:56:28.140 +0900,import,4970,false,,,
4961,6990,,2025-12-20 16:56:28.080 +0900,import,4961,false,,,
4954,3980,,2025-12-20 16:56:28.037 +0900,import,4954,false,,,
4968,5090,,2025-12-20 16:56:28.128 +0900,import,4968,false,,,
4975,2840,,2025-12-20 16:56:28.171 +0900,import,4975,false,,,
4988,11850,,2025-12-20 16:56:28.251 +0900,import,4988,false,,,
4986,9980,,2025-12-20 16:56:28.239 +0900,import,4986,false,,,
4990,10450,,2025-12-20 16:56:28.265 +0900,import,4990,false,,,
4991,6290,,2025-12-20 16:56:28.271 +0900,import,4991,false,,,
4992,9980,,2025-12-20 16:56:28.277 +0900,import,4992,false,,,
4997,11850,,2025-12-20 16:56:28.309 +0900,import,4997,false,,,
5045,14900,,2025-12-20 16:56:28.611 +0900,import,5045,true,,,
5046,6490,12980,2025-12-20 16:56:28.617 +0900,import,5046,true,,,
5047,4980,,2025-12-20 16:56:28.624 +0900,import,5047,true,,,
5048,15400,,2025-12-20 16:56:28.630 +0900,import,5048,true,,,
5049,9990,,2025-12-20 16:56:28.635 +0900,import,5049,true,,,
5050,7990,,2025-12-20 16:56:28.642 +0900,import,5050,true,,,
5051,14900,,2025-12-20 16:56:28.648 +0900,import,5051,true,,,
5052,8990,,2025-12-20 16:56:28.654 +0900,import,5052,true,,,
5053,8990,,2025-12-20 16:56:28.660 +0900,import,5053,true,,,
5054,10900,,2025-12-20 16:56:28.667 +0900,import,5054,true,,,
5055,7990,,2025-12-20 16:56:28.673 +0900,import,5055,true,,,
5056,10900,,2025-12-20 16:56:28.679 +0900,import,5056,true,,,
5057,5090,,2025-12-20 16:56:28.685 +0900,import,5057,true,,,
5058,9900,,2025-12-20 16:56:28.691 +0900,import,5058,true,,,
5059,9900,,2025-12-20 16:56:28.698 +0900,import,5059,true,,,
5060,5090,,2025-12-20 16:56:28.704 +0900,import,5060,true,,,
5061,5090,,2025-12-20 16:56:28.710 +0900,import,5061,true,,,
5062,10900,,2025-12-20 16:56:28.717 +0900,import,5062,true,,,
5063,6500,,2025-12-20 16:56:28.723 +0900,import,5063,true,,,
5064,10900,,2025-12-20 16:56:28.730 +0900,import,5064,true,,,
5065,7900,,2025-12-20 16:56:28.736 +0900,import,5065,true,,,
5066,7900,,2025-12-20 16:56:28.742 +0900,import,5066,true,,,
5067,4190,,2025-12-20 16:56:28.748 +0900,import,5067,true,,,
5068,10900,,2025-12-20 16:56:28.754 +0900,import,5068,true,,,
5069,7990,,2025-12-20 16:56:28.760 +0900,import,5069,true,,,
5070,9900,,2025-12-20 16:56:28.768 +0900,import,5070,true,,,
5071,6500,,2025-12-20 16:56:28.774 +0900,import,5071,true,,,
5072,11900,,2025-12-20 16:56:28.780 +0900,import,5072,true,,,
5073,9900,,2025-12-20 16:56:28.786 +0900,import,5073,true,,,
5074,9900,,2025-12-20 16:56:28.793 +0900,import,5074,true,,,
5075,7900,,2025-12-20 16:56:28.803 +0900,import,5075,true,,,
5076,7990,,2025-12-20 16:56:28.809 +0900,import,5076,true,,,
5077,9900,,2025-12-20 16:56:28.815 +0900,import,5077,true,,,
5078,7900,,2025-12-20 16:56:28.822 +0900,import,5078,true,,,
5079,9900,,2025-12-20 16:56:28.828 +0900,import,5079,true,,,
5080,14980,,2025-12-20 16:56:28.834 +0900,import,5080,true,,,
5081,9900,,2025-12-20 16:56:28.841 +0900,import,5081,true,,,
5082,11290,,2025-12-20 16:56:28.847 +0900,import,5082,true,,,
5083,9900,,2025-12-20 16:56:28.853 +0900,import,5083,true,,,
5084,6090,,2025-12-20 16:56:28.859 +0900,import,5084,true,,,
5085,15000,,2025-12-20 16:56:28.865 +0900,import,5085,true,,,
5086,7990,,2025-12-20 16:56:28.871 +0900,import,5086,true,,,
5087,16990,,2025-12-20 16:56:28.877 +0900,import,5087,true,,,
5088,10700,,2025-12-20 16:56:28.883 +0900,import,5088,true,,,
5089,15290,,2025-12-20 16:56:28.889 +0900,import,5089,true,,,
5090,18990,,2025-12-20 16:56:28.895 +0900,import,5090,true,,,
5091,13900,,2025-12-20 16:56:28.902 +0900,import,5091,true,,,
5092,25990,,2025-12-20 16:56:28.908 +0900,import,5092,true,,,
5093,19800,,2025-12-20 16:56:28.915 +0900,import,5093,true,,,
5094,19800,,2025-12-20 16:56:28.921 +0900,import,5094,true,,,
5095,9990,,2025-12-20 16:56:28.927 +0900,import,5095,true,,,
5096,9990,,2025-12-20 16:56:28.933 +0900,import,5096,true,,,
5097,13900,,2025-12-20 16:56:28.939 +0900,import,5097,true,,,
5098,14990,,2025-12-20 16:56:28.946 +0900,import,5098,true,,,
5099,19990,,2025-12-20 16:56:28.952 +0900,import,5099,true,,,
5100,25900,,2025-12-20 16:56:28.958 +0900,import,5100,true,,,
5101,18990,,2025-12-20 16:56:28.964 +0900,import,5101,true,,,
5102,23990,,2025-12-20 16:56:28.971 +0900,import,5102,true,,,
5103,12990,,2025-12-20 16:56:29.021 +0900,import,5103,true,,,
5104,25900,,2025-12-20 16:56:29.028 +0900,import,5104,true,,,
5105,9990,,2025-12-20 16:56:29.035 +0900,import,5105,true,,,
5106,8990,,2025-12-20 16:56:29.041 +0900,import,5106,true,,,
5107,8990,,2025-12-20 16:56:29.048 +0900,import,5107,true,,,
5108,11990,,2025-12-20 16:56:29.055 +0900,import,5108,true,,,
5109,9900,,2025-12-20 16:56:29.061 +0900,import,5109,true,,,
5110,9900,,2025-12-20 16:56:29.068 +0900,import,5110,true,,,
5111,11990,,2025-12-20 16:56:29.075 +0900,import,5111,true,,,
5112,9900,,2025-12-20 16:56:29.081 +0900,import,5112,true,,,
5113,9900,,2025-12-20 16:56:29.087 +0900,import,5113,true,,,
5114,9900,,2025-12-20 16:56:29.094 +0900,import,5114,true,,,
5115,14990,,2025-12-20 16:56:29.100 +0900,import,5115,true,,,
5116,9990,,2025-12-20 16:56:29.106 +0900,import,5116,true,,,
5117,7120,,2025-12-20 16:56:29.112 +0900,import,5117,true,,,
5118,7120,,2025-12-20 16:56:29.118 +0900,import,5118,true,,,
5119,9900,,2025-12-20 16:56:29.124 +0900,import,5119,true,,,
5120,9900,,2025-12-20 16:56:29.130 +0900,import,5120,true,,,
5121,3290,,2025-12-20 16:56:29.137 +0900,import,5121,true,,,
5122,14290,,2025-12-20 16:56:29.143 +0900,import,5122,true,,,
5123,9180,,2025-12-20 16:56:29.152 +0900,import,5123,true,,,
5124,14900,,2025-12-20 16:56:29.161 +0900,import,5124,true,,,
5125,6990,,2025-12-20 16:56:29.168 +0900,import,5125,true,,,
5126,14900,,2025-12-20 16:56:29.176 +0900,import,5126,true,,,
5127,14900,,2025-12-20 16:56:29.183 +0900,import,5127,true,,,
5128,9900,,2025-12-20 16:56:29.193 +0900,import,5128,true,,,
5129,4600,,2025-12-20 16:56:29.200 +0900,import,5129,true,,,
5130,6980,,2025-12-20 16:56:29.206 +0900,import,5130,true,,,
5131,6980,,2025-12-20 16:56:29.212 +0900,import,5131,true,,,
5132,17480,,2025-12-20 16:56:29.219 +0900,import,5132,true,,,
5133,16980,,2025-12-20 16:56:29.225 +0900,import,5133,true,,,
5134,16980,,2025-12-20 16:56:29.231 +0900,import,5134,true,,,
5135,16980,,2025-12-20 16:56:29.237 +0900,import,5135,true,,,
5136,6980,,2025-12-20 16:56:29.243 +0900,import,5136,true,,,
5137,17480,,2025-12-20 16:56:29.249 +0900,import,5137,true,,,
5138,16980,,2025-12-20 16:56:29.255 +0900,import,5138,true,,,
5139,16980,,2025-12-20 16:56:29.261 +0900,import,5139,true,,,
5140,16980,,2025-12-20 16:56:29.268 +0900,import,5140,true,,,
5141,16980,,2025-12-20 16:56:29.274 +0900,import,5141,true,,,
5142,6990,13990,2025-12-20 16:56:29.280 +0900,import,5142,true,,,
5143,11980,,2025-12-20 16:56:29.286 +0900,import,5143,true,,,
5144,9990,,2025-12-20 16:56:29.292 +0900,import,5144,true,,,
5145,9990,,2025-12-20 16:56:29.298 +0900,import,5145,true,,,
5146,6980,,2025-12-20 16:56:29.305 +0900,import,5146,true,,,
5147,4600,,2025-12-20 16:56:29.311 +0900,import,5147,true,,,
5148,1750,2500,2025-12-20 16:56:29.317 +0900,import,5148,true,,,
5149,700,1000,2025-12-20 16:56:29.323 +0900,import,5149,true,,,
5150,7090,,2025-12-20 16:56:29.329 +0900,import,5150,true,,,
5151,11990,,2025-12-20 16:56:29.335 +0900,import,5151,true,,,
5152,16980,,2025-12-20 16:56:29.341 +0900,import,5152,true,,,
5153,7490,14990,2025-12-20 16:56:29.347 +0900,import,5153,true,,,
5154,11980,,2025-12-20 16:56:29.353 +0900,import,5154,true,,,
5155,10990,,2025-12-20 16:56:29.360 +0900,import,5155,true,,,
5156,17480,,2025-12-20 16:56:29.366 +0900,import,5156,true,,,
5157,10990,,2025-12-20 16:56:29.373 +0900,import,5157,true,,,
5158,4860,,2025-12-20 16:56:29.379 +0900,import,5158,true,,,
5159,11990,,2025-12-20 16:56:29.385 +0900,import,5159,true,,,
5160,16980,,2025-12-20 16:56:29.391 +0900,import,5160,true,,,
5161,8990,,2025-12-20 16:56:29.397 +0900,import,5161,true,,,
5162,14980,,2025-12-20 16:56:29.403 +0900,import,5162,true,,,
5163,16980,,2025-12-20 16:56:29.409 +0900,import,5163,true,,,
5164,7490,14990,2025-12-20 16:56:29.416 +0900,import,5164,true,,,
5165,14900,,2025-12-20 16:56:29.422 +0900,import,5165,true,,,
5166,9990,,2025-12-20 16:56:29.428 +0900,import,5166,true,,,
5167,3490,6980,2025-12-20 16:56:29.435 +0900,import,5167,true,,,
5168,6490,12980,2025-12-20 16:56:29.441 +0900,import,5168,true,,,
5169,6990,,2025-12-20 16:56:29.447 +0900,import,5169,true,,,
5170,5490,,2025-12-20 16:56:29.453 +0900,import,5170,true,,,
5171,5490,,2025-12-20 16:56:29.460 +0900,import,5171,true,,,
5172,17980,,2025-12-20 16:56:29.466 +0900,import,5172,true,,,
5173,16980,,2025-12-20 16:56:29.472 +0900,import,5173,true,,,
5174,16990,,2025-12-20 16:56:29.478 +0900,import,5174,true,,,
5175,7480,,2025-12-20 16:56:29.484 +0900,import,5175,true,,,
5176,7480,,2025-12-20 16:56:29.490 +0900,import,5176,true,,,
5177,7480,,2025-12-20 16:56:29.496 +0900,import,5177,true,,,
5178,14900,,2025-12-20 16:56:29.502 +0900,import,5178,true,,,
5179,11990,,2025-12-20 16:56:29.509 +0900,import,5179,true,,,
5180,6490,12980,2025-12-20 16:56:29.515 +0900,import,5180,true,,,
5181,3240,6490,2025-12-20 16:56:29.521 +0900,import,5181,true,,,
5182,3240,6490,2025-12-20 16:56:29.527 +0900,import,5182,true,,,
5183,6990,,2025-12-20 16:56:29.533 +0900,import,5183,true,,,
5184,6990,,2025-12-20 16:56:29.540 +0900,import,5184,true,,,
5185,2190,,2025-12-20 16:56:29.546 +0900,import,5185,true,,,
5186,4990,,2025-12-20 16:56:29.553 +0900,import,5186,true,,,
5187,3980,,2025-12-20 16:56:29.559 +0900,import,5187,true,,,
5188,5000,,2025-12-20 16:56:29.565 +0900,import,5188,true,,,
5189,4990,,2025-12-20 16:56:29.572 +0900,import,5189,true,,,
5190,6480,,2025-12-20 16:56:29.578 +0900,import,5190,true,,,
5191,5990,,2025-12-20 16:56:29.585 +0900,import,5191,true,,,
5192,9600,,2025-12-20 16:56:29.591 +0900,import,5192,true,,,
5193,7200,,2025-12-20 16:56:29.597 +0900,import,5193,true,,,
5194,6480,,2025-12-20 16:56:29.603 +0900,import,5194,true,,,
5195,8600,,2025-12-20 16:56:29.609 +0900,import,5195,true,,,
5196,9600,,2025-12-20 16:56:29.616 +0900,import,5196,true,,,
5197,660,,2025-12-20 16:56:29.623 +0900,import,5197,true,,,
5198,430,,2025-12-20 16:56:29.629 +0900,import,5198,true,,,
5199,810,,2025-12-20 16:56:29.636 +0900,import,5199,true,,,
5200,4860,,2025-12-20 16:56:29.642 +0900,import,5200,true,,,
5201,1200,,2025-12-20 16:56:29.648 +0900,import,5201,true,,,
5202,1080,,2025-12-20 16:56:29.654 +0900,import,5202,true,,,
5203,480,,2025-12-20 16:56:29.660 +0900,import,5203,true,,,
5204,1680,,2025-12-20 16:56:29.666 +0900,import,5204,true,,,
5205,8990,,2025-12-20 16:56:29.673 +0900,import,5205,true,,,
5206,7790,,2025-12-20 16:56:29.679 +0900,import,5206,true,,,
5207,7790,,2025-12-20 16:56:29.685 +0900,import,5207,true,,,
5208,8990,,2025-12-20 16:56:29.692 +0900,import,5208,true,,,
5209,990,,2025-12-20 16:56:29.699 +0900,import,5209,true,,,
5210,1390,,2025-12-20 16:56:29.705 +0900,import,5210,true,,,
5211,3990,,2025-12-20 16:56:29.711 +0900,import,5211,true,,,
5212,1390,,2025-12-20 16:56:29.717 +0900,import,5212,true,,,
5213,14990,,2025-12-20 16:56:29.724 +0900,import,5213,true,,,
5214,8990,,2025-12-20 16:56:29.730 +0900,import,5214,true,,,
5215,1990,,2025-12-20 16:56:29.736 +0900,import,5215,true,,,
5216,1990,,2025-12-20 16:56:29.742 +0900,import,5216,true,,,
5217,1990,,2025-12-20 16:56:29.748 +0900,import,5217,true,,,
5218,12900,,2025-12-20 16:56:29.754 +0900,import,5218,true,,,
5219,2490,,2025-12-20 16:56:29.760 +0900,import,5219,true,,,
5220,19900,,2025-12-20 16:56:29.766 +0900,import,5220,true,,,
5221,8990,,2025-12-20 16:56:29.772 +0900,import,5221,true,,,
5222,4490,,2025-12-20 16:56:29.779 +0900,import,5222,true,,,
5223,1890,,2025-12-20 16:56:29.785 +0900,import,5223,true,,,
5224,12900,,2025-12-20 16:56:29.792 +0900,import,5224,true,,,
5225,9990,,2025-12-20 16:56:29.799 +0900,import,5225,true,,,
5226,8900,,2025-12-20 16:56:29.806 +0900,import,5226,true,,,
5227,12900,,2025-12-20 16:56:29.813 +0900,import,5227,true,,,
5228,12900,,2025-12-20 16:56:29.820 +0900,import,5228,true,,,
5229,12900,,2025-12-20 16:56:29.827 +0900,import,5229,true,,,
5230,6980,,2025-12-20 16:56:29.833 +0900,import,5230,true,,,
5231,6980,,2025-12-20 16:56:29.840 +0900,import,5231,true,,,
5232,6980,,2025-12-20 16:56:29.846 +0900,import,5232,true,,,
5233,5490,,2025-12-20 16:56:29.852 +0900,import,5233,true,,,
5234,5490,,2025-12-20 16:56:29.858 +0900,import,5234,true,,,
5235,1290,,2025-12-20 16:56:29.864 +0900,import,5235,true,,,
5236,6980,,2025-12-20 16:56:29.870 +0900,import,5236,true,,,
5237,5280,,2025-12-20 16:56:29.877 +0900,import,5237,true,,,
5238,1390,,2025-12-20 16:56:29.883 +0900,import,5238,true,,,
5239,3290,,2025-12-20 16:56:29.889 +0900,import,5239,true,,,
5240,3290,,2025-12-20 16:56:29.895 +0900,import,5240,true,,,
5241,3290,,2025-12-20 16:56:29.902 +0900,import,5241,true,,,
5242,1390,,2025-12-20 16:56:29.908 +0900,import,5242,true,,,
5243,1390,,2025-12-20 16:56:29.914 +0900,import,5243,true,,,
5244,1390,,2025-12-20 16:56:29.920 +0900,import,5244,true,,,
5245,1390,,2025-12-20 16:56:29.927 +0900,import,5245,true,,,
5246,1390,,2025-12-20 16:56:29.933 +0900,import,5246,true,,,
5247,5280,,2025-12-20 16:56:29.939 +0900,import,5247,true,,,
5248,1390,,2025-12-20 16:56:29.945 +0900,import,5248,true,,,
5249,12900,,2025-12-20 16:56:29.951 +0900,import,5249,true,,,
5250,3290,,2025-12-20 16:56:29.957 +0900,import,5250,true,,,
5251,1290,,2025-12-20 16:56:29.963 +0900,import,5251,true,,,
5252,13900,,2025-12-20 16:56:29.970 +0900,import,5252,true,,,
5253,1290,,2025-12-20 16:56:29.976 +0900,import,5253,true,,,
5254,1290,,2025-12-20 16:56:29.983 +0900,import,5254,true,,,
5255,1390,,2025-12-20 16:56:29.989 +0900,import,5255,true,,,
5256,5490,,2025-12-20 16:56:29.994 +0900,import,5256,true,,,
5257,13900,,2025-12-20 16:56:30.000 +0900,import,5257,true,,,
5258,5490,,2025-12-20 16:56:30.007 +0900,import,5258,true,,,
5259,1290,,2025-12-20 16:56:30.012 +0900,import,5259,true,,,
5260,1290,,2025-12-20 16:56:30.019 +0900,import,5260,true,,,
5261,1290,,2025-12-20 16:56:30.025 +0900,import,5261,true,,,
5262,4490,,2025-12-20 16:56:30.031 +0900,import,5262,true,,,
5263,9900,,2025-12-20 16:56:30.037 +0900,import,5263,true,,,
5264,8990,,2025-12-20 16:56:30.043 +0900,import,5264,true,,,
5265,8990,,2025-12-20 16:56:30.049 +0900,import,5265,true,,,
5266,4990,,2025-12-20 16:56:30.056 +0900,import,5266,true,,,
5267,3390,,2025-12-20 16:56:30.062 +0900,import,5267,true,,,
5268,1890,,2025-12-20 16:56:30.069 +0900,import,5268,true,,,
5269,4990,,2025-12-20 16:56:30.075 +0900,import,5269,true,,,
5270,4990,,2025-12-20 16:56:30.081 +0900,import,5270,true,,,
5271,2690,,2025-12-20 16:56:30.088 +0900,import,5271,true,,,
5272,2690,,2025-12-20 16:56:30.095 +0900,import,5272,true,,,
5273,3290,,2025-12-20 16:56:30.101 +0900,import,5273,true,,,
5274,5490,,2025-12-20 16:56:30.107 +0900,import,5274,true,,,
5275,2190,,2025-12-20 16:56:30.113 +0900,import,5275,true,,,
5276,3290,,2025-12-20 16:56:30.119 +0900,import,5276,true,,,
5277,3290,,2025-12-20 16:56:30.125 +0900,import,5277,true,,,
5278,2240,4480,2025-12-20 16:56:30.132 +0900,import,5278,true,,,
5279,13900,,2025-12-20 16:56:30.138 +0900,import,5279,true,,,
5280,13900,,2025-12-20 16:56:30.144 +0900,import,5280,true,,,
5281,13900,,2025-12-20 16:56:30.150 +0900,import,5281,true,,,
5282,13900,,2025-12-20 16:56:30.156 +0900,import,5282,true,,,
5283,11990,,2025-12-20 16:56:30.163 +0900,import,5283,true,,,
5284,19900,,2025-12-20 16:56:30.170 +0900,import,5284,true,,,
5285,80000,,2025-12-20 16:56:30.177 +0900,import,5285,true,,,
5286,6790,,2025-12-20 16:56:30.183 +0900,import,5286,true,,,
5287,4490,,2025-12-20 16:56:30.190 +0900,import,5287,true,,,
5288,4990,,2025-12-20 16:56:30.196 +0900,import,5288,true,,,
5289,4490,,2025-12-20 16:56:30.202 +0900,import,5289,true,,,
5290,8990,,2025-12-20 16:56:30.208 +0900,import,5290,true,,,
5291,3490,,2025-12-20 16:56:30.215 +0900,import,5291,true,,,
5292,4990,,2025-12-20 16:56:30.222 +0900,import,5292,true,,,
5293,4490,,2025-12-20 16:56:30.228 +0900,import,5293,true,,,
5294,1890,,2025-12-20 16:56:30.235 +0900,import,5294,true,,,
5295,1290,,2025-12-20 16:56:30.241 +0900,import,5295,true,,,
5296,1690,,2025-12-20 16:56:30.248 +0900,import,5296,true,,,
5297,1390,,2025-12-20 16:56:30.254 +0900,import,5297,true,,,
5298,2240,4480,2025-12-20 16:56:30.261 +0900,import,5298,true,,,
5299,1290,,2025-12-20 16:56:30.267 +0900,import,5299,true,,,
5300,1690,,2025-12-20 16:56:30.274 +0900,import,5300,true,,,
5301,1290,,2025-12-20 16:56:30.280 +0900,import,5301,true,,,
5302,1290,,2025-12-20 16:56:30.287 +0900,import,5302,true,,,
5303,1390,,2025-12-20 16:56:30.294 +0900,import,5303,true,,,
5304,1390,,2025-12-20 16:56:30.300 +0900,import,5304,true,,,
5305,3980,,2025-12-20 16:56:30.307 +0900,import,5305,true,,,
5306,2590,,2025-12-20 16:56:30.313 +0900,import,5306,true,,,
5307,1390,,2025-12-20 16:56:30.320 +0900,import,5307,true,,,
5308,1390,,2025-12-20 16:56:30.326 +0900,import,5308,true,,,
5309,1390,,2025-12-20 16:56:30.333 +0900,import,5309,true,,,
5310,1280,,2025-12-20 16:56:30.340 +0900,import,5310,true,,,
5311,1390,,2025-12-20 16:56:30.347 +0900,import,5311,true,,,
5312,1390,,2025-12-20 16:56:30.353 +0900,import,5312,true,,,
5313,1280,,2025-12-20 16:56:30.360 +0900,import,5313,true,,,
5314,2590,,2025-12-20 16:56:30.366 +0900,import,5314,true,,,
5315,1390,,2025-12-20 16:56:30.373 +0900,import,5315,true,,,
5316,1390,,2025-12-20 16:56:30.379 +0900,import,5316,true,,,
5317,5490,,2025-12-20 16:56:30.386 +0900,import,5317,true,,,
5318,4790,,2025-12-20 16:56:30.392 +0900,import,5318,true,,,
5319,1690,,2025-12-20 16:56:30.398 +0900,import,5319,true,,,
5320,1690,,2025-12-20 16:56:30.405 +0900,import,5320,true,,,
5321,1690,,2025-12-20 16:56:30.411 +0900,import,5321,true,,,
5322,1690,,2025-12-20 16:56:30.417 +0900,import,5322,true,,,
5323,1390,,2025-12-20 16:56:30.424 +0900,import,5323,true,,,
5324,1390,,2025-12-20 16:56:30.430 +0900,import,5324,true,,,
5325,1990,,2025-12-20 16:56:30.436 +0900,import,5325,true,,,
5326,12900,,2025-12-20 16:56:30.443 +0900,import,5326,true,,,
5327,2190,,2025-12-20 16:56:30.449 +0900,import,5327,true,,,
5328,2190,,2025-12-20 16:56:30.455 +0900,import,5328,true,,,
5329,2590,,2025-12-20 16:56:30.461 +0900,import,5329,true,,,
5330,2390,,2025-12-20 16:56:30.467 +0900,import,5330,true,,,
5331,13490,,2025-12-20 16:56:30.473 +0900,import,5331,true,,,
5332,13490,,2025-12-20 16:56:30.480 +0900,import,5332,true,,,
5333,2190,,2025-12-20 16:56:30.486 +0900,import,5333,true,,,
5334,3200,,2025-12-20 16:56:30.492 +0900,import,5334,true,,,
5335,32900,,2025-12-20 16:56:30.498 +0900,import,5335,true,,,
5336,2190,,2025-12-20 16:56:30.504 +0900,import,5336,true,,,
5337,2390,,2025-12-20 16:56:30.510 +0900,import,5337,true,,,
5338,2190,,2025-12-20 16:56:30.516 +0900,import,5338,true,,,
5339,2290,,2025-12-20 16:56:30.523 +0900,import,5339,true,,,
5340,2290,,2025-12-20 16:56:30.530 +0900,import,5340,true,,,
5341,13980,,2025-12-20 16:56:30.537 +0900,import,5341,true,,,
5342,2100,,2025-12-20 16:56:30.543 +0900,import,5342,true,,,
5343,2290,,2025-12-20 16:56:30.550 +0900,import,5343,true,,,
5344,2190,,2025-12-20 16:56:30.557 +0900,import,5344,true,,,
5345,2290,,2025-12-20 16:56:30.564 +0900,import,5345,true,,,
5346,2290,,2025-12-20 16:56:30.570 +0900,import,5346,true,,,
5347,2290,,2025-12-20 16:56:30.577 +0900,import,5347,true,,,
5348,2400,,2025-12-20 16:56:30.584 +0900,import,5348,true,,,
5349,2590,,2025-12-20 16:56:30.590 +0900,import,5349,true,,,
5350,2490,,2025-12-20 16:56:30.597 +0900,import,5350,true,,,
5351,2490,,2025-12-20 16:56:30.603 +0900,import,5351,true,,,
5352,2490,,2025-12-20 16:56:30.609 +0900,import,5352,true,,,
5353,2490,,2025-12-20 16:56:30.616 +0900,import,5353,true,,,
5354,2390,,2025-12-20 16:56:30.623 +0900,import,5354,true,,,
5355,1990,,2025-12-20 16:56:30.629 +0900,import,5355,true,,,
5356,1990,,2025-12-20 16:56:30.635 +0900,import,5356,true,,,
5357,4850,,2025-12-20 16:56:30.642 +0900,import,5357,true,,,
5358,7480,,2025-12-20 16:56:30.648 +0900,import,5358,true,,,
5359,7480,,2025-12-20 16:56:30.654 +0900,import,5359,true,,,
5360,11990,,2025-12-20 16:56:30.661 +0900,import,5360,true,,,
5361,2590,,2025-12-20 16:56:30.667 +0900,import,5361,true,,,
5362,2590,,2025-12-20 16:56:30.673 +0900,import,5362,true,,,
5363,2590,,2025-12-20 16:56:30.680 +0900,import,5363,true,,,
5364,3990,,2025-12-20 16:56:30.686 +0900,import,5364,true,,,
5365,3990,,2025-12-20 16:56:30.692 +0900,import,5365,true,,,
5366,2200,,2025-12-20 16:56:30.699 +0900,import,5366,true,,,
5367,3990,,2025-12-20 16:56:30.705 +0900,import,5367,true,,,
5368,3990,,2025-12-20 16:56:30.711 +0900,import,5368,true,,,
5369,1690,,2025-12-20 16:56:30.718 +0900,import,5369,true,,,
5370,1000,,2025-12-20 16:56:30.724 +0900,import,5370,true,,,
5371,2490,,2025-12-20 16:56:30.730 +0900,import,5371,true,,,
5372,1290,,2025-12-20 16:56:30.737 +0900,import,5372,true,,,
5373,3980,,2025-12-20 16:56:30.743 +0900,import,5373,true,,,
5374,1650,,2025-12-20 16:56:30.749 +0900,import,5374,true,,,
5375,1500,,2025-12-20 16:56:30.756 +0900,import,5375,true,,,
5376,1980,,2025-12-20 16:56:30.762 +0900,import,5376,true,,,
5377,1650,,2025-12-20 16:56:30.769 +0900,import,5377,true,,,
5378,3990,,2025-12-20 16:56:30.776 +0900,import,5378,true,,,
5379,1650,,2025-12-20 16:56:30.783 +0900,import,5379,true,,,
5380,1650,,2025-12-20 16:56:30.789 +0900,import,5380,true,,,
5381,1990,,2025-12-20 16:56:30.795 +0900,import,5381,true,,,
5382,1980,,2025-12-20 16:56:30.801 +0900,import,5382,true,,,
5383,7990,,2025-12-20 16:56:30.807 +0900,import,5383,true,,,
5384,22100,,2025-12-20 16:56:30.814 +0900,import,5384,true,,,
5385,7990,,2025-12-20 16:56:30.820 +0900,import,5385,true,,,
5386,2790,,2025-12-20 16:56:30.826 +0900,import,5386,true,,,
5387,7990,,2025-12-20 16:56:30.832 +0900,import,5387,true,,,
5388,3790,,2025-12-20 16:56:30.838 +0900,import,5388,true,,,
5389,22100,,2025-12-20 16:56:30.844 +0900,import,5389,true,,,
5390,3980,,2025-12-20 16:56:30.851 +0900,import,5390,true,,,
5391,2790,,2025-12-20 16:56:30.857 +0900,import,5391,true,,,
5392,6790,,2025-12-20 16:56:30.863 +0900,import,5392,true,,,
5393,1000,,2025-12-20 16:56:30.869 +0900,import,5393,true,,,
5394,3980,,2025-12-20 16:56:30.875 +0900,import,5394,true,,,
5395,7990,,2025-12-20 16:56:30.882 +0900,import,5395,true,,,
5396,7990,,2025-12-20 16:56:30.888 +0900,import,5396,true,,,
5397,7220,,2025-12-20 16:56:30.894 +0900,import,5397,true,,,
5398,1000,,2025-12-20 16:56:30.901 +0900,import,5398,true,,,
5399,1690,,2025-12-20 16:56:30.907 +0900,import,5399,true,,,
5400,7990,,2025-12-20 16:56:30.913 +0900,import,5400,true,,,
5401,1690,,2025-12-20 16:56:30.919 +0900,import,5401,true,,,
5402,6480,,2025-12-20 16:56:30.925 +0900,import,5402,true,,,
5403,5790,,2025-12-20 16:56:30.931 +0900,import,5403,true,,,
5404,5790,,2025-12-20 16:56:30.937 +0900,import,5404,true,,,
5405,2990,,2025-12-20 16:56:30.944 +0900,import,5405,true,,,
5406,2090,,2025-12-20 16:56:30.950 +0900,import,5406,true,,,
5407,1290,,2025-12-20 16:56:30.957 +0900,import,5407,true,,,
5408,3680,,2025-12-20 16:56:30.963 +0900,import,5408,true,,,
5409,3690,,2025-12-20 16:56:30.972 +0900,import,5409,true,,,
5410,3680,,2025-12-20 16:56:30.982 +0900,import,5410,true,,,
5411,1290,,2025-12-20 16:56:30.994 +0900,import,5411,true,,,
5412,5790,,2025-12-20 16:56:31.002 +0900,import,5412,true,,,
5413,1290,,2025-12-20 16:56:31.011 +0900,import,5413,true,,,
5414,1890,,2025-12-20 16:56:31.020 +0900,import,5414,true,,,
5415,3790,,2025-12-20 16:56:31.028 +0900,import,5415,true,,,
5416,3690,,2025-12-20 16:56:31.035 +0900,import,5416,true,,,
5417,1290,,2025-12-20 16:56:31.041 +0900,import,5417,true,,,
5418,7990,,2025-12-20 16:56:31.047 +0900,import,5418,true,,,
5419,5790,,2025-12-20 16:56:31.053 +0900,import,5419,true,,,
5420,3790,,2025-12-20 16:56:31.060 +0900,import,5420,true,,,
5421,6480,,2025-12-20 16:56:31.066 +0900,import,5421,true,,,
5422,5790,,2025-12-20 16:56:31.072 +0900,import,5422,true,,,
5423,6480,,2025-12-20 16:56:31.079 +0900,import,5423,true,,,
5424,2590,,2025-12-20 16:56:31.085 +0900,import,5424,true,,,
5425,2590,,2025-12-20 16:56:31.091 +0900,import,5425,true,,,
5426,1290,,2025-12-20 16:56:31.098 +0900,import,5426,true,,,
5427,3990,,2025-12-20 16:56:31.104 +0900,import,5427,true,,,
5428,1290,,2025-12-20 16:56:31.110 +0900,import,5428,true,,,
5429,3990,,2025-12-20 16:56:31.117 +0900,import,5429,true,,,
5430,1290,,2025-12-20 16:56:31.124 +0900,import,5430,true,,,
5431,1290,,2025-12-20 16:56:31.132 +0900,import,5431,true,,,
5432,1690,,2025-12-20 16:56:31.138 +0900,import,5432,true,,,
5433,1380,,2025-12-20 16:56:31.145 +0900,import,5433,true,,,
5434,4330,,2025-12-20 16:56:31.151 +0900,import,5434,true,,,
5435,1290,,2025-12-20 16:56:31.158 +0900,import,5435,true,,,
5436,5600,,2025-12-20 16:56:31.164 +0900,import,5436,true,,,
5437,5600,,2025-12-20 16:56:31.171 +0900,import,5437,true,,,
5438,2790,,2025-12-20 16:56:31.177 +0900,import,5438,true,,,
5439,7990,,2025-12-20 16:56:31.184 +0900,import,5439,true,,,
5440,2790,,2025-12-20 16:56:31.190 +0900,import,5440,true,,,
5441,2090,,2025-12-20 16:56:31.196 +0900,import,5441,true,,,
5442,2090,,2025-12-20 16:56:31.203 +0900,import,5442,true,,,
5443,2790,,2025-12-20 16:56:31.210 +0900,import,5443,true,,,
5444,7990,,2025-12-20 16:56:31.216 +0900,import,5444,true,,,
5445,2090,,2025-12-20 16:56:31.224 +0900,import,5445,true,,,
5446,2090,,2025-12-20 16:56:31.231 +0900,import,5446,true,,,
5447,2790,,2025-12-20 16:56:31.237 +0900,import,5447,true,,,
5448,6790,,2025-12-20 16:56:31.243 +0900,import,5448,true,,,
5449,3490,,2025-12-20 16:56:31.250 +0900,import,5449,true,,,
5450,2500,,2025-12-20 16:56:31.256 +0900,import,5450,true,,,
5451,6180,,2025-12-20 16:56:31.263 +0900,import,5451,true,,,
5452,6180,,2025-12-20 16:56:31.269 +0900,import,5452,true,,,
5453,1290,,2025-12-20 16:56:31.276 +0900,import,5453,true,,,
5454,1690,,2025-12-20 16:56:31.282 +0900,import,5454,true,,,
5455,1290,,2025-12-20 16:56:31.288 +0900,import,5455,true,,,
5456,2990,,2025-12-20 16:56:31.295 +0900,import,5456,true,,,
5457,1690,,2025-12-20 16:56:31.301 +0900,import,5457,true,,,
5458,1290,,2025-12-20 16:56:31.308 +0900,import,5458,true,,,
5459,1690,,2025-12-20 16:56:31.314 +0900,import,5459,true,,,
5460,1290,,2025-12-20 16:56:31.320 +0900,import,5460,true,,,
5461,6180,,2025-12-20 16:56:31.327 +0900,import,5461,true,,,
5462,6480,,2025-12-20 16:56:31.333 +0900,import,5462,true,,,
5463,1290,,2025-12-20 16:56:31.339 +0900,import,5463,true,,,
5464,1690,,2025-12-20 16:56:31.346 +0900,import,5464,true,,,
5465,1290,,2025-12-20 16:56:31.352 +0900,import,5465,true,,,
5466,1740,2490,2025-12-20 16:56:31.358 +0900,import,5466,true,,,
5467,2390,,2025-12-20 16:56:31.364 +0900,import,5467,true,,,
5468,2990,,2025-12-20 16:56:31.370 +0900,import,5468,true,,,
5469,2490,,2025-12-20 16:56:31.377 +0900,import,5469,true,,,
5470,2090,2990,2025-12-20 16:56:31.383 +0900,import,5470,true,,,
5471,2390,,2025-12-20 16:56:31.390 +0900,import,5471,true,,,
5472,2390,,2025-12-20 16:56:31.396 +0900,import,5472,true,,,
5473,2690,,2025-12-20 16:56:31.402 +0900,import,5473,true,,,
5474,1290,,2025-12-20 16:56:31.409 +0900,import,5474,true,,,
5475,1290,,2025-12-20 16:56:31.415 +0900,import,5475,true,,,
5476,1290,,2025-12-20 16:56:31.421 +0900,import,5476,true,,,
5477,1290,,2025-12-20 16:56:31.428 +0900,import,5477,true,,,
5478,1290,,2025-12-20 16:56:31.434 +0900,import,5478,true,,,
5479,1290,,2025-12-20 16:56:31.440 +0900,import,5479,true,,,
5480,6180,,2025-12-20 16:56:31.447 +0900,import,5480,true,,,
5481,2390,,2025-12-20 16:56:31.453 +0900,import,5481,true,,,
5482,2990,,2025-12-20 16:56:31.459 +0900,import,5482,true,,,
5483,6690,,2025-12-20 16:56:31.465 +0900,import,5483,true,,,
5484,6690,,2025-12-20 16:56:31.472 +0900,import,5484,true,,,
5485,6480,,2025-12-20 16:56:31.478 +0900,import,5485,true,,,
5486,2390,,2025-12-20 16:56:31.484 +0900,import,5486,true,,,
5487,2990,,2025-12-20 16:56:31.490 +0900,import,5487,true,,,
5488,2690,,2025-12-20 16:56:31.496 +0900,import,5488,true,,,
5489,2990,,2025-12-20 16:56:31.503 +0900,import,5489,true,,,
5490,2990,,2025-12-20 16:56:31.509 +0900,import,5490,true,,,
5491,2390,,2025-12-20 16:56:31.515 +0900,import,5491,true,,,
5492,2490,,2025-12-20 16:56:31.522 +0900,import,5492,true,,,
5493,2990,,2025-12-20 16:56:31.528 +0900,import,5493,true,,,
5494,2590,,2025-12-20 16:56:31.535 +0900,import,5494,true,,,
5495,2490,,2025-12-20 16:56:31.541 +0900,import,5495,true,,,
5496,2490,,2025-12-20 16:56:31.548 +0900,import,5496,true,,,
5497,2490,,2025-12-20 16:56:31.554 +0900,import,5497,true,,,
5498,2490,,2025-12-20 16:56:31.561 +0900,import,5498,true,,,
5499,2490,,2025-12-20 16:56:31.567 +0900,import,5499,true,,,
5500,2490,,2025-12-20 16:56:31.574 +0900,import,5500,true,,,
5501,2490,,2025-12-20 16:56:31.580 +0900,import,5501,true,,,
5502,2590,,2025-12-20 16:56:31.587 +0900,import,5502,true,,,
5503,2590,,2025-12-20 16:56:31.593 +0900,import,5503,true,,,
5504,2490,,2025-12-20 16:56:31.599 +0900,import,5504,true,,,
5505,2590,,2025-12-20 16:56:31.605 +0900,import,5505,true,,,
5506,2490,,2025-12-20 16:56:31.612 +0900,import,5506,true,,,
5507,2990,,2025-12-20 16:56:31.618 +0900,import,5507,true,,,
5508,2990,,2025-12-20 16:56:31.624 +0900,import,5508,true,,,
5509,2990,,2025-12-20 16:56:31.631 +0900,import,5509,true,,,
5510,2990,,2025-12-20 16:56:31.637 +0900,import,5510,true,,,
5511,2500,,2025-12-20 16:56:31.643 +0900,import,5511,true,,,
5512,2500,,2025-12-20 16:56:31.650 +0900,import,5512,true,,,
5513,2500,,2025-12-20 16:56:31.656 +0900,import,5513,true,,,
5514,1000,,2025-12-20 16:56:31.664 +0900,import,5514,true,,,
5515,1000,,2025-12-20 16:56:31.671 +0900,import,5515,true,,,
5516,1000,,2025-12-20 16:56:31.678 +0900,import,5516,true,,,
5517,1690,,2025-12-20 16:56:31.684 +0900,import,5517,true,,,
5518,3990,,2025-12-20 16:56:31.690 +0900,import,5518,true,,,
5519,1000,,2025-12-20 16:56:31.697 +0900,import,5519,true,,,
5520,1000,,2025-12-20 16:56:31.703 +0900,import,5520,true,,,
5521,1000,,2025-12-20 16:56:31.709 +0900,import,5521,true,,,
5522,1000,,2025-12-20 16:56:31.716 +0900,import,5522,true,,,
5523,1990,,2025-12-20 16:56:31.722 +0900,import,5523,true,,,
5524,1690,,2025-12-20 16:56:31.728 +0900,import,5524,true,,,
5525,1000,,2025-12-20 16:56:31.735 +0900,import,5525,true,,,
5526,1000,,2025-12-20 16:56:31.741 +0900,import,5526,true,,,
5527,1690,,2025-12-20 16:56:31.747 +0900,import,5527,true,,,
5528,1690,,2025-12-20 16:56:31.753 +0900,import,5528,true,,,
5529,1690,,2025-12-20 16:56:31.759 +0900,import,5529,true,,,
5530,3500,,2025-12-20 16:56:31.766 +0900,import,5530,true,,,
5531,1390,,2025-12-20 16:56:31.772 +0900,import,5531,true,,,
5532,1800,,2025-12-20 16:56:31.778 +0900,import,5532,true,,,
5533,1990,,2025-12-20 16:56:31.785 +0900,import,5533,true,,,
5534,2500,,2025-12-20 16:56:31.791 +0900,import,5534,true,,,
5535,2990,,2025-12-20 16:56:31.797 +0900,import,5535,true,,,
5536,3990,,2025-12-20 16:56:31.804 +0900,import,5536,true,,,
5537,3990,,2025-12-20 16:56:31.810 +0900,import,5537,true,,,
5538,3990,,2025-12-20 16:56:31.816 +0900,import,5538,true,,,
5539,1690,,2025-12-20 16:56:31.822 +0900,import,5539,true,,,
5540,2590,,2025-12-20 16:56:31.828 +0900,import,5540,true,,,
5541,1590,,2025-12-20 16:56:31.834 +0900,import,5541,true,,,
5542,5990,,2025-12-20 16:56:31.841 +0900,import,5542,true,,,
5543,2990,,2025-12-20 16:56:31.847 +0900,import,5543,true,,,
5544,4690,,2025-12-20 16:56:31.853 +0900,import,5544,true,,,
5545,2500,,2025-12-20 16:56:31.859 +0900,import,5545,true,,,
5546,9600,,2025-12-20 16:56:31.865 +0900,import,5546,true,,,
5547,17900,,2025-12-20 16:56:31.871 +0900,import,5547,true,,,
5548,19900,,2025-12-20 16:56:31.877 +0900,import,5548,true,,,
5549,9990,,2025-12-20 16:56:31.884 +0900,import,5549,true,,,
5550,9990,,2025-12-20 16:56:31.891 +0900,import,5550,true,,,
5551,9990,,2025-12-20 16:56:31.897 +0900,import,5551,true,,,
5552,9990,,2025-12-20 16:56:31.904 +0900,import,5552,true,,,
5553,9990,,2025-12-20 16:56:31.910 +0900,import,5553,true,,,
5554,10490,,2025-12-20 16:56:31.917 +0900,import,5554,true,,,
5555,9990,,2025-12-20 16:56:31.924 +0900,import,5555,true,,,
5556,10490,,2025-12-20 16:56:31.930 +0900,import,5556,true,,,
5557,9990,,2025-12-20 16:56:31.937 +0900,import,5557,true,,,
5558,9000,,2025-12-20 16:56:31.943 +0900,import,5558,true,,,
5559,9990,,2025-12-20 16:56:31.949 +0900,import,5559,true,,,
5560,10990,,2025-12-20 16:56:31.955 +0900,import,5560,true,,,
5561,5700,,2025-12-20 16:56:31.961 +0900,import,5561,true,,,
5562,8490,,2025-12-20 16:56:31.967 +0900,import,5562,true,,,
5563,7990,,2025-12-20 16:56:31.973 +0900,import,5563,true,,,
5564,7990,,2025-12-20 16:56:31.979 +0900,import,5564,true,,,
5565,9990,,2025-12-20 16:56:31.986 +0900,import,5565,true,,,
5566,9990,,2025-12-20 16:56:31.992 +0900,import,5566,true,,,
5567,9990,,2025-12-20 16:56:31.998 +0900,import,5567,true,,,
5568,8990,,2025-12-20 16:56:32.006 +0900,import,5568,true,,,
5569,10990,,2025-12-20 16:56:32.012 +0900,import,5569,true,,,
5570,9990,,2025-12-20 16:56:32.019 +0900,import,5570,true,,,
5571,9990,,2025-12-20 16:56:32.026 +0900,import,5571,true,,,
5572,11900,,2025-12-20 16:56:32.033 +0900,import,5572,true,,,
5573,7990,,2025-12-20 16:56:32.039 +0900,import,5573,true,,,
5574,8990,,2025-12-20 16:56:32.047 +0900,import,5574,true,,,
5575,10900,,2025-12-20 16:56:32.053 +0900,import,5575,true,,,
5576,9990,,2025-12-20 16:56:32.060 +0900,import,5576,true,,,
5578,6990,,2025-12-20 16:56:32.073 +0900,import,5578,true,,,
5579,8990,,2025-12-20 16:56:32.080 +0900,import,5579,true,,,
5580,9990,,2025-12-20 16:56:32.086 +0900,import,5580,true,,,
5581,6990,,2025-12-20 16:56:32.093 +0900,import,5581,true,,,
5582,9990,,2025-12-20 16:56:32.099 +0900,import,5582,true,,,
5583,2970,9900,2025-12-20 16:56:32.106 +0900,import,5583,true,,,
5584,9990,,2025-12-20 16:56:32.112 +0900,import,5584,true,,,
5585,9990,,2025-12-20 16:56:32.119 +0900,import,5585,true,,,
5586,8990,,2025-12-20 16:56:32.125 +0900,import,5586,true,,,
5587,6990,,2025-12-20 16:56:32.131 +0900,import,5587,true,,,
5589,7490,,2025-12-20 16:56:32.143 +0900,import,5589,true,,,
5590,9490,,2025-12-20 16:56:32.149 +0900,import,5590,true,,,
5591,9990,,2025-12-20 16:56:32.156 +0900,import,5591,true,,,
5592,9990,,2025-12-20 16:56:32.162 +0900,import,5592,true,,,
5593,10990,,2025-12-20 16:56:32.168 +0900,import,5593,true,,,
5594,13900,,2025-12-20 16:56:32.175 +0900,import,5594,true,,,
5595,9990,,2025-12-20 16:56:32.181 +0900,import,5595,true,,,
5596,9990,,2025-12-20 16:56:32.187 +0900,import,5596,true,,,
5597,10900,,2025-12-20 16:56:32.194 +0900,import,5597,true,,,
5598,7490,,2025-12-20 16:56:32.200 +0900,import,5598,true,,,
5599,7490,,2025-12-20 16:56:32.206 +0900,import,5599,true,,,
5600,9990,,2025-12-20 16:56:32.213 +0900,import,5600,true,,,
5601,5990,,2025-12-20 16:56:32.220 +0900,import,5601,true,,,
5602,5990,,2025-12-20 16:56:32.226 +0900,import,5602,true,,,
5603,9990,,2025-12-20 16:56:32.233 +0900,import,5603,true,,,
5604,5990,,2025-12-20 16:56:32.239 +0900,import,5604,true,,,
5605,9990,,2025-12-20 16:56:32.245 +0900,import,5605,true,,,
5606,10490,,2025-12-20 16:56:32.251 +0900,import,5606,true,,,
5608,7990,,2025-12-20 16:56:32.264 +0900,import,5608,true,,,
5609,7990,,2025-12-20 16:56:32.271 +0900,import,5609,true,,,
5610,9990,,2025-12-20 16:56:32.278 +0900,import,5610,true,,,
5613,6990,,2025-12-20 16:56:32.297 +0900,import,5613,true,,,
5614,9490,,2025-12-20 16:56:32.303 +0900,import,5614,true,,,
5616,9990,,2025-12-20 16:56:32.315 +0900,import,5616,true,,,
5617,6990,,2025-12-20 16:56:32.322 +0900,import,5617,true,,,
5618,6990,,2025-12-20 16:56:32.328 +0900,import,5618,true,,,
5619,6990,,2025-12-20 16:56:32.335 +0900,import,5619,true,,,
5620,9990,,2025-12-20 16:56:32.341 +0900,import,5620,true,,,
5621,9990,,2025-12-20 16:56:32.348 +0900,import,5621,true,,,
5622,9990,,2025-12-20 16:56:32.354 +0900,import,5622,true,,,
5623,7990,,2025-12-20 16:56:32.360 +0900,import,5623,true,,,
5624,7990,,2025-12-20 16:56:32.366 +0900,import,5624,true,,,
5625,6990,,2025-12-20 16:56:32.372 +0900,import,5625,true,,,
5626,8990,,2025-12-20 16:56:32.378 +0900,import,5626,true,,,
5588,6990,,2025-12-20 16:56:32.137 +0900,import,5588,false,,,
5607,7690,,2025-12-20 16:56:32.257 +0900,import,5607,false,,,
5611,7190,,2025-12-20 16:56:32.284 +0900,import,5611,false,,,
5612,7690,,2025-12-20 16:56:32.291 +0900,import,5612,false,,,
5615,8790,,2025-12-20 16:56:32.309 +0900,import,5615,false,,,
5627,9990,,2025-12-20 16:56:32.385 +0900,import,5627,true,,,
5628,6990,9990,2025-12-20 16:56:32.391 +0900,import,5628,true,,,
5629,9990,,2025-12-20 16:56:32.397 +0900,import,5629,true,,,
5630,8990,,2025-12-20 16:56:32.404 +0900,import,5630,true,,,
5631,8990,,2025-12-20 16:56:32.410 +0900,import,5631,true,,,
5632,9990,,2025-12-20 16:56:32.416 +0900,import,5632,true,,,
5633,9990,,2025-12-20 16:56:32.422 +0900,import,5633,true,,,
5634,8990,,2025-12-20 16:56:32.429 +0900,import,5634,true,,,
5635,8990,,2025-12-20 16:56:32.435 +0900,import,5635,true,,,
5636,8990,,2025-12-20 16:56:32.441 +0900,import,5636,true,,,
5637,8990,,2025-12-20 16:56:32.448 +0900,import,5637,true,,,
5638,9990,,2025-12-20 16:56:32.454 +0900,import,5638,true,,,
5639,9990,,2025-12-20 16:56:32.460 +0900,import,5639,true,,,
5640,6990,,2025-12-20 16:56:32.467 +0900,import,5640,true,,,
5641,9990,,2025-12-20 16:56:32.473 +0900,import,5641,true,,,
5642,6990,,2025-12-20 16:56:32.480 +0900,import,5642,true,,,
5643,9990,,2025-12-20 16:56:32.486 +0900,import,5643,true,,,
5644,6990,,2025-12-20 16:56:32.493 +0900,import,5644,true,,,
5645,10990,,2025-12-20 16:56:32.499 +0900,import,5645,true,,,
5646,6990,,2025-12-20 16:56:32.506 +0900,import,5646,true,,,
5647,10990,,2025-12-20 16:56:32.512 +0900,import,5647,true,,,
5648,9990,,2025-12-20 16:56:32.518 +0900,import,5648,true,,,
5649,10990,,2025-12-20 16:56:32.525 +0900,import,5649,true,,,
5650,9990,,2025-12-20 16:56:32.531 +0900,import,5650,true,,,
5651,9990,,2025-12-20 16:56:32.539 +0900,import,5651,true,,,
5652,9990,,2025-12-20 16:56:32.547 +0900,import,5652,true,,,
5653,9590,,2025-12-20 16:56:32.553 +0900,import,5653,true,,,
5654,9590,,2025-12-20 16:56:32.560 +0900,import,5654,true,,,
5655,9990,,2025-12-20 16:56:32.567 +0900,import,5655,true,,,
5656,9990,,2025-12-20 16:56:32.573 +0900,import,5656,true,,,
5657,9990,,2025-12-20 16:56:32.579 +0900,import,5657,true,,,
5658,10990,,2025-12-20 16:56:32.586 +0900,import,5658,true,,,
5659,13990,,2025-12-20 16:56:32.592 +0900,import,5659,true,,,
5660,8990,,2025-12-20 16:56:32.598 +0900,import,5660,true,,,
5661,10990,,2025-12-20 16:56:32.604 +0900,import,5661,true,,,
5662,9490,,2025-12-20 16:56:32.610 +0900,import,5662,true,,,
5663,6490,,2025-12-20 16:56:32.617 +0900,import,5663,true,,,
5664,5990,,2025-12-20 16:56:32.624 +0900,import,5664,true,,,
5665,13900,,2025-12-20 16:56:32.631 +0900,import,5665,true,,,
5666,9990,,2025-12-20 16:56:32.638 +0900,import,5666,true,,,
5667,9990,,2025-12-20 16:56:32.645 +0900,import,5667,true,,,
5668,9990,,2025-12-20 16:56:32.652 +0900,import,5668,true,,,
5669,9900,,2025-12-20 16:56:32.658 +0900,import,5669,true,,,
5670,12990,,2025-12-20 16:56:32.665 +0900,import,5670,true,,,
5671,9990,,2025-12-20 16:56:32.671 +0900,import,5671,true,,,
5672,6990,9990,2025-12-20 16:56:32.677 +0900,import,5672,true,,,
5673,8990,,2025-12-20 16:56:32.684 +0900,import,5673,true,,,
5674,8990,,2025-12-20 16:56:32.690 +0900,import,5674,true,,,
5675,9990,,2025-12-20 16:56:32.696 +0900,import,5675,true,,,
5676,7800,,2025-12-20 16:56:32.703 +0900,import,5676,true,,,
5677,6500,,2025-12-20 16:56:32.709 +0900,import,5677,true,,,
5678,9990,,2025-12-20 16:56:32.715 +0900,import,5678,true,,,
5679,9990,,2025-12-20 16:56:32.721 +0900,import,5679,true,,,
5680,8990,,2025-12-20 16:56:32.727 +0900,import,5680,true,,,
5681,9990,,2025-12-20 16:56:32.733 +0900,import,5681,true,,,
5682,9990,,2025-12-20 16:56:32.739 +0900,import,5682,true,,,
5683,9990,,2025-12-20 16:56:32.745 +0900,import,5683,true,,,
5684,9990,,2025-12-20 16:56:32.751 +0900,import,5684,true,,,
5685,9990,,2025-12-20 16:56:32.757 +0900,import,5685,true,,,
5686,9990,,2025-12-20 16:56:32.764 +0900,import,5686,true,,,
5687,11900,,2025-12-20 16:56:32.771 +0900,import,5687,true,,,
5688,9990,,2025-12-20 16:56:32.778 +0900,import,5688,true,,,
5689,8990,,2025-12-20 16:56:32.785 +0900,import,5689,true,,,
5690,9800,,2025-12-20 16:56:32.791 +0900,import,5690,true,,,
5691,8990,,2025-12-20 16:56:32.798 +0900,import,5691,true,,,
5692,8990,,2025-12-20 16:56:32.806 +0900,import,5692,true,,,
5693,11900,,2025-12-20 16:56:32.813 +0900,import,5693,true,,,
5694,11990,,2025-12-20 16:56:32.818 +0900,import,5694,true,,,
5695,9800,,2025-12-20 16:56:32.823 +0900,import,5695,true,,,
5696,6990,9990,2025-12-20 16:56:32.830 +0900,import,5696,true,,,
5697,9990,,2025-12-20 16:56:32.836 +0900,import,5697,true,,,
5698,11900,,2025-12-20 16:56:32.846 +0900,import,5698,true,,,
5699,7490,,2025-12-20 16:56:32.851 +0900,import,5699,true,,,
5700,7490,,2025-12-20 16:56:32.856 +0900,import,5700,true,,,
5701,9990,,2025-12-20 16:56:32.861 +0900,import,5701,true,,,
5703,9800,,2025-12-20 16:56:32.873 +0900,import,5703,true,,,
5704,8990,,2025-12-20 16:56:32.880 +0900,import,5704,true,,,
5705,6490,,2025-12-20 16:56:32.885 +0900,import,5705,true,,,
5706,10900,,2025-12-20 16:56:32.891 +0900,import,5706,true,,,
5707,10900,,2025-12-20 16:56:32.896 +0900,import,5707,true,,,
5708,8990,,2025-12-20 16:56:32.902 +0900,import,5708,true,,,
5709,8990,,2025-12-20 16:56:32.910 +0900,import,5709,true,,,
5710,9800,,2025-12-20 16:56:32.915 +0900,import,5710,true,,,
5711,9990,,2025-12-20 16:56:32.922 +0900,import,5711,true,,,
5712,6590,,2025-12-20 16:56:32.929 +0900,import,5712,true,,,
5713,6590,,2025-12-20 16:56:32.937 +0900,import,5713,true,,,
5714,6590,,2025-12-20 16:56:32.944 +0900,import,5714,true,,,
5715,6490,,2025-12-20 16:56:32.949 +0900,import,5715,true,,,
5716,11900,,2025-12-20 16:56:32.956 +0900,import,5716,true,,,
5717,7990,,2025-12-20 16:56:32.961 +0900,import,5717,true,,,
5718,7990,,2025-12-20 16:56:32.969 +0900,import,5718,true,,,
5719,7990,,2025-12-20 16:56:32.978 +0900,import,5719,true,,,
5720,3490,6990,2025-12-20 16:56:32.989 +0900,import,5720,true,,,
5721,4590,,2025-12-20 16:56:32.996 +0900,import,5721,true,,,
5722,11900,,2025-12-20 16:56:33.002 +0900,import,5722,true,,,
5723,4590,,2025-12-20 16:56:33.008 +0900,import,5723,true,,,
5724,6490,,2025-12-20 16:56:33.016 +0900,import,5724,true,,,
5725,3990,,2025-12-20 16:56:33.023 +0900,import,5725,true,,,
5726,6490,,2025-12-20 16:56:33.028 +0900,import,5726,true,,,
5727,7990,,2025-12-20 16:56:33.039 +0900,import,5727,true,,,
5729,6490,,2025-12-20 16:56:33.053 +0900,import,5729,true,,,
5730,3990,,2025-12-20 16:56:33.062 +0900,import,5730,true,,,
5731,3690,,2025-12-20 16:56:33.070 +0900,import,5731,true,,,
5732,6590,,2025-12-20 16:56:33.076 +0900,import,5732,true,,,
5734,3690,,2025-12-20 16:56:33.093 +0900,import,5734,true,,,
5735,9990,,2025-12-20 16:56:33.100 +0900,import,5735,true,,,
5736,7500,,2025-12-20 16:56:33.109 +0900,import,5736,true,,,
5737,7500,,2025-12-20 16:56:33.117 +0900,import,5737,true,,,
5738,9990,,2025-12-20 16:56:33.126 +0900,import,5738,true,,,
5739,6590,,2025-12-20 16:56:33.133 +0900,import,5739,true,,,
5740,3300,,2025-12-20 16:56:33.140 +0900,import,5740,true,,,
5741,3300,,2025-12-20 16:56:33.148 +0900,import,5741,true,,,
5742,3490,,2025-12-20 16:56:33.153 +0900,import,5742,true,,,
5743,3490,,2025-12-20 16:56:33.158 +0900,import,5743,true,,,
5744,2490,,2025-12-20 16:56:33.166 +0900,import,5744,true,,,
5745,2990,,2025-12-20 16:56:33.175 +0900,import,5745,true,,,
5746,3490,,2025-12-20 16:56:33.182 +0900,import,5746,true,,,
5747,3490,,2025-12-20 16:56:33.190 +0900,import,5747,true,,,
5748,3490,,2025-12-20 16:56:33.196 +0900,import,5748,true,,,
5749,3490,,2025-12-20 16:56:33.202 +0900,import,5749,true,,,
5750,6490,,2025-12-20 16:56:33.210 +0900,import,5750,true,,,
5751,4990,,2025-12-20 16:56:33.217 +0900,import,5751,true,,,
5752,6990,,2025-12-20 16:56:33.223 +0900,import,5752,true,,,
5753,3990,,2025-12-20 16:56:33.231 +0900,import,5753,true,,,
5754,2690,,2025-12-20 16:56:33.242 +0900,import,5754,true,,,
5755,4990,,2025-12-20 16:56:33.248 +0900,import,5755,true,,,
5756,2990,,2025-12-20 16:56:33.258 +0900,import,5756,true,,,
5758,3990,,2025-12-20 16:56:33.273 +0900,import,5758,true,,,
5759,8990,,2025-12-20 16:56:33.281 +0900,import,5759,true,,,
5760,1990,,2025-12-20 16:56:33.288 +0900,import,5760,true,,,
5761,2990,,2025-12-20 16:56:33.294 +0900,import,5761,true,,,
5763,2290,,2025-12-20 16:56:33.306 +0900,import,5763,true,,,
5764,2990,,2025-12-20 16:56:33.312 +0900,import,5764,true,,,
5765,3990,,2025-12-20 16:56:33.318 +0900,import,5765,true,,,
5766,9490,,2025-12-20 16:56:33.325 +0900,import,5766,true,,,
5767,4990,,2025-12-20 16:56:33.332 +0900,import,5767,true,,,
5768,1290,,2025-12-20 16:56:33.338 +0900,import,5768,true,,,
5769,5990,,2025-12-20 16:56:33.345 +0900,import,5769,true,,,
5770,2490,,2025-12-20 16:56:33.351 +0900,import,5770,true,,,
5771,2990,,2025-12-20 16:56:33.358 +0900,import,5771,true,,,
5772,5490,,2025-12-20 16:56:33.364 +0900,import,5772,true,,,
5773,4990,,2025-12-20 16:56:33.370 +0900,import,5773,true,,,
5774,4390,,2025-12-20 16:56:33.377 +0900,import,5774,true,,,
5776,2490,,2025-12-20 16:56:33.390 +0900,import,5776,true,,,
5777,2490,,2025-12-20 16:56:33.396 +0900,import,5777,true,,,
5778,1990,,2025-12-20 16:56:33.404 +0900,import,5778,true,,,
5779,4990,,2025-12-20 16:56:33.410 +0900,import,5779,true,,,
5780,9990,,2025-12-20 16:56:33.416 +0900,import,5780,true,,,
5781,9990,,2025-12-20 16:56:33.422 +0900,import,5781,true,,,
5782,5490,,2025-12-20 16:56:33.429 +0900,import,5782,true,,,
5783,2490,,2025-12-20 16:56:33.435 +0900,import,5783,true,,,
5784,6990,,2025-12-20 16:56:33.441 +0900,import,5784,true,,,
5785,5990,,2025-12-20 16:56:33.447 +0900,import,5785,true,,,
5786,4990,,2025-12-20 16:56:33.453 +0900,import,5786,true,,,
5787,14900,,2025-12-20 16:56:33.459 +0900,import,5787,true,,,
5788,5990,,2025-12-20 16:56:33.465 +0900,import,5788,true,,,
5789,5490,,2025-12-20 16:56:33.472 +0900,import,5789,true,,,
5790,5490,,2025-12-20 16:56:33.478 +0900,import,5790,true,,,
5791,5490,,2025-12-20 16:56:33.484 +0900,import,5791,true,,,
5792,6990,,2025-12-20 16:56:33.491 +0900,import,5792,true,,,
5793,1990,,2025-12-20 16:56:33.497 +0900,import,5793,true,,,
5794,9490,,2025-12-20 16:56:33.503 +0900,import,5794,true,,,
5795,9490,,2025-12-20 16:56:33.509 +0900,import,5795,true,,,
5796,4490,,2025-12-20 16:56:33.516 +0900,import,5796,true,,,
5797,1990,,2025-12-20 16:56:33.523 +0900,import,5797,true,,,
5798,4990,,2025-12-20 16:56:33.529 +0900,import,5798,true,,,
5799,6990,,2025-12-20 16:56:33.536 +0900,import,5799,true,,,
5800,1990,,2025-12-20 16:56:33.542 +0900,import,5800,true,,,
5801,7490,,2025-12-20 16:56:33.548 +0900,import,5801,true,,,
5802,7490,,2025-12-20 16:56:33.555 +0900,import,5802,true,,,
5803,9490,,2025-12-20 16:56:33.561 +0900,import,5803,true,,,
5804,6490,,2025-12-20 16:56:33.567 +0900,import,5804,true,,,
5805,3590,,2025-12-20 16:56:33.574 +0900,import,5805,true,,,
5806,6490,,2025-12-20 16:56:33.581 +0900,import,5806,true,,,
5807,6490,,2025-12-20 16:56:33.587 +0900,import,5807,true,,,
5808,9490,,2025-12-20 16:56:33.593 +0900,import,5808,true,,,
5809,4990,,2025-12-20 16:56:33.599 +0900,import,5809,true,,,
5810,4990,,2025-12-20 16:56:33.606 +0900,import,5810,true,,,
5811,8490,,2025-12-20 16:56:33.613 +0900,import,5811,true,,,
5812,6490,,2025-12-20 16:56:33.619 +0900,import,5812,true,,,
5813,7490,,2025-12-20 16:56:33.625 +0900,import,5813,true,,,
5814,6490,,2025-12-20 16:56:33.631 +0900,import,5814,true,,,
5815,2490,,2025-12-20 16:56:33.638 +0900,import,5815,true,,,
5816,3990,,2025-12-20 16:56:33.644 +0900,import,5816,true,,,
5817,3990,,2025-12-20 16:56:33.650 +0900,import,5817,true,,,
5818,3490,,2025-12-20 16:56:33.656 +0900,import,5818,true,,,
5819,6990,,2025-12-20 16:56:33.663 +0900,import,5819,true,,,
5820,6990,,2025-12-20 16:56:33.669 +0900,import,5820,true,,,
5728,4110,,2025-12-20 16:56:33.045 +0900,import,5728,false,,,
5757,2150,2690,2025-12-20 16:56:33.265 +0900,import,5757,false,,,
5762,5990,,2025-12-20 16:56:33.299 +0900,import,5762,false,,,
5775,2990,,2025-12-20 16:56:33.383 +0900,import,5775,false,,,
5821,6990,,2025-12-20 16:56:33.675 +0900,import,5821,true,,,
5822,3990,,2025-12-20 16:56:33.681 +0900,import,5822,true,,,
5823,1990,,2025-12-20 16:56:33.688 +0900,import,5823,true,,,
5824,2490,,2025-12-20 16:56:33.694 +0900,import,5824,true,,,
5825,2290,,2025-12-20 16:56:33.701 +0900,import,5825,true,,,
5827,2890,,2025-12-20 16:56:33.713 +0900,import,5827,true,,,
5828,7490,,2025-12-20 16:56:33.720 +0900,import,5828,true,,,
5829,6990,,2025-12-20 16:56:33.726 +0900,import,5829,true,,,
5830,7990,,2025-12-20 16:56:33.733 +0900,import,5830,true,,,
5831,6490,,2025-12-20 16:56:33.739 +0900,import,5831,true,,,
5832,7490,,2025-12-20 16:56:33.745 +0900,import,5832,true,,,
5833,6990,,2025-12-20 16:56:33.752 +0900,import,5833,true,,,
5834,7490,,2025-12-20 16:56:33.758 +0900,import,5834,true,,,
5835,11990,,2025-12-20 16:56:33.764 +0900,import,5835,true,,,
5837,6990,,2025-12-20 16:56:33.777 +0900,import,5837,true,,,
5838,9990,,2025-12-20 16:56:33.783 +0900,import,5838,true,,,
5839,7490,,2025-12-20 16:56:33.789 +0900,import,5839,true,,,
5840,9490,,2025-12-20 16:56:33.796 +0900,import,5840,true,,,
5841,7990,,2025-12-20 16:56:33.802 +0900,import,5841,true,,,
5842,6990,,2025-12-20 16:56:33.809 +0900,import,5842,true,,,
5843,8490,,2025-12-20 16:56:33.815 +0900,import,5843,true,,,
5844,9490,,2025-12-20 16:56:33.822 +0900,import,5844,true,,,
5845,8490,,2025-12-20 16:56:33.828 +0900,import,5845,true,,,
5846,8490,,2025-12-20 16:56:33.834 +0900,import,5846,true,,,
5847,6490,,2025-12-20 16:56:33.841 +0900,import,5847,true,,,
5848,6490,,2025-12-20 16:56:33.847 +0900,import,5848,true,,,
5849,3490,,2025-12-20 16:56:33.854 +0900,import,5849,true,,,
5850,3490,,2025-12-20 16:56:33.860 +0900,import,5850,true,,,
5851,7990,,2025-12-20 16:56:33.866 +0900,import,5851,true,,,
5852,9990,,2025-12-20 16:56:33.873 +0900,import,5852,true,,,
5853,7490,,2025-12-20 16:56:33.879 +0900,import,5853,true,,,
5854,8490,,2025-12-20 16:56:33.885 +0900,import,5854,true,,,
5855,9990,,2025-12-20 16:56:33.891 +0900,import,5855,true,,,
5856,7990,,2025-12-20 16:56:33.898 +0900,import,5856,true,,,
5858,6990,,2025-12-20 16:56:33.911 +0900,import,5858,true,,,
5859,16900,,2025-12-20 16:56:33.918 +0900,import,5859,true,,,
5860,10900,,2025-12-20 16:56:33.926 +0900,import,5860,true,,,
5861,11900,,2025-12-20 16:56:33.932 +0900,import,5861,true,,,
5862,15990,,2025-12-20 16:56:33.939 +0900,import,5862,true,,,
5863,19990,,2025-12-20 16:56:33.945 +0900,import,5863,true,,,
5864,11900,,2025-12-20 16:56:33.952 +0900,import,5864,true,,,
5865,7990,,2025-12-20 16:56:33.959 +0900,import,5865,true,,,
5866,13900,,2025-12-20 16:56:33.966 +0900,import,5866,true,,,
5867,8990,,2025-12-20 16:56:33.974 +0900,import,5867,true,,,
5868,15900,,2025-12-20 16:56:33.980 +0900,import,5868,true,,,
5869,7990,,2025-12-20 16:56:33.987 +0900,import,5869,true,,,
5871,6990,,2025-12-20 16:56:34.002 +0900,import,5871,true,,,
5872,12900,,2025-12-20 16:56:34.008 +0900,import,5872,true,,,
5873,12900,,2025-12-20 16:56:34.016 +0900,import,5873,true,,,
5876,17900,,2025-12-20 16:56:34.038 +0900,import,5876,true,,,
5877,13900,,2025-12-20 16:56:34.045 +0900,import,5877,true,,,
5878,7990,,2025-12-20 16:56:34.052 +0900,import,5878,true,,,
5881,9990,,2025-12-20 16:56:34.074 +0900,import,5881,true,,,
5883,7990,,2025-12-20 16:56:34.090 +0900,import,5883,true,,,
5886,8990,,2025-12-20 16:56:34.110 +0900,import,5886,true,,,
5887,7990,,2025-12-20 16:56:34.118 +0900,import,5887,true,,,
5897,12900,,2025-12-20 16:56:34.189 +0900,import,5897,true,,,
5898,12900,,2025-12-20 16:56:34.201 +0900,import,5898,true,,,
5899,13990,,2025-12-20 16:56:34.210 +0900,import,5899,true,,,
5907,6990,,2025-12-20 16:56:34.275 +0900,import,5907,true,,,
5908,12900,,2025-12-20 16:56:34.283 +0900,import,5908,true,,,
5912,12900,,2025-12-20 16:56:34.309 +0900,import,5912,true,,,
5913,2990,,2025-12-20 16:56:34.315 +0900,import,5913,true,,,
5916,13990,,2025-12-20 16:56:34.334 +0900,import,5916,true,,,
5917,12900,,2025-12-20 16:56:34.341 +0900,import,5917,true,,,
5836,4490,,2025-12-20 16:56:33.771 +0900,import,5836,false,,,
5857,9990,13900,2025-12-20 16:56:33.905 +0900,import,5857,false,,,
5875,5990,,2025-12-20 16:56:34.030 +0900,import,5875,false,,,
5879,8990,,2025-12-20 16:56:34.060 +0900,import,5879,false,,,
5880,8990,,2025-12-20 16:56:34.067 +0900,import,5880,false,,,
5874,4990,,2025-12-20 16:56:34.023 +0900,import,5874,false,,,
5911,19900,,2025-12-20 16:56:34.302 +0900,import,5911,false,,,
5914,16900,,2025-12-20 16:56:34.322 +0900,import,5914,false,,,
5882,9990,,2025-12-20 16:56:34.082 +0900,import,5882,false,,,
5905,14900,,2025-12-20 16:56:34.261 +0900,import,5905,false,,,
5888,10900,,2025-12-20 16:56:34.124 +0900,import,5888,false,,,
5891,9990,,2025-12-20 16:56:34.146 +0900,import,5891,false,,,
5885,6990,,2025-12-20 16:56:34.103 +0900,import,5885,false,,,
5870,7990,,2025-12-20 16:56:33.994 +0900,import,5870,false,,,
5906,5990,,2025-12-20 16:56:34.268 +0900,import,5906,false,,,
5900,7990,,2025-12-20 16:56:34.220 +0900,import,5900,false,,,
5890,7990,,2025-12-20 16:56:34.138 +0900,import,5890,false,,,
5893,8990,,2025-12-20 16:56:34.160 +0900,import,5893,false,,,
5894,5990,,2025-12-20 16:56:34.168 +0900,import,5894,false,,,
5902,3490,,2025-12-20 16:56:34.241 +0900,import,5902,false,,,
5901,8990,,2025-12-20 16:56:34.230 +0900,import,5901,false,,,
5884,8990,,2025-12-20 16:56:34.096 +0900,import,5884,false,,,
5903,16900,,2025-12-20 16:56:34.248 +0900,import,5903,false,,,
5904,11900,,2025-12-20 16:56:34.254 +0900,import,5904,false,,,
5895,6990,,2025-12-20 16:56:34.175 +0900,import,5895,false,,,
5896,5990,,2025-12-20 16:56:34.182 +0900,import,5896,false,,,
5915,6490,,2025-12-20 16:56:34.328 +0900,import,5915,false,,,
5910,9990,,2025-12-20 16:56:34.295 +0900,import,5910,false,,,
5892,8990,,2025-12-20 16:56:34.153 +0900,import,5892,false,,,
5919,16400,,2025-12-20 16:56:34.354 +0900,import,5919,true,,,
5920,11900,,2025-12-20 16:56:34.360 +0900,import,5920,true,,,
5921,9990,,2025-12-20 16:56:34.366 +0900,import,5921,true,,,
5924,9990,,2025-12-20 16:56:34.386 +0900,import,5924,true,,,
5925,9990,,2025-12-20 16:56:34.393 +0900,import,5925,true,,,
5928,12900,,2025-12-20 16:56:34.412 +0900,import,5928,true,,,
5929,11900,,2025-12-20 16:56:34.419 +0900,import,5929,true,,,
5930,23900,,2025-12-20 16:56:34.426 +0900,import,5930,true,,,
5931,18900,,2025-12-20 16:56:34.432 +0900,import,5931,true,,,
5932,9990,,2025-12-20 16:56:34.439 +0900,import,5932,true,,,
5933,18900,,2025-12-20 16:56:34.445 +0900,import,5933,true,,,
5934,23900,,2025-12-20 16:56:34.451 +0900,import,5934,true,,,
5936,13900,,2025-12-20 16:56:34.465 +0900,import,5936,true,,,
5938,12900,,2025-12-20 16:56:34.480 +0900,import,5938,true,,,
5939,13900,,2025-12-20 16:56:34.487 +0900,import,5939,true,,,
5941,17900,,2025-12-20 16:56:34.501 +0900,import,5941,true,,,
5942,12900,,2025-12-20 16:56:34.508 +0900,import,5942,true,,,
5944,12900,,2025-12-20 16:56:34.521 +0900,import,5944,true,,,
5946,15900,,2025-12-20 16:56:34.534 +0900,import,5946,true,,,
5948,18900,,2025-12-20 16:56:34.548 +0900,import,5948,true,,,
5950,15900,,2025-12-20 16:56:34.561 +0900,import,5950,true,,,
5952,16900,,2025-12-20 16:56:34.574 +0900,import,5952,true,,,
5953,6990,,2025-12-20 16:56:34.581 +0900,import,5953,true,,,
5954,9990,,2025-12-20 16:56:34.588 +0900,import,5954,true,,,
5955,8990,,2025-12-20 16:56:34.594 +0900,import,5955,true,,,
5956,9990,,2025-12-20 16:56:34.600 +0900,import,5956,true,,,
5957,9990,,2025-12-20 16:56:34.607 +0900,import,5957,true,,,
5958,9990,,2025-12-20 16:56:34.614 +0900,import,5958,true,,,
5961,10900,,2025-12-20 16:56:34.633 +0900,import,5961,true,,,
5962,5990,,2025-12-20 16:56:34.641 +0900,import,5962,true,,,
5963,17990,,2025-12-20 16:56:34.648 +0900,import,5963,true,,,
5964,8490,,2025-12-20 16:56:34.655 +0900,import,5964,true,,,
5965,10990,,2025-12-20 16:56:34.662 +0900,import,5965,true,,,
5966,5990,,2025-12-20 16:56:34.668 +0900,import,5966,true,,,
5967,5490,,2025-12-20 16:56:34.675 +0900,import,5967,true,,,
5968,5990,,2025-12-20 16:56:34.681 +0900,import,5968,true,,,
5969,5990,,2025-12-20 16:56:34.688 +0900,import,5969,true,,,
5970,5990,,2025-12-20 16:56:34.695 +0900,import,5970,true,,,
5971,8490,,2025-12-20 16:56:34.701 +0900,import,5971,true,,,
5972,9990,,2025-12-20 16:56:34.709 +0900,import,5972,true,,,
5973,8490,,2025-12-20 16:56:34.716 +0900,import,5973,true,,,
5974,5990,,2025-12-20 16:56:34.722 +0900,import,5974,true,,,
5975,5990,,2025-12-20 16:56:34.728 +0900,import,5975,true,,,
5976,19900,,2025-12-20 16:56:34.734 +0900,import,5976,true,,,
5977,15990,,2025-12-20 16:56:34.741 +0900,import,5977,true,,,
5978,15990,,2025-12-20 16:56:34.749 +0900,import,5978,true,,,
5979,19900,,2025-12-20 16:56:34.755 +0900,import,5979,true,,,
5980,10990,,2025-12-20 16:56:34.762 +0900,import,5980,true,,,
5981,8990,,2025-12-20 16:56:34.770 +0900,import,5981,true,,,
5982,7990,,2025-12-20 16:56:34.777 +0900,import,5982,true,,,
5983,11990,,2025-12-20 16:56:34.785 +0900,import,5983,true,,,
5984,9290,,2025-12-20 16:56:34.791 +0900,import,5984,true,,,
5985,5990,,2025-12-20 16:56:34.798 +0900,import,5985,true,,,
5986,7990,,2025-12-20 16:56:34.806 +0900,import,5986,true,,,
5987,5990,,2025-12-20 16:56:34.813 +0900,import,5987,true,,,
5988,6990,,2025-12-20 16:56:34.821 +0900,import,5988,true,,,
5989,4990,,2025-12-20 16:56:34.827 +0900,import,5989,true,,,
5990,11990,,2025-12-20 16:56:34.834 +0900,import,5990,true,,,
5991,8990,,2025-12-20 16:56:34.842 +0900,import,5991,true,,,
5992,8990,,2025-12-20 16:56:34.850 +0900,import,5992,true,,,
5993,7990,,2025-12-20 16:56:34.856 +0900,import,5993,true,,,
5994,5990,,2025-12-20 16:56:34.863 +0900,import,5994,true,,,
5995,6990,,2025-12-20 16:56:34.871 +0900,import,5995,true,,,
5996,5990,,2025-12-20 16:56:34.877 +0900,import,5996,true,,,
5997,6990,,2025-12-20 16:56:34.885 +0900,import,5997,true,,,
5998,6990,,2025-12-20 16:56:34.892 +0900,import,5998,true,,,
5999,4990,,2025-12-20 16:56:34.899 +0900,import,5999,true,,,
6000,2990,,2025-12-20 16:56:34.907 +0900,import,6000,true,,,
6001,11990,,2025-12-20 16:56:34.915 +0900,import,6001,true,,,
6002,12990,,2025-12-20 16:56:34.922 +0900,import,6002,true,,,
6003,3990,,2025-12-20 16:56:34.930 +0900,import,6003,true,,,
6004,3990,,2025-12-20 16:56:34.937 +0900,import,6004,true,,,
6005,10990,,2025-12-20 16:56:34.944 +0900,import,6005,true,,,
6006,5990,,2025-12-20 16:56:34.951 +0900,import,6006,true,,,
6007,8990,,2025-12-20 16:56:34.959 +0900,import,6007,true,,,
6008,13990,,2025-12-20 16:56:34.966 +0900,import,6008,true,,,
6009,4490,,2025-12-20 16:56:34.973 +0900,import,6009,true,,,
6010,5490,,2025-12-20 16:56:34.980 +0900,import,6010,true,,,
6011,6490,,2025-12-20 16:56:34.988 +0900,import,6011,true,,,
6012,4490,,2025-12-20 16:56:34.995 +0900,import,6012,true,,,
6013,10990,,2025-12-20 16:56:35.002 +0900,import,6013,true,,,
6014,10990,,2025-12-20 16:56:35.010 +0900,import,6014,true,,,
5922,8990,,2025-12-20 16:56:34.372 +0900,import,5922,false,,,
5923,7990,,2025-12-20 16:56:34.379 +0900,import,5923,false,,,
5926,10900,,2025-12-20 16:56:34.399 +0900,import,5926,false,,,
5927,10990,,2025-12-20 16:56:34.406 +0900,import,5927,false,,,
5935,11900,,2025-12-20 16:56:34.458 +0900,import,5935,false,,,
5937,10900,,2025-12-20 16:56:34.473 +0900,import,5937,false,,,
5945,11900,,2025-12-20 16:56:34.528 +0900,import,5945,false,,,
5943,9990,,2025-12-20 16:56:34.514 +0900,import,5943,false,,,
5947,8990,,2025-12-20 16:56:34.541 +0900,import,5947,false,,,
5949,8490,,2025-12-20 16:56:34.555 +0900,import,5949,false,,,
5951,7080,,2025-12-20 16:56:34.568 +0900,import,5951,false,,,
5960,9990,,2025-12-20 16:56:34.627 +0900,import,5960,false,,,
5959,8990,,2025-12-20 16:56:34.620 +0900,import,5959,false,,,
6015,15990,,2025-12-20 16:56:35.016 +0900,import,6015,true,,,
6016,11990,,2025-12-20 16:56:35.024 +0900,import,6016,true,,,
6017,15990,,2025-12-20 16:56:35.030 +0900,import,6017,true,,,
6018,13990,,2025-12-20 16:56:35.037 +0900,import,6018,true,,,
6019,13990,,2025-12-20 16:56:35.043 +0900,import,6019,true,,,
6020,6990,,2025-12-20 16:56:35.051 +0900,import,6020,true,,,
6021,7990,,2025-12-20 16:56:35.058 +0900,import,6021,true,,,
6022,5990,,2025-12-20 16:56:35.065 +0900,import,6022,true,,,
6023,5990,,2025-12-20 16:56:35.071 +0900,import,6023,true,,,
6024,6990,,2025-12-20 16:56:35.078 +0900,import,6024,true,,,
6025,3190,,2025-12-20 16:56:35.084 +0900,import,6025,true,,,
6026,4990,,2025-12-20 16:56:35.091 +0900,import,6026,true,,,
6027,6490,,2025-12-20 16:56:35.097 +0900,import,6027,true,,,
6028,15990,,2025-12-20 16:56:35.104 +0900,import,6028,true,,,
6029,15990,,2025-12-20 16:56:35.110 +0900,import,6029,true,,,
6030,12900,,2025-12-20 16:56:35.117 +0900,import,6030,true,,,
6031,10990,,2025-12-20 16:56:35.123 +0900,import,6031,true,,,
6032,10990,,2025-12-20 16:56:35.129 +0900,import,6032,true,,,
6033,10990,,2025-12-20 16:56:35.136 +0900,import,6033,true,,,
6034,15990,,2025-12-20 16:56:35.142 +0900,import,6034,true,,,
6035,15990,,2025-12-20 16:56:35.148 +0900,import,6035,true,,,
6036,15990,,2025-12-20 16:56:35.154 +0900,import,6036,true,,,
6037,17900,,2025-12-20 16:56:35.161 +0900,import,6037,true,,,
6038,17900,,2025-12-20 16:56:35.167 +0900,import,6038,true,,,
6039,17900,,2025-12-20 16:56:35.173 +0900,import,6039,true,,,
6040,12000,,2025-12-20 16:56:35.180 +0900,import,6040,true,,,
6041,12000,,2025-12-20 16:56:35.186 +0900,import,6041,true,,,
6042,16900,,2025-12-20 16:56:35.193 +0900,import,6042,true,,,
6043,16900,,2025-12-20 16:56:35.199 +0900,import,6043,true,,,
6044,8990,,2025-12-20 16:56:35.205 +0900,import,6044,true,,,
6045,5990,,2025-12-20 16:56:35.212 +0900,import,6045,true,,,
6046,5990,,2025-12-20 16:56:35.219 +0900,import,6046,true,,,
6047,6990,,2025-12-20 16:56:35.225 +0900,import,6047,true,,,
6048,5990,,2025-12-20 16:56:35.232 +0900,import,6048,true,,,
6049,5990,,2025-12-20 16:56:35.238 +0900,import,6049,true,,,
6050,10490,,2025-12-20 16:56:35.245 +0900,import,6050,true,,,
6051,5990,,2025-12-20 16:56:35.252 +0900,import,6051,true,,,
6052,6990,,2025-12-20 16:56:35.258 +0900,import,6052,true,,,
6053,6490,,2025-12-20 16:56:35.265 +0900,import,6053,true,,,
6054,6990,,2025-12-20 16:56:35.271 +0900,import,6054,true,,,
6055,6490,,2025-12-20 16:56:35.277 +0900,import,6055,true,,,
6056,11990,,2025-12-20 16:56:35.284 +0900,import,6056,true,,,
6057,11900,,2025-12-20 16:56:35.291 +0900,import,6057,true,,,
6058,10900,,2025-12-20 16:56:35.298 +0900,import,6058,true,,,
6059,9490,,2025-12-20 16:56:35.304 +0900,import,6059,true,,,
6060,10990,,2025-12-20 16:56:35.311 +0900,import,6060,true,,,
6061,6990,,2025-12-20 16:56:35.317 +0900,import,6061,true,,,
6062,9990,,2025-12-20 16:56:35.324 +0900,import,6062,true,,,
6063,12790,,2025-12-20 16:56:35.330 +0900,import,6063,true,,,
6064,10900,,2025-12-20 16:56:35.337 +0900,import,6064,true,,,
6065,4990,,2025-12-20 16:56:35.344 +0900,import,6065,true,,,
6066,12900,,2025-12-20 16:56:35.351 +0900,import,6066,true,,,
6067,10900,,2025-12-20 16:56:35.358 +0900,import,6067,true,,,
6068,9990,,2025-12-20 16:56:35.365 +0900,import,6068,true,,,
6069,6990,,2025-12-20 16:56:35.371 +0900,import,6069,true,,,
6070,6990,,2025-12-20 16:56:35.378 +0900,import,6070,true,,,
6071,6990,,2025-12-20 16:56:35.384 +0900,import,6071,true,,,
6072,10990,,2025-12-20 16:56:35.391 +0900,import,6072,true,,,
6073,7990,,2025-12-20 16:56:35.397 +0900,import,6073,true,,,
6074,12990,,2025-12-20 16:56:35.404 +0900,import,6074,true,,,
6075,10490,,2025-12-20 16:56:35.410 +0900,import,6075,true,,,
6076,10900,,2025-12-20 16:56:35.417 +0900,import,6076,true,,,
6077,7990,,2025-12-20 16:56:35.424 +0900,import,6077,true,,,
6078,9990,,2025-12-20 16:56:35.430 +0900,import,6078,true,,,
6079,9990,,2025-12-20 16:56:35.436 +0900,import,6079,true,,,
6080,6990,,2025-12-20 16:56:35.443 +0900,import,6080,true,,,
6081,10490,,2025-12-20 16:56:35.449 +0900,import,6081,true,,,
6082,9990,,2025-12-20 16:56:35.455 +0900,import,6082,true,,,
6083,9990,,2025-12-20 16:56:35.462 +0900,import,6083,true,,,
6084,9990,,2025-12-20 16:56:35.468 +0900,import,6084,true,,,
6085,9990,,2025-12-20 16:56:35.475 +0900,import,6085,true,,,
6086,9990,,2025-12-20 16:56:35.481 +0900,import,6086,true,,,
6087,9990,,2025-12-20 16:56:35.488 +0900,import,6087,true,,,
6088,12990,,2025-12-20 16:56:35.494 +0900,import,6088,true,,,
6089,7990,,2025-12-20 16:56:35.501 +0900,import,6089,true,,,
6090,9990,,2025-12-20 16:56:35.507 +0900,import,6090,true,,,
6091,10490,,2025-12-20 16:56:35.514 +0900,import,6091,true,,,
6092,9990,,2025-12-20 16:56:35.521 +0900,import,6092,true,,,
6093,10900,,2025-12-20 16:56:35.528 +0900,import,6093,true,,,
6094,10490,,2025-12-20 16:56:35.534 +0900,import,6094,true,,,
6095,9990,,2025-12-20 16:56:35.540 +0900,import,6095,true,,,
6096,9490,,2025-12-20 16:56:35.547 +0900,import,6096,true,,,
6097,9490,,2025-12-20 16:56:35.554 +0900,import,6097,true,,,
6098,13990,,2025-12-20 16:56:35.560 +0900,import,6098,true,,,
6099,7490,,2025-12-20 16:56:35.567 +0900,import,6099,true,,,
6100,10490,,2025-12-20 16:56:35.573 +0900,import,6100,true,,,
6101,6490,,2025-12-20 16:56:35.580 +0900,import,6101,true,,,
6102,5490,,2025-12-20 16:56:35.586 +0900,import,6102,true,,,
6103,11900,,2025-12-20 16:56:35.593 +0900,import,6103,true,,,
6104,9490,,2025-12-20 16:56:35.599 +0900,import,6104,true,,,
6105,9990,,2025-12-20 16:56:35.606 +0900,import,6105,true,,,
6106,10490,,2025-12-20 16:56:35.612 +0900,import,6106,true,,,
6107,9990,,2025-12-20 16:56:35.619 +0900,import,6107,true,,,
6108,9990,,2025-12-20 16:56:35.625 +0900,import,6108,true,,,
6109,9500,,2025-12-20 16:56:35.632 +0900,import,6109,true,,,
6110,9990,,2025-12-20 16:56:35.638 +0900,import,6110,true,,,
6111,9990,,2025-12-20 16:56:35.645 +0900,import,6111,true,,,
6112,9990,,2025-12-20 16:56:35.652 +0900,import,6112,true,,,
6113,12900,,2025-12-20 16:56:35.659 +0900,import,6113,true,,,
6114,9990,,2025-12-20 16:56:35.666 +0900,import,6114,true,,,
6115,10490,,2025-12-20 16:56:35.672 +0900,import,6115,true,,,
6116,8790,,2025-12-20 16:56:35.679 +0900,import,6116,true,,,
6117,8490,,2025-12-20 16:56:35.685 +0900,import,6117,true,,,
6118,6490,,2025-12-20 16:56:35.692 +0900,import,6118,true,,,
6119,8490,,2025-12-20 16:56:35.698 +0900,import,6119,true,,,
6120,6490,,2025-12-20 16:56:35.705 +0900,import,6120,true,,,
6121,7490,,2025-12-20 16:56:35.711 +0900,import,6121,true,,,
6122,10490,,2025-12-20 16:56:35.718 +0900,import,6122,true,,,
6123,5990,,2025-12-20 16:56:35.724 +0900,import,6123,true,,,
6124,5990,,2025-12-20 16:56:35.731 +0900,import,6124,true,,,
6125,10490,,2025-12-20 16:56:35.737 +0900,import,6125,true,,,
6126,10490,,2025-12-20 16:56:35.743 +0900,import,6126,true,,,
6127,4990,,2025-12-20 16:56:35.751 +0900,import,6127,true,,,
6128,2990,,2025-12-20 16:56:35.757 +0900,import,6128,true,,,
6129,4990,,2025-12-20 16:56:35.765 +0900,import,6129,true,,,
6130,9990,,2025-12-20 16:56:35.772 +0900,import,6130,true,,,
6131,5990,,2025-12-20 16:56:35.779 +0900,import,6131,true,,,
6132,9990,,2025-12-20 16:56:35.787 +0900,import,6132,true,,,
6133,5990,,2025-12-20 16:56:35.794 +0900,import,6133,true,,,
6134,13990,,2025-12-20 16:56:35.800 +0900,import,6134,true,,,
6135,9990,,2025-12-20 16:56:35.806 +0900,import,6135,true,,,
6136,6990,,2025-12-20 16:56:35.814 +0900,import,6136,true,,,
6137,9990,,2025-12-20 16:56:35.821 +0900,import,6137,true,,,
6138,9990,,2025-12-20 16:56:35.827 +0900,import,6138,true,,,
6139,8990,,2025-12-20 16:56:35.834 +0900,import,6139,true,,,
6140,9990,,2025-12-20 16:56:35.841 +0900,import,6140,true,,,
6141,13990,,2025-12-20 16:56:35.847 +0900,import,6141,true,,,
6142,9990,,2025-12-20 16:56:35.854 +0900,import,6142,true,,,
6143,9990,,2025-12-20 16:56:35.860 +0900,import,6143,true,,,
6144,13990,,2025-12-20 16:56:35.867 +0900,import,6144,true,,,
6145,9990,,2025-12-20 16:56:35.873 +0900,import,6145,true,,,
6146,9990,,2025-12-20 16:56:35.881 +0900,import,6146,true,,,
6147,9990,,2025-12-20 16:56:35.888 +0900,import,6147,true,,,
6148,9990,,2025-12-20 16:56:35.894 +0900,import,6148,true,,,
6149,9990,,2025-12-20 16:56:35.902 +0900,import,6149,true,,,
6150,5990,,2025-12-20 16:56:35.909 +0900,import,6150,true,,,
6151,15990,,2025-12-20 16:56:35.916 +0900,import,6151,true,,,
6152,9990,,2025-12-20 16:56:35.923 +0900,import,6152,true,,,
6153,8490,,2025-12-20 16:56:35.929 +0900,import,6153,true,,,
6154,9990,,2025-12-20 16:56:35.937 +0900,import,6154,true,,,
6155,9990,,2025-12-20 16:56:35.944 +0900,import,6155,true,,,
6156,9990,,2025-12-20 16:56:35.951 +0900,import,6156,true,,,
6157,8990,,2025-12-20 16:56:35.958 +0900,import,6157,true,,,
6158,5990,,2025-12-20 16:56:35.965 +0900,import,6158,true,,,
6159,5990,,2025-12-20 16:56:35.972 +0900,import,6159,true,,,
6160,5990,,2025-12-20 16:56:35.978 +0900,import,6160,true,,,
6161,5990,,2025-12-20 16:56:35.985 +0900,import,6161,true,,,
6162,9990,,2025-12-20 16:56:35.992 +0900,import,6162,true,,,
6163,9990,,2025-12-20 16:56:35.998 +0900,import,6163,true,,,
6164,9990,,2025-12-20 16:56:36.005 +0900,import,6164,true,,,
6165,8490,,2025-12-20 16:56:36.012 +0900,import,6165,true,,,
6166,26990,,2025-12-20 16:56:36.020 +0900,import,6166,true,,,
6167,9990,,2025-12-20 16:56:36.030 +0900,import,6167,true,,,
6168,26990,,2025-12-20 16:56:36.040 +0900,import,6168,true,,,
6169,8990,,2025-12-20 16:56:36.049 +0900,import,6169,true,,,
6170,5990,,2025-12-20 16:56:36.058 +0900,import,6170,true,,,
6171,9990,,2025-12-20 16:56:36.069 +0900,import,6171,true,,,
6172,8990,,2025-12-20 16:56:36.079 +0900,import,6172,true,,,
6173,11900,,2025-12-20 16:56:36.086 +0900,import,6173,true,,,
6174,8490,,2025-12-20 16:56:36.093 +0900,import,6174,true,,,
6175,4800,,2025-12-20 16:56:36.099 +0900,import,6175,true,,,
6176,4800,,2025-12-20 16:56:36.106 +0900,import,6176,true,,,
6177,6000,,2025-12-20 16:56:36.113 +0900,import,6177,true,,,
6178,7500,,2025-12-20 16:56:36.120 +0900,import,6178,true,,,
6179,8000,,2025-12-20 16:56:36.127 +0900,import,6179,true,,,
6180,4800,,2025-12-20 16:56:36.133 +0900,import,6180,true,,,
6181,7000,,2025-12-20 16:56:36.140 +0900,import,6181,true,,,
6182,3600,,2025-12-20 16:56:36.147 +0900,import,6182,true,,,
6183,14400,,2025-12-20 16:56:36.154 +0900,import,6183,true,,,
6184,8000,,2025-12-20 16:56:36.161 +0900,import,6184,true,,,
6185,3600,,2025-12-20 16:56:36.167 +0900,import,6185,true,,,
6186,7000,,2025-12-20 16:56:36.174 +0900,import,6186,true,,,
6187,6000,,2025-12-20 16:56:36.181 +0900,import,6187,true,,,
6188,6990,,2025-12-20 16:56:36.188 +0900,import,6188,true,,,
6189,14400,,2025-12-20 16:56:36.194 +0900,import,6189,true,,,
6190,5600,,2025-12-20 16:56:36.201 +0900,import,6190,true,,,
6191,6000,,2025-12-20 16:56:36.207 +0900,import,6191,true,,,
6192,5600,,2025-12-20 16:56:36.214 +0900,import,6192,true,,,
6193,4200,,2025-12-20 16:56:36.221 +0900,import,6193,true,,,
6194,4200,,2025-12-20 16:56:36.227 +0900,import,6194,true,,,
6195,3500,,2025-12-20 16:56:36.234 +0900,import,6195,true,,,
6196,3000,,2025-12-20 16:56:36.241 +0900,import,6196,true,,,
6197,7500,,2025-12-20 16:56:36.248 +0900,import,6197,true,,,
6198,3600,,2025-12-20 16:56:36.255 +0900,import,6198,true,,,
6199,3600,,2025-12-20 16:56:36.261 +0900,import,6199,true,,,
6200,8500,,2025-12-20 16:56:36.268 +0900,import,6200,true,,,
6201,8000,,2025-12-20 16:56:36.275 +0900,import,6201,true,,,
6202,3600,,2025-12-20 16:56:36.281 +0900,import,6202,true,,,
6203,7500,,2025-12-20 16:56:36.288 +0900,import,6203,true,,,
6204,14400,,2025-12-20 16:56:36.295 +0900,import,6204,true,,,
6205,9990,,2025-12-20 16:56:36.301 +0900,import,6205,true,,,
6206,7500,,2025-12-20 16:56:36.308 +0900,import,6206,true,,,
6207,2000,,2025-12-20 16:56:36.315 +0900,import,6207,true,,,
6208,8500,,2025-12-20 16:56:36.321 +0900,import,6208,true,,,
6209,10000,,2025-12-20 16:56:36.328 +0900,import,6209,true,,,
6210,6400,,2025-12-20 16:56:36.335 +0900,import,6210,true,,,
6211,6000,,2025-12-20 16:56:36.341 +0900,import,6211,true,,,
6212,7500,,2025-12-20 16:56:36.348 +0900,import,6212,true,,,
6213,2500,,2025-12-20 16:56:36.354 +0900,import,6213,true,,,
6214,7990,,2025-12-20 16:56:36.361 +0900,import,6214,true,,,
6215,6000,,2025-12-20 16:56:36.367 +0900,import,6215,true,,,
6216,2000,,2025-12-20 16:56:36.374 +0900,import,6216,true,,,
6217,2000,,2025-12-20 16:56:36.380 +0900,import,6217,true,,,
6218,2500,,2025-12-20 16:56:36.387 +0900,import,6218,true,,,
6219,2500,,2025-12-20 16:56:36.393 +0900,import,6219,true,,,
6220,6400,,2025-12-20 16:56:36.399 +0900,import,6220,true,,,
6221,3590,,2025-12-20 16:56:36.406 +0900,import,6221,true,,,
6222,1490,,2025-12-20 16:56:36.413 +0900,import,6222,true,,,
6223,4490,,2025-12-20 16:56:36.420 +0900,import,6223,true,,,
6224,900,,2025-12-20 16:56:36.427 +0900,import,6224,true,,,
6225,3490,,2025-12-20 16:56:36.434 +0900,import,6225,true,,,
6226,4990,,2025-12-20 16:56:36.441 +0900,import,6226,true,,,
6227,8000,,2025-12-20 16:56:36.447 +0900,import,6227,true,,,
6228,8500,,2025-12-20 16:56:36.454 +0900,import,6228,true,,,
6229,7500,,2025-12-20 16:56:36.461 +0900,import,6229,true,,,
6230,5500,,2025-12-20 16:56:36.468 +0900,import,6230,true,,,
6231,6000,,2025-12-20 16:56:36.474 +0900,import,6231,true,,,
6232,6000,,2025-12-20 16:56:36.481 +0900,import,6232,true,,,
6233,6500,,2025-12-20 16:56:36.488 +0900,import,6233,true,,,
6234,5500,,2025-12-20 16:56:36.494 +0900,import,6234,true,,,
6235,5500,,2025-12-20 16:56:36.501 +0900,import,6235,true,,,
6236,6000,,2025-12-20 16:56:36.508 +0900,import,6236,true,,,
6237,7500,,2025-12-20 16:56:36.514 +0900,import,6237,true,,,
6238,6000,,2025-12-20 16:56:36.521 +0900,import,6238,true,,,
6239,7500,,2025-12-20 16:56:36.528 +0900,import,6239,true,,,
6240,7500,,2025-12-20 16:56:36.535 +0900,import,6240,true,,,
6241,9990,,2025-12-20 16:56:36.542 +0900,import,6241,true,,,
6242,10900,,2025-12-20 16:56:36.549 +0900,import,6242,true,,,
6243,9990,,2025-12-20 16:56:36.556 +0900,import,6243,true,,,
6244,9990,,2025-12-20 16:56:36.563 +0900,import,6244,true,,,
6245,9990,,2025-12-20 16:56:36.570 +0900,import,6245,true,,,
6246,10900,,2025-12-20 16:56:36.577 +0900,import,6246,true,,,
6247,9990,,2025-12-20 16:56:36.584 +0900,import,6247,true,,,
6248,15900,,2025-12-20 16:56:36.591 +0900,import,6248,true,,,
6249,15900,,2025-12-20 16:56:36.598 +0900,import,6249,true,,,
6250,15900,,2025-12-20 16:56:36.605 +0900,import,6250,true,,,
6251,9990,,2025-12-20 16:56:36.612 +0900,import,6251,true,,,
6252,15900,,2025-12-20 16:56:36.619 +0900,import,6252,true,,,
6253,15900,,2025-12-20 16:56:36.626 +0900,import,6253,true,,,
6254,9990,,2025-12-20 16:56:36.632 +0900,import,6254,true,,,
6255,9990,,2025-12-20 16:56:36.639 +0900,import,6255,true,,,
6256,9990,,2025-12-20 16:56:36.645 +0900,import,6256,true,,,
6257,15900,,2025-12-20 16:56:36.652 +0900,import,6257,true,,,
6258,15900,,2025-12-20 16:56:36.659 +0900,import,6258,true,,,
6259,17900,,2025-12-20 16:56:36.666 +0900,import,6259,true,,,
6260,6990,,2025-12-20 16:56:36.673 +0900,import,6260,true,,,
6261,7990,,2025-12-20 16:56:36.680 +0900,import,6261,true,,,
6262,8000,,2025-12-20 16:56:36.686 +0900,import,6262,true,,,
6263,17900,,2025-12-20 16:56:36.694 +0900,import,6263,true,,,
6264,17900,,2025-12-20 16:56:36.701 +0900,import,6264,true,,,
6265,17900,,2025-12-20 16:56:36.708 +0900,import,6265,true,,,
6266,17900,,2025-12-20 16:56:36.715 +0900,import,6266,true,,,
6267,17900,,2025-12-20 16:56:36.723 +0900,import,6267,true,,,
6268,17900,,2025-12-20 16:56:36.730 +0900,import,6268,true,,,
6269,15900,,2025-12-20 16:56:36.736 +0900,import,6269,true,,,
6270,17900,,2025-12-20 16:56:36.743 +0900,import,6270,true,,,
6271,17900,,2025-12-20 16:56:36.750 +0900,import,6271,true,,,
6272,17900,,2025-12-20 16:56:36.756 +0900,import,6272,true,,,
6273,15900,,2025-12-20 16:56:36.762 +0900,import,6273,true,,,
6274,15900,,2025-12-20 16:56:36.769 +0900,import,6274,true,,,
6275,15900,,2025-12-20 16:56:36.775 +0900,import,6275,true,,,
6276,15900,,2025-12-20 16:56:36.782 +0900,import,6276,true,,,
6277,15900,,2025-12-20 16:56:36.788 +0900,import,6277,true,,,
6278,17900,,2025-12-20 16:56:36.795 +0900,import,6278,true,,,
6279,8990,,2025-12-20 16:56:36.801 +0900,import,6279,true,,,
6280,15900,,2025-12-20 16:56:36.808 +0900,import,6280,true,,,
6281,7900,,2025-12-20 16:56:36.815 +0900,import,6281,true,,,
6282,7900,,2025-12-20 16:56:36.822 +0900,import,6282,true,,,
6283,17900,,2025-12-20 16:56:36.829 +0900,import,6283,true,,,
6284,17900,,2025-12-20 16:56:36.836 +0900,import,6284,true,,,
6285,17900,,2025-12-20 16:56:36.843 +0900,import,6285,true,,,
6286,17900,,2025-12-20 16:56:36.850 +0900,import,6286,true,,,
6287,4980,,2025-12-20 16:56:36.857 +0900,import,6287,true,,,
6288,3480,,2025-12-20 16:56:36.863 +0900,import,6288,true,,,
6289,3490,,2025-12-20 16:56:36.870 +0900,import,6289,true,,,
6290,3590,,2025-12-20 16:56:36.877 +0900,import,6290,true,,,
6291,1180,,2025-12-20 16:56:36.883 +0900,import,6291,true,,,
6292,1590,,2025-12-20 16:56:36.890 +0900,import,6292,true,,,
6293,1990,,2025-12-20 16:56:36.896 +0900,import,6293,true,,,
6294,2690,,2025-12-20 16:56:36.903 +0900,import,6294,true,,,
6295,2990,,2025-12-20 16:56:36.909 +0900,import,6295,true,,,
6296,4990,,2025-12-20 16:56:36.916 +0900,import,6296,true,,,
6297,3890,,2025-12-20 16:56:36.923 +0900,import,6297,true,,,
6298,2990,,2025-12-20 16:56:36.929 +0900,import,6298,true,,,
6299,5590,,2025-12-20 16:56:36.935 +0900,import,6299,true,,,
6300,2690,,2025-12-20 16:56:36.942 +0900,import,6300,true,,,
6301,1990,,2025-12-20 16:56:36.948 +0900,import,6301,true,,,
6302,1590,,2025-12-20 16:56:36.955 +0900,import,6302,true,,,
6303,2990,,2025-12-20 16:56:36.961 +0900,import,6303,true,,,
6304,1490,,2025-12-20 16:56:36.968 +0900,import,6304,true,,,
6305,1490,,2025-12-20 16:56:36.975 +0900,import,6305,true,,,
6306,2490,,2025-12-20 16:56:36.982 +0900,import,6306,true,,,
6307,6990,,2025-12-20 16:56:36.988 +0900,import,6307,true,,,
6308,4500,,2025-12-20 16:56:36.994 +0900,import,6308,true,,,
6309,2990,,2025-12-20 16:56:37.002 +0900,import,6309,true,,,
6310,7990,,2025-12-20 16:56:37.008 +0900,import,6310,true,,,
6311,2590,,2025-12-20 16:56:37.015 +0900,import,6311,true,,,
6312,1590,,2025-12-20 16:56:37.021 +0900,import,6312,true,,,
6313,2990,,2025-12-20 16:56:37.028 +0900,import,6313,true,,,
6314,2990,,2025-12-20 16:56:37.034 +0900,import,6314,true,,,
6315,2990,,2025-12-20 16:56:37.041 +0900,import,6315,true,,,
6316,2990,,2025-12-20 16:56:37.047 +0900,import,6316,true,,,
6317,2990,,2025-12-20 16:56:37.053 +0900,import,6317,true,,,
6318,3990,,2025-12-20 16:56:37.060 +0900,import,6318,true,,,
6319,2100,,2025-12-20 16:56:37.066 +0900,import,6319,true,,,
6320,2100,,2025-12-20 16:56:37.072 +0900,import,6320,true,,,
6321,890,,2025-12-20 16:56:37.079 +0900,import,6321,true,,,
6322,3990,,2025-12-20 16:56:37.085 +0900,import,6322,true,,,
6323,990,,2025-12-20 16:56:37.092 +0900,import,6323,true,,,
6324,3990,,2025-12-20 16:56:37.098 +0900,import,6324,true,,,
6325,890,,2025-12-20 16:56:37.104 +0900,import,6325,true,,,
6326,11500,,2025-12-20 16:56:37.111 +0900,import,6326,true,,,
6327,11500,,2025-12-20 16:56:37.117 +0900,import,6327,true,,,
6328,7590,,2025-12-20 16:56:37.126 +0900,import,6328,true,,,
6329,5490,,2025-12-20 16:56:37.134 +0900,import,6329,true,,,
6330,5490,,2025-12-20 16:56:37.139 +0900,import,6330,true,,,
6331,5450,,2025-12-20 16:56:37.145 +0900,import,6331,true,,,
6332,4150,,2025-12-20 16:56:37.150 +0900,import,6332,true,,,
6333,5450,,2025-12-20 16:56:37.157 +0900,import,6333,true,,,
6334,6150,,2025-12-20 16:56:37.163 +0900,import,6334,true,,,
6335,4700,,2025-12-20 16:56:37.170 +0900,import,6335,true,,,
6336,3950,,2025-12-20 16:56:37.176 +0900,import,6336,true,,,
6337,3950,,2025-12-20 16:56:37.183 +0900,import,6337,true,,,
6338,3680,,2025-12-20 16:56:37.188 +0900,import,6338,true,,,
6339,5100,,2025-12-20 16:56:37.194 +0900,import,6339,true,,,
6340,5300,,2025-12-20 16:56:37.201 +0900,import,6340,true,,,
6341,5980,,2025-12-20 16:56:37.208 +0900,import,6341,true,,,
6342,4180,,2025-12-20 16:56:37.215 +0900,import,6342,true,,,
6343,2000,,2025-12-20 16:56:37.224 +0900,import,6343,true,,,
6344,5300,,2025-12-20 16:56:37.230 +0900,import,6344,true,,,
6345,4800,,2025-12-20 16:56:37.238 +0900,import,6345,true,,,
6346,4700,,2025-12-20 16:56:37.247 +0900,import,6346,true,,,
6347,2500,,2025-12-20 16:56:37.257 +0900,import,6347,true,,,
6348,4980,,2025-12-20 16:56:37.266 +0900,import,6348,true,,,
6349,6180,,2025-12-20 16:56:37.274 +0900,import,6349,true,,,
6350,8800,,2025-12-20 16:56:37.281 +0900,import,6350,true,,,
6351,4700,,2025-12-20 16:56:37.286 +0900,import,6351,true,,,
6352,5180,,2025-12-20 16:56:37.292 +0900,import,6352,true,,,
6353,5300,,2025-12-20 16:56:37.298 +0900,import,6353,true,,,
6354,4600,,2025-12-20 16:56:37.304 +0900,import,6354,true,,,
6355,4480,,2025-12-20 16:56:37.309 +0900,import,6355,true,,,
6356,4480,,2025-12-20 16:56:37.315 +0900,import,6356,true,,,
6357,8800,,2025-12-20 16:56:37.320 +0900,import,6357,true,,,
6358,3980,,2025-12-20 16:56:37.329 +0900,import,6358,true,,,
6359,5680,,2025-12-20 16:56:37.337 +0900,import,6359,true,,,
6360,6150,,2025-12-20 16:56:37.344 +0900,import,6360,true,,,
6361,5600,,2025-12-20 16:56:37.351 +0900,import,6361,true,,,
6362,6800,,2025-12-20 16:56:37.358 +0900,import,6362,true,,,
6363,3480,,2025-12-20 16:56:37.364 +0900,import,6363,true,,,
6364,4580,,2025-12-20 16:56:37.371 +0900,import,6364,true,,,
6365,4980,,2025-12-20 16:56:37.378 +0900,import,6365,true,,,
6366,6000,,2025-12-20 16:56:37.384 +0900,import,6366,true,,,
6367,4800,,2025-12-20 16:56:37.391 +0900,import,6367,true,,,
6368,4980,,2025-12-20 16:56:37.397 +0900,import,6368,true,,,
6369,4650,,2025-12-20 16:56:37.403 +0900,import,6369,true,,,
6370,4200,,2025-12-20 16:56:37.410 +0900,import,6370,true,,,
6371,2550,,2025-12-20 16:56:37.416 +0900,import,6371,true,,,
6372,3950,,2025-12-20 16:56:37.422 +0900,import,6372,true,,,
6373,8800,,2025-12-20 16:56:37.429 +0900,import,6373,true,,,
6374,8800,,2025-12-20 16:56:37.435 +0900,import,6374,true,,,
6375,5300,,2025-12-20 16:56:37.441 +0900,import,6375,true,,,
6376,5300,,2025-12-20 16:56:37.447 +0900,import,6376,true,,,
6377,4480,,2025-12-20 16:56:37.454 +0900,import,6377,true,,,
6378,4580,,2025-12-20 16:56:37.460 +0900,import,6378,true,,,
6379,4950,,2025-12-20 16:56:37.466 +0900,import,6379,true,,,
6380,3950,,2025-12-20 16:56:37.473 +0900,import,6380,true,,,
6381,4440,,2025-12-20 16:56:37.479 +0900,import,6381,true,,,
6382,5980,,2025-12-20 16:56:37.486 +0900,import,6382,true,,,
6383,6380,,2025-12-20 16:56:37.492 +0900,import,6383,true,,,
6384,4300,,2025-12-20 16:56:37.498 +0900,import,6384,true,,,
6385,3980,,2025-12-20 16:56:37.505 +0900,import,6385,true,,,
6386,5980,,2025-12-20 16:56:37.511 +0900,import,6386,true,,,
6387,4200,,2025-12-20 16:56:37.518 +0900,import,6387,true,,,
6388,7350,,2025-12-20 16:56:37.525 +0900,import,6388,true,,,
6389,5300,,2025-12-20 16:56:37.531 +0900,import,6389,true,,,
6390,5680,,2025-12-20 16:56:37.538 +0900,import,6390,true,,,
6391,8700,,2025-12-20 16:56:37.544 +0900,import,6391,true,,,
6392,3480,,2025-12-20 16:56:37.551 +0900,import,6392,true,,,
6393,7350,,2025-12-20 16:56:37.558 +0900,import,6393,true,,,
6394,7880,,2025-12-20 16:56:37.565 +0900,import,6394,true,,,
6395,6800,,2025-12-20 16:56:37.571 +0900,import,6395,true,,,
6396,7880,,2025-12-20 16:56:37.578 +0900,import,6396,true,,,
6397,7500,,2025-12-20 16:56:37.584 +0900,import,6397,true,,,
6398,5450,,2025-12-20 16:56:37.591 +0900,import,6398,true,,,
6399,6800,,2025-12-20 16:56:37.597 +0900,import,6399,true,,,
6400,9800,,2025-12-20 16:56:37.604 +0900,import,6400,true,,,
6401,6380,,2025-12-20 16:56:37.610 +0900,import,6401,true,,,
6402,7880,,2025-12-20 16:56:37.617 +0900,import,6402,true,,,
6403,5300,,2025-12-20 16:56:37.623 +0900,import,6403,true,,,
6404,2990,,2025-12-20 16:56:37.630 +0900,import,6404,true,,,
6405,2500,,2025-12-20 16:56:37.637 +0900,import,6405,true,,,
6406,3490,,2025-12-20 16:56:37.644 +0900,import,6406,true,,,
6407,4580,,2025-12-20 16:56:37.651 +0900,import,6407,true,,,
6408,5300,,2025-12-20 16:56:37.658 +0900,import,6408,true,,,
6409,5300,,2025-12-20 16:56:37.665 +0900,import,6409,true,,,
6410,4280,,2025-12-20 16:56:37.671 +0900,import,6410,true,,,
6411,4980,,2025-12-20 16:56:37.678 +0900,import,6411,true,,,
6412,2010,,2025-12-20 16:56:37.684 +0900,import,6412,true,,,
6413,8700,,2025-12-20 16:56:37.690 +0900,import,6413,true,,,
6414,5990,,2025-12-20 16:56:37.697 +0900,import,6414,true,,,
6415,6800,,2025-12-20 16:56:37.703 +0900,import,6415,true,,,
6416,4980,,2025-12-20 16:56:37.709 +0900,import,6416,true,,,
6417,6380,,2025-12-20 16:56:37.715 +0900,import,6417,true,,,
6418,6380,,2025-12-20 16:56:37.721 +0900,import,6418,true,,,
6419,7200,,2025-12-20 16:56:37.728 +0900,import,6419,true,,,
6420,1500,,2025-12-20 16:56:37.735 +0900,import,6420,true,,,
6421,1250,,2025-12-20 16:56:37.741 +0900,import,6421,true,,,
6422,1400,,2025-12-20 16:56:37.747 +0900,import,6422,true,,,
6423,6380,,2025-12-20 16:56:37.754 +0900,import,6423,true,,,
6424,7260,,2025-12-20 16:56:37.760 +0900,import,6424,true,,,
6425,1250,,2025-12-20 16:56:37.766 +0900,import,6425,true,,,
6426,5520,,2025-12-20 16:56:37.773 +0900,import,6426,true,,,
6427,1250,,2025-12-20 16:56:37.779 +0900,import,6427,true,,,
6428,1200,,2025-12-20 16:56:37.786 +0900,import,6428,true,,,
6429,1010,,2025-12-20 16:56:37.792 +0900,import,6429,true,,,
6430,2180,,2025-12-20 16:56:37.799 +0900,import,6430,true,,,
6431,3190,,2025-12-20 16:56:37.805 +0900,import,6431,true,,,
6432,1250,,2025-12-20 16:56:37.811 +0900,import,6432,true,,,
6433,930,,2025-12-20 16:56:37.817 +0900,import,6433,true,,,
6434,1010,,2025-12-20 16:56:37.824 +0900,import,6434,true,,,
6435,1520,,2025-12-20 16:56:37.830 +0900,import,6435,true,,,
6436,930,,2025-12-20 16:56:37.836 +0900,import,6436,true,,,
6437,1250,,2025-12-20 16:56:37.843 +0900,import,6437,true,,,
6438,1700,,2025-12-20 16:56:37.849 +0900,import,6438,true,,,
6439,1010,,2025-12-20 16:56:37.856 +0900,import,6439,true,,,
6440,1010,,2025-12-20 16:56:37.862 +0900,import,6440,true,,,
6441,1500,,2025-12-20 16:56:37.868 +0900,import,6441,true,,,
6442,1200,,2025-12-20 16:56:37.875 +0900,import,6442,true,,,
6443,1350,,2025-12-20 16:56:37.881 +0900,import,6443,true,,,
6444,840,,2025-12-20 16:56:37.887 +0900,import,6444,true,,,
6445,8880,,2025-12-20 16:56:37.893 +0900,import,6445,true,,,
6446,1480,,2025-12-20 16:56:37.899 +0900,import,6446,true,,,
6447,1250,,2025-12-20 16:56:37.906 +0900,import,6447,true,,,
6448,1500,,2025-12-20 16:56:37.912 +0900,import,6448,true,,,
6449,1350,,2025-12-20 16:56:37.918 +0900,import,6449,true,,,
6450,1460,,2025-12-20 16:56:37.924 +0900,import,6450,true,,,
6451,1520,,2025-12-20 16:56:37.931 +0900,import,6451,true,,,
6452,1460,,2025-12-20 16:56:37.937 +0900,import,6452,true,,,
6453,1460,,2025-12-20 16:56:37.944 +0900,import,6453,true,,,
6454,1460,,2025-12-20 16:56:37.950 +0900,import,6454,true,,,
6455,6300,,2025-12-20 16:56:37.956 +0900,import,6455,true,,,
6456,1460,,2025-12-20 16:56:37.963 +0900,import,6456,true,,,
6457,1520,,2025-12-20 16:56:37.969 +0900,import,6457,true,,,
6458,1550,,2025-12-20 16:56:37.975 +0900,import,6458,true,,,
6459,1500,,2025-12-20 16:56:37.981 +0900,import,6459,true,,,
6460,1580,,2025-12-20 16:56:37.988 +0900,import,6460,true,,,
6461,1460,,2025-12-20 16:56:37.994 +0900,import,6461,true,,,
6462,1550,,2025-12-20 16:56:38.000 +0900,import,6462,true,,,
6463,1480,,2025-12-20 16:56:38.006 +0900,import,6463,true,,,
6464,1350,,2025-12-20 16:56:38.013 +0900,import,6464,true,,,
6465,1520,,2025-12-20 16:56:38.019 +0900,import,6465,true,,,
6466,1460,,2025-12-20 16:56:38.025 +0900,import,6466,true,,,
6467,1200,,2025-12-20 16:56:38.032 +0900,import,6467,true,,,
6468,1480,,2025-12-20 16:56:38.039 +0900,import,6468,true,,,
6469,1460,,2025-12-20 16:56:38.045 +0900,import,6469,true,,,
6470,1550,,2025-12-20 16:56:38.051 +0900,import,6470,true,,,
6471,1580,,2025-12-20 16:56:38.058 +0900,import,6471,true,,,
6472,920,,2025-12-20 16:56:38.064 +0900,import,6472,true,,,
6473,1460,,2025-12-20 16:56:38.070 +0900,import,6473,true,,,
6474,1460,,2025-12-20 16:56:38.077 +0900,import,6474,true,,,
6475,1460,,2025-12-20 16:56:38.083 +0900,import,6475,true,,,
6476,8400,,2025-12-20 16:56:38.090 +0900,import,6476,true,,,
6477,1550,,2025-12-20 16:56:38.096 +0900,import,6477,true,,,
6478,1460,,2025-12-20 16:56:38.102 +0900,import,6478,true,,,
6479,2400,,2025-12-20 16:56:38.108 +0900,import,6479,true,,,
6480,1460,,2025-12-20 16:56:38.115 +0900,import,6480,true,,,
6481,1460,,2025-12-20 16:56:38.121 +0900,import,6481,true,,,
6482,1460,,2025-12-20 16:56:38.128 +0900,import,6482,true,,,
6483,2980,,2025-12-20 16:56:38.134 +0900,import,6483,true,,,
6484,1800,,2025-12-20 16:56:38.140 +0900,import,6484,true,,,
6485,2400,,2025-12-20 16:56:38.147 +0900,import,6485,true,,,
6486,2400,,2025-12-20 16:56:38.153 +0900,import,6486,true,,,
6487,2100,,2025-12-20 16:56:38.159 +0900,import,6487,true,,,
6488,1680,,2025-12-20 16:56:38.165 +0900,import,6488,true,,,
6489,8760,,2025-12-20 16:56:38.171 +0900,import,6489,true,,,
6490,1580,,2025-12-20 16:56:38.178 +0900,import,6490,true,,,
6491,2100,,2025-12-20 16:56:38.184 +0900,import,6491,true,,,
6492,6060,,2025-12-20 16:56:38.191 +0900,import,6492,true,,,
6493,3490,,2025-12-20 16:56:38.198 +0900,import,6493,true,,,
6494,3550,,2025-12-20 16:56:38.204 +0900,import,6494,true,,,
6495,3980,,2025-12-20 16:56:38.210 +0900,import,6495,true,,,
6496,4780,,2025-12-20 16:56:38.217 +0900,import,6496,true,,,
6497,6790,,2025-12-20 16:56:38.224 +0900,import,6497,true,,,
6498,2990,,2025-12-20 16:56:38.231 +0900,import,6498,true,,,
6499,5980,,2025-12-20 16:56:38.237 +0900,import,6499,true,,,
6500,3680,,2025-12-20 16:56:38.244 +0900,import,6500,true,,,
6501,2190,,2025-12-20 16:56:38.251 +0900,import,6501,true,,,
6502,3490,,2025-12-20 16:56:38.257 +0900,import,6502,true,,,
6503,7400,,2025-12-20 16:56:38.264 +0900,import,6503,true,,,
6504,6980,,2025-12-20 16:56:38.270 +0900,import,6504,true,,,
6505,4000,,2025-12-20 16:56:38.276 +0900,import,6505,true,,,
6506,2990,,2025-12-20 16:56:38.284 +0900,import,6506,true,,,
6507,2890,,2025-12-20 16:56:38.290 +0900,import,6507,true,,,
6508,1000,,2025-12-20 16:56:38.297 +0900,import,6508,true,,,
6509,4990,,2025-12-20 16:56:38.304 +0900,import,6509,true,,,
6510,4780,,2025-12-20 16:56:38.311 +0900,import,6510,true,,,
6511,1460,,2025-12-20 16:56:38.318 +0900,import,6511,true,,,
6512,3590,,2025-12-20 16:56:38.325 +0900,import,6512,true,,,
6513,3990,,2025-12-20 16:56:38.332 +0900,import,6513,true,,,
6514,3980,,2025-12-20 16:56:38.338 +0900,import,6514,true,,,
6515,2990,,2025-12-20 16:56:38.345 +0900,import,6515,true,,,
6516,7090,,2025-12-20 16:56:38.353 +0900,import,6516,true,,,
6517,3480,,2025-12-20 16:56:38.360 +0900,import,6517,true,,,
6518,4890,,2025-12-20 16:56:38.368 +0900,import,6518,true,,,
6519,4760,6800,2025-12-20 16:56:38.374 +0900,import,6519,true,,,
6520,2680,,2025-12-20 16:56:38.381 +0900,import,6520,true,,,
6521,2900,,2025-12-20 16:56:38.388 +0900,import,6521,true,,,
6522,3990,,2025-12-20 16:56:38.394 +0900,import,6522,true,,,
6523,2200,,2025-12-20 16:56:38.401 +0900,import,6523,true,,,
6524,4950,,2025-12-20 16:56:38.408 +0900,import,6524,true,,,
6525,2990,,2025-12-20 16:56:38.415 +0900,import,6525,true,,,
6526,2690,,2025-12-20 16:56:38.422 +0900,import,6526,true,,,
6527,3480,,2025-12-20 16:56:38.428 +0900,import,6527,true,,,
6528,6980,,2025-12-20 16:56:38.435 +0900,import,6528,true,,,
6529,2990,,2025-12-20 16:56:38.442 +0900,import,6529,true,,,
6530,2190,,2025-12-20 16:56:38.448 +0900,import,6530,true,,,
6531,2490,,2025-12-20 16:56:38.455 +0900,import,6531,true,,,
6532,6980,,2025-12-20 16:56:38.461 +0900,import,6532,true,,,
6533,3990,,2025-12-20 16:56:38.468 +0900,import,6533,true,,,
6534,3990,,2025-12-20 16:56:38.475 +0900,import,6534,true,,,
6535,2990,,2025-12-20 16:56:38.482 +0900,import,6535,true,,,
6536,2490,,2025-12-20 16:56:38.489 +0900,import,6536,true,,,
6537,1990,,2025-12-20 16:56:38.496 +0900,import,6537,true,,,
6538,4490,,2025-12-20 16:56:38.502 +0900,import,6538,true,,,
6539,2390,,2025-12-20 16:56:38.509 +0900,import,6539,true,,,
6540,2490,,2025-12-20 16:56:38.516 +0900,import,6540,true,,,
6541,3890,,2025-12-20 16:56:38.522 +0900,import,6541,true,,,
6542,2490,,2025-12-20 16:56:38.529 +0900,import,6542,true,,,
6543,6490,,2025-12-20 16:56:38.536 +0900,import,6543,true,,,
6544,4720,,2025-12-20 16:56:38.543 +0900,import,6544,true,,,
6545,2390,,2025-12-20 16:56:38.549 +0900,import,6545,true,,,
6546,4720,,2025-12-20 16:56:38.556 +0900,import,6546,true,,,
6547,3890,,2025-12-20 16:56:38.563 +0900,import,6547,true,,,
6548,3890,,2025-12-20 16:56:38.570 +0900,import,6548,true,,,
6549,1990,,2025-12-20 16:56:38.577 +0900,import,6549,true,,,
6550,1190,,2025-12-20 16:56:38.584 +0900,import,6550,true,,,
6551,1390,,2025-12-20 16:56:38.591 +0900,import,6551,true,,,
6552,1390,,2025-12-20 16:56:38.598 +0900,import,6552,true,,,
6553,6980,,2025-12-20 16:56:38.605 +0900,import,6553,true,,,
6554,2990,,2025-12-20 16:56:38.612 +0900,import,6554,true,,,
6555,4290,,2025-12-20 16:56:38.619 +0900,import,6555,true,,,
6556,4290,,2025-12-20 16:56:38.626 +0900,import,6556,true,,,
6557,2690,,2025-12-20 16:56:38.633 +0900,import,6557,true,,,
6558,2390,,2025-12-20 16:56:38.639 +0900,import,6558,true,,,
6559,1990,,2025-12-20 16:56:38.646 +0900,import,6559,true,,,
6560,6990,,2025-12-20 16:56:38.653 +0900,import,6560,true,,,
6561,7990,,2025-12-20 16:56:38.660 +0900,import,6561,true,,,
6562,6990,,2025-12-20 16:56:38.669 +0900,import,6562,true,,,
6563,3490,,2025-12-20 16:56:38.676 +0900,import,6563,true,,,
6564,6990,,2025-12-20 16:56:38.683 +0900,import,6564,true,,,
6565,2990,,2025-12-20 16:56:38.690 +0900,import,6565,true,,,
6566,2990,,2025-12-20 16:56:38.697 +0900,import,6566,true,,,
6567,2990,5980,2025-12-20 16:56:38.704 +0900,import,6567,true,,,
6568,2990,5980,2025-12-20 16:56:38.710 +0900,import,6568,true,,,
6569,2990,,2025-12-20 16:56:38.717 +0900,import,6569,true,,,
6570,7990,,2025-12-20 16:56:38.724 +0900,import,6570,true,,,
6571,6990,,2025-12-20 16:56:38.731 +0900,import,6571,true,,,
6572,2990,,2025-12-20 16:56:38.737 +0900,import,6572,true,,,
6573,6990,,2025-12-20 16:56:38.744 +0900,import,6573,true,,,
6574,500,,2025-12-20 16:56:38.752 +0900,import,6574,true,,,
6575,2490,,2025-12-20 16:56:38.758 +0900,import,6575,true,,,
6576,3490,6990,2025-12-20 16:56:38.765 +0900,import,6576,true,,,
6577,5990,,2025-12-20 16:56:38.771 +0900,import,6577,true,,,
6578,6990,,2025-12-20 16:56:38.778 +0900,import,6578,true,,,
6579,2490,,2025-12-20 16:56:38.785 +0900,import,6579,true,,,
6580,1000,,2025-12-20 16:56:38.792 +0900,import,6580,true,,,
6581,1000,,2025-12-20 16:56:38.799 +0900,import,6581,true,,,
6582,7990,,2025-12-20 16:56:38.806 +0900,import,6582,true,,,
6583,3480,,2025-12-20 16:56:38.813 +0900,import,6583,true,,,
6584,7990,,2025-12-20 16:56:38.819 +0900,import,6584,true,,,
6585,2490,,2025-12-20 16:56:38.825 +0900,import,6585,true,,,
6586,4190,5990,2025-12-20 16:56:38.832 +0900,import,6586,true,,,
6587,5990,,2025-12-20 16:56:38.839 +0900,import,6587,true,,,
6588,2990,,2025-12-20 16:56:38.845 +0900,import,6588,true,,,
6589,2490,,2025-12-20 16:56:38.852 +0900,import,6589,true,,,
6590,5990,,2025-12-20 16:56:38.858 +0900,import,6590,true,,,
6591,4540,6490,2025-12-20 16:56:38.865 +0900,import,6591,true,,,
6592,2990,,2025-12-20 16:56:38.871 +0900,import,6592,true,,,
6593,2990,,2025-12-20 16:56:38.877 +0900,import,6593,true,,,
6594,5990,,2025-12-20 16:56:38.884 +0900,import,6594,true,,,
6595,2990,,2025-12-20 16:56:38.890 +0900,import,6595,true,,,
6596,2990,,2025-12-20 16:56:38.896 +0900,import,6596,true,,,
6597,6990,,2025-12-20 16:56:38.903 +0900,import,6597,true,,,
6598,6990,,2025-12-20 16:56:38.910 +0900,import,6598,true,,,
6599,3990,,2025-12-20 16:56:38.916 +0900,import,6599,true,,,
6600,5990,,2025-12-20 16:56:38.923 +0900,import,6600,true,,,
6601,2990,,2025-12-20 16:56:38.929 +0900,import,6601,true,,,
6602,5990,,2025-12-20 16:56:38.936 +0900,import,6602,true,,,
6603,7990,,2025-12-20 16:56:38.942 +0900,import,6603,true,,,
6604,7990,,2025-12-20 16:56:38.949 +0900,import,6604,true,,,
6605,5990,,2025-12-20 16:56:38.955 +0900,import,6605,true,,,
6606,5990,,2025-12-20 16:56:38.962 +0900,import,6606,true,,,
6607,4990,,2025-12-20 16:56:38.968 +0900,import,6607,true,,,
6608,2990,,2025-12-20 16:56:38.974 +0900,import,6608,true,,,
6609,2990,,2025-12-20 16:56:38.981 +0900,import,6609,true,,,
6610,5990,,2025-12-20 16:56:38.987 +0900,import,6610,true,,,
6611,3990,,2025-12-20 16:56:38.993 +0900,import,6611,true,,,
6612,2980,,2025-12-20 16:56:39.000 +0900,import,6612,true,,,
6613,4990,,2025-12-20 16:56:39.006 +0900,import,6613,true,,,
6614,5600,,2025-12-20 16:56:39.012 +0900,import,6614,true,,,
6615,4850,,2025-12-20 16:56:39.019 +0900,import,6615,true,,,
6616,2480,,2025-12-20 16:56:39.026 +0900,import,6616,true,,,
6617,1990,,2025-12-20 16:56:39.034 +0900,import,6617,true,,,
6618,4850,,2025-12-20 16:56:39.041 +0900,import,6618,true,,,
6619,5980,,2025-12-20 16:56:39.048 +0900,import,6619,true,,,
6620,4980,,2025-12-20 16:56:39.054 +0900,import,6620,true,,,
6621,7900,,2025-12-20 16:56:39.061 +0900,import,6621,true,,,
6622,4680,,2025-12-20 16:56:39.068 +0900,import,6622,true,,,
6623,5490,,2025-12-20 16:56:39.074 +0900,import,6623,true,,,
6624,3990,,2025-12-20 16:56:39.080 +0900,import,6624,true,,,
6625,1990,,2025-12-20 16:56:39.088 +0900,import,6625,true,,,
6626,7680,,2025-12-20 16:56:39.094 +0900,import,6626,true,,,
6627,4850,,2025-12-20 16:56:39.101 +0900,import,6627,true,,,
6628,4990,,2025-12-20 16:56:39.107 +0900,import,6628,true,,,
6629,5980,,2025-12-20 16:56:39.114 +0900,import,6629,true,,,
6630,1990,,2025-12-20 16:56:39.121 +0900,import,6630,true,,,
6631,2690,,2025-12-20 16:56:39.129 +0900,import,6631,true,,,
6632,1990,,2025-12-20 16:56:39.137 +0900,import,6632,true,,,
6633,6990,,2025-12-20 16:56:39.144 +0900,import,6633,true,,,
6634,4980,,2025-12-20 16:56:39.150 +0900,import,6634,true,,,
6635,4580,,2025-12-20 16:56:39.157 +0900,import,6635,true,,,
6636,4980,,2025-12-20 16:56:39.163 +0900,import,6636,true,,,
6637,3280,,2025-12-20 16:56:39.169 +0900,import,6637,true,,,
6638,5490,,2025-12-20 16:56:39.176 +0900,import,6638,true,,,
6639,7480,,2025-12-20 16:56:39.183 +0900,import,6639,true,,,
6640,5490,,2025-12-20 16:56:39.189 +0900,import,6640,true,,,
6641,1990,,2025-12-20 16:56:39.197 +0900,import,6641,true,,,
6642,4980,,2025-12-20 16:56:39.204 +0900,import,6642,true,,,
6643,4980,,2025-12-20 16:56:39.210 +0900,import,6643,true,,,
6644,4580,,2025-12-20 16:56:39.217 +0900,import,6644,true,,,
6645,1990,,2025-12-20 16:56:39.224 +0900,import,6645,true,,,
6646,7180,,2025-12-20 16:56:39.231 +0900,import,6646,true,,,
6647,5980,,2025-12-20 16:56:39.238 +0900,import,6647,true,,,
6648,6990,,2025-12-20 16:56:39.246 +0900,import,6648,true,,,
6649,5350,,2025-12-20 16:56:39.252 +0900,import,6649,true,,,
6650,5490,,2025-12-20 16:56:39.261 +0900,import,6650,true,,,
6651,4990,,2025-12-20 16:56:39.270 +0900,import,6651,true,,,
6652,1990,,2025-12-20 16:56:39.281 +0900,import,6652,true,,,
6653,3480,,2025-12-20 16:56:39.289 +0900,import,6653,true,,,
6654,2690,,2025-12-20 16:56:39.302 +0900,import,6654,true,,,
6655,8490,,2025-12-20 16:56:39.308 +0900,import,6655,true,,,
6656,4990,,2025-12-20 16:56:39.315 +0900,import,6656,true,,,
6657,3480,,2025-12-20 16:56:39.321 +0900,import,6657,true,,,
6658,2690,,2025-12-20 16:56:39.329 +0900,import,6658,true,,,
6659,3390,,2025-12-20 16:56:39.335 +0900,import,6659,true,,,
6660,7690,,2025-12-20 16:56:39.342 +0900,import,6660,true,,,
6661,3480,,2025-12-20 16:56:39.348 +0900,import,6661,true,,,
6662,5300,,2025-12-20 16:56:39.355 +0900,import,6662,true,,,
6663,3990,,2025-12-20 16:56:39.361 +0900,import,6663,true,,,
6664,3490,,2025-12-20 16:56:39.368 +0900,import,6664,true,,,
6665,2990,,2025-12-20 16:56:39.374 +0900,import,6665,true,,,
6666,3990,,2025-12-20 16:56:39.381 +0900,import,6666,true,,,
6667,5000,,2025-12-20 16:56:39.387 +0900,import,6667,true,,,
6668,3990,,2025-12-20 16:56:39.394 +0900,import,6668,true,,,
6669,1000,,2025-12-20 16:56:39.401 +0900,import,6669,true,,,
6670,3990,,2025-12-20 16:56:39.407 +0900,import,6670,true,,,
6671,3990,,2025-12-20 16:56:39.413 +0900,import,6671,true,,,
6672,7490,,2025-12-20 16:56:39.420 +0900,import,6672,true,,,
6673,5990,,2025-12-20 16:56:39.426 +0900,import,6673,true,,,
6674,5990,,2025-12-20 16:56:39.432 +0900,import,6674,true,,,
6675,7490,,2025-12-20 16:56:39.439 +0900,import,6675,true,,,
6676,7490,,2025-12-20 16:56:39.445 +0900,import,6676,true,,,
6677,5990,,2025-12-20 16:56:39.451 +0900,import,6677,true,,,
6678,2990,,2025-12-20 16:56:39.458 +0900,import,6678,true,,,
6679,8990,,2025-12-20 16:56:39.464 +0900,import,6679,true,,,
6680,8990,,2025-12-20 16:56:39.470 +0900,import,6680,true,,,
6681,3990,,2025-12-20 16:56:39.477 +0900,import,6681,true,,,
6682,3990,,2025-12-20 16:56:39.483 +0900,import,6682,true,,,
6683,3990,,2025-12-20 16:56:39.489 +0900,import,6683,true,,,
6684,7490,,2025-12-20 16:56:39.496 +0900,import,6684,true,,,
6685,4700,,2025-12-20 16:56:39.502 +0900,import,6685,true,,,
6686,2190,,2025-12-20 16:56:39.509 +0900,import,6686,true,,,
6687,1290,,2025-12-20 16:56:39.516 +0900,import,6687,true,,,
6688,4000,,2025-12-20 16:56:39.523 +0900,import,6688,true,,,
6689,3990,,2025-12-20 16:56:39.529 +0900,import,6689,true,,,
6690,3990,,2025-12-20 16:56:39.536 +0900,import,6690,true,,,
6691,3990,,2025-12-20 16:56:39.543 +0900,import,6691,true,,,
6692,8400,12000,2025-12-20 16:56:39.549 +0900,import,6692,true,,,
6693,8990,,2025-12-20 16:56:39.556 +0900,import,6693,true,,,
6694,5990,,2025-12-20 16:56:39.563 +0900,import,6694,true,,,
6695,5990,,2025-12-20 16:56:39.570 +0900,import,6695,true,,,
6696,3990,,2025-12-20 16:56:39.576 +0900,import,6696,true,,,
6697,3990,,2025-12-20 16:56:39.583 +0900,import,6697,true,,,
6698,3990,,2025-12-20 16:56:39.589 +0900,import,6698,true,,,
6699,1980,,2025-12-20 16:56:39.596 +0900,import,6699,true,,,
6700,1980,,2025-12-20 16:56:39.602 +0900,import,6700,true,,,
6701,4990,,2025-12-20 16:56:39.609 +0900,import,6701,true,,,
6702,5990,,2025-12-20 16:56:39.615 +0900,import,6702,true,,,
6703,8990,,2025-12-20 16:56:39.622 +0900,import,6703,true,,,
6704,1980,,2025-12-20 16:56:39.628 +0900,import,6704,true,,,
6705,4700,,2025-12-20 16:56:39.635 +0900,import,6705,true,,,
6706,8990,,2025-12-20 16:56:39.641 +0900,import,6706,true,,,
6707,6490,,2025-12-20 16:56:39.647 +0900,import,6707,true,,,
6708,7980,,2025-12-20 16:56:39.654 +0900,import,6708,true,,,
6709,7980,,2025-12-20 16:56:39.660 +0900,import,6709,true,,,
6710,7480,,2025-12-20 16:56:39.667 +0900,import,6710,true,,,
6711,8990,,2025-12-20 16:56:39.673 +0900,import,6711,true,,,
6712,3990,,2025-12-20 16:56:39.679 +0900,import,6712,true,,,
6713,8480,,2025-12-20 16:56:39.685 +0900,import,6713,true,,,
6714,8480,,2025-12-20 16:56:39.692 +0900,import,6714,true,,,
6715,5990,,2025-12-20 16:56:39.698 +0900,import,6715,true,,,
6716,4980,,2025-12-20 16:56:39.705 +0900,import,6716,true,,,
6717,4980,,2025-12-20 16:56:39.711 +0900,import,6717,true,,,
6718,7480,,2025-12-20 16:56:39.717 +0900,import,6718,true,,,
6719,7480,,2025-12-20 16:56:39.724 +0900,import,6719,true,,,
6720,7480,,2025-12-20 16:56:39.730 +0900,import,6720,true,,,
6721,7480,,2025-12-20 16:56:39.736 +0900,import,6721,true,,,
6722,5990,,2025-12-20 16:56:39.743 +0900,import,6722,true,,,
6723,3990,,2025-12-20 16:56:39.749 +0900,import,6723,true,,,
6724,6490,,2025-12-20 16:56:39.755 +0900,import,6724,true,,,
6725,10980,,2025-12-20 16:56:39.762 +0900,import,6725,true,,,
6726,4980,,2025-12-20 16:56:39.768 +0900,import,6726,true,,,
6727,4990,,2025-12-20 16:56:39.774 +0900,import,6727,true,,,
6728,7480,,2025-12-20 16:56:39.781 +0900,import,6728,true,,,
6729,7480,,2025-12-20 16:56:39.787 +0900,import,6729,true,,,
6730,7480,,2025-12-20 16:56:39.794 +0900,import,6730,true,,,
6731,7480,,2025-12-20 16:56:39.800 +0900,import,6731,true,,,
6732,5990,,2025-12-20 16:56:39.806 +0900,import,6732,true,,,
6733,6000,,2025-12-20 16:56:39.812 +0900,import,6733,true,,,
6734,6000,,2025-12-20 16:56:39.819 +0900,import,6734,true,,,
6735,4990,,2025-12-20 16:56:39.825 +0900,import,6735,true,,,
6736,3990,,2025-12-20 16:56:39.831 +0900,import,6736,true,,,
6737,5990,,2025-12-20 16:56:39.838 +0900,import,6737,true,,,
6738,2490,,2025-12-20 16:56:39.844 +0900,import,6738,true,,,
6739,3990,,2025-12-20 16:56:39.850 +0900,import,6739,true,,,
6740,6490,,2025-12-20 16:56:39.857 +0900,import,6740,true,,,
6741,3490,,2025-12-20 16:56:39.863 +0900,import,6741,true,,,
6742,3490,,2025-12-20 16:56:39.870 +0900,import,6742,true,,,
6743,3490,,2025-12-20 16:56:39.876 +0900,import,6743,true,,,
6744,3490,,2025-12-20 16:56:39.883 +0900,import,6744,true,,,
6745,3490,,2025-12-20 16:56:39.889 +0900,import,6745,true,,,
6746,3700,,2025-12-20 16:56:39.896 +0900,import,6746,true,,,
6747,5990,,2025-12-20 16:56:39.903 +0900,import,6747,true,,,
6748,4990,,2025-12-20 16:56:39.910 +0900,import,6748,true,,,
6749,5990,,2025-12-20 16:56:39.916 +0900,import,6749,true,,,
6750,4990,,2025-12-20 16:56:39.923 +0900,import,6750,true,,,
6751,4990,,2025-12-20 16:56:39.929 +0900,import,6751,true,,,
6752,4990,,2025-12-20 16:56:39.936 +0900,import,6752,true,,,
6753,4990,,2025-12-20 16:56:39.943 +0900,import,6753,true,,,
6754,4990,,2025-12-20 16:56:39.949 +0900,import,6754,true,,,
6755,3700,,2025-12-20 16:56:39.956 +0900,import,6755,true,,,
6756,3700,,2025-12-20 16:56:39.962 +0900,import,6756,true,,,
6757,3700,,2025-12-20 16:56:39.969 +0900,import,6757,true,,,
6758,3990,,2025-12-20 16:56:39.975 +0900,import,6758,true,,,
6759,3700,,2025-12-20 16:56:39.982 +0900,import,6759,true,,,
6760,3990,,2025-12-20 16:56:39.988 +0900,import,6760,true,,,
6761,3490,,2025-12-20 16:56:39.995 +0900,import,6761,true,,,
6762,3700,,2025-12-20 16:56:40.002 +0900,import,6762,true,,,
6763,3700,,2025-12-20 16:56:40.009 +0900,import,6763,true,,,
6764,4990,,2025-12-20 16:56:40.016 +0900,import,6764,true,,,
6765,7900,,2025-12-20 16:56:40.023 +0900,import,6765,true,,,
6766,3990,,2025-12-20 16:56:40.030 +0900,import,6766,true,,,
6767,4990,,2025-12-20 16:56:40.036 +0900,import,6767,true,,,
6768,5490,,2025-12-20 16:56:40.042 +0900,import,6768,true,,,
6769,4990,,2025-12-20 16:56:40.049 +0900,import,6769,true,,,
6770,5490,,2025-12-20 16:56:40.055 +0900,import,6770,true,,,
6771,3990,,2025-12-20 16:56:40.062 +0900,import,6771,true,,,
6772,3990,,2025-12-20 16:56:40.068 +0900,import,6772,true,,,
6773,6990,,2025-12-20 16:56:40.075 +0900,import,6773,true,,,
6774,3490,,2025-12-20 16:56:40.081 +0900,import,6774,true,,,
6775,3490,,2025-12-20 16:56:40.088 +0900,import,6775,true,,,
6776,5490,,2025-12-20 16:56:40.094 +0900,import,6776,true,,,
6777,3990,,2025-12-20 16:56:40.101 +0900,import,6777,true,,,
6778,4990,,2025-12-20 16:56:40.107 +0900,import,6778,true,,,
6779,4990,,2025-12-20 16:56:40.114 +0900,import,6779,true,,,
6780,4990,,2025-12-20 16:56:40.120 +0900,import,6780,true,,,
6781,11900,,2025-12-20 16:56:40.127 +0900,import,6781,true,,,
6782,14990,,2025-12-20 16:56:40.133 +0900,import,6782,true,,,
6783,10900,,2025-12-20 16:56:40.140 +0900,import,6783,true,,,
6784,11990,,2025-12-20 16:56:40.146 +0900,import,6784,true,,,
6785,5970,,2025-12-20 16:56:40.153 +0900,import,6785,true,,,
6786,12000,,2025-12-20 16:56:40.159 +0900,import,6786,true,,,
6787,28900,,2025-12-20 16:56:40.166 +0900,import,6787,true,,,
6788,16690,,2025-12-20 16:56:40.174 +0900,import,6788,true,,,
6789,13490,,2025-12-20 16:56:40.180 +0900,import,6789,true,,,
6790,13990,,2025-12-20 16:56:40.187 +0900,import,6790,true,,,
6791,12490,,2025-12-20 16:56:40.193 +0900,import,6791,true,,,
6792,11990,,2025-12-20 16:56:40.200 +0900,import,6792,true,,,
6793,11990,,2025-12-20 16:56:40.206 +0900,import,6793,true,,,
6794,13980,,2025-12-20 16:56:40.213 +0900,import,6794,true,,,
6795,13990,,2025-12-20 16:56:40.220 +0900,import,6795,true,,,
6796,13990,,2025-12-20 16:56:40.227 +0900,import,6796,true,,,
6797,8940,,2025-12-20 16:56:40.233 +0900,import,6797,true,,,
6798,6220,8890,2025-12-20 16:56:40.240 +0900,import,6798,true,,,
6799,6800,,2025-12-20 16:56:40.246 +0900,import,6799,true,,,
6800,5990,,2025-12-20 16:56:40.253 +0900,import,6800,true,,,
6801,5990,,2025-12-20 16:56:40.260 +0900,import,6801,true,,,
6802,4100,,2025-12-20 16:56:40.267 +0900,import,6802,true,,,
6803,4990,,2025-12-20 16:56:40.274 +0900,import,6803,true,,,
6804,4490,,2025-12-20 16:56:40.281 +0900,import,6804,true,,,
6805,4990,,2025-12-20 16:56:40.288 +0900,import,6805,true,,,
6806,5490,,2025-12-20 16:56:40.295 +0900,import,6806,true,,,
6807,10990,,2025-12-20 16:56:40.302 +0900,import,6807,true,,,
6808,8940,,2025-12-20 16:56:40.308 +0900,import,6808,true,,,
6809,8940,,2025-12-20 16:56:40.315 +0900,import,6809,true,,,
6810,7400,,2025-12-20 16:56:40.322 +0900,import,6810,true,,,
6811,8940,,2025-12-20 16:56:40.328 +0900,import,6811,true,,,
6812,4490,,2025-12-20 16:56:40.335 +0900,import,6812,true,,,
6813,19400,,2025-12-20 16:56:40.342 +0900,import,6813,true,,,
6814,6490,,2025-12-20 16:56:40.349 +0900,import,6814,true,,,
6815,2990,,2025-12-20 16:56:40.357 +0900,import,6815,true,,,
6816,2990,,2025-12-20 16:56:40.364 +0900,import,6816,true,,,
6817,2990,,2025-12-20 16:56:40.372 +0900,import,6817,true,,,
6818,4990,,2025-12-20 16:56:40.379 +0900,import,6818,true,,,
6819,4990,,2025-12-20 16:56:40.386 +0900,import,6819,true,,,
6820,4990,,2025-12-20 16:56:40.393 +0900,import,6820,true,,,
6821,4990,,2025-12-20 16:56:40.400 +0900,import,6821,true,,,
6822,6900,,2025-12-20 16:56:40.406 +0900,import,6822,true,,,
6823,4490,,2025-12-20 16:56:40.413 +0900,import,6823,true,,,
6824,4990,,2025-12-20 16:56:40.420 +0900,import,6824,true,,,
6825,4990,,2025-12-20 16:56:40.427 +0900,import,6825,true,,,
6826,4990,,2025-12-20 16:56:40.434 +0900,import,6826,true,,,
6827,4990,,2025-12-20 16:56:40.441 +0900,import,6827,true,,,
6828,4990,,2025-12-20 16:56:40.448 +0900,import,6828,true,,,
6829,4990,,2025-12-20 16:56:40.454 +0900,import,6829,true,,,
6830,4990,,2025-12-20 16:56:40.461 +0900,import,6830,true,,,
6831,4990,,2025-12-20 16:56:40.468 +0900,import,6831,true,,,
6832,4990,,2025-12-20 16:56:40.475 +0900,import,6832,true,,,
6833,4990,,2025-12-20 16:56:40.481 +0900,import,6833,true,,,
6834,4990,,2025-12-20 16:56:40.488 +0900,import,6834,true,,,
6835,4990,,2025-12-20 16:56:40.494 +0900,import,6835,true,,,
6836,4990,,2025-12-20 16:56:40.501 +0900,import,6836,true,,,
6837,4990,,2025-12-20 16:56:40.507 +0900,import,6837,true,,,
6838,4990,,2025-12-20 16:56:40.514 +0900,import,6838,true,,,
6839,7990,,2025-12-20 16:56:40.521 +0900,import,6839,true,,,
6840,4390,,2025-12-20 16:56:40.527 +0900,import,6840,true,,,
6841,4480,,2025-12-20 16:56:40.534 +0900,import,6841,true,,,
6842,4480,,2025-12-20 16:56:40.541 +0900,import,6842,true,,,
6843,4390,,2025-12-20 16:56:40.548 +0900,import,6843,true,,,
6844,4490,,2025-12-20 16:56:40.555 +0900,import,6844,true,,,
6845,4490,,2025-12-20 16:56:40.561 +0900,import,6845,true,,,
6846,4490,,2025-12-20 16:56:40.568 +0900,import,6846,true,,,
6847,4490,,2025-12-20 16:56:40.575 +0900,import,6847,true,,,
6848,4490,,2025-12-20 16:56:40.582 +0900,import,6848,true,,,
6849,4390,,2025-12-20 16:56:40.589 +0900,import,6849,true,,,
6850,3980,,2025-12-20 16:56:40.596 +0900,import,6850,true,,,
6851,1000,,2025-12-20 16:56:40.604 +0900,import,6851,true,,,
6852,3980,,2025-12-20 16:56:40.612 +0900,import,6852,true,,,
6853,3980,,2025-12-20 16:56:40.619 +0900,import,6853,true,,,
6854,2380,,2025-12-20 16:56:40.626 +0900,import,6854,true,,,
6855,3990,,2025-12-20 16:56:40.633 +0900,import,6855,true,,,
6856,4700,,2025-12-20 16:56:40.640 +0900,import,6856,true,,,
6857,2380,,2025-12-20 16:56:40.647 +0900,import,6857,true,,,
6858,3990,,2025-12-20 16:56:40.655 +0900,import,6858,true,,,
6859,3990,,2025-12-20 16:56:40.661 +0900,import,6859,true,,,
6860,3530,,2025-12-20 16:56:40.668 +0900,import,6860,true,,,
6861,3990,,2025-12-20 16:56:40.675 +0900,import,6861,true,,,
6862,4700,,2025-12-20 16:56:40.681 +0900,import,6862,true,,,
6863,2380,,2025-12-20 16:56:40.688 +0900,import,6863,true,,,
6864,1980,,2025-12-20 16:56:40.695 +0900,import,6864,true,,,
6865,3530,,2025-12-20 16:56:40.701 +0900,import,6865,true,,,
6866,3530,,2025-12-20 16:56:40.708 +0900,import,6866,true,,,
6867,3780,,2025-12-20 16:56:40.715 +0900,import,6867,true,,,
6868,4700,,2025-12-20 16:56:40.721 +0900,import,6868,true,,,
6869,2190,,2025-12-20 16:56:40.729 +0900,import,6869,true,,,
6870,3480,,2025-12-20 16:56:40.735 +0900,import,6870,true,,,
6871,3780,,2025-12-20 16:56:40.742 +0900,import,6871,true,,,
6872,3180,,2025-12-20 16:56:40.749 +0900,import,6872,true,,,
6873,3280,,2025-12-20 16:56:40.756 +0900,import,6873,true,,,
6874,1500,,2025-12-20 16:56:40.762 +0900,import,6874,true,,,
6875,1500,,2025-12-20 16:56:40.769 +0900,import,6875,true,,,
6876,2190,,2025-12-20 16:56:40.776 +0900,import,6876,true,,,
6877,10490,,2025-12-20 16:56:40.783 +0900,import,6877,true,,,
6878,13290,,2025-12-20 16:56:40.789 +0900,import,6878,true,,,
6879,8990,,2025-12-20 16:56:40.796 +0900,import,6879,true,,,
6880,7990,,2025-12-20 16:56:40.802 +0900,import,6880,true,,,
6881,5490,,2025-12-20 16:56:40.808 +0900,import,6881,true,,,
6882,9990,,2025-12-20 16:56:40.815 +0900,import,6882,true,,,
6883,8390,,2025-12-20 16:56:40.822 +0900,import,6883,true,,,
6884,9990,,2025-12-20 16:56:40.828 +0900,import,6884,true,,,
6885,13290,,2025-12-20 16:56:40.835 +0900,import,6885,true,,,
6886,6990,,2025-12-20 16:56:40.841 +0900,import,6886,true,,,
6887,13990,,2025-12-20 16:56:40.848 +0900,import,6887,true,,,
6888,9990,,2025-12-20 16:56:40.855 +0900,import,6888,true,,,
6889,6990,,2025-12-20 16:56:40.861 +0900,import,6889,true,,,
6890,6490,,2025-12-20 16:56:40.868 +0900,import,6890,true,,,
6891,1690,,2025-12-20 16:56:40.875 +0900,import,6891,true,,,
6892,3190,,2025-12-20 16:56:40.882 +0900,import,6892,true,,,
6893,2690,,2025-12-20 16:56:40.889 +0900,import,6893,true,,,
6894,1790,,2025-12-20 16:56:40.895 +0900,import,6894,true,,,
6895,1690,,2025-12-20 16:56:40.902 +0900,import,6895,true,,,
6896,2490,,2025-12-20 16:56:40.909 +0900,import,6896,true,,,
6897,3890,,2025-12-20 16:56:40.916 +0900,import,6897,true,,,
6898,2990,,2025-12-20 16:56:40.923 +0900,import,6898,true,,,
6899,9990,,2025-12-20 16:56:40.930 +0900,import,6899,true,,,
6900,3890,,2025-12-20 16:56:40.936 +0900,import,6900,true,,,
6901,3390,,2025-12-20 16:56:40.943 +0900,import,6901,true,,,
6902,3390,,2025-12-20 16:56:40.950 +0900,import,6902,true,,,
6903,3490,,2025-12-20 16:56:40.957 +0900,import,6903,true,,,
6904,3990,,2025-12-20 16:56:40.964 +0900,import,6904,true,,,
6905,4490,,2025-12-20 16:56:40.971 +0900,import,6905,true,,,
6906,1790,,2025-12-20 16:56:40.978 +0900,import,6906,true,,,
6907,4480,,2025-12-20 16:56:40.984 +0900,import,6907,true,,,
6908,3980,,2025-12-20 16:56:40.991 +0900,import,6908,true,,,
6909,4480,,2025-12-20 16:56:40.998 +0900,import,6909,true,,,
6910,4480,,2025-12-20 16:56:41.005 +0900,import,6910,true,,,
6911,5480,,2025-12-20 16:56:41.012 +0900,import,6911,true,,,
6912,2990,,2025-12-20 16:56:41.018 +0900,import,6912,true,,,
6913,3500,,2025-12-20 16:56:41.025 +0900,import,6913,true,,,
6914,3280,,2025-12-20 16:56:41.032 +0900,import,6914,true,,,
6915,3990,,2025-12-20 16:56:41.039 +0900,import,6915,true,,,
6916,3490,,2025-12-20 16:56:41.046 +0900,import,6916,true,,,
6917,3890,,2025-12-20 16:56:41.053 +0900,import,6917,true,,,
6918,3390,,2025-12-20 16:56:41.060 +0900,import,6918,true,,,
6919,4480,,2025-12-20 16:56:41.067 +0900,import,6919,true,,,
6920,14990,,2025-12-20 16:56:41.075 +0900,import,6920,true,,,
6921,16490,,2025-12-20 16:56:41.085 +0900,import,6921,true,,,
6922,16490,,2025-12-20 16:56:41.096 +0900,import,6922,true,,,
6923,10700,15290,2025-12-20 16:56:41.105 +0900,import,6923,true,,,
6924,16480,,2025-12-20 16:56:41.115 +0900,import,6924,true,,,
6925,16980,,2025-12-20 16:56:41.129 +0900,import,6925,true,,,
6926,14990,,2025-12-20 16:56:41.136 +0900,import,6926,true,,,
6927,2990,,2025-12-20 16:56:41.143 +0900,import,6927,true,,,
6928,5090,,2025-12-20 16:56:41.150 +0900,import,6928,true,,,
6929,8380,,2025-12-20 16:56:41.157 +0900,import,6929,true,,,
6930,9980,,2025-12-20 16:56:41.163 +0900,import,6930,true,,,
6931,16980,,2025-12-20 16:56:41.170 +0900,import,6931,true,,,
6932,23480,,2025-12-20 16:56:41.176 +0900,import,6932,true,,,
6933,16490,,2025-12-20 16:56:41.183 +0900,import,6933,true,,,
6934,9980,,2025-12-20 16:56:41.190 +0900,import,6934,true,,,
6935,21490,,2025-12-20 16:56:41.196 +0900,import,6935,true,,,
6936,13490,,2025-12-20 16:56:41.203 +0900,import,6936,true,,,
6937,16490,,2025-12-20 16:56:41.210 +0900,import,6937,true,,,
6938,19990,,2025-12-20 16:56:41.216 +0900,import,6938,true,,,
6939,5290,,2025-12-20 16:56:41.223 +0900,import,6939,true,,,
6940,21490,,2025-12-20 16:56:41.229 +0900,import,6940,true,,,
6941,3480,,2025-12-20 16:56:41.236 +0900,import,6941,true,,,
6942,7590,,2025-12-20 16:56:41.243 +0900,import,6942,true,,,
6943,5090,,2025-12-20 16:56:41.249 +0900,import,6943,true,,,
6944,3480,,2025-12-20 16:56:41.256 +0900,import,6944,true,,,
6945,13490,,2025-12-20 16:56:41.263 +0900,import,6945,true,,,
6946,16490,,2025-12-20 16:56:41.269 +0900,import,6946,true,,,
6947,19990,,2025-12-20 16:56:41.276 +0900,import,6947,true,,,
6948,14990,,2025-12-20 16:56:41.283 +0900,import,6948,true,,,
6949,9980,,2025-12-20 16:56:41.290 +0900,import,6949,true,,,
6950,7790,,2025-12-20 16:56:41.296 +0900,import,6950,true,,,
6951,19990,,2025-12-20 16:56:41.303 +0900,import,6951,true,,,
6952,15990,,2025-12-20 16:56:41.310 +0900,import,6952,true,,,
6953,19990,,2025-12-20 16:56:41.317 +0900,import,6953,true,,,
6954,8980,,2025-12-20 16:56:41.323 +0900,import,6954,true,,,
6955,19990,,2025-12-20 16:56:41.330 +0900,import,6955,true,,,
6956,14990,,2025-12-20 16:56:41.336 +0900,import,6956,true,,,
6957,1290,,2025-12-20 16:56:41.343 +0900,import,6957,true,,,
6958,15990,,2025-12-20 16:56:41.350 +0900,import,6958,true,,,
6959,10980,,2025-12-20 16:56:41.357 +0900,import,6959,true,,,
6960,8520,,2025-12-20 16:56:41.363 +0900,import,6960,true,,,
6961,9490,,2025-12-20 16:56:41.370 +0900,import,6961,true,,,
6962,22990,,2025-12-20 16:56:41.376 +0900,import,6962,true,,,
6963,16490,,2025-12-20 16:56:41.383 +0900,import,6963,true,,,
6964,11490,,2025-12-20 16:56:41.389 +0900,import,6964,true,,,
6965,8980,,2025-12-20 16:56:41.396 +0900,import,6965,true,,,
6966,3980,,2025-12-20 16:56:41.402 +0900,import,6966,true,,,
6967,22450,,2025-12-20 16:56:41.409 +0900,import,6967,true,,,
6968,15990,,2025-12-20 16:56:41.415 +0900,import,6968,true,,,
6969,10980,,2025-12-20 16:56:41.421 +0900,import,6969,true,,,
6970,11490,,2025-12-20 16:56:41.428 +0900,import,6970,true,,,
6971,10990,,2025-12-20 16:56:41.434 +0900,import,6971,true,,,
6972,11490,,2025-12-20 16:56:41.440 +0900,import,6972,true,,,
6973,11490,,2025-12-20 16:56:41.447 +0900,import,6973,true,,,
6974,9490,,2025-12-20 16:56:41.454 +0900,import,6974,true,,,
6975,2990,,2025-12-20 16:56:41.460 +0900,import,6975,true,,,
6976,2990,,2025-12-20 16:56:41.467 +0900,import,6976,true,,,
6977,4990,,2025-12-20 16:56:41.473 +0900,import,6977,true,,,
6978,3980,,2025-12-20 16:56:41.479 +0900,import,6978,true,,,
6979,4490,,2025-12-20 16:56:41.486 +0900,import,6979,true,,,
6980,8990,,2025-12-20 16:56:41.493 +0900,import,6980,true,,,
6981,8980,,2025-12-20 16:56:41.499 +0900,import,6981,true,,,
6982,16490,,2025-12-20 16:56:41.506 +0900,import,6982,true,,,
6983,9490,,2025-12-20 16:56:41.513 +0900,import,6983,true,,,
6984,15990,,2025-12-20 16:56:41.519 +0900,import,6984,true,,,
6985,15990,,2025-12-20 16:56:41.526 +0900,import,6985,true,,,
6986,13480,,2025-12-20 16:56:41.533 +0900,import,6986,true,,,
6987,11490,,2025-12-20 16:56:41.539 +0900,import,6987,true,,,
6988,11490,,2025-12-20 16:56:41.546 +0900,import,6988,true,,,
6989,9490,,2025-12-20 16:56:41.553 +0900,import,6989,true,,,
6990,8990,,2025-12-20 16:56:41.560 +0900,import,6990,true,,,
6991,9490,,2025-12-20 16:56:41.566 +0900,import,6991,true,,,
6992,9490,,2025-12-20 16:56:41.573 +0900,import,6992,true,,,
6993,9490,,2025-12-20 16:56:41.579 +0900,import,6993,true,,,
6994,9490,,2025-12-20 16:56:41.586 +0900,import,6994,true,,,
6995,11490,,2025-12-20 16:56:41.593 +0900,import,6995,true,,,
6996,3990,,2025-12-20 16:56:41.600 +0900,import,6996,true,,,
6997,10990,,2025-12-20 16:56:41.606 +0900,import,6997,true,,,
6998,11490,,2025-12-20 16:56:41.613 +0900,import,6998,true,,,
6999,5990,,2025-12-20 16:56:41.620 +0900,import,6999,true,,,
7000,9490,,2025-12-20 16:56:41.626 +0900,import,7000,true,,,
7001,15990,,2025-12-20 16:56:41.633 +0900,import,7001,true,,,
7002,9490,,2025-12-20 16:56:41.639 +0900,import,7002,true,,,
7003,11490,,2025-12-20 16:56:41.646 +0900,import,7003,true,,,
7004,16490,,2025-12-20 16:56:41.653 +0900,import,7004,true,,,
7005,3990,,2025-12-20 16:56:41.660 +0900,import,7005,true,,,
7006,9490,,2025-12-20 16:56:41.666 +0900,import,7006,true,,,
7007,9490,,2025-12-20 16:56:41.672 +0900,import,7007,true,,,
7008,15990,,2025-12-20 16:56:41.680 +0900,import,7008,true,,,
7009,3390,,2025-12-20 16:56:41.687 +0900,import,7009,true,,,
7010,15990,,2025-12-20 16:56:41.694 +0900,import,7010,true,,,
7011,11490,,2025-12-20 16:56:41.700 +0900,import,7011,true,,,
7012,15990,,2025-12-20 16:56:41.707 +0900,import,7012,true,,,
7013,11490,,2025-12-20 16:56:41.714 +0900,import,7013,true,,,
7014,11490,,2025-12-20 16:56:41.720 +0900,import,7014,true,,,
7015,2990,,2025-12-20 16:56:41.727 +0900,import,7015,true,,,
7016,2990,,2025-12-20 16:56:41.733 +0900,import,7016,true,,,
7017,2790,,2025-12-20 16:56:41.740 +0900,import,7017,true,,,
7018,5780,,2025-12-20 16:56:41.746 +0900,import,7018,true,,,
7019,2990,,2025-12-20 16:56:41.753 +0900,import,7019,true,,,
7020,1000,,2025-12-20 16:56:41.760 +0900,import,7020,true,,,
7021,1220,4090,2025-12-20 16:56:41.766 +0900,import,7021,true,,,
7022,2290,,2025-12-20 16:56:41.773 +0900,import,7022,true,,,
7023,3490,,2025-12-20 16:56:41.779 +0900,import,7023,true,,,
7024,5990,,2025-12-20 16:56:41.785 +0900,import,7024,true,,,
7025,3990,,2025-12-20 16:56:41.792 +0900,import,7025,true,,,
7026,3490,,2025-12-20 16:56:41.798 +0900,import,7026,true,,,
7027,3490,,2025-12-20 16:56:41.805 +0900,import,7027,true,,,
7028,5690,,2025-12-20 16:56:41.811 +0900,import,7028,true,,,
7029,4990,,2025-12-20 16:56:41.817 +0900,import,7029,true,,,
7030,3990,,2025-12-20 16:56:41.824 +0900,import,7030,true,,,
7031,3990,,2025-12-20 16:56:41.830 +0900,import,7031,true,,,
7032,3490,,2025-12-20 16:56:41.836 +0900,import,7032,true,,,
7033,3290,,2025-12-20 16:56:41.843 +0900,import,7033,true,,,
7034,5690,,2025-12-20 16:56:41.849 +0900,import,7034,true,,,
7035,3490,,2025-12-20 16:56:41.856 +0900,import,7035,true,,,
7036,2490,,2025-12-20 16:56:41.864 +0900,import,7036,true,,,
7037,2490,,2025-12-20 16:56:41.871 +0900,import,7037,true,,,
7038,1990,,2025-12-20 16:56:41.878 +0900,import,7038,true,,,
7039,2490,,2025-12-20 16:56:41.885 +0900,import,7039,true,,,
7040,2490,,2025-12-20 16:56:41.893 +0900,import,7040,true,,,
7041,2490,,2025-12-20 16:56:41.899 +0900,import,7041,true,,,
7042,1990,,2025-12-20 16:56:41.906 +0900,import,7042,true,,,
7043,5590,,2025-12-20 16:56:41.912 +0900,import,7043,true,,,
7044,3790,,2025-12-20 16:56:41.918 +0900,import,7044,true,,,
7045,3890,,2025-12-20 16:56:41.925 +0900,import,7045,true,,,
7046,3590,,2025-12-20 16:56:41.931 +0900,import,7046,true,,,
7047,3490,,2025-12-20 16:56:41.938 +0900,import,7047,true,,,
7048,3790,,2025-12-20 16:56:41.945 +0900,import,7048,true,,,
7049,1990,,2025-12-20 16:56:41.952 +0900,import,7049,true,,,
7050,1990,,2025-12-20 16:56:41.959 +0900,import,7050,true,,,
7051,3690,,2025-12-20 16:56:41.965 +0900,import,7051,true,,,
7052,1990,,2025-12-20 16:56:41.972 +0900,import,7052,true,,,
7053,4790,,2025-12-20 16:56:41.979 +0900,import,7053,true,,,
7054,4490,,2025-12-20 16:56:41.985 +0900,import,7054,true,,,
7055,8420,,2025-12-20 16:56:41.992 +0900,import,7055,true,,,
7056,5490,,2025-12-20 16:56:41.998 +0900,import,7056,true,,,
7057,4990,,2025-12-20 16:56:42.005 +0900,import,7057,true,,,
7058,5490,,2025-12-20 16:56:42.011 +0900,import,7058,true,,,
7059,5190,,2025-12-20 16:56:42.017 +0900,import,7059,true,,,
7060,3590,,2025-12-20 16:56:42.024 +0900,import,7060,true,,,
313,34900,49900,2025-12-20 16:55:59.892 +0900,import,313,false,,,
9097,17990,,2025-12-20 17:07:51.130 +0900,crawl,13,true,14990,3000,20.01
9099,12990,,2025-12-20 17:07:52.038 +0900,crawl,15,true,7990,5000,62.58
319,64900,65900,2025-12-20 16:55:59.923 +0900,import,319,false,,,
9102,14990,,2025-12-20 17:07:52.318 +0900,crawl,27,true,9990,5000,50.05
9103,19990,,2025-12-20 17:07:52.323 +0900,crawl,28,true,13990,6000,42.89
9104,19990,,2025-12-20 17:07:52.328 +0900,crawl,29,true,13990,6000,42.89
9105,21990,,2025-12-20 17:07:52.334 +0900,crawl,30,true,15990,6000,37.52
9106,14990,,2025-12-20 17:07:52.458 +0900,crawl,31,true,9990,5000,50.05
9107,17990,,2025-12-20 17:07:52.531 +0900,crawl,32,true,12990,5000,38.49
9110,10990,,2025-12-20 17:07:52.627 +0900,crawl,35,true,7990,3000,37.55
9114,15990,,2025-12-20 17:07:53.821 +0900,crawl,43,true,12990,3000,23.09
133,3490,,2025-12-20 16:55:58.878 +0900,import,133,false,,,
9118,9990,,2025-12-20 17:07:54.009 +0900,crawl,48,true,7990,2000,25.03
9119,9990,,2025-12-20 17:07:54.015 +0900,crawl,49,true,7990,2000,25.03
9120,5990,,2025-12-20 17:07:54.053 +0900,crawl,50,true,4990,1000,20.04
213,4490,8990,2025-12-20 16:55:59.345 +0900,import,213,false,,,
9121,5990,,2025-12-20 17:07:54.063 +0900,crawl,52,true,4990,1000,20.04
1,13990,16990,2025-12-20 16:55:58.116 +0900,import,1,false,,,
8096,3990,5990,2025-12-20 17:05:56.288 +0900,crawl,53,false,5990,-2000,-33.39
9122,5990,,2025-12-20 17:07:54.069 +0900,crawl,53,true,3990,2000,50.13
9123,9990,,2025-12-20 17:07:54.104 +0900,crawl,55,true,7990,2000,25.03
9125,14990,,2025-12-20 17:07:54.269 +0900,crawl,59,true,12990,2000,15.40
10,6990,9990,2025-12-20 16:55:58.182 +0900,import,10,false,,,
9128,12990,,2025-12-20 17:07:54.333 +0900,crawl,61,true,9990,3000,30.03
9131,14990,,2025-12-20 17:07:54.449 +0900,crawl,68,true,9990,5000,50.05
9133,9990,,2025-12-20 17:07:54.776 +0900,crawl,70,true,8990,1000,11.12
9134,14990,,2025-12-20 17:07:54.783 +0900,crawl,71,true,12990,2000,15.40
9135,3990,,2025-12-20 17:07:54.790 +0900,crawl,72,true,2990,1000,33.44
9137,7990,,2025-12-20 17:07:55.705 +0900,crawl,77,true,6990,1000,14.31
9141,13900,,2025-12-20 17:07:55.787 +0900,crawl,94,true,10900,3000,27.52
8118,5990,,2025-12-20 17:05:56.476 +0900,crawl,102,false,7990,-2000,-25.03
44,7990,10990,2025-12-20 16:55:58.385 +0900,import,44,false,,,
9149,9990,,2025-12-20 17:07:56.066 +0900,crawl,126,true,6990,3000,42.92
9150,9990,,2025-12-20 17:07:56.073 +0900,crawl,127,true,6990,3000,42.92
9151,8990,,2025-12-20 17:07:56.138 +0900,crawl,392,true,5390,3600,66.79
8152,8990,,2025-12-20 17:05:57.316 +0900,crawl,393,false,9990,-1000,-10.01
9154,14990,,2025-12-20 17:07:56.878 +0900,crawl,396,true,10990,4000,36.40
9156,8990,,2025-12-20 17:07:58.289 +0900,crawl,407,true,4990,4000,80.16
9165,3990,,2025-12-20 17:07:59.443 +0900,crawl,434,true,2990,1000,33.44
73,14990,16990,2025-12-20 16:55:58.550 +0900,import,73,false,,,
9167,7990,,2025-12-20 17:07:59.621 +0900,crawl,446,true,5990,2000,33.39
102,5990,,2025-12-20 16:55:58.710 +0900,import,102,false,,,
9175,5990,,2025-12-20 17:08:00.114 +0900,crawl,469,true,3490,2500,71.63
9176,5980,,2025-12-20 17:08:00.129 +0900,crawl,471,true,2990,2990,100.00
8178,3990,4990,2025-12-20 17:05:57.606 +0900,crawl,489,false,4990,-1000,-20.04
8180,4490,4990,2025-12-20 17:05:57.633 +0900,crawl,498,false,4990,-500,-10.02
392,5390,8990,2025-12-20 16:56:00.332 +0900,import,392,false,,,
9181,1990,,2025-12-20 17:08:01.332 +0900,crawl,499,true,1190,800,67.23
413,3490,,2025-12-20 16:56:00.462 +0900,import,413,false,,,
8195,6490,6890,2025-12-20 17:05:57.836 +0900,crawl,567,false,6890,-400,-5.81
489,3990,4990,2025-12-20 16:56:00.936 +0900,import,489,false,,,
509,2990,5980,2025-12-20 16:56:01.059 +0900,import,509,false,,,
8219,5990,,2025-12-20 17:05:58.134 +0900,crawl,665,false,11990,-6000,-50.04
8222,2510,3590,2025-12-20 17:05:58.206 +0900,crawl,690,false,3590,-1080,-30.08
9224,8900,,2025-12-20 17:08:08.533 +0900,crawl,696,true,6900,2000,28.99
590,4490,5990,2025-12-20 16:56:01.536 +0900,import,590,false,,,
597,3490,3990,2025-12-20 16:56:01.578 +0900,import,597,false,,,
9231,9490,,2025-12-20 17:08:08.901 +0900,crawl,722,true,8490,1000,11.78
9234,7890,,2025-12-20 17:08:08.970 +0900,crawl,733,true,6890,1000,14.51
9235,8990,,2025-12-20 17:08:08.984 +0900,crawl,735,true,7990,1000,12.52
9237,7990,,2025-12-20 17:08:09.144 +0900,crawl,748,true,4990,3000,60.12
9240,5290,,2025-12-20 17:08:09.783 +0900,crawl,794,true,2990,2300,76.92
9241,2090,,2025-12-20 17:08:09.800 +0900,crawl,803,true,1790,300,16.76
8242,4990,,2025-12-20 17:05:58.542 +0900,crawl,806,false,5490,-500,-9.11
9242,5490,,2025-12-20 17:08:09.845 +0900,crawl,806,true,4990,500,10.02
9243,5290,,2025-12-20 17:08:09.904 +0900,crawl,820,true,2990,2300,76.92
690,2510,3590,2025-12-20 16:56:02.112 +0900,import,690,false,,,
9247,14900,,2025-12-20 17:08:10.005 +0900,crawl,835,false,7450,7450,100.00
9248,16900,,2025-12-20 17:08:10.014 +0900,crawl,836,false,8450,8450,100.00
9251,20900,,2025-12-20 17:08:10.042 +0900,crawl,838,false,10450,10450,100.00
9249,18900,,2025-12-20 17:08:10.023 +0900,crawl,839,false,9450,9450,100.00
9250,21900,,2025-12-20 17:08:10.033 +0900,crawl,837,false,10950,10950,100.00
9252,23900,,2025-12-20 17:08:10.051 +0900,crawl,840,false,11950,11950,100.00
704,4990,5990,2025-12-20 16:56:02.196 +0900,import,704,false,,,
9256,11500,,2025-12-20 17:08:10.088 +0900,crawl,844,true,5750,5750,100.00
9258,20500,,2025-12-20 17:08:10.107 +0900,crawl,846,true,18450,2050,11.11
8265,10350,11500,2025-12-20 17:05:58.697 +0900,crawl,853,false,11500,-1150,-10.00
785,1000,,2025-12-20 16:56:02.656 +0900,import,785,false,,,
9268,18500,,2025-12-20 17:08:11.521 +0900,crawl,856,true,16650,1850,11.11
826,1590,,2025-12-20 16:56:02.883 +0900,import,826,false,,,
8283,6390,7990,2025-12-20 17:05:58.783 +0900,crawl,876,false,8740,-2350,-26.89
854,9900,11000,2025-12-20 16:56:03.061 +0900,import,854,false,,,
9296,9990,,2025-12-20 17:08:13.336 +0900,crawl,898,true,7990,2000,25.03
9297,19990,,2025-12-20 17:08:13.345 +0900,crawl,901,true,15990,4000,25.02
8306,14900,29800,2025-12-20 17:05:58.913 +0900,crawl,911,false,29800,-14900,-50.00
881,7990,9990,2025-12-20 16:56:03.234 +0900,import,881,false,,,
8311,9900,19800,2025-12-20 17:05:58.934 +0900,crawl,916,false,19800,-9900,-50.00
887,8790,10990,2025-12-20 16:56:03.270 +0900,import,887,false,,,
9312,2550,,2025-12-20 17:08:13.775 +0900,crawl,922,true,1530,1020,66.67
914,9900,19800,2025-12-20 16:56:03.434 +0900,import,914,false,,,
8338,13750,27500,2025-12-20 17:05:59.055 +0900,crawl,946,false,27500,-13750,-50.00
9331,27500,,2025-12-20 17:08:14.766 +0900,crawl,946,true,13750,13750,100.00
9334,1650,,2025-12-20 17:08:14.793 +0900,crawl,942,true,990,660,66.67
9335,27500,,2025-12-20 17:08:14.802 +0900,crawl,941,true,13750,13750,100.00
9342,4400,,2025-12-20 17:08:15.731 +0900,crawl,950,true,2640,1760,66.67
9344,27500,,2025-12-20 17:08:15.749 +0900,crawl,952,true,16500,11000,66.67
9345,7900,,2025-12-20 17:08:15.758 +0900,crawl,953,true,4740,3160,66.67
8348,18810,20900,2025-12-20 17:05:59.097 +0900,crawl,956,false,20900,-2090,-10.00
938,6000,7500,2025-12-20 16:56:03.587 +0900,import,938,false,,,
8353,19710,21900,2025-12-20 17:05:59.120 +0900,crawl,962,false,21900,-2190,-10.00
9353,7900,,2025-12-20 17:08:15.845 +0900,crawl,965,true,3950,3950,100.00
9359,19800,,2025-12-20 17:08:16.353 +0900,crawl,977,true,9900,9900,100.00
9363,3600,,2025-12-20 17:08:16.384 +0900,crawl,981,true,2520,1080,42.86
9367,5900,,2025-12-20 17:08:16.539 +0900,crawl,989,true,3540,2360,66.67
958,17910,19900,2025-12-20 16:56:03.709 +0900,import,958,false,,,
9370,24990,,2025-12-20 17:08:16.639 +0900,crawl,993,true,17990,7000,38.91
8373,12990,21650,2025-12-20 17:05:59.257 +0900,crawl,996,false,21650,-8660,-40.00
9373,21650,,2025-12-20 17:08:16.663 +0900,crawl,996,true,12990,8660,66.67
975,43900,53900,2025-12-20 16:56:03.817 +0900,import,975,false,,,
983,9900,11000,2025-12-20 16:56:03.870 +0900,import,983,false,,,
9388,15990,,2025-12-20 17:08:17.851 +0900,crawl,1020,true,10990,5000,45.50
9389,13990,,2025-12-20 17:08:17.858 +0900,crawl,1021,true,8990,5000,55.62
8391,5390,8990,2025-12-20 17:05:59.358 +0900,crawl,1023,false,8990,-3600,-40.04
9391,10990,,2025-12-20 17:08:17.885 +0900,crawl,1022,true,7990,3000,37.55
9392,8990,,2025-12-20 17:08:17.893 +0900,crawl,1026,true,6990,2000,28.61
9398,13990,,2025-12-20 17:08:19.234 +0900,crawl,1037,true,11190,2800,25.02
1011,8990,12990,2025-12-20 16:56:04.067 +0900,import,1011,false,,,
9404,10990,,2025-12-20 17:08:21.556 +0900,crawl,1044,true,6990,4000,57.22
9405,10990,,2025-12-20 17:08:21.565 +0900,crawl,1045,true,4990,6000,120.24
8407,7990,,2025-12-20 17:05:59.472 +0900,crawl,1057,false,12990,-5000,-38.49
9406,12990,,2025-12-20 17:08:21.608 +0900,crawl,1057,true,7990,5000,62.58
9407,13990,,2025-12-20 17:08:21.627 +0900,crawl,1056,true,11990,2000,16.68
9408,4490,,2025-12-20 17:08:21.664 +0900,crawl,1061,true,1990,2500,125.63
9409,4490,,2025-12-20 17:08:21.673 +0900,crawl,1062,true,1990,2500,125.63
9413,4490,,2025-12-20 17:08:21.714 +0900,crawl,1066,true,2490,2000,80.32
9416,8990,,2025-12-20 17:08:21.828 +0900,crawl,1076,true,6990,2000,28.61
9419,8990,,2025-12-20 17:08:22.142 +0900,crawl,1096,true,6990,2000,28.61
1044,6990,10990,2025-12-20 16:56:04.260 +0900,import,1044,false,,,
9422,8990,,2025-12-20 17:08:22.177 +0900,crawl,1089,true,6990,2000,28.61
9424,10990,,2025-12-20 17:08:22.208 +0900,crawl,1092,true,7990,3000,37.55
9425,9990,,2025-12-20 17:08:22.272 +0900,crawl,1099,true,8490,1500,17.67
9427,7490,,2025-12-20 17:08:22.523 +0900,crawl,1130,true,5490,2000,36.43
1075,9990,,2025-12-20 16:56:04.424 +0900,import,1075,false,,,
8430,7490,,2025-12-20 17:05:59.764 +0900,crawl,1151,false,8490,-1000,-11.78
9430,8490,,2025-12-20 17:08:22.577 +0900,crawl,1151,true,7490,1000,13.35
8510,1990,3980,2025-12-20 17:06:02.819 +0900,crawl,2209,false,3980,-1990,-50.00
1098,8990,,2025-12-20 16:56:04.548 +0900,import,1098,false,,,
8514,4980,8300,2025-12-20 17:06:02.835 +0900,crawl,2213,false,8300,-3320,-40.00
8517,27860,39800,2025-12-20 17:06:02.855 +0900,crawl,2219,false,39800,-11940,-30.00
9442,7000,,2025-12-20 17:08:27.278 +0900,crawl,2221,true,4200,2800,66.67
2209,1990,3980,2025-12-20 16:56:10.941 +0900,import,2209,false,,,
2215,6300,9000,2025-12-20 16:56:10.984 +0900,import,2215,false,,,
9459,29900,,2025-12-20 17:08:31.555 +0900,crawl,2252,true,23920,5980,25.00
9462,29980,,2025-12-20 17:08:33.961 +0900,crawl,2267,true,12890,17090,132.58
2242,20860,29800,2025-12-20 16:56:11.150 +0900,import,2242,false,,,
8547,11170,25980,2025-12-20 17:06:03.042 +0900,crawl,2274,false,25980,-14810,-57.01
9465,458000,,2025-12-20 17:08:34.004 +0900,crawl,2268,true,219840,238160,108.33
9467,159800,,2025-12-20 17:08:34.030 +0900,crawl,2270,true,79900,79900,100.00
2251,9030,12900,2025-12-20 16:56:11.208 +0900,import,2251,false,,,
9476,600,,2025-12-20 17:08:34.163 +0900,crawl,2281,true,300,300,100.00
8557,3300,6600,2025-12-20 17:06:03.091 +0900,crawl,2287,false,6600,-3300,-50.00
9480,5980,,2025-12-20 17:08:36.292 +0900,crawl,2288,true,2990,2990,100.00
8559,6990,13980,2025-12-20 17:06:03.108 +0900,crawl,2292,false,13980,-6990,-50.00
2286,2490,4980,2025-12-20 16:56:11.423 +0900,import,2286,false,,,
9491,2380,,2025-12-20 17:08:39.576 +0900,crawl,2312,true,1190,1190,100.00
8580,9540,15900,2025-12-20 17:06:03.228 +0900,crawl,2325,false,15900,-6360,-40.00
9504,15900,,2025-12-20 17:08:41.033 +0900,crawl,2325,true,9540,6360,66.67
2317,16500,27500,2025-12-20 16:56:11.625 +0900,import,2317,false,,,
2341,11550,16500,2025-12-20 16:56:11.775 +0900,import,2341,false,,,
9513,19900,,2025-12-20 17:08:42.953 +0900,crawl,2354,true,13930,5970,42.86
2350,11550,16500,2025-12-20 16:56:11.835 +0900,import,2350,false,,,
8601,9900,16500,2025-12-20 17:06:03.377 +0900,crawl,2369,false,16500,-6600,-40.00
9522,15900,,2025-12-20 17:08:44.376 +0900,crawl,2367,true,9540,6360,66.67
8605,9900,16500,2025-12-20 17:06:03.397 +0900,crawl,2374,false,16500,-6600,-40.00
9526,15900,,2025-12-20 17:08:44.450 +0900,crawl,2376,true,9540,6360,66.67
9527,9500,,2025-12-20 17:08:44.468 +0900,crawl,2373,true,5700,3800,66.67
9530,15900,,2025-12-20 17:08:44.526 +0900,crawl,2370,true,9540,6360,66.67
9538,9990,,2025-12-20 17:08:47.302 +0900,crawl,2395,true,6990,3000,42.92
2381,5990,9990,2025-12-20 16:56:12.044 +0900,import,2381,false,,,
8620,17990,25700,2025-12-20 17:06:03.462 +0900,crawl,2390,false,27990,-10000,-35.73
9555,13900,,2025-12-20 17:08:47.612 +0900,crawl,2403,true,7980,5920,74.19
8650,7980,13300,2025-12-20 17:06:03.615 +0900,crawl,2430,false,13900,-5920,-42.59
9556,13900,,2025-12-20 17:08:47.630 +0900,crawl,2430,true,7980,5920,74.19
9557,13900,,2025-12-20 17:08:47.643 +0900,crawl,2438,true,7980,5920,74.19
2409,7500,12500,2025-12-20 16:56:12.243 +0900,import,2409,false,,,
2430,7980,13300,2025-12-20 16:56:12.369 +0900,import,2430,false,,,
9563,13900,,2025-12-20 17:08:47.818 +0900,crawl,2404,true,7980,5920,74.19
9564,13900,,2025-12-20 17:08:47.836 +0900,crawl,2415,true,7980,5920,74.19
9569,13900,,2025-12-20 17:08:47.954 +0900,crawl,2424,true,7980,5920,74.19
2433,4790,7990,2025-12-20 16:56:12.386 +0900,import,2433,false,,,
9581,13900,,2025-12-20 17:08:48.164 +0900,crawl,2425,true,7980,5920,74.19
8666,6900,11500,2025-12-20 17:06:03.699 +0900,crawl,2453,false,11500,-4600,-40.00
2462,4490,8980,2025-12-20 16:56:12.556 +0900,import,2462,false,,,
8696,8990,,2025-12-20 17:06:03.851 +0900,crawl,2495,false,11990,-3000,-25.02
9611,10800,,2025-12-20 17:08:51.675 +0900,crawl,2496,true,5990,4810,80.30
2511,4480,6400,2025-12-20 16:56:12.850 +0900,import,2511,false,,,
8700,5990,,2025-12-20 17:06:03.873 +0900,crawl,2501,false,13500,-7510,-55.63
2522,5950,8500,2025-12-20 16:56:12.914 +0900,import,2522,false,,,
2524,3480,5800,2025-12-20 16:56:12.927 +0900,import,2524,false,,,
2532,4480,6400,2025-12-20 16:56:12.976 +0900,import,2532,false,,,
8726,11940,19900,2025-12-20 17:06:04.007 +0900,crawl,2537,false,19900,-7960,-40.00
8740,13930,19900,2025-12-20 17:06:04.070 +0900,crawl,2553,false,19900,-5970,-30.00
2579,13930,19900,2025-12-20 16:56:13.280 +0900,import,2579,false,,,
8758,13230,18900,2025-12-20 17:06:04.157 +0900,crawl,2576,false,18900,-5670,-30.00
1991,8990,,2025-12-20 16:56:09.593 +0900,import,1991,false,,,
8460,8990,,2025-12-20 17:06:02.156 +0900,crawl,1991,false,10990,-2000,-18.20
9688,9490,,2025-12-20 17:09:04.472 +0900,crawl,2006,true,7990,1500,18.77
9689,6490,,2025-12-20 17:09:04.522 +0900,crawl,1998,true,4490,2000,44.54
2027,5990,,2025-12-20 16:56:09.793 +0900,import,2027,false,,,
9690,5490,,2025-12-20 17:09:04.862 +0900,crawl,2017,true,4090,1400,34.23
9691,2090,,2025-12-20 17:09:04.878 +0900,crawl,2023,true,1990,100,5.03
9694,7490,,2025-12-20 17:09:04.960 +0900,crawl,2024,true,5990,1500,25.04
2039,3990,7990,2025-12-20 16:56:09.859 +0900,import,2039,false,,,
9702,7990,,2025-12-20 17:09:05.541 +0900,crawl,2039,true,3990,4000,100.25
9703,3990,,2025-12-20 17:09:05.575 +0900,crawl,2041,true,1990,2000,100.50
2045,1990,3990,2025-12-20 16:56:09.893 +0900,import,2045,false,,,
9707,7990,,2025-12-20 17:09:05.645 +0900,crawl,2042,true,5590,2400,42.93
8485,4890,,2025-12-20 17:06:02.362 +0900,crawl,2051,false,5290,-400,-7.56
9709,5290,,2025-12-20 17:09:05.673 +0900,crawl,2051,true,4890,400,8.18
9711,3990,,2025-12-20 17:09:05.706 +0900,crawl,2044,true,2790,1200,43.01
9719,4690,,2025-12-20 17:09:06.046 +0900,crawl,2063,true,3690,1000,27.10
9724,5990,,2025-12-20 17:09:15.437 +0900,crawl,2131,true,4990,1000,20.04
9725,2990,,2025-12-20 17:09:15.566 +0900,crawl,2140,true,2490,500,20.08
9727,15900,,2025-12-20 17:09:20.116 +0900,crawl,2182,true,7990,7910,99.00
9728,26000,,2025-12-20 17:09:20.181 +0900,crawl,2200,true,16900,9100,53.85
2197,2990,,2025-12-20 16:56:10.871 +0900,import,2197,false,,,
9729,17900,,2025-12-20 17:09:20.216 +0900,crawl,2195,true,12900,5000,38.76
9730,10900,,2025-12-20 17:09:20.236 +0900,crawl,2188,true,6990,3910,55.94
9731,9990,,2025-12-20 17:09:20.279 +0900,crawl,2190,true,7490,2500,33.38
2597,5890,,2025-12-20 16:56:13.388 +0900,import,2597,false,,,
9732,3490,,2025-12-20 17:09:20.311 +0900,crawl,2197,true,2990,500,16.72
8506,8990,,2025-12-20 17:06:02.785 +0900,crawl,2198,false,14900,-5910,-39.66
9733,14900,,2025-12-20 17:09:20.342 +0900,crawl,2198,true,8990,5910,65.74
9734,15900,,2025-12-20 17:09:20.371 +0900,crawl,2203,true,11900,4000,33.61
10062,23120,28900,2025-12-25 13:14:12.272 +0900,import,7063,true,,,
10063,25520,31900,2025-12-25 13:14:12.296 +0900,import,7064,true,,,
2625,7290,,2025-12-20 16:56:13.546 +0900,import,2625,false,,,
10064,23120,28900,2025-12-25 13:14:12.308 +0900,import,7065,true,,,
10065,25520,31900,2025-12-25 13:14:12.322 +0900,import,7066,true,,,
165,13900,,2025-12-20 16:55:59.072 +0900,import,165,false,,,
10066,6950,13900,2025-12-25 13:14:12.361 +0900,crawl,165,true,13900,-6950,-50.00
10067,6990,9990,2025-12-25 13:14:12.405 +0900,import,7067,true,,,
10068,6290,8990,2025-12-25 13:14:12.418 +0900,import,7068,true,,,
2671,3990,,2025-12-20 16:56:13.808 +0900,import,2671,false,,,
10069,1990,,2025-12-25 13:14:12.432 +0900,import,7069,true,,,
10070,7990,,2025-12-25 13:14:12.445 +0900,import,7070,true,,,
10071,7990,,2025-12-25 13:14:12.466 +0900,import,7071,true,,,
10072,1000,,2025-12-25 13:14:12.481 +0900,import,7072,true,,,
10073,1990,,2025-12-25 13:14:12.491 +0900,import,7073,true,,,
10074,5990,,2025-12-25 13:14:12.536 +0900,import,7074,true,,,
10075,7990,9990,2025-12-25 13:14:12.548 +0900,import,7075,true,,,
10076,3280,,2025-12-25 13:14:12.636 +0900,import,7076,true,,,
10077,2220,,2025-12-25 13:14:12.673 +0900,import,7077,true,,,
10078,3290,,2025-12-25 13:14:12.699 +0900,import,7078,true,,,
265,3290,,2025-12-20 16:55:59.633 +0900,import,265,false,,,
10079,2190,,2025-12-25 13:14:12.740 +0900,crawl,265,true,3290,-1100,-33.43
2722,6990,,2025-12-20 16:56:14.113 +0900,import,2722,false,,,
258,4480,,2025-12-20 16:55:59.596 +0900,import,258,false,,,
10080,5480,,2025-12-25 13:14:12.793 +0900,crawl,258,true,4480,1000,22.32
10081,3980,,2025-12-25 13:14:12.823 +0900,import,7079,true,,,
10082,2690,,2025-12-25 13:14:12.835 +0900,import,7080,true,,,
8768,2790,,2025-12-20 17:06:04.293 +0900,crawl,2615,false,3990,-1200,-30.08
2741,5990,,2025-12-20 16:56:14.222 +0900,import,2741,false,,,
9740,6990,,2025-12-20 17:09:22.815 +0900,crawl,2617,true,5990,1000,16.69
9743,4890,,2025-12-20 17:09:23.156 +0900,crawl,2642,true,3490,1400,40.11
9744,4890,,2025-12-20 17:09:23.170 +0900,crawl,2646,true,3490,1400,40.11
9745,4890,,2025-12-20 17:09:23.377 +0900,crawl,2652,true,3490,1400,40.11
9747,4990,,2025-12-20 17:09:23.508 +0900,crawl,2671,true,3990,1000,25.06
9748,5900,,2025-12-20 17:09:23.532 +0900,crawl,2663,true,4720,1180,25.00
9749,4690,,2025-12-20 17:09:23.562 +0900,crawl,2672,true,3990,700,17.54
9750,4690,,2025-12-20 17:09:23.627 +0900,crawl,2675,true,3990,700,17.54
9751,4690,,2025-12-20 17:09:23.654 +0900,crawl,2682,true,3990,700,17.54
9752,4690,,2025-12-20 17:09:23.727 +0900,crawl,2673,true,3990,700,17.54
2816,2690,,2025-12-20 16:56:14.659 +0900,import,2816,false,,,
9753,4990,,2025-12-20 17:09:23.745 +0900,crawl,2665,true,3990,1000,25.06
9754,5890,,2025-12-20 17:09:24.214 +0900,crawl,2691,true,5490,400,7.29
9755,7590,,2025-12-20 17:09:24.276 +0900,crawl,2697,true,6490,1100,16.95
9756,5690,,2025-12-20 17:09:24.322 +0900,crawl,2700,true,5290,400,7.56
9758,1390,,2025-12-20 17:09:24.513 +0900,crawl,2710,true,1250,140,11.20
8788,6990,,2025-12-20 17:06:04.623 +0900,crawl,2722,false,7990,-1000,-12.52
2820,2690,,2025-12-20 16:56:14.682 +0900,import,2820,false,,,
9762,6990,,2025-12-20 17:09:25.060 +0900,crawl,2734,true,5990,1000,16.69
9763,2490,,2025-12-20 17:09:25.071 +0900,crawl,2729,true,2190,300,13.70
9764,2490,,2025-12-20 17:09:25.095 +0900,crawl,2727,true,2190,300,13.70
9765,6990,,2025-12-20 17:09:25.153 +0900,crawl,2741,true,5990,1000,16.69
9766,6990,,2025-12-20 17:09:25.234 +0900,crawl,2778,true,5790,1200,20.73
9767,4490,,2025-12-20 17:09:25.284 +0900,crawl,2762,true,3990,500,12.53
9768,6690,,2025-12-20 17:09:25.389 +0900,crawl,2756,true,5990,700,11.69
9770,4990,,2025-12-20 17:09:25.451 +0900,crawl,2750,true,3990,1000,25.06
9772,6990,,2025-12-20 17:09:25.572 +0900,crawl,2743,true,5990,1000,16.69
9773,2900,,2025-12-20 17:09:25.672 +0900,crawl,2777,true,1900,1000,52.63
9774,4490,,2025-12-20 17:09:25.837 +0900,crawl,2793,true,3990,500,12.53
2925,9990,17600,2025-12-20 16:56:15.306 +0900,import,2925,false,,,
9775,7990,,2025-12-20 17:09:26.033 +0900,crawl,2806,true,6990,1000,14.31
8808,4790,,2025-12-20 17:06:04.905 +0900,crawl,2812,false,5690,-900,-15.82
9779,3490,,2025-12-20 17:09:26.141 +0900,crawl,2816,true,2690,800,29.74
2990,5990,,2025-12-20 16:56:15.704 +0900,import,2990,false,,,
9781,9990,,2025-12-20 17:09:26.198 +0900,crawl,2847,true,8990,1000,11.12
9782,4490,,2025-12-20 17:09:26.228 +0900,crawl,2817,true,3490,1000,28.65
9783,9990,,2025-12-20 17:09:26.280 +0900,crawl,2819,true,8990,1000,11.12
3013,4490,,2025-12-20 16:56:15.858 +0900,import,3013,false,,,
8814,2690,,2025-12-20 17:06:04.947 +0900,crawl,2824,false,3490,-800,-22.92
9784,3490,,2025-12-20 17:09:26.311 +0900,crawl,2824,true,2690,800,29.74
9785,4790,,2025-12-20 17:09:26.334 +0900,crawl,2834,true,3990,800,20.05
9786,3490,,2025-12-20 17:09:26.359 +0900,crawl,2820,true,2690,800,29.74
9788,9990,,2025-12-20 17:09:26.515 +0900,crawl,2828,true,8990,1000,11.12
3041,6990,,2025-12-20 16:56:16.028 +0900,import,3041,false,,,
9789,2090,,2025-12-20 17:09:26.572 +0900,crawl,2860,true,1590,500,31.45
9790,6690,,2025-12-20 17:09:26.588 +0900,crawl,2813,true,5990,700,11.69
9792,1790,,2025-12-20 17:09:26.674 +0900,crawl,2825,true,1290,500,38.76
8819,2690,,2025-12-20 17:06:05.008 +0900,crawl,2843,false,2990,-300,-10.03
9795,5990,,2025-12-20 17:09:26.807 +0900,crawl,2852,true,3990,2000,50.13
9800,2900,,2025-12-20 17:09:27.245 +0900,crawl,2882,true,1900,1000,52.63
3106,14990,,2025-12-20 16:56:16.434 +0900,import,3106,false,,,
9802,17600,,2025-12-20 17:09:27.667 +0900,crawl,2925,true,9990,7610,76.18
9804,17600,,2025-12-20 17:09:27.766 +0900,crawl,2913,true,9990,7610,76.18
9805,19800,,2025-12-20 17:09:27.850 +0900,crawl,2931,true,18800,1000,5.32
9806,17600,,2025-12-20 17:09:27.867 +0900,crawl,2932,true,9990,7610,76.18
1181,7990,,2025-12-20 16:56:04.999 +0900,import,1181,false,,,
1227,4990,5990,2025-12-20 16:56:05.265 +0900,import,1227,false,,,
9819,3990,,2025-12-20 17:09:32.904 +0900,crawl,3052,true,2990,1000,33.44
1271,8980,,2025-12-20 16:56:05.513 +0900,import,1271,false,,,
8850,8990,,2025-12-20 17:06:05.635 +0900,crawl,3054,false,14000,-5010,-35.79
1366,5990,,2025-12-20 16:56:06.056 +0900,import,1366,false,,,
9821,5990,,2025-12-20 17:09:32.938 +0900,crawl,3053,true,3990,2000,50.13
9822,5990,,2025-12-20 17:09:32.958 +0900,crawl,3055,true,3990,2000,50.13
9824,5990,,2025-12-20 17:09:33.003 +0900,crawl,3068,true,3990,2000,50.13
1518,2080,,2025-12-20 16:56:06.939 +0900,import,1518,false,,,
9826,7390,,2025-12-20 17:09:33.058 +0900,crawl,3057,true,5190,2200,42.39
1693,3980,,2025-12-20 16:56:07.907 +0900,import,1693,false,,,
8855,3990,,2025-12-20 17:06:05.663 +0900,crawl,3062,false,5990,-2000,-33.39
1809,4990,,2025-12-20 16:56:08.566 +0900,import,1809,false,,,
9828,5990,,2025-12-20 17:09:33.107 +0900,crawl,3062,true,3990,2000,50.13
1845,8480,,2025-12-20 16:56:08.764 +0900,import,1845,false,,,
9830,17990,,2025-12-20 17:09:36.043 +0900,crawl,3104,true,13990,4000,28.59
9833,6590,,2025-12-20 17:09:37.465 +0900,crawl,3115,true,5990,600,10.02
5577,6810,,2025-12-20 16:56:32.066 +0900,import,5577,false,,,
9834,6590,,2025-12-20 17:09:37.481 +0900,crawl,3116,true,5990,600,10.02
9837,9190,,2025-12-20 17:09:40.797 +0900,crawl,1181,true,7990,1200,15.02
9838,6480,,2025-12-20 17:09:41.154 +0900,crawl,1208,true,4490,1990,44.32
9839,6990,,2025-12-20 17:09:42.410 +0900,crawl,1225,true,4990,2000,40.08
5702,10320,,2025-12-20 16:56:32.867 +0900,import,5702,false,,,
9840,6990,,2025-12-20 17:09:42.435 +0900,crawl,1226,true,4990,2000,40.08
5733,4490,,2025-12-20 16:56:33.085 +0900,import,5733,false,,,
9841,8480,,2025-12-20 17:09:42.454 +0900,crawl,1228,true,6780,1700,25.07
9842,8480,,2025-12-20 17:09:42.472 +0900,crawl,1229,true,6780,1700,25.07
9843,5990,,2025-12-20 17:09:42.529 +0900,crawl,1227,true,4990,1000,20.04
9844,5990,,2025-12-20 17:09:42.549 +0900,crawl,1230,true,4990,1000,20.04
9845,7500,,2025-12-20 17:09:42.962 +0900,crawl,1242,true,3490,4010,114.90
5826,5990,8490,2025-12-20 16:56:33.707 +0900,import,5826,false,,,
9846,6990,,2025-12-20 17:09:42.983 +0900,crawl,1244,true,5590,1400,25.04
8442,5590,,2025-12-20 17:06:00.042 +0900,crawl,1245,false,6990,-1400,-20.03
9847,6990,,2025-12-20 17:09:42.999 +0900,crawl,1245,true,5590,1400,25.04
9848,7500,,2025-12-20 17:09:43.027 +0900,crawl,1243,true,3490,4010,114.90
9849,15980,,2025-12-20 17:09:43.445 +0900,crawl,1251,true,10480,5500,52.48
9850,27100,,2025-12-20 17:09:50.089 +0900,crawl,1271,true,8980,18120,201.78
5889,5990,7990,2025-12-20 16:56:34.131 +0900,import,5889,false,,,
9851,5200,,2025-12-20 17:09:50.252 +0900,crawl,1284,true,3980,1220,30.65
9852,8480,,2025-12-20 17:09:56.784 +0900,crawl,1366,true,5990,2490,41.57
9853,5980,,2025-12-20 17:09:56.800 +0900,crawl,1367,true,4780,1200,25.10
9854,5980,,2025-12-20 17:09:56.940 +0900,crawl,1379,true,5480,500,9.12
9855,5200,,2025-12-20 17:10:02.414 +0900,crawl,1412,true,3120,2080,66.67
9856,2980,,2025-12-20 17:10:32.604 +0900,crawl,1518,true,2080,900,43.27
9857,3990,,2025-12-20 17:10:32.679 +0900,crawl,1519,true,2790,1200,43.01
9858,5200,,2025-12-20 17:10:33.080 +0900,crawl,1549,true,3980,1220,30.65
9859,5200,,2025-12-20 17:10:44.220 +0900,crawl,1693,true,3980,1220,30.65
9860,8990,,2025-12-20 17:11:32.802 +0900,crawl,1809,true,4990,4000,80.16
9861,9980,,2025-12-20 17:11:37.021 +0900,crawl,1845,true,8480,1500,17.69
9862,5980,,2025-12-20 17:11:50.174 +0900,crawl,1883,true,5500,480,8.73
9863,5980,,2025-12-20 17:11:50.196 +0900,crawl,1881,true,5500,480,8.73
9864,26500,,2025-12-20 17:11:52.470 +0900,crawl,1892,true,19800,6700,33.84
9865,8480,,2025-12-20 17:11:58.424 +0900,crawl,1948,true,6980,1500,21.49
9002,6810,,2025-12-20 17:06:12.715 +0900,crawl,5577,false,10490,-3680,-35.08
9866,10490,,2025-12-20 17:12:04.216 +0900,crawl,5577,true,6810,3680,54.04
9867,9990,,2025-12-20 17:12:04.275 +0900,crawl,5588,true,6990,3000,42.92
9868,10990,,2025-12-20 17:12:09.991 +0900,crawl,5607,true,7690,3300,42.91
9869,8990,,2025-12-20 17:12:10.025 +0900,crawl,5611,true,7190,1800,25.03
9870,10990,,2025-12-20 17:12:10.062 +0900,crawl,5612,true,7690,3300,42.91
5909,5990,,2025-12-20 16:56:34.289 +0900,import,5909,false,,,
9871,10990,,2025-12-20 17:12:10.094 +0900,crawl,5615,true,8790,2200,25.03
9872,12900,,2025-12-20 17:12:13.542 +0900,crawl,5702,true,10320,2580,25.00
9873,7490,,2025-12-20 17:12:14.269 +0900,crawl,5733,true,4490,3000,66.82
9874,7490,,2025-12-20 17:12:14.285 +0900,crawl,5728,true,4110,3380,82.24
5918,9990,,2025-12-20 16:56:34.348 +0900,import,5918,false,,,
9875,2690,,2025-12-20 17:12:29.698 +0900,crawl,5757,true,2150,540,25.12
9876,6490,,2025-12-20 17:12:29.768 +0900,crawl,5762,true,5990,500,8.35
9877,3990,,2025-12-20 17:12:29.821 +0900,crawl,5775,true,2990,1000,33.44
9878,8490,,2025-12-20 17:12:32.036 +0900,crawl,5826,true,5990,2500,41.74
9015,4490,,2025-12-20 17:06:13.421 +0900,crawl,5836,false,7490,-3000,-40.05
9879,7490,,2025-12-20 17:12:32.216 +0900,crawl,5836,true,4490,3000,66.82
9880,14900,,2025-12-20 17:12:33.119 +0900,crawl,5857,true,9990,4910,49.15
5940,8990,,2025-12-20 16:56:34.494 +0900,import,5940,false,,,
9881,6990,,2025-12-20 17:12:33.252 +0900,crawl,5875,true,5990,1000,16.69
9882,12900,,2025-12-20 17:12:33.288 +0900,crawl,5879,true,8990,3910,43.49
9883,11900,,2025-12-20 17:12:33.324 +0900,crawl,5880,true,8990,2910,32.37
9884,7990,,2025-12-20 17:12:33.337 +0900,crawl,5889,true,5990,2000,33.39
9885,6990,,2025-12-20 17:12:33.358 +0900,crawl,5874,true,4990,2000,40.08
9886,23900,,2025-12-20 17:12:33.377 +0900,crawl,5911,true,19900,4000,20.10
9887,19900,,2025-12-20 17:12:33.404 +0900,crawl,5914,true,16900,3000,17.75
9888,11900,,2025-12-20 17:12:33.426 +0900,crawl,5882,true,9990,1910,19.12
9889,17900,,2025-12-20 17:12:33.478 +0900,crawl,5905,true,14900,3000,20.13
4643,49180,,2025-12-20 16:56:25.944 +0900,import,4643,false,,,
9890,14900,,2025-12-20 17:12:33.494 +0900,crawl,5888,true,10900,4000,36.70
4662,7180,,2025-12-20 16:56:26.071 +0900,import,4662,false,,,
9891,13900,,2025-12-20 17:12:33.512 +0900,crawl,5891,true,9990,3910,39.14
9892,9990,,2025-12-20 17:12:33.533 +0900,crawl,5885,true,6990,3000,42.92
9893,9990,,2025-12-20 17:12:33.567 +0900,crawl,5870,true,7990,2000,25.03
9894,6990,,2025-12-20 17:12:33.597 +0900,crawl,5906,true,5990,1000,16.69
9895,10900,,2025-12-20 17:12:33.650 +0900,crawl,5900,true,7990,2910,36.42
9896,11900,,2025-12-20 17:12:33.669 +0900,crawl,5890,true,7990,3910,48.94
9897,9990,,2025-12-20 17:12:33.684 +0900,crawl,5893,true,8990,1000,11.12
9898,6990,,2025-12-20 17:12:33.705 +0900,crawl,5894,true,5990,1000,16.69
4641,49180,,2025-12-20 16:56:25.929 +0900,import,4641,false,,,
9899,4990,,2025-12-20 17:12:33.725 +0900,crawl,5902,true,3490,1500,42.98
9900,9990,,2025-12-20 17:12:33.759 +0900,crawl,5901,true,8990,1000,11.12
9901,11900,,2025-12-20 17:12:33.790 +0900,crawl,5884,true,8990,2910,32.37
9037,16900,,2025-12-20 17:06:13.632 +0900,crawl,5903,false,17900,-1000,-5.59
9902,17900,,2025-12-20 17:12:33.810 +0900,crawl,5903,true,16900,1000,5.92
9903,13900,,2025-12-20 17:12:33.827 +0900,crawl,5904,true,11900,2000,16.81
9904,7990,,2025-12-20 17:12:33.854 +0900,crawl,5895,true,6990,1000,14.31
4670,35800,,2025-12-20 16:56:26.121 +0900,import,4670,false,,,
9905,7990,,2025-12-20 17:12:33.868 +0900,crawl,5909,true,5990,2000,33.39
9906,6990,,2025-12-20 17:12:33.886 +0900,crawl,5896,true,5990,1000,16.69
9907,8990,,2025-12-20 17:12:33.917 +0900,crawl,5915,true,6490,2500,38.52
9908,14900,,2025-12-20 17:12:33.938 +0900,crawl,5910,true,9990,4910,49.15
9909,11900,,2025-12-20 17:12:33.956 +0900,crawl,5918,true,9990,1910,19.12
9910,11900,,2025-12-20 17:12:33.973 +0900,crawl,5892,true,8990,2910,32.37
9911,10900,,2025-12-20 17:12:35.638 +0900,crawl,5922,true,8990,1910,21.25
9912,10900,,2025-12-20 17:12:35.655 +0900,crawl,5923,true,7990,2910,36.42
9913,12900,,2025-12-20 17:12:35.707 +0900,crawl,5926,true,10900,2000,18.35
9914,13990,,2025-12-20 17:12:35.723 +0900,crawl,5927,true,10990,3000,27.30
9915,13900,,2025-12-20 17:12:35.826 +0900,crawl,5935,true,11900,2000,16.81
9916,9990,,2025-12-20 17:12:35.854 +0900,crawl,5940,true,8990,1000,11.12
9917,15900,,2025-12-20 17:12:35.911 +0900,crawl,5937,true,10900,5000,45.87
9918,12900,,2025-12-20 17:12:35.940 +0900,crawl,5945,true,11900,1000,8.40
9919,11900,,2025-12-20 17:12:35.955 +0900,crawl,5943,true,9990,1910,19.12
9920,11900,,2025-12-20 17:12:35.998 +0900,crawl,5947,true,8990,2910,32.37
9921,9990,,2025-12-20 17:12:37.885 +0900,crawl,5949,true,8490,1500,17.67
9922,10900,,2025-12-20 17:12:37.913 +0900,crawl,5951,true,7080,3820,53.95
9923,10900,,2025-12-20 17:12:37.977 +0900,crawl,5960,true,9990,910,9.11
9924,10900,,2025-12-20 17:12:38.394 +0900,crawl,5959,true,8990,1910,21.25
9925,6990,,2025-12-20 17:14:14.616 +0900,crawl,7061,true,7150,-160,-2.24
4777,13200,,2025-12-20 16:56:26.802 +0900,import,4777,false,,,
8920,49180,,2025-12-20 17:06:10.044 +0900,crawl,4643,false,53680,-4500,-8.38
9926,53680,,2025-12-20 17:14:15.509 +0900,crawl,4643,true,49180,4500,9.15
8926,7180,,2025-12-20 17:06:10.104 +0900,crawl,4662,false,8450,-1270,-15.03
9927,8450,,2025-12-20 17:14:15.548 +0900,crawl,4662,true,7180,1270,17.69
8933,7180,,2025-12-20 17:06:10.180 +0900,crawl,4686,false,8450,-1270,-15.03
9928,8450,,2025-12-20 17:14:15.572 +0900,crawl,4686,true,7180,1270,17.69
4809,7520,9400,2025-12-20 16:56:27.000 +0900,import,4809,false,,,
9929,34780,,2025-12-20 17:14:15.624 +0900,crawl,4637,true,32380,2400,7.41
9930,18000,,2025-12-20 17:14:15.666 +0900,crawl,4639,true,16200,1800,11.11
9931,9420,,2025-12-20 17:14:15.717 +0900,crawl,4647,true,8010,1410,17.60
9932,4510,,2025-12-20 17:14:15.750 +0900,crawl,4664,true,4060,450,11.08
9933,35490,,2025-12-20 17:14:15.791 +0900,crawl,4635,true,32240,3250,10.08
9934,14900,,2025-12-20 17:14:15.810 +0900,crawl,4653,true,10430,4470,42.86
9935,50790,,2025-12-20 17:14:15.825 +0900,crawl,4641,true,49180,1610,3.27
9936,21300,,2025-12-20 17:14:15.842 +0900,crawl,4661,true,18190,3110,17.10
9937,39800,,2025-12-20 17:14:15.868 +0900,crawl,4642,true,34800,5000,14.37
9938,18000,,2025-12-20 17:14:15.879 +0900,crawl,4665,true,16200,1800,11.11
9939,11900,,2025-12-20 17:14:15.901 +0900,crawl,4648,true,9550,2350,24.61
9940,15900,,2025-12-20 17:14:15.969 +0900,crawl,4646,true,13590,2310,17.00
9941,14450,,2025-12-20 17:14:15.991 +0900,crawl,4676,true,13010,1440,11.07
9942,44900,,2025-12-20 17:14:16.029 +0900,crawl,4670,true,35800,9100,25.42
9943,40530,,2025-12-20 17:14:16.046 +0900,crawl,4671,true,32380,8150,25.17
9944,10800,,2025-12-20 17:14:16.132 +0900,crawl,4680,true,9800,1000,10.20
8934,32800,,2025-12-20 17:06:10.189 +0900,crawl,4689,false,37900,-5100,-13.46
9945,37900,,2025-12-20 17:14:16.251 +0900,crawl,4689,true,32800,5100,15.55
9946,4980,,2025-12-20 17:14:25.766 +0900,crawl,4719,true,4480,500,11.16
9947,27800,,2025-12-20 17:14:25.799 +0900,crawl,4718,true,17980,9820,54.62
9948,16200,,2025-12-20 17:14:25.825 +0900,crawl,4709,true,14580,1620,11.11
4842,9990,12490,2025-12-20 16:56:27.195 +0900,import,4842,false,,,
9949,16900,,2025-12-20 17:14:25.853 +0900,crawl,4725,true,14800,2100,14.19
4865,11990,12990,2025-12-20 16:56:27.334 +0900,import,4865,false,,,
9950,4690,,2025-12-20 17:14:25.917 +0900,crawl,4729,true,4480,210,4.69
9951,37990,,2025-12-20 17:14:25.976 +0900,crawl,4717,true,36080,1910,5.29
9952,14450,,2025-12-20 17:14:25.992 +0900,crawl,4707,true,13010,1440,11.07
9953,37990,,2025-12-20 17:14:26.011 +0900,crawl,4720,true,36090,1900,5.26
9954,16200,,2025-12-20 17:14:26.025 +0900,crawl,4708,true,14580,1620,11.11
9955,27800,,2025-12-20 17:14:26.040 +0900,crawl,4722,true,17980,9820,54.62
4909,4190,,2025-12-20 16:56:27.601 +0900,import,4909,false,,,
9956,16900,,2025-12-20 17:14:26.113 +0900,crawl,4721,true,14800,2100,14.19
9957,26900,,2025-12-20 17:14:26.142 +0900,crawl,4726,true,22800,4100,17.98
4953,3480,,2025-12-20 16:56:28.030 +0900,import,4953,false,,,
9958,16900,,2025-12-20 17:14:26.166 +0900,crawl,4727,true,14800,2100,14.19
9959,26900,,2025-12-20 17:14:26.188 +0900,crawl,4732,true,22800,4100,17.98
9960,16900,,2025-12-20 17:14:26.228 +0900,crawl,4736,true,14800,2100,14.19
9961,27800,,2025-12-20 17:14:26.345 +0900,crawl,4744,true,17980,9820,54.62
9962,28500,,2025-12-20 17:14:26.362 +0900,crawl,4745,true,19950,8550,42.86
9963,14670,,2025-12-20 17:14:27.436 +0900,crawl,4777,true,13200,1470,11.14
9964,15990,,2025-12-20 17:14:29.371 +0900,crawl,4785,true,12990,3000,23.09
4985,20930,29900,2025-12-20 16:56:28.233 +0900,import,4985,false,,,
9965,15990,,2025-12-20 17:14:29.388 +0900,crawl,4786,true,12990,3000,23.09
9966,41990,,2025-12-20 17:14:29.443 +0900,crawl,4790,true,37790,4200,11.11
9967,41990,,2025-12-20 17:14:29.460 +0900,crawl,4776,true,37790,4200,11.11
9968,41990,,2025-12-20 17:14:29.479 +0900,crawl,4791,true,37790,4200,11.11
9969,9400,,2025-12-20 17:14:29.556 +0900,crawl,4809,true,7520,1880,25.00
9970,9400,,2025-12-20 17:14:29.585 +0900,crawl,4819,true,7520,1880,25.00
9971,12490,,2025-12-20 17:14:29.600 +0900,crawl,4817,true,9990,2500,25.03
3235,6990,9990,2025-12-20 16:56:17.221 +0900,import,3235,false,,,
9972,10590,,2025-12-20 17:14:29.614 +0900,crawl,4838,true,8470,2120,25.03
8961,6390,7990,2025-12-20 17:06:10.550 +0900,crawl,4804,false,7990,-1600,-20.03
9973,7990,,2025-12-20 17:14:29.630 +0900,crawl,4804,true,6390,1600,25.04
9974,9400,,2025-12-20 17:14:29.646 +0900,crawl,4803,true,7520,1880,25.00
9975,9400,,2025-12-20 17:14:29.669 +0900,crawl,4832,true,7520,1880,25.00
9976,9400,,2025-12-20 17:14:29.689 +0900,crawl,4833,true,7520,1880,25.00
3257,10990,19990,2025-12-20 16:56:17.350 +0900,import,3257,false,,,
9977,7990,,2025-12-20 17:14:29.720 +0900,crawl,4802,true,6390,1600,25.04
9978,9400,,2025-12-20 17:14:29.733 +0900,crawl,4799,true,7520,1880,25.00
9979,12490,,2025-12-20 17:14:29.748 +0900,crawl,4816,true,9990,2500,25.03
9980,12490,,2025-12-20 17:14:29.776 +0900,crawl,4805,true,9990,2500,25.03
9981,9400,,2025-12-20 17:14:29.807 +0900,crawl,4808,true,7520,1880,25.00
9982,8800,,2025-12-20 17:14:29.842 +0900,crawl,4812,true,7040,1760,25.00
9983,8800,,2025-12-20 17:14:29.857 +0900,crawl,4813,true,7040,1760,25.00
9984,8800,,2025-12-20 17:14:29.876 +0900,crawl,4814,true,7040,1760,25.00
3303,9990,19990,2025-12-20 16:56:17.617 +0900,import,3303,false,,,
9985,9400,,2025-12-20 17:14:29.971 +0900,crawl,4825,true,7520,1880,25.00
9986,9400,,2025-12-20 17:14:29.991 +0900,crawl,4826,true,7520,1880,25.00
9987,10590,,2025-12-20 17:14:30.521 +0900,crawl,4837,true,8470,2120,25.03
9988,10590,,2025-12-20 17:14:30.544 +0900,crawl,4839,true,8470,2120,25.03
9989,15250,,2025-12-20 17:14:30.568 +0900,crawl,4840,true,12200,3050,25.00
9990,12490,,2025-12-20 17:14:30.593 +0900,crawl,4842,true,9990,2500,25.03
3356,6990,13980,2025-12-20 16:56:17.925 +0900,import,3356,false,,,
9991,12990,,2025-12-20 17:14:32.299 +0900,crawl,4865,true,11990,1000,8.34
9992,7990,,2025-12-20 17:14:35.993 +0900,crawl,4895,true,5590,2400,42.93
8982,7190,,2025-12-20 17:06:10.857 +0900,crawl,4903,false,8990,-1800,-20.02
9993,8990,,2025-12-20 17:14:36.048 +0900,crawl,4903,true,7190,1800,25.03
9994,16420,,2025-12-20 17:14:36.090 +0900,crawl,4905,true,14770,1650,11.17
9995,12980,,2025-12-20 17:14:36.111 +0900,crawl,4904,true,9980,3000,30.06
3415,5190,,2025-12-20 16:56:18.274 +0900,import,3415,false,,,
9996,29800,,2025-12-20 17:14:36.127 +0900,crawl,4908,true,14900,14900,100.00
9997,5990,,2025-12-20 17:14:36.148 +0900,crawl,4909,true,4190,1800,42.96
9998,19900,,2025-12-20 17:14:54.674 +0900,crawl,4929,true,9900,10000,101.01
9999,4490,,2025-12-20 17:14:54.770 +0900,crawl,4953,true,3480,1010,29.02
10000,15990,,2025-12-20 17:14:54.835 +0900,crawl,4940,true,8330,7660,91.96
3550,8990,,2025-12-20 16:56:19.105 +0900,import,3550,false,,,
10001,10900,,2025-12-20 17:14:54.865 +0900,crawl,4970,true,7630,3270,42.86
3614,4750,,2025-12-20 16:56:19.492 +0900,import,3614,false,,,
10002,9990,,2025-12-20 17:14:54.989 +0900,crawl,4961,true,6990,3000,42.92
10003,4990,,2025-12-20 17:14:55.086 +0900,crawl,4954,true,3980,1010,25.38
3694,3990,,2025-12-20 16:56:19.972 +0900,import,3694,false,,,
10004,6190,,2025-12-20 17:14:56.417 +0900,crawl,4968,true,5090,1100,21.61
10005,5690,,2025-12-20 17:14:56.437 +0900,crawl,4975,true,2840,2850,100.35
8062,13990,16990,2025-12-20 17:05:56.082 +0900,crawl,1,false,16990,-3000,-17.66
8063,11990,14990,2025-12-20 17:05:56.088 +0900,crawl,2,false,14990,-3000,-20.01
8064,9990,12990,2025-12-20 17:05:56.092 +0900,crawl,3,false,12990,-3000,-23.09
8065,9990,12990,2025-12-20 17:05:56.105 +0900,crawl,7,false,12990,-3000,-23.09
8066,9990,14990,2025-12-20 17:05:56.110 +0900,crawl,8,false,14990,-5000,-33.36
8067,12990,18990,2025-12-20 17:05:56.120 +0900,crawl,9,false,18990,-6000,-31.60
8068,6990,9990,2025-12-20 17:05:56.124 +0900,crawl,10,false,9990,-3000,-30.03
8069,9990,12990,2025-12-20 17:05:56.129 +0900,crawl,11,false,12990,-3000,-23.09
3762,1990,,2025-12-20 16:56:20.398 +0900,import,3762,false,,,
8070,8990,14990,2025-12-20 17:05:56.133 +0900,crawl,12,false,14990,-6000,-40.03
3785,4180,,2025-12-20 16:56:20.541 +0900,import,3785,false,,,
8071,14990,17990,2025-12-20 17:05:56.137 +0900,crawl,13,false,17990,-3000,-16.68
8072,16900,19900,2025-12-20 17:05:56.142 +0900,crawl,14,false,19900,-3000,-15.08
8073,7990,12990,2025-12-20 17:05:56.146 +0900,crawl,15,false,12990,-5000,-38.49
8074,8990,11990,2025-12-20 17:05:56.153 +0900,crawl,17,false,11990,-3000,-25.02
7089,16990,,2025-12-20 16:58:26.674 +0900,crawl,1,false,13990,3000,21.44
7090,14990,,2025-12-20 16:58:26.682 +0900,crawl,2,false,11990,3000,25.02
7091,12990,,2025-12-20 16:58:26.833 +0900,crawl,3,false,9990,3000,30.03
7092,12990,,2025-12-20 16:58:26.852 +0900,crawl,7,false,9990,3000,30.03
7093,14990,,2025-12-20 16:58:28.238 +0900,crawl,8,false,9990,5000,50.05
7094,18990,,2025-12-20 16:58:28.245 +0900,crawl,9,false,12990,6000,46.19
7095,9990,,2025-12-20 16:58:28.252 +0900,crawl,10,false,6990,3000,42.92
7096,12990,,2025-12-20 16:58:28.259 +0900,crawl,11,false,9990,3000,30.03
7097,14990,,2025-12-20 16:58:28.267 +0900,crawl,12,false,8990,6000,66.74
7098,17990,,2025-12-20 16:58:28.283 +0900,crawl,13,false,14990,3000,20.01
7099,19900,,2025-12-20 16:58:28.770 +0900,crawl,14,false,16900,3000,17.75
7100,12990,,2025-12-20 16:58:29.151 +0900,crawl,15,false,7990,5000,62.58
7101,11990,,2025-12-20 16:58:29.162 +0900,crawl,17,false,8990,3000,33.37
7102,14990,,2025-12-20 16:58:29.306 +0900,crawl,22,false,9990,5000,50.05
7103,14990,,2025-12-20 16:58:29.436 +0900,crawl,27,false,9990,5000,50.05
7104,19990,,2025-12-20 16:58:29.443 +0900,crawl,28,false,13990,6000,42.89
7105,19990,,2025-12-20 16:58:29.450 +0900,crawl,29,false,13990,6000,42.89
7106,21990,,2025-12-20 16:58:29.456 +0900,crawl,30,false,15990,6000,37.52
7107,14990,,2025-12-20 16:58:29.559 +0900,crawl,31,false,9990,5000,50.05
7108,17990,,2025-12-20 16:58:29.630 +0900,crawl,32,false,12990,5000,38.49
7110,9990,,2025-12-20 16:58:29.723 +0900,crawl,33,false,6990,3000,42.92
7109,9990,,2025-12-20 16:58:29.715 +0900,crawl,34,false,6490,3500,53.93
7111,10990,,2025-12-20 16:58:29.730 +0900,crawl,35,false,7990,3000,37.55
7112,19990,,2025-12-20 16:58:30.185 +0900,crawl,37,false,9990,10000,100.10
7113,9990,,2025-12-20 16:58:30.663 +0900,crawl,40,false,6990,3000,42.92
7114,12990,,2025-12-20 16:58:30.674 +0900,crawl,41,false,9990,3000,30.03
7115,15990,,2025-12-20 16:58:30.898 +0900,crawl,43,false,12990,3000,23.09
7116,10990,,2025-12-20 16:58:30.931 +0900,crawl,44,false,7990,3000,37.55
7117,7990,,2025-12-20 16:58:30.938 +0900,crawl,45,false,5990,2000,33.39
7118,18990,,2025-12-20 16:58:30.944 +0900,crawl,46,false,13990,5000,35.74
7119,9990,,2025-12-20 16:58:31.089 +0900,crawl,48,false,7990,2000,25.03
7120,9990,,2025-12-20 16:58:31.096 +0900,crawl,49,false,7990,2000,25.03
7121,5990,,2025-12-20 16:58:31.135 +0900,crawl,50,false,4990,1000,20.04
7122,5990,,2025-12-20 16:58:31.146 +0900,crawl,52,false,4990,1000,20.04
7123,5990,,2025-12-20 16:58:31.153 +0900,crawl,53,false,3990,2000,50.13
8075,9990,14990,2025-12-20 17:05:56.169 +0900,crawl,22,false,14990,-5000,-33.36
8076,9990,14990,2025-12-20 17:05:56.184 +0900,crawl,27,false,14990,-5000,-33.36
8077,13990,19990,2025-12-20 17:05:56.188 +0900,crawl,28,false,19990,-6000,-30.02
8078,13990,19990,2025-12-20 17:05:56.193 +0900,crawl,29,false,19990,-6000,-30.02
8079,15990,21990,2025-12-20 17:05:56.197 +0900,crawl,30,false,21990,-6000,-27.29
8080,9990,14990,2025-12-20 17:05:56.202 +0900,crawl,31,false,14990,-5000,-33.36
8081,12990,17990,2025-12-20 17:05:56.207 +0900,crawl,32,false,17990,-5000,-27.79
8083,6490,9990,2025-12-20 17:05:56.215 +0900,crawl,34,false,9990,-3500,-35.04
8082,6990,9990,2025-12-20 17:05:56.211 +0900,crawl,33,false,9990,-3000,-30.03
8084,7990,10990,2025-12-20 17:05:56.220 +0900,crawl,35,false,10990,-3000,-27.30
8085,9990,19990,2025-12-20 17:05:56.227 +0900,crawl,37,false,19990,-10000,-50.03
8086,6990,9990,2025-12-20 17:05:56.236 +0900,crawl,40,false,9990,-3000,-30.03
8087,9990,12990,2025-12-20 17:05:56.241 +0900,crawl,41,false,12990,-3000,-23.09
8088,12990,15990,2025-12-20 17:05:56.248 +0900,crawl,43,false,15990,-3000,-18.76
8089,7990,10990,2025-12-20 17:05:56.252 +0900,crawl,44,false,10990,-3000,-27.30
8090,5990,7990,2025-12-20 17:05:56.256 +0900,crawl,45,false,7990,-2000,-25.03
8091,13990,18990,2025-12-20 17:05:56.261 +0900,crawl,46,false,18990,-5000,-26.33
8092,7990,9990,2025-12-20 17:05:56.268 +0900,crawl,48,false,9990,-2000,-20.02
8093,7990,9990,2025-12-20 17:05:56.273 +0900,crawl,49,false,9990,-2000,-20.02
8094,4990,5990,2025-12-20 17:05:56.277 +0900,crawl,50,false,5990,-1000,-16.69
8095,4990,5990,2025-12-20 17:05:56.284 +0900,crawl,52,false,5990,-1000,-16.69
10006,29900,,2025-12-20 17:14:56.475 +0900,crawl,4985,true,20930,8970,42.86
10007,16900,,2025-12-20 17:14:56.574 +0900,crawl,4988,true,11850,5050,42.62
10008,16980,,2025-12-20 17:14:56.629 +0900,crawl,4986,true,9980,7000,70.14
10009,14900,,2025-12-20 17:14:56.647 +0900,crawl,4990,true,10450,4450,42.58
10010,8990,,2025-12-20 17:14:56.668 +0900,crawl,4991,true,6290,2700,42.93
10011,16980,,2025-12-20 17:14:56.703 +0900,crawl,4992,true,9980,7000,70.14
10012,16900,,2025-12-20 17:14:56.730 +0900,crawl,4997,true,11850,5050,42.62
10013,9990,,2025-12-20 17:15:58.437 +0900,crawl,3235,true,6990,3000,42.92
10014,9990,,2025-12-20 17:15:58.456 +0900,crawl,3236,true,6990,3000,42.92
10015,9990,,2025-12-20 17:15:58.495 +0900,crawl,3240,true,6990,3000,42.92
10016,9990,,2025-12-20 17:15:58.829 +0900,crawl,3247,true,6990,3000,42.92
10017,9990,,2025-12-20 17:15:58.860 +0900,crawl,3249,true,6990,3000,42.92
7124,9990,,2025-12-20 16:58:31.187 +0900,crawl,55,false,7990,2000,25.03
7125,9990,,2025-12-20 16:58:31.230 +0900,crawl,56,false,8990,1000,11.12
7126,14990,,2025-12-20 16:58:31.348 +0900,crawl,59,false,12990,2000,15.40
7127,12990,,2025-12-20 16:58:31.355 +0900,crawl,60,false,7990,5000,62.58
7129,12990,,2025-12-20 16:58:31.410 +0900,crawl,61,false,9990,3000,30.03
7128,11990,,2025-12-20 16:58:31.403 +0900,crawl,62,false,9990,2000,20.02
7130,14990,,2025-12-20 16:58:31.505 +0900,crawl,64,false,9990,5000,50.05
7131,14990,,2025-12-20 16:58:31.511 +0900,crawl,65,false,12990,2000,15.40
7133,17990,,2025-12-20 16:58:31.528 +0900,crawl,67,false,15990,2000,12.51
7132,14990,,2025-12-20 16:58:31.522 +0900,crawl,68,false,9990,5000,50.05
7134,9990,,2025-12-20 16:58:31.841 +0900,crawl,70,false,8990,1000,11.12
7135,14990,,2025-12-20 16:58:31.848 +0900,crawl,71,false,12990,2000,15.40
7136,3990,,2025-12-20 16:58:31.855 +0900,crawl,72,false,2990,1000,33.44
7137,16990,,2025-12-20 16:58:31.890 +0900,crawl,73,false,14990,2000,13.34
7138,7990,,2025-12-20 16:58:32.721 +0900,crawl,77,false,6990,1000,14.31
7140,8990,,2025-12-20 16:58:32.750 +0900,crawl,79,false,7990,1000,12.52
7139,12990,,2025-12-20 16:58:32.740 +0900,crawl,84,false,11990,1000,8.34
7141,7990,,2025-12-20 16:58:32.782 +0900,crawl,90,false,5990,2000,33.39
7142,13900,,2025-12-20 16:58:32.804 +0900,crawl,94,false,10900,3000,27.52
7145,12900,,2025-12-20 16:58:32.842 +0900,crawl,100,false,3990,8910,223.31
7143,10900,,2025-12-20 16:58:32.813 +0900,crawl,101,false,8990,1910,21.25
7144,7990,,2025-12-20 16:58:32.822 +0900,crawl,102,false,5990,2000,33.39
7146,19990,,2025-12-20 16:58:32.973 +0900,crawl,114,false,9990,10000,100.10
7147,19990,,2025-12-20 16:58:32.981 +0900,crawl,118,false,9990,10000,100.10
7148,19990,,2025-12-20 16:58:33.002 +0900,crawl,120,false,9990,10000,100.10
7149,9990,,2025-12-20 16:58:33.021 +0900,crawl,124,false,3990,6000,150.38
7150,9990,,2025-12-20 16:58:33.072 +0900,crawl,126,false,6990,3000,42.92
7151,9990,,2025-12-20 16:58:33.079 +0900,crawl,127,false,6990,3000,42.92
7083,3890,,2025-12-20 16:58:14.691 +0900,crawl,133,false,3490,400,11.46
7084,7290,,2025-12-20 16:58:16.176 +0900,crawl,175,false,3640,3650,100.27
7085,9990,,2025-12-20 16:58:16.183 +0900,crawl,176,false,6990,3000,42.92
7087,7290,,2025-12-20 16:58:16.196 +0900,crawl,177,false,5100,2190,42.94
7086,5990,,2025-12-20 16:58:16.189 +0900,crawl,178,false,4190,1800,42.96
7088,8990,,2025-12-20 16:58:17.419 +0900,crawl,213,false,4490,4500,100.22
7063,49900,,2025-12-20 16:58:11.944 +0900,crawl,313,false,34900,15000,42.98
7064,59900,,2025-12-20 16:58:11.953 +0900,crawl,314,false,43900,16000,36.45
7065,49900,,2025-12-20 16:58:11.964 +0900,crawl,315,false,48900,1000,2.04
7067,49900,,2025-12-20 16:58:11.978 +0900,crawl,316,false,43900,6000,13.67
7066,49900,,2025-12-20 16:58:11.971 +0900,crawl,317,false,34900,15000,42.98
7068,79900,,2025-12-20 16:58:12.041 +0900,crawl,318,false,60900,19000,31.20
7069,79900,,2025-12-20 16:58:12.047 +0900,crawl,319,false,64900,15000,23.11
7070,79900,,2025-12-20 16:58:12.054 +0900,crawl,320,false,64900,15000,23.11
8132,43900,59900,2025-12-20 17:05:57.075 +0900,crawl,314,false,59900,-16000,-26.71
8133,48900,49900,2025-12-20 17:05:57.079 +0900,crawl,315,false,49900,-1000,-2.00
8135,34900,,2025-12-20 17:05:57.087 +0900,crawl,317,false,49900,-15000,-30.06
8134,43900,44900,2025-12-20 17:05:57.083 +0900,crawl,316,false,49900,-6000,-12.02
8136,60900,61900,2025-12-20 17:05:57.091 +0900,crawl,318,false,79900,-19000,-23.78
8137,64900,65900,2025-12-20 17:05:57.095 +0900,crawl,319,false,79900,-15000,-18.77
8125,3490,,2025-12-20 17:05:56.573 +0900,crawl,133,false,3890,-400,-10.28
8126,3640,7290,2025-12-20 17:05:56.692 +0900,crawl,175,false,7290,-3650,-50.07
8127,6990,9990,2025-12-20 17:05:56.696 +0900,crawl,176,false,9990,-3000,-30.03
8129,4190,5990,2025-12-20 17:05:56.705 +0900,crawl,178,false,5990,-1800,-30.05
8128,5100,7290,2025-12-20 17:05:56.700 +0900,crawl,177,false,7290,-2190,-30.04
8130,4490,8990,2025-12-20 17:05:56.801 +0900,crawl,213,false,8990,-4500,-50.06
8097,7990,9990,2025-12-20 17:05:56.296 +0900,crawl,55,false,9990,-2000,-20.02
8098,8990,9990,2025-12-20 17:05:56.300 +0900,crawl,56,false,9990,-1000,-10.01
8099,12990,14990,2025-12-20 17:05:56.310 +0900,crawl,59,false,14990,-2000,-13.34
8100,7990,12990,2025-12-20 17:05:56.314 +0900,crawl,60,false,12990,-5000,-38.49
8102,9990,11990,2025-12-20 17:05:56.323 +0900,crawl,62,false,11990,-2000,-16.68
8101,9990,12990,2025-12-20 17:05:56.319 +0900,crawl,61,false,12990,-3000,-23.09
8103,9990,14990,2025-12-20 17:05:56.330 +0900,crawl,64,false,14990,-5000,-33.36
8104,12990,14990,2025-12-20 17:05:56.334 +0900,crawl,65,false,14990,-2000,-13.34
8106,9990,14990,2025-12-20 17:05:56.346 +0900,crawl,68,false,14990,-5000,-33.36
8105,15990,17990,2025-12-20 17:05:56.342 +0900,crawl,67,false,17990,-2000,-11.12
8107,8990,9990,2025-12-20 17:05:56.353 +0900,crawl,70,false,9990,-1000,-10.01
8108,12990,14990,2025-12-20 17:05:56.358 +0900,crawl,71,false,14990,-2000,-13.34
8109,2990,3990,2025-12-20 17:05:56.362 +0900,crawl,72,false,3990,-1000,-25.06
8110,14990,16990,2025-12-20 17:05:56.366 +0900,crawl,73,false,16990,-2000,-11.77
8111,6990,7990,2025-12-20 17:05:56.379 +0900,crawl,77,false,7990,-1000,-12.52
8113,11990,12990,2025-12-20 17:05:56.401 +0900,crawl,84,false,12990,-1000,-7.70
8112,7990,8990,2025-12-20 17:05:56.386 +0900,crawl,79,false,8990,-1000,-11.12
8114,5990,7990,2025-12-20 17:05:56.426 +0900,crawl,90,false,7990,-2000,-25.03
8115,10900,13900,2025-12-20 17:05:56.444 +0900,crawl,94,false,13900,-3000,-21.58
8117,8990,,2025-12-20 17:05:56.472 +0900,crawl,101,false,10900,-1910,-17.52
8116,3990,,2025-12-20 17:05:56.468 +0900,crawl,100,false,12900,-8910,-69.07
8119,9990,19990,2025-12-20 17:05:56.511 +0900,crawl,114,false,19990,-10000,-50.03
8120,9990,19990,2025-12-20 17:05:56.524 +0900,crawl,118,false,19990,-10000,-50.03
8121,9990,,2025-12-20 17:05:56.531 +0900,crawl,120,false,19990,-10000,-50.03
8122,3990,,2025-12-20 17:05:56.543 +0900,crawl,124,false,9990,-6000,-60.06
8123,6990,9990,2025-12-20 17:05:56.550 +0900,crawl,126,false,9990,-3000,-30.03
8124,6990,9990,2025-12-20 17:05:56.555 +0900,crawl,127,false,9990,-3000,-30.03
7071,15990,,2025-12-20 16:58:12.301 +0900,crawl,328,false,6990,9000,128.76
7072,15990,,2025-12-20 16:58:12.488 +0900,crawl,334,false,6990,9000,128.76
7073,11900,,2025-12-20 16:58:12.496 +0900,crawl,335,false,5950,5950,100.00
7074,19990,,2025-12-20 16:58:12.718 +0900,crawl,337,false,9990,10000,100.10
7076,19990,,2025-12-20 16:58:12.866 +0900,crawl,348,false,9990,10000,100.10
7075,13990,,2025-12-20 16:58:12.860 +0900,crawl,349,false,5950,8040,135.13
7077,13990,,2025-12-20 16:58:12.882 +0900,crawl,350,false,5950,8040,135.13
7078,17990,,2025-12-20 16:58:14.056 +0900,crawl,363,false,8990,9000,100.11
7079,14900,,2025-12-20 16:58:14.063 +0900,crawl,364,false,12990,1910,14.70
7080,19990,,2025-12-20 16:58:14.283 +0900,crawl,369,false,9990,10000,100.10
7081,19990,,2025-12-20 16:58:14.289 +0900,crawl,372,false,9990,10000,100.10
7082,19990,,2025-12-20 16:58:14.553 +0900,crawl,382,false,9990,10000,100.10
7152,8990,,2025-12-20 16:58:33.142 +0900,crawl,392,false,5390,3600,66.79
7153,9990,,2025-12-20 16:58:33.810 +0900,crawl,393,false,8990,1000,11.12
7154,5990,,2025-12-20 16:58:33.822 +0900,crawl,395,false,4990,1000,20.04
7155,14990,,2025-12-20 16:58:33.828 +0900,crawl,396,false,10990,4000,36.40
7156,6990,,2025-12-20 16:58:34.651 +0900,crawl,399,false,6290,700,11.13
7157,8990,,2025-12-20 16:58:35.224 +0900,crawl,407,false,4990,4000,80.16
7158,3990,,2025-12-20 16:58:35.503 +0900,crawl,413,false,3490,500,14.33
7159,8990,,2025-12-20 16:58:35.894 +0900,crawl,418,false,6990,2000,28.61
7160,2580,,2025-12-20 16:58:36.224 +0900,crawl,425,false,1290,1290,100.00
7161,5980,,2025-12-20 16:58:36.308 +0900,crawl,429,false,2990,2990,100.00
7162,5980,,2025-12-20 16:58:36.315 +0900,crawl,430,false,2990,2990,100.00
7163,2590,,2025-12-20 16:58:36.337 +0900,crawl,431,false,1590,1000,62.89
7164,7990,,2025-12-20 16:58:36.344 +0900,crawl,432,false,5990,2000,33.39
7165,1980,,2025-12-20 16:58:36.350 +0900,crawl,433,false,990,990,100.00
7166,3990,,2025-12-20 16:58:36.356 +0900,crawl,434,false,2990,1000,33.44
7167,6990,,2025-12-20 16:58:36.446 +0900,crawl,437,false,3990,3000,75.19
7168,7990,,2025-12-20 16:58:36.530 +0900,crawl,446,false,5990,2000,33.39
7169,4980,,2025-12-20 16:58:36.564 +0900,crawl,448,false,2490,2490,100.00
7170,4990,,2025-12-20 16:58:36.572 +0900,crawl,449,false,2990,2000,66.89
7171,2990,,2025-12-20 16:58:36.578 +0900,crawl,450,false,1790,1200,67.04
7172,3990,,2025-12-20 16:58:36.585 +0900,crawl,452,false,2990,1000,33.44
7173,4990,,2025-12-20 16:58:36.642 +0900,crawl,453,false,3490,1500,42.98
7174,4990,,2025-12-20 16:58:36.679 +0900,crawl,456,false,3990,1000,25.06
7175,4990,,2025-12-20 16:58:36.686 +0900,crawl,459,false,3990,1000,25.06
7176,5990,,2025-12-20 16:58:37.006 +0900,crawl,469,false,3490,2500,71.63
7177,5980,,2025-12-20 16:58:37.020 +0900,crawl,471,false,2990,2990,100.00
7178,4980,,2025-12-20 16:58:37.267 +0900,crawl,481,false,2490,2490,100.00
7179,4990,,2025-12-20 16:58:37.448 +0900,crawl,489,false,3990,1000,25.06
7180,5980,,2025-12-20 16:58:38.097 +0900,crawl,494,false,2990,2990,100.00
7181,4990,,2025-12-20 16:58:38.140 +0900,crawl,498,false,4490,500,11.14
8139,6990,13990,2025-12-20 17:05:57.123 +0900,crawl,328,false,15990,-9000,-56.29
8140,6990,13990,2025-12-20 17:05:57.140 +0900,crawl,334,false,15990,-9000,-56.29
8141,5950,11900,2025-12-20 17:05:57.144 +0900,crawl,335,false,11900,-5950,-50.00
8142,9990,19990,2025-12-20 17:05:57.151 +0900,crawl,337,false,19990,-10000,-50.03
8144,5950,11900,2025-12-20 17:05:57.186 +0900,crawl,349,false,13990,-8040,-57.47
8143,9990,,2025-12-20 17:05:57.182 +0900,crawl,348,false,19990,-10000,-50.03
8145,5950,11900,2025-12-20 17:05:57.190 +0900,crawl,350,false,13990,-8040,-57.47
8146,8990,17990,2025-12-20 17:05:57.227 +0900,crawl,363,false,17990,-9000,-50.03
8147,12990,,2025-12-20 17:05:57.231 +0900,crawl,364,false,14900,-1910,-12.82
8148,9990,19990,2025-12-20 17:05:57.246 +0900,crawl,369,false,19990,-10000,-50.03
8149,9990,19990,2025-12-20 17:05:57.255 +0900,crawl,372,false,19990,-10000,-50.03
8150,9990,19990,2025-12-20 17:05:57.284 +0900,crawl,382,false,19990,-10000,-50.03
8151,5390,8990,2025-12-20 17:05:57.312 +0900,crawl,392,false,8990,-3600,-40.04
8153,4990,,2025-12-20 17:05:57.323 +0900,crawl,395,false,5990,-1000,-16.69
8154,10990,14990,2025-12-20 17:05:57.327 +0900,crawl,396,false,14990,-4000,-26.68
8155,6290,6990,2025-12-20 17:05:57.336 +0900,crawl,399,false,6990,-700,-10.01
8156,4990,8990,2025-12-20 17:05:57.358 +0900,crawl,407,false,8990,-4000,-44.49
8157,3490,,2025-12-20 17:05:57.375 +0900,crawl,413,false,3990,-500,-12.53
8158,6990,,2025-12-20 17:05:57.390 +0900,crawl,418,false,8990,-2000,-22.25
8159,1290,2580,2025-12-20 17:05:57.409 +0900,crawl,425,false,2580,-1290,-50.00
8160,2990,5980,2025-12-20 17:05:57.421 +0900,crawl,429,false,5980,-2990,-50.00
8161,2990,5980,2025-12-20 17:05:57.425 +0900,crawl,430,false,5980,-2990,-50.00
8162,1590,2590,2025-12-20 17:05:57.429 +0900,crawl,431,false,2590,-1000,-38.61
8163,5990,7990,2025-12-20 17:05:57.434 +0900,crawl,432,false,7990,-2000,-25.03
8164,990,1980,2025-12-20 17:05:57.437 +0900,crawl,433,false,1980,-990,-50.00
8165,2990,3990,2025-12-20 17:05:57.441 +0900,crawl,434,false,3990,-1000,-25.06
8166,3990,6990,2025-12-20 17:05:57.451 +0900,crawl,437,false,6990,-3000,-42.92
8167,5990,7990,2025-12-20 17:05:57.477 +0900,crawl,446,false,7990,-2000,-25.03
8168,2490,4980,2025-12-20 17:05:57.483 +0900,crawl,448,false,4980,-2490,-50.00
8169,2990,4990,2025-12-20 17:05:57.487 +0900,crawl,449,false,4990,-2000,-40.08
8170,1790,2990,2025-12-20 17:05:57.492 +0900,crawl,450,false,2990,-1200,-40.13
8171,2990,3990,2025-12-20 17:05:57.498 +0900,crawl,452,false,3990,-1000,-25.06
8172,3490,4990,2025-12-20 17:05:57.502 +0900,crawl,453,false,4990,-1500,-30.06
8173,3990,4990,2025-12-20 17:05:57.512 +0900,crawl,456,false,4990,-1000,-20.04
8174,3990,4990,2025-12-20 17:05:57.521 +0900,crawl,459,false,4990,-1000,-20.04
8175,3490,5990,2025-12-20 17:05:57.549 +0900,crawl,469,false,5990,-2500,-41.74
8176,2990,5980,2025-12-20 17:05:57.556 +0900,crawl,471,false,5980,-2990,-50.00
8177,2490,4980,2025-12-20 17:05:57.584 +0900,crawl,481,false,4980,-2490,-50.00
8179,2990,5980,2025-12-20 17:05:57.621 +0900,crawl,494,false,5980,-2990,-50.00
7182,1990,,2025-12-20 16:58:38.148 +0900,crawl,499,false,1190,800,67.23
7183,9990,,2025-12-20 16:58:38.174 +0900,crawl,501,false,6990,3000,42.92
7184,6990,,2025-12-20 16:58:38.184 +0900,crawl,504,false,5990,1000,16.69
7185,5980,,2025-12-20 16:58:38.640 +0900,crawl,509,false,2990,2990,100.00
7186,4990,,2025-12-20 16:58:38.718 +0900,crawl,519,false,2990,2000,66.89
7187,4390,,2025-12-20 16:58:38.963 +0900,crawl,536,false,3690,700,18.97
7189,4590,,2025-12-20 16:58:38.992 +0900,crawl,537,false,3690,900,24.39
7192,4590,,2025-12-20 16:58:39.025 +0900,crawl,538,false,3690,900,24.39
7195,6890,,2025-12-20 16:58:39.093 +0900,crawl,539,false,6490,400,6.16
7188,4390,,2025-12-20 16:58:38.972 +0900,crawl,555,false,3690,700,18.97
7190,4390,,2025-12-20 16:58:38.997 +0900,crawl,557,false,3690,700,18.97
7194,4390,,2025-12-20 16:58:39.082 +0900,crawl,559,false,3690,700,18.97
7193,4390,,2025-12-20 16:58:39.031 +0900,crawl,561,false,3690,700,18.97
7191,4390,,2025-12-20 16:58:39.004 +0900,crawl,562,false,3690,700,18.97
7198,6890,,2025-12-20 16:58:39.140 +0900,crawl,567,false,6490,400,6.16
7196,6890,,2025-12-20 16:58:39.123 +0900,crawl,572,false,6490,400,6.16
7197,6890,,2025-12-20 16:58:39.130 +0900,crawl,574,false,6490,400,6.16
7199,5990,,2025-12-20 16:58:39.290 +0900,crawl,590,false,4490,1500,33.41
7200,3990,,2025-12-20 16:58:39.298 +0900,crawl,591,false,3490,500,14.33
7204,3990,,2025-12-20 16:58:39.568 +0900,crawl,592,false,3490,500,14.33
7203,4990,,2025-12-20 16:58:39.514 +0900,crawl,593,false,3990,1000,25.06
7202,5990,,2025-12-20 16:58:39.448 +0900,crawl,596,false,4990,1000,20.04
7205,3990,,2025-12-20 16:58:39.600 +0900,crawl,597,false,3490,500,14.33
7201,3990,,2025-12-20 16:58:39.340 +0900,crawl,598,false,3490,500,14.33
7206,3990,,2025-12-20 16:58:41.388 +0900,crawl,622,false,2990,1000,33.44
7207,3990,,2025-12-20 16:58:41.889 +0900,crawl,639,false,2990,1000,33.44
7208,11990,,2025-12-20 16:58:42.193 +0900,crawl,650,false,5990,6000,100.17
7209,11990,,2025-12-20 16:58:42.202 +0900,crawl,651,false,5990,6000,100.17
7211,11990,,2025-12-20 16:58:42.220 +0900,crawl,652,false,5990,6000,100.17
7215,11990,,2025-12-20 16:58:42.256 +0900,crawl,653,false,5990,6000,100.17
7217,11990,,2025-12-20 16:58:42.274 +0900,crawl,654,false,5990,6000,100.17
7214,29900,,2025-12-20 16:58:42.247 +0900,crawl,656,false,19900,10000,50.25
7210,11990,,2025-12-20 16:58:42.211 +0900,crawl,657,false,5990,6000,100.17
7213,11990,,2025-12-20 16:58:42.238 +0900,crawl,658,false,5990,6000,100.17
7219,11990,,2025-12-20 16:58:42.298 +0900,crawl,659,false,5990,6000,100.17
7216,11990,,2025-12-20 16:58:42.265 +0900,crawl,660,false,5990,6000,100.17
7212,11990,,2025-12-20 16:58:42.229 +0900,crawl,661,false,5990,6000,100.17
7221,11990,,2025-12-20 16:58:42.316 +0900,crawl,663,false,5990,6000,100.17
7220,11990,,2025-12-20 16:58:42.307 +0900,crawl,665,false,5990,6000,100.17
7218,3990,,2025-12-20 16:58:42.289 +0900,crawl,669,false,2990,1000,33.44
7222,11990,,2025-12-20 16:58:42.383 +0900,crawl,672,false,5990,6000,100.17
7223,3590,,2025-12-20 16:58:45.227 +0900,crawl,690,false,2510,1080,43.03
8181,1190,1990,2025-12-20 17:05:57.636 +0900,crawl,499,false,1990,-800,-40.20
8182,6990,9990,2025-12-20 17:05:57.643 +0900,crawl,501,false,9990,-3000,-30.03
8183,5990,6990,2025-12-20 17:05:57.652 +0900,crawl,504,false,6990,-1000,-14.31
8184,2990,5980,2025-12-20 17:05:57.667 +0900,crawl,509,false,5980,-2990,-50.00
8185,2990,4990,2025-12-20 17:05:57.695 +0900,crawl,519,false,4990,-2000,-40.08
8186,3690,4390,2025-12-20 17:05:57.741 +0900,crawl,536,false,4390,-700,-15.95
8190,3690,4390,2025-12-20 17:05:57.797 +0900,crawl,555,false,4390,-700,-15.95
8187,3690,4590,2025-12-20 17:05:57.745 +0900,crawl,537,false,4590,-900,-19.61
8191,3690,4390,2025-12-20 17:05:57.804 +0900,crawl,557,false,4390,-700,-15.95
8194,3690,4390,2025-12-20 17:05:57.821 +0900,crawl,562,false,4390,-700,-15.95
8188,3690,4590,2025-12-20 17:05:57.749 +0900,crawl,538,false,4590,-900,-19.61
8193,3690,4390,2025-12-20 17:05:57.817 +0900,crawl,561,false,4390,-700,-15.95
8192,3690,4390,2025-12-20 17:05:57.810 +0900,crawl,559,false,4390,-700,-15.95
8189,6490,6890,2025-12-20 17:05:57.753 +0900,crawl,539,false,6890,-400,-5.81
8196,6490,6890,2025-12-20 17:05:57.850 +0900,crawl,572,false,6890,-400,-5.81
8197,6490,6890,2025-12-20 17:05:57.857 +0900,crawl,574,false,6890,-400,-5.81
8198,4490,5990,2025-12-20 17:05:57.901 +0900,crawl,590,false,5990,-1500,-25.04
8199,3490,3990,2025-12-20 17:05:57.905 +0900,crawl,591,false,3990,-500,-12.53
8204,3490,3990,2025-12-20 17:05:57.931 +0900,crawl,598,false,3990,-500,-12.53
8202,4990,5990,2025-12-20 17:05:57.923 +0900,crawl,596,false,5990,-1000,-16.69
8201,3990,4990,2025-12-20 17:05:57.913 +0900,crawl,593,false,4990,-1000,-20.04
8200,3490,3990,2025-12-20 17:05:57.909 +0900,crawl,592,false,3990,-500,-12.53
8203,3490,3990,2025-12-20 17:05:57.927 +0900,crawl,597,false,3990,-500,-12.53
8205,2990,,2025-12-20 17:05:57.997 +0900,crawl,622,false,3990,-1000,-25.06
8206,2990,,2025-12-20 17:05:58.044 +0900,crawl,639,false,3990,-1000,-25.06
8207,5990,11990,2025-12-20 17:05:58.076 +0900,crawl,650,false,11990,-6000,-50.04
8208,5990,11990,2025-12-20 17:05:58.080 +0900,crawl,651,false,11990,-6000,-50.04
8213,5990,11990,2025-12-20 17:05:58.104 +0900,crawl,657,false,11990,-6000,-50.04
8209,5990,11990,2025-12-20 17:05:58.084 +0900,crawl,652,false,11990,-6000,-50.04
8217,5990,11990,2025-12-20 17:05:58.120 +0900,crawl,661,false,11990,-6000,-50.04
8214,5990,11990,2025-12-20 17:05:58.108 +0900,crawl,658,false,11990,-6000,-50.04
8212,19900,,2025-12-20 17:05:58.100 +0900,crawl,656,false,29900,-10000,-33.44
8210,5990,11990,2025-12-20 17:05:58.088 +0900,crawl,653,false,11990,-6000,-50.04
8216,5990,11990,2025-12-20 17:05:58.116 +0900,crawl,660,false,11990,-6000,-50.04
8211,5990,11990,2025-12-20 17:05:58.093 +0900,crawl,654,false,11990,-6000,-50.04
8220,2990,,2025-12-20 17:05:58.146 +0900,crawl,669,false,3990,-1000,-25.06
8215,5990,11990,2025-12-20 17:05:58.112 +0900,crawl,659,false,11990,-6000,-50.04
8218,5990,11990,2025-12-20 17:05:58.127 +0900,crawl,663,false,11990,-6000,-50.04
8221,5990,11990,2025-12-20 17:05:58.156 +0900,crawl,672,false,11990,-6000,-50.04
7224,5490,,2025-12-20 16:58:45.263 +0900,crawl,694,false,3840,1650,42.97
7225,8900,,2025-12-20 16:58:45.281 +0900,crawl,696,false,6900,2000,28.99
7226,4990,,2025-12-20 16:58:45.296 +0900,crawl,698,false,2990,2000,66.89
7227,3990,,2025-12-20 16:58:45.304 +0900,crawl,699,false,2790,1200,43.01
7228,3490,,2025-12-20 16:58:45.316 +0900,crawl,701,false,2440,1050,43.03
7229,5990,,2025-12-20 16:58:45.337 +0900,crawl,704,false,4990,1000,20.04
7230,3290,,2025-12-20 16:58:45.353 +0900,crawl,707,false,1970,1320,67.01
7231,4290,,2025-12-20 16:58:45.361 +0900,crawl,708,false,3000,1290,43.00
7232,9490,,2025-12-20 16:58:45.563 +0900,crawl,722,false,8490,1000,11.78
7233,8490,,2025-12-20 16:58:45.580 +0900,crawl,727,false,7990,500,6.26
7234,9490,,2025-12-20 16:58:45.592 +0900,crawl,732,false,8490,1000,11.78
7235,7890,,2025-12-20 16:58:45.618 +0900,crawl,733,false,6890,1000,14.51
7236,8990,,2025-12-20 16:58:45.629 +0900,crawl,735,false,7990,1000,12.52
7237,12900,,2025-12-20 16:58:45.638 +0900,crawl,737,false,10900,2000,18.35
7238,7990,,2025-12-20 16:58:45.746 +0900,crawl,748,false,4990,3000,60.12
7239,12990,,2025-12-20 16:58:46.000 +0900,crawl,760,false,9900,3090,31.21
7240,1790,,2025-12-20 16:58:46.154 +0900,crawl,785,false,1000,790,79.00
7241,5290,,2025-12-20 16:58:46.226 +0900,crawl,794,false,2990,2300,76.92
7242,2090,,2025-12-20 16:58:46.245 +0900,crawl,803,false,1790,300,16.76
7243,5490,,2025-12-20 16:58:46.301 +0900,crawl,806,false,4990,500,10.02
7244,5290,,2025-12-20 16:58:46.369 +0900,crawl,820,false,2990,2300,76.92
7245,2390,,2025-12-20 16:58:46.403 +0900,crawl,824,false,1290,1100,85.27
7246,2190,,2025-12-20 16:58:46.412 +0900,crawl,826,false,1590,600,37.74
7247,2590,,2025-12-20 16:58:46.443 +0900,crawl,828,false,2190,400,18.26
7248,14900,,2025-12-20 16:58:46.468 +0900,crawl,835,false,7450,7450,100.00
7249,16900,,2025-12-20 16:58:46.477 +0900,crawl,836,false,8450,8450,100.00
7251,21900,,2025-12-20 16:58:46.495 +0900,crawl,837,false,10950,10950,100.00
7252,20900,,2025-12-20 16:58:46.505 +0900,crawl,838,false,10450,10450,100.00
7250,18900,,2025-12-20 16:58:46.486 +0900,crawl,839,false,9450,9450,100.00
7253,23900,,2025-12-20 16:58:46.514 +0900,crawl,840,false,11950,11950,100.00
7254,12900,,2025-12-20 16:58:46.523 +0900,crawl,841,false,6450,6450,100.00
7255,21900,,2025-12-20 16:58:46.532 +0900,crawl,842,false,10950,10950,100.00
7256,17900,,2025-12-20 16:58:46.541 +0900,crawl,843,false,8950,8950,100.00
7257,11500,,2025-12-20 16:58:46.550 +0900,crawl,844,false,5750,5750,100.00
7258,11500,,2025-12-20 16:58:46.559 +0900,crawl,845,false,5750,5750,100.00
7259,20500,,2025-12-20 16:58:46.568 +0900,crawl,846,false,18450,2050,11.11
7261,7600,,2025-12-20 16:58:47.808 +0900,crawl,847,false,3800,3800,100.00
7260,7600,,2025-12-20 16:58:47.800 +0900,crawl,848,false,3800,3800,100.00
7262,7600,,2025-12-20 16:58:47.816 +0900,crawl,849,false,3800,3800,100.00
7263,11900,,2025-12-20 16:58:47.825 +0900,crawl,850,false,10710,1190,11.11
7264,7600,,2025-12-20 16:58:47.833 +0900,crawl,851,false,3800,3800,100.00
8223,3840,5490,2025-12-20 17:05:58.218 +0900,crawl,694,false,5490,-1650,-30.05
8224,6900,8900,2025-12-20 17:05:58.225 +0900,crawl,696,false,8900,-2000,-22.47
8225,2990,4990,2025-12-20 17:05:58.232 +0900,crawl,698,false,4990,-2000,-40.08
8226,2790,3990,2025-12-20 17:05:58.236 +0900,crawl,699,false,3990,-1200,-30.08
8227,2440,3490,2025-12-20 17:05:58.243 +0900,crawl,701,false,3490,-1050,-30.09
8228,4990,5990,2025-12-20 17:05:58.252 +0900,crawl,704,false,5990,-1000,-16.69
8229,1970,3290,2025-12-20 17:05:58.262 +0900,crawl,707,false,3290,-1320,-40.12
8230,3000,4290,2025-12-20 17:05:58.266 +0900,crawl,708,false,4290,-1290,-30.07
8231,8490,,2025-12-20 17:05:58.304 +0900,crawl,722,false,9490,-1000,-10.54
8232,7990,,2025-12-20 17:05:58.319 +0900,crawl,727,false,8490,-500,-5.89
8233,8490,,2025-12-20 17:05:58.334 +0900,crawl,732,false,9490,-1000,-10.54
8234,6890,7890,2025-12-20 17:05:58.338 +0900,crawl,733,false,7890,-1000,-12.67
8235,7990,,2025-12-20 17:05:58.345 +0900,crawl,735,false,8990,-1000,-11.12
8236,10900,,2025-12-20 17:05:58.352 +0900,crawl,737,false,12900,-2000,-15.50
8237,4990,,2025-12-20 17:05:58.382 +0900,crawl,748,false,7990,-3000,-37.55
8238,9900,,2025-12-20 17:05:58.416 +0900,crawl,760,false,12990,-3090,-23.79
8239,1000,,2025-12-20 17:05:58.483 +0900,crawl,785,false,1790,-790,-44.13
8240,2990,,2025-12-20 17:05:58.508 +0900,crawl,794,false,5290,-2300,-43.48
8241,1790,,2025-12-20 17:05:58.533 +0900,crawl,803,false,2090,-300,-14.35
8243,2990,,2025-12-20 17:05:58.580 +0900,crawl,820,false,5290,-2300,-43.48
8244,1290,,2025-12-20 17:05:58.592 +0900,crawl,824,false,2390,-1100,-46.03
8245,1590,,2025-12-20 17:05:58.599 +0900,crawl,826,false,2190,-600,-27.40
8246,2190,,2025-12-20 17:05:58.605 +0900,crawl,828,false,2590,-400,-15.44
8247,7450,14900,2025-12-20 17:05:58.625 +0900,crawl,835,false,14900,-7450,-50.00
8248,8450,16900,2025-12-20 17:05:58.629 +0900,crawl,836,false,16900,-8450,-50.00
8251,9450,18900,2025-12-20 17:05:58.641 +0900,crawl,839,false,18900,-9450,-50.00
8249,10950,21900,2025-12-20 17:05:58.633 +0900,crawl,837,false,21900,-10950,-50.00
8250,10450,20900,2025-12-20 17:05:58.637 +0900,crawl,838,false,20900,-10450,-50.00
8252,11950,23900,2025-12-20 17:05:58.645 +0900,crawl,840,false,23900,-11950,-50.00
8253,6450,12900,2025-12-20 17:05:58.649 +0900,crawl,841,false,12900,-6450,-50.00
8254,10950,21900,2025-12-20 17:05:58.653 +0900,crawl,842,false,21900,-10950,-50.00
8255,8950,17900,2025-12-20 17:05:58.657 +0900,crawl,843,false,17900,-8950,-50.00
8256,5750,11500,2025-12-20 17:05:58.661 +0900,crawl,844,false,11500,-5750,-50.00
8257,5750,11500,2025-12-20 17:05:58.665 +0900,crawl,845,false,11500,-5750,-50.00
8258,18450,20500,2025-12-20 17:05:58.669 +0900,crawl,846,false,20500,-2050,-10.00
8260,3800,7600,2025-12-20 17:05:58.677 +0900,crawl,848,false,7600,-3800,-50.00
8259,3800,7600,2025-12-20 17:05:58.673 +0900,crawl,847,false,7600,-3800,-50.00
8261,3800,7600,2025-12-20 17:05:58.681 +0900,crawl,849,false,7600,-3800,-50.00
8262,10710,11900,2025-12-20 17:05:58.685 +0900,crawl,850,false,11900,-1190,-10.00
8263,3800,7600,2025-12-20 17:05:58.689 +0900,crawl,851,false,7600,-3800,-50.00
7266,16500,,2025-12-20 16:58:47.851 +0900,crawl,852,false,14850,1650,11.11
7265,11500,,2025-12-20 16:58:47.842 +0900,crawl,853,false,10350,1150,11.11
7267,11000,,2025-12-20 16:58:47.859 +0900,crawl,854,false,9900,1100,11.11
7268,10500,,2025-12-20 16:58:47.868 +0900,crawl,855,false,9450,1050,11.11
7269,18500,,2025-12-20 16:58:47.876 +0900,crawl,856,false,16650,1850,11.11
7271,36900,,2025-12-20 16:58:48.389 +0900,crawl,857,false,22140,14760,66.67
7270,24900,,2025-12-20 16:58:48.381 +0900,crawl,858,false,14940,9960,66.67
7272,13900,,2025-12-20 16:58:48.397 +0900,crawl,859,false,8340,5560,66.67
7273,9990,,2025-12-20 16:58:48.406 +0900,crawl,860,false,6990,3000,42.92
7274,9990,,2025-12-20 16:58:48.590 +0900,crawl,861,false,7990,2000,25.03
7275,9990,,2025-12-20 16:58:48.599 +0900,crawl,862,false,7990,2000,25.03
7276,9990,,2025-12-20 16:58:48.608 +0900,crawl,863,false,7990,2000,25.03
7281,8990,,2025-12-20 16:58:48.664 +0900,crawl,864,false,7990,1000,12.52
7277,9990,,2025-12-20 16:58:48.617 +0900,crawl,865,false,7990,2000,25.03
7278,14000,,2025-12-20 16:58:48.631 +0900,crawl,866,false,9800,4200,42.86
7280,9990,,2025-12-20 16:58:48.654 +0900,crawl,867,false,5990,4000,66.78
7279,8990,,2025-12-20 16:58:48.640 +0900,crawl,868,false,7990,1000,12.52
7282,8990,,2025-12-20 16:58:48.678 +0900,crawl,869,false,7190,1800,25.03
7286,12800,,2025-12-20 16:58:48.723 +0900,crawl,875,false,6400,6400,100.00
7284,8740,,2025-12-20 16:58:48.701 +0900,crawl,876,false,6390,2350,36.78
7283,9990,,2025-12-20 16:58:48.687 +0900,crawl,881,false,7990,2000,25.03
7285,9990,,2025-12-20 16:58:48.710 +0900,crawl,882,false,5990,4000,66.78
7287,8740,,2025-12-20 16:58:48.737 +0900,crawl,883,false,6390,2350,36.78
7288,9990,,2025-12-20 16:58:48.761 +0900,crawl,884,false,8990,1000,11.12
7289,10990,,2025-12-20 16:58:49.424 +0900,crawl,887,false,8790,2200,25.03
7290,9990,,2025-12-20 16:58:49.432 +0900,crawl,888,false,8990,1000,11.12
7291,11990,,2025-12-20 16:58:49.489 +0900,crawl,891,false,8790,3200,36.41
7293,7990,,2025-12-20 16:58:49.512 +0900,crawl,892,false,6990,1000,14.31
7292,15990,,2025-12-20 16:58:49.503 +0900,crawl,893,false,12790,3200,25.02
7294,13980,,2025-12-20 16:58:49.521 +0900,crawl,895,false,7990,5990,74.97
7295,10900,,2025-12-20 16:58:49.541 +0900,crawl,897,false,5450,5450,100.00
7297,9990,,2025-12-20 16:58:49.556 +0900,crawl,898,false,7990,2000,25.03
7296,10900,,2025-12-20 16:58:49.549 +0900,crawl,899,false,5450,5450,100.00
7298,19990,,2025-12-20 16:58:49.564 +0900,crawl,901,false,15990,4000,25.02
7299,19800,,2025-12-20 16:58:49.762 +0900,crawl,902,false,9900,9900,100.00
7304,3300,,2025-12-20 16:58:49.802 +0900,crawl,903,false,2640,660,25.00
7300,2750,,2025-12-20 16:58:49.770 +0900,crawl,904,false,1650,1100,66.67
7301,28300,,2025-12-20 16:58:49.779 +0900,crawl,905,false,16980,11320,66.67
7302,2590,,2025-12-20 16:58:49.787 +0900,crawl,906,false,1810,780,43.09
7305,1720,,2025-12-20 16:58:49.809 +0900,crawl,907,false,1030,690,66.99
7306,2590,,2025-12-20 16:58:49.816 +0900,crawl,908,false,1810,780,43.09
7309,3300,,2025-12-20 16:58:49.842 +0900,crawl,910,false,2640,660,25.00
8264,14850,16500,2025-12-20 17:05:58.693 +0900,crawl,852,false,16500,-1650,-10.00
8266,9900,11000,2025-12-20 17:05:58.701 +0900,crawl,854,false,11000,-1100,-10.00
8267,9450,10500,2025-12-20 17:05:58.705 +0900,crawl,855,false,10500,-1050,-10.00
8268,16650,18500,2025-12-20 17:05:58.709 +0900,crawl,856,false,18500,-1850,-10.00
8270,14940,24900,2025-12-20 17:05:58.717 +0900,crawl,858,false,24900,-9960,-40.00
8269,22140,36900,2025-12-20 17:05:58.713 +0900,crawl,857,false,36900,-14760,-40.00
8271,8340,13900,2025-12-20 17:05:58.721 +0900,crawl,859,false,13900,-5560,-40.00
8272,6990,9990,2025-12-20 17:05:58.725 +0900,crawl,860,false,9990,-3000,-30.03
8273,7990,9990,2025-12-20 17:05:58.729 +0900,crawl,861,false,9990,-2000,-20.02
8274,7990,9990,2025-12-20 17:05:58.733 +0900,crawl,862,false,9990,-2000,-20.02
8275,7990,9990,2025-12-20 17:05:58.737 +0900,crawl,863,false,9990,-2000,-20.02
8277,7990,9990,2025-12-20 17:05:58.745 +0900,crawl,865,false,9990,-2000,-20.02
8278,9800,14000,2025-12-20 17:05:58.749 +0900,crawl,866,false,14000,-4200,-30.00
8280,7990,,2025-12-20 17:05:58.757 +0900,crawl,868,false,8990,-1000,-11.12
8279,5990,9990,2025-12-20 17:05:58.753 +0900,crawl,867,false,9990,-4000,-40.04
8276,7990,,2025-12-20 17:05:58.741 +0900,crawl,864,false,8990,-1000,-11.12
8281,7190,8990,2025-12-20 17:05:58.761 +0900,crawl,869,false,8990,-1800,-20.02
8284,7990,9990,2025-12-20 17:05:58.798 +0900,crawl,881,false,9990,-2000,-20.02
8285,5990,9990,2025-12-20 17:05:58.802 +0900,crawl,882,false,9990,-4000,-40.04
8282,6400,12800,2025-12-20 17:05:58.779 +0900,crawl,875,false,12800,-6400,-50.00
8286,6390,7990,2025-12-20 17:05:58.806 +0900,crawl,883,false,8740,-2350,-26.89
8287,8990,9990,2025-12-20 17:05:58.810 +0900,crawl,884,false,9990,-1000,-10.01
8288,8790,10990,2025-12-20 17:05:58.820 +0900,crawl,887,false,10990,-2200,-20.02
8289,8990,9990,2025-12-20 17:05:58.824 +0900,crawl,888,false,9990,-1000,-10.01
8290,8790,10990,2025-12-20 17:05:58.833 +0900,crawl,891,false,11990,-3200,-26.69
8292,12790,15990,2025-12-20 17:05:58.843 +0900,crawl,893,false,15990,-3200,-20.01
8291,6990,,2025-12-20 17:05:58.837 +0900,crawl,892,false,7990,-1000,-12.52
8293,7990,,2025-12-20 17:05:58.851 +0900,crawl,895,false,13980,-5990,-42.85
8294,5450,10900,2025-12-20 17:05:58.858 +0900,crawl,897,false,10900,-5450,-50.00
8296,5450,10900,2025-12-20 17:05:58.866 +0900,crawl,899,false,10900,-5450,-50.00
8295,7990,9990,2025-12-20 17:05:58.862 +0900,crawl,898,false,9990,-2000,-20.02
8297,15990,19990,2025-12-20 17:05:58.873 +0900,crawl,901,false,19990,-4000,-20.01
8298,9900,19800,2025-12-20 17:05:58.877 +0900,crawl,902,false,19800,-9900,-50.00
8300,1650,2750,2025-12-20 17:05:58.885 +0900,crawl,904,false,2750,-1100,-40.00
8301,16980,28300,2025-12-20 17:05:58.890 +0900,crawl,905,false,28300,-11320,-40.00
8302,1810,2590,2025-12-20 17:05:58.894 +0900,crawl,906,false,2590,-780,-30.12
8299,2640,3300,2025-12-20 17:05:58.881 +0900,crawl,903,false,3300,-660,-20.00
8303,1030,1720,2025-12-20 17:05:58.898 +0900,crawl,907,false,1720,-690,-40.12
8304,1810,2590,2025-12-20 17:05:58.902 +0900,crawl,908,false,2590,-780,-30.12
8305,2640,3300,2025-12-20 17:05:58.909 +0900,crawl,910,false,3300,-660,-20.00
7303,29800,,2025-12-20 16:58:49.794 +0900,crawl,911,false,14900,14900,100.00
7307,29800,,2025-12-20 16:58:49.823 +0900,crawl,912,false,14900,14900,100.00
7311,23000,,2025-12-20 16:58:49.856 +0900,crawl,913,false,11500,11500,100.00
7310,19800,,2025-12-20 16:58:49.849 +0900,crawl,914,false,9900,9900,100.00
7312,4990,,2025-12-20 16:58:49.863 +0900,crawl,915,false,2990,2000,66.89
7308,19800,,2025-12-20 16:58:49.835 +0900,crawl,916,false,9900,9900,100.00
7316,15800,,2025-12-20 16:58:49.891 +0900,crawl,917,false,7900,7900,100.00
7317,4990,,2025-12-20 16:58:49.898 +0900,crawl,918,false,2990,2000,66.89
7318,33900,,2025-12-20 16:58:49.906 +0900,crawl,919,false,16950,16950,100.00
7314,27500,,2025-12-20 16:58:49.877 +0900,crawl,920,false,13750,13750,100.00
7315,19800,,2025-12-20 16:58:49.884 +0900,crawl,921,false,9900,9900,100.00
7313,2550,,2025-12-20 16:58:49.870 +0900,crawl,922,false,1530,1020,66.67
7320,15800,,2025-12-20 16:58:49.928 +0900,crawl,923,false,7900,7900,100.00
7319,5100,,2025-12-20 16:58:49.920 +0900,crawl,924,false,4080,1020,25.00
7321,20900,,2025-12-20 16:58:49.935 +0900,crawl,925,false,10450,10450,100.00
7323,4890,,2025-12-20 16:58:49.950 +0900,crawl,926,false,3420,1470,42.98
7322,5100,,2025-12-20 16:58:49.943 +0900,crawl,927,false,4080,1020,25.00
7324,4890,,2025-12-20 16:58:50.496 +0900,crawl,929,false,3420,1470,42.98
7325,28300,,2025-12-20 16:58:50.503 +0900,crawl,930,false,16980,11320,66.67
7326,2750,,2025-12-20 16:58:50.541 +0900,crawl,933,false,1560,1190,76.28
7327,1650,,2025-12-20 16:58:50.549 +0900,crawl,934,false,950,700,73.68
7329,10200,,2025-12-20 16:58:50.565 +0900,crawl,935,false,8160,2040,25.00
7328,7500,,2025-12-20 16:58:50.557 +0900,crawl,936,false,6000,1500,25.00
7330,26500,,2025-12-20 16:58:50.572 +0900,crawl,937,false,15900,10600,66.67
7331,7500,,2025-12-20 16:58:50.580 +0900,crawl,938,false,6000,1500,25.00
7333,10800,,2025-12-20 16:58:50.595 +0900,crawl,939,false,8640,2160,25.00
7334,3190,,2025-12-20 16:58:50.602 +0900,crawl,940,false,2230,960,43.05
7336,27500,,2025-12-20 16:58:50.617 +0900,crawl,941,false,13750,13750,100.00
7335,1650,,2025-12-20 16:58:50.609 +0900,crawl,942,false,990,660,66.67
7338,2990,,2025-12-20 16:58:50.633 +0900,crawl,943,false,1790,1200,67.04
7337,3290,,2025-12-20 16:58:50.625 +0900,crawl,944,false,1970,1320,67.01
7339,1750,,2025-12-20 16:58:50.640 +0900,crawl,945,false,1050,700,66.67
7332,27500,,2025-12-20 16:58:50.587 +0900,crawl,946,false,13750,13750,100.00
7340,2650,,2025-12-20 16:58:50.855 +0900,crawl,947,false,1560,1090,69.87
7341,3000,,2025-12-20 16:58:50.863 +0900,crawl,948,false,2100,900,42.86
7342,3290,,2025-12-20 16:58:50.932 +0900,crawl,949,false,1970,1320,67.01
7343,4400,,2025-12-20 16:58:51.229 +0900,crawl,950,false,2640,1760,66.67
7344,4300,,2025-12-20 16:58:51.237 +0900,crawl,951,false,2580,1720,66.67
7345,27500,,2025-12-20 16:58:51.244 +0900,crawl,952,false,16500,11000,66.67
7346,7900,,2025-12-20 16:58:51.251 +0900,crawl,953,false,4740,3160,66.67
7350,16500,,2025-12-20 16:58:51.283 +0900,crawl,954,false,9900,6600,66.67
7348,9900,,2025-12-20 16:58:51.266 +0900,crawl,955,false,6930,2970,42.86
7347,20900,,2025-12-20 16:58:51.259 +0900,crawl,956,false,18810,2090,11.11
8307,14900,29800,2025-12-20 17:05:58.918 +0900,crawl,912,false,29800,-14900,-50.00
8309,9900,19800,2025-12-20 17:05:58.926 +0900,crawl,914,false,19800,-9900,-50.00
8308,11500,23000,2025-12-20 17:05:58.922 +0900,crawl,913,false,23000,-11500,-50.00
8310,2990,4990,2025-12-20 17:05:58.930 +0900,crawl,915,false,4990,-2000,-40.08
8317,1530,2550,2025-12-20 17:05:58.959 +0900,crawl,922,false,2550,-1020,-40.00
8315,13750,27500,2025-12-20 17:05:58.951 +0900,crawl,920,false,27500,-13750,-50.00
8316,9900,19800,2025-12-20 17:05:58.955 +0900,crawl,921,false,19800,-9900,-50.00
8312,7900,15800,2025-12-20 17:05:58.938 +0900,crawl,917,false,15800,-7900,-50.00
8313,2990,4990,2025-12-20 17:05:58.942 +0900,crawl,918,false,4990,-2000,-40.08
8314,16950,33900,2025-12-20 17:05:58.947 +0900,crawl,919,false,33900,-16950,-50.00
8319,4080,5100,2025-12-20 17:05:58.968 +0900,crawl,924,false,5100,-1020,-20.00
8318,7900,15800,2025-12-20 17:05:58.963 +0900,crawl,923,false,15800,-7900,-50.00
8320,10450,20900,2025-12-20 17:05:58.972 +0900,crawl,925,false,20900,-10450,-50.00
8322,4080,5100,2025-12-20 17:05:58.980 +0900,crawl,927,false,5100,-1020,-20.00
8321,3420,4890,2025-12-20 17:05:58.976 +0900,crawl,926,false,4890,-1470,-30.06
8323,3420,4890,2025-12-20 17:05:58.987 +0900,crawl,929,false,4890,-1470,-30.06
8324,16980,28300,2025-12-20 17:05:58.991 +0900,crawl,930,false,28300,-11320,-40.00
8325,1560,2600,2025-12-20 17:05:59.001 +0900,crawl,933,false,2750,-1190,-43.27
8326,950,1590,2025-12-20 17:05:59.005 +0900,crawl,934,false,1650,-700,-42.42
8328,6000,7500,2025-12-20 17:05:59.013 +0900,crawl,936,false,7500,-1500,-20.00
8327,8160,10200,2025-12-20 17:05:59.009 +0900,crawl,935,false,10200,-2040,-20.00
8329,15900,26500,2025-12-20 17:05:59.017 +0900,crawl,937,false,26500,-10600,-40.00
8330,6000,7500,2025-12-20 17:05:59.021 +0900,crawl,938,false,7500,-1500,-20.00
8331,8640,10800,2025-12-20 17:05:59.025 +0900,crawl,939,false,10800,-2160,-20.00
8332,2230,3190,2025-12-20 17:05:59.030 +0900,crawl,940,false,3190,-960,-30.09
8334,990,1650,2025-12-20 17:05:59.038 +0900,crawl,942,false,1650,-660,-40.00
8333,13750,27500,2025-12-20 17:05:59.034 +0900,crawl,941,false,27500,-13750,-50.00
8336,1970,3290,2025-12-20 17:05:59.046 +0900,crawl,944,false,3290,-1320,-40.12
8335,1790,2990,2025-12-20 17:05:59.042 +0900,crawl,943,false,2990,-1200,-40.13
8337,1050,1750,2025-12-20 17:05:59.051 +0900,crawl,945,false,1750,-700,-40.00
8339,1560,2600,2025-12-20 17:05:59.059 +0900,crawl,947,false,2650,-1090,-41.13
8340,2100,3000,2025-12-20 17:05:59.063 +0900,crawl,948,false,3000,-900,-30.00
8341,1970,3290,2025-12-20 17:05:59.067 +0900,crawl,949,false,3290,-1320,-40.12
8342,2640,4400,2025-12-20 17:05:59.071 +0900,crawl,950,false,4400,-1760,-40.00
8343,2580,4300,2025-12-20 17:05:59.076 +0900,crawl,951,false,4300,-1720,-40.00
8344,16500,27500,2025-12-20 17:05:59.080 +0900,crawl,952,false,27500,-11000,-40.00
8345,4740,7900,2025-12-20 17:05:59.084 +0900,crawl,953,false,7900,-3160,-40.00
8347,6930,9900,2025-12-20 17:05:59.092 +0900,crawl,955,false,9900,-2970,-30.00
8346,9900,16500,2025-12-20 17:05:59.088 +0900,crawl,954,false,16500,-6600,-40.00
7352,19900,,2025-12-20 16:58:51.297 +0900,crawl,958,false,17910,1990,11.11
7349,10900,,2025-12-20 16:58:51.275 +0900,crawl,959,false,7630,3270,42.86
7356,23900,,2025-12-20 16:58:51.336 +0900,crawl,960,false,21510,2390,11.11
7355,26900,,2025-12-20 16:58:51.328 +0900,crawl,961,false,24210,2690,11.11
7351,21900,,2025-12-20 16:58:51.290 +0900,crawl,962,false,19710,2190,11.11
7353,25900,,2025-12-20 16:58:51.309 +0900,crawl,963,false,23310,2590,11.11
7354,7900,,2025-12-20 16:58:51.321 +0900,crawl,965,false,3950,3950,100.00
7359,64900,,2025-12-20 16:58:51.560 +0900,crawl,972,false,54900,10000,18.21
7358,64900,,2025-12-20 16:58:51.549 +0900,crawl,973,false,54900,10000,18.21
7357,53900,,2025-12-20 16:58:51.541 +0900,crawl,975,false,43900,10000,22.78
7360,19800,,2025-12-20 16:58:51.709 +0900,crawl,977,false,9900,9900,100.00
7362,11900,,2025-12-20 16:58:51.724 +0900,crawl,979,false,10710,1190,11.11
7361,20900,,2025-12-20 16:58:51.716 +0900,crawl,980,false,15900,5000,31.45
7364,3600,,2025-12-20 16:58:51.739 +0900,crawl,981,false,2520,1080,42.86
7366,11500,,2025-12-20 16:58:51.761 +0900,crawl,982,false,10350,1150,11.11
7363,11000,,2025-12-20 16:58:51.731 +0900,crawl,983,false,9900,1100,11.11
7365,13500,,2025-12-20 16:58:51.746 +0900,crawl,985,false,12150,1350,11.11
7368,5900,,2025-12-20 16:58:51.882 +0900,crawl,989,false,3540,2360,66.67
7369,26000,,2025-12-20 16:58:51.890 +0900,crawl,990,false,15600,10400,66.67
7367,26000,,2025-12-20 16:58:51.875 +0900,crawl,991,false,15600,10400,66.67
7370,15990,,2025-12-20 16:58:51.966 +0900,crawl,992,false,10990,5000,45.50
7371,24990,,2025-12-20 16:58:51.973 +0900,crawl,993,false,17990,7000,38.91
7372,12990,,2025-12-20 16:58:51.981 +0900,crawl,994,false,10990,2000,18.20
7373,12990,,2025-12-20 16:58:51.988 +0900,crawl,995,false,10990,2000,18.20
7374,21650,,2025-12-20 16:58:51.995 +0900,crawl,996,false,12990,8660,66.67
7375,18330,,2025-12-20 16:58:52.003 +0900,crawl,997,false,10990,7340,66.79
7377,13990,,2025-12-20 16:58:52.136 +0900,crawl,999,false,10990,3000,27.30
7376,14990,,2025-12-20 16:58:52.129 +0900,crawl,1000,false,9990,5000,50.05
7378,14990,,2025-12-20 16:58:52.144 +0900,crawl,1001,false,9990,5000,50.05
7379,14990,,2025-12-20 16:58:52.151 +0900,crawl,1002,false,8990,6000,66.74
7380,17990,,2025-12-20 16:58:52.158 +0900,crawl,1003,false,8990,9000,100.11
7382,17990,,2025-12-20 16:58:52.181 +0900,crawl,1004,false,8990,9000,100.11
7381,14990,,2025-12-20 16:58:52.169 +0900,crawl,1005,false,8990,6000,66.74
7383,12990,,2025-12-20 16:58:52.190 +0900,crawl,1006,false,8990,4000,44.49
7384,12990,,2025-12-20 16:58:52.521 +0900,crawl,1011,false,8990,4000,44.49
7385,12990,,2025-12-20 16:58:52.529 +0900,crawl,1012,false,8990,4000,44.49
7386,19990,,2025-12-20 16:58:52.536 +0900,crawl,1013,false,11990,8000,66.72
7387,11650,,2025-12-20 16:58:52.544 +0900,crawl,1014,false,6990,4660,66.67
7388,8320,,2025-12-20 16:58:52.556 +0900,crawl,1016,false,5820,2500,42.96
7389,15990,,2025-12-20 16:58:53.129 +0900,crawl,1020,false,10990,5000,45.50
7390,13990,,2025-12-20 16:58:53.137 +0900,crawl,1021,false,8990,5000,55.62
7392,10990,,2025-12-20 16:58:53.165 +0900,crawl,1022,false,7990,3000,37.55
8350,7630,10900,2025-12-20 17:05:59.107 +0900,crawl,959,false,10900,-3270,-30.00
8349,17910,19900,2025-12-20 17:05:59.103 +0900,crawl,958,false,19900,-1990,-10.00
8354,23310,25900,2025-12-20 17:05:59.125 +0900,crawl,963,false,25900,-2590,-10.00
8355,3950,7900,2025-12-20 17:05:59.133 +0900,crawl,965,false,7900,-3950,-50.00
8352,24210,26900,2025-12-20 17:05:59.116 +0900,crawl,961,false,26900,-2690,-10.00
8351,21510,23900,2025-12-20 17:05:59.112 +0900,crawl,960,false,23900,-2390,-10.00
8358,43900,53900,2025-12-20 17:05:59.177 +0900,crawl,975,false,53900,-10000,-18.55
8357,54900,64900,2025-12-20 17:05:59.167 +0900,crawl,973,false,64900,-10000,-15.41
8356,54900,64900,2025-12-20 17:05:59.161 +0900,crawl,972,false,64900,-10000,-15.41
8359,9900,19800,2025-12-20 17:05:59.184 +0900,crawl,977,false,19800,-9900,-50.00
8361,15900,,2025-12-20 17:05:59.195 +0900,crawl,980,false,20900,-5000,-23.92
8360,10710,11900,2025-12-20 17:05:59.191 +0900,crawl,979,false,11900,-1190,-10.00
8364,9900,11000,2025-12-20 17:05:59.208 +0900,crawl,983,false,11000,-1100,-10.00
8362,2520,3600,2025-12-20 17:05:59.199 +0900,crawl,981,false,3600,-1080,-30.00
8365,12150,13500,2025-12-20 17:05:59.215 +0900,crawl,985,false,13500,-1350,-10.00
8363,10350,11500,2025-12-20 17:05:59.203 +0900,crawl,982,false,11500,-1150,-10.00
8368,15600,26000,2025-12-20 17:05:59.236 +0900,crawl,991,false,26000,-10400,-40.00
8366,3540,5900,2025-12-20 17:05:59.228 +0900,crawl,989,false,5900,-2360,-40.00
8367,15600,26000,2025-12-20 17:05:59.232 +0900,crawl,990,false,26000,-10400,-40.00
8369,10990,15990,2025-12-20 17:05:59.240 +0900,crawl,992,false,15990,-5000,-31.27
8370,17990,24990,2025-12-20 17:05:59.244 +0900,crawl,993,false,24990,-7000,-28.01
8371,10990,12990,2025-12-20 17:05:59.249 +0900,crawl,994,false,12990,-2000,-15.40
8372,10990,12990,2025-12-20 17:05:59.253 +0900,crawl,995,false,12990,-2000,-15.40
8374,10990,18330,2025-12-20 17:05:59.262 +0900,crawl,997,false,18330,-7340,-40.04
8376,9990,14990,2025-12-20 17:05:59.273 +0900,crawl,1000,false,14990,-5000,-33.36
8375,10990,13990,2025-12-20 17:05:59.269 +0900,crawl,999,false,13990,-3000,-21.44
8377,9990,14990,2025-12-20 17:05:59.277 +0900,crawl,1001,false,14990,-5000,-33.36
8378,8990,14990,2025-12-20 17:05:59.281 +0900,crawl,1002,false,14990,-6000,-40.03
8379,8990,17990,2025-12-20 17:05:59.285 +0900,crawl,1003,false,17990,-9000,-50.03
8381,8990,14990,2025-12-20 17:05:59.294 +0900,crawl,1005,false,14990,-6000,-40.03
8380,8990,17990,2025-12-20 17:05:59.290 +0900,crawl,1004,false,17990,-9000,-50.03
8382,8990,12990,2025-12-20 17:05:59.298 +0900,crawl,1006,false,12990,-4000,-30.79
8383,8990,12990,2025-12-20 17:05:59.313 +0900,crawl,1011,false,12990,-4000,-30.79
8384,8990,12990,2025-12-20 17:05:59.318 +0900,crawl,1012,false,12990,-4000,-30.79
8385,11990,19990,2025-12-20 17:05:59.322 +0900,crawl,1013,false,19990,-8000,-40.02
8386,6990,11650,2025-12-20 17:05:59.326 +0900,crawl,1014,false,11650,-4660,-40.00
8387,5820,8320,2025-12-20 17:05:59.333 +0900,crawl,1016,false,8320,-2500,-30.05
8388,10990,15990,2025-12-20 17:05:59.346 +0900,crawl,1020,false,15990,-5000,-31.27
8389,8990,13990,2025-12-20 17:05:59.350 +0900,crawl,1021,false,13990,-5000,-35.74
8390,7990,10990,2025-12-20 17:05:59.354 +0900,crawl,1022,false,10990,-3000,-27.30
7391,8990,,2025-12-20 16:58:53.149 +0900,crawl,1023,false,5390,3600,66.79
7393,8990,,2025-12-20 16:58:53.172 +0900,crawl,1026,false,6990,2000,28.61
7396,19990,,2025-12-20 16:58:53.411 +0900,crawl,1029,false,10990,9000,81.89
7395,16990,,2025-12-20 16:58:53.404 +0900,crawl,1030,false,11990,5000,41.70
7394,11650,,2025-12-20 16:58:53.396 +0900,crawl,1031,false,6990,4660,66.67
7397,9990,,2025-12-20 16:58:53.418 +0900,crawl,1032,false,7990,2000,25.03
7398,11990,,2025-12-20 16:58:53.429 +0900,crawl,1033,false,9990,2000,20.02
7400,14990,,2025-12-20 16:58:54.467 +0900,crawl,1036,false,9990,5000,50.05
7399,13990,,2025-12-20 16:58:54.460 +0900,crawl,1037,false,11190,2800,25.02
7401,14990,,2025-12-20 16:58:54.475 +0900,crawl,1038,false,9990,5000,50.05
7402,23990,,2025-12-20 16:58:54.482 +0900,crawl,1039,false,15990,8000,50.03
7403,4990,,2025-12-20 16:58:54.494 +0900,crawl,1041,false,3490,1500,42.98
7404,9990,,2025-12-20 16:58:54.501 +0900,crawl,1042,false,6990,3000,42.92
7405,10990,,2025-12-20 16:58:56.977 +0900,crawl,1044,false,6990,4000,57.22
7406,10990,,2025-12-20 16:58:56.986 +0900,crawl,1045,false,4990,6000,120.24
7408,13990,,2025-12-20 16:58:57.049 +0900,crawl,1056,false,11990,2000,16.68
7407,12990,,2025-12-20 16:58:57.029 +0900,crawl,1057,false,7990,5000,62.58
7411,10990,,2025-12-20 16:58:57.102 +0900,crawl,1058,false,6990,4000,57.22
7409,4490,,2025-12-20 16:58:57.084 +0900,crawl,1061,false,1990,2500,125.63
7410,4490,,2025-12-20 16:58:57.094 +0900,crawl,1062,false,1990,2500,125.63
7412,4490,,2025-12-20 16:58:57.114 +0900,crawl,1063,false,2490,2000,80.32
7414,4490,,2025-12-20 16:58:57.139 +0900,crawl,1066,false,2490,2000,80.32
7413,9990,,2025-12-20 16:58:57.130 +0900,crawl,1067,false,6990,3000,42.92
7416,15990,,2025-12-20 16:58:57.278 +0900,crawl,1074,false,9990,6000,60.06
7415,15990,,2025-12-20 16:58:57.265 +0900,crawl,1075,false,9990,6000,60.06
7417,8990,,2025-12-20 16:58:57.286 +0900,crawl,1076,false,6990,2000,28.61
7418,8990,,2025-12-20 16:58:57.620 +0900,crawl,1077,false,6990,2000,28.61
7419,12990,,2025-12-20 16:58:57.645 +0900,crawl,1080,false,7990,5000,62.58
7422,8490,,2025-12-20 16:58:57.722 +0900,crawl,1085,false,7490,1000,13.35
7423,8990,,2025-12-20 16:58:57.736 +0900,crawl,1089,false,6990,2000,28.61
7425,10990,,2025-12-20 16:58:57.776 +0900,crawl,1092,false,7990,3000,37.55
7424,9490,,2025-12-20 16:58:57.751 +0900,crawl,1095,false,8490,1000,11.78
7420,8990,,2025-12-20 16:58:57.696 +0900,crawl,1096,false,6990,2000,28.61
7421,10490,,2025-12-20 16:58:57.714 +0900,crawl,1098,false,8990,1500,16.69
7426,9990,,2025-12-20 16:58:57.852 +0900,crawl,1099,false,8490,1500,17.67
7427,13990,,2025-12-20 16:58:58.147 +0900,crawl,1126,false,10990,3000,27.30
7428,7490,,2025-12-20 16:58:58.181 +0900,crawl,1130,false,5490,2000,36.43
7429,7990,,2025-12-20 16:58:58.190 +0900,crawl,1135,false,6990,1000,14.31
7430,7990,,2025-12-20 16:58:58.198 +0900,crawl,1148,false,4990,3000,60.12
7431,8490,,2025-12-20 16:58:58.241 +0900,crawl,1151,false,7490,1000,13.35
7838,9190,,2025-12-20 16:59:33.660 +0900,crawl,1181,false,7990,1200,15.02
7839,6480,,2025-12-20 16:59:33.797 +0900,crawl,1208,false,4490,1990,44.32
8392,6990,8990,2025-12-20 17:05:59.367 +0900,crawl,1026,false,8990,-2000,-22.25
8395,6990,11650,2025-12-20 17:05:59.385 +0900,crawl,1031,false,11650,-4660,-40.00
8394,11990,16990,2025-12-20 17:05:59.381 +0900,crawl,1030,false,16990,-5000,-29.43
8393,10990,19990,2025-12-20 17:05:59.377 +0900,crawl,1029,false,19990,-9000,-45.02
8396,7990,9990,2025-12-20 17:05:59.389 +0900,crawl,1032,false,9990,-2000,-20.02
8397,9990,11990,2025-12-20 17:05:59.393 +0900,crawl,1033,false,11990,-2000,-16.68
8399,11190,13990,2025-12-20 17:05:59.407 +0900,crawl,1037,false,13990,-2800,-20.01
8398,9990,14990,2025-12-20 17:05:59.403 +0900,crawl,1036,false,14990,-5000,-33.36
8400,9990,14990,2025-12-20 17:05:59.411 +0900,crawl,1038,false,14990,-5000,-33.36
8401,15990,23990,2025-12-20 17:05:59.415 +0900,crawl,1039,false,23990,-8000,-33.35
8402,3490,4990,2025-12-20 17:05:59.422 +0900,crawl,1041,false,4990,-1500,-30.06
8403,6990,9990,2025-12-20 17:05:59.426 +0900,crawl,1042,false,9990,-3000,-30.03
8404,6990,10990,2025-12-20 17:05:59.433 +0900,crawl,1044,false,10990,-4000,-36.40
8405,4990,10990,2025-12-20 17:05:59.437 +0900,crawl,1045,false,10990,-6000,-54.60
8406,11990,,2025-12-20 17:05:59.468 +0900,crawl,1056,false,13990,-2000,-14.30
8409,1990,,2025-12-20 17:05:59.487 +0900,crawl,1061,false,4490,-2500,-55.68
8410,1990,,2025-12-20 17:05:59.491 +0900,crawl,1062,false,4490,-2500,-55.68
8408,6990,,2025-12-20 17:05:59.477 +0900,crawl,1058,false,10990,-4000,-36.40
8411,2490,,2025-12-20 17:05:59.495 +0900,crawl,1063,false,4490,-2000,-44.54
8413,6990,,2025-12-20 17:05:59.509 +0900,crawl,1067,false,9990,-3000,-30.03
8412,2490,,2025-12-20 17:05:59.504 +0900,crawl,1066,false,4490,-2000,-44.54
8415,9990,,2025-12-20 17:05:59.534 +0900,crawl,1075,false,15990,-6000,-37.52
8414,9990,,2025-12-20 17:05:59.529 +0900,crawl,1074,false,15990,-6000,-37.52
8416,6990,8990,2025-12-20 17:05:59.538 +0900,crawl,1076,false,8990,-2000,-22.25
8417,6990,8990,2025-12-20 17:05:59.542 +0900,crawl,1077,false,8990,-2000,-22.25
8418,7990,12990,2025-12-20 17:05:59.552 +0900,crawl,1080,false,12990,-5000,-38.49
8423,6990,,2025-12-20 17:05:59.603 +0900,crawl,1096,false,8990,-2000,-22.25
8424,8990,,2025-12-20 17:05:59.610 +0900,crawl,1098,false,10490,-1500,-14.30
8419,7490,8490,2025-12-20 17:05:59.567 +0900,crawl,1085,false,8490,-1000,-11.78
8420,6990,8990,2025-12-20 17:05:59.580 +0900,crawl,1089,false,8990,-2000,-22.25
8422,8490,9490,2025-12-20 17:05:59.599 +0900,crawl,1095,false,9490,-1000,-10.54
8421,7990,10990,2025-12-20 17:05:59.589 +0900,crawl,1092,false,10990,-3000,-27.30
8425,8490,,2025-12-20 17:05:59.614 +0900,crawl,1099,false,9990,-1500,-15.02
8426,10990,13990,2025-12-20 17:05:59.689 +0900,crawl,1126,false,13990,-3000,-21.44
8427,5490,7490,2025-12-20 17:05:59.702 +0900,crawl,1130,false,7490,-2000,-26.70
8428,6990,,2025-12-20 17:05:59.717 +0900,crawl,1135,false,7990,-1000,-12.52
8429,4990,,2025-12-20 17:05:59.754 +0900,crawl,1148,false,7990,-3000,-37.55
8431,7990,,2025-12-20 17:05:59.847 +0900,crawl,1181,false,9190,-1200,-13.06
7840,6990,,2025-12-20 16:59:34.236 +0900,crawl,1225,false,4990,2000,40.08
7841,6990,,2025-12-20 16:59:34.244 +0900,crawl,1226,false,4990,2000,40.08
7844,5990,,2025-12-20 16:59:34.284 +0900,crawl,1227,false,4990,1000,20.04
7842,8480,,2025-12-20 16:59:34.253 +0900,crawl,1228,false,6780,1700,25.07
7843,8480,,2025-12-20 16:59:34.263 +0900,crawl,1229,false,6780,1700,25.07
7845,5990,,2025-12-20 16:59:34.293 +0900,crawl,1230,false,4990,1000,20.04
7846,7500,,2025-12-20 16:59:34.437 +0900,crawl,1242,false,3490,4010,114.90
7849,7500,,2025-12-20 16:59:34.464 +0900,crawl,1243,false,3490,4010,114.90
7847,6990,,2025-12-20 16:59:34.444 +0900,crawl,1244,false,5590,1400,25.04
7848,6990,,2025-12-20 16:59:34.452 +0900,crawl,1245,false,5590,1400,25.04
7850,15980,,2025-12-20 16:59:34.631 +0900,crawl,1251,false,10480,5500,52.48
7851,27100,,2025-12-20 16:59:36.960 +0900,crawl,1271,false,8980,18120,201.78
7852,5200,,2025-12-20 16:59:37.013 +0900,crawl,1284,false,3980,1220,30.65
7853,8480,,2025-12-20 16:59:40.055 +0900,crawl,1366,false,5990,2490,41.57
7854,5980,,2025-12-20 16:59:40.063 +0900,crawl,1367,false,4780,1200,25.10
7855,5980,,2025-12-20 16:59:40.130 +0900,crawl,1379,false,5480,500,9.12
7856,5200,,2025-12-20 16:59:42.283 +0900,crawl,1412,false,3120,2080,66.67
7857,2980,,2025-12-20 16:59:55.629 +0900,crawl,1518,false,2080,900,43.27
7858,3990,,2025-12-20 16:59:55.664 +0900,crawl,1519,false,2790,1200,43.01
7859,5200,,2025-12-20 16:59:55.854 +0900,crawl,1549,false,3980,1220,30.65
7860,5200,,2025-12-20 17:00:00.956 +0900,crawl,1693,false,3980,1220,30.65
7861,8990,,2025-12-20 17:00:20.652 +0900,crawl,1809,false,4990,4000,80.16
7862,9980,,2025-12-20 17:00:22.302 +0900,crawl,1845,false,8480,1500,17.69
7864,5980,,2025-12-20 17:00:27.232 +0900,crawl,1881,false,5500,480,8.73
7863,5980,,2025-12-20 17:00:27.220 +0900,crawl,1883,false,5500,480,8.73
7865,26500,,2025-12-20 17:00:28.034 +0900,crawl,1892,false,19800,6700,33.84
7866,8480,,2025-12-20 17:00:30.526 +0900,crawl,1948,false,6980,1500,21.49
7687,10990,,2025-12-20 16:59:18.501 +0900,crawl,1991,false,8990,2000,22.25
7688,11490,,2025-12-20 16:59:18.509 +0900,crawl,1995,false,8990,2500,27.81
7690,6490,,2025-12-20 16:59:18.592 +0900,crawl,1998,false,4490,2000,44.54
7689,9490,,2025-12-20 16:59:18.566 +0900,crawl,2006,false,7990,1500,18.77
7691,5490,,2025-12-20 16:59:18.749 +0900,crawl,2017,false,4090,1400,34.23
7697,4990,,2025-12-20 16:59:18.841 +0900,crawl,2019,false,4490,500,11.14
7692,2090,,2025-12-20 16:59:18.758 +0900,crawl,2023,false,1990,100,5.03
7695,7490,,2025-12-20 16:59:18.802 +0900,crawl,2024,false,5990,1500,25.04
7696,7490,,2025-12-20 16:59:18.833 +0900,crawl,2026,false,3990,3500,87.72
7693,7490,,2025-12-20 16:59:18.767 +0900,crawl,2027,false,5990,1500,25.04
7698,7490,,2025-12-20 16:59:18.856 +0900,crawl,2028,false,5490,2000,36.43
7694,7990,,2025-12-20 16:59:18.793 +0900,crawl,2029,false,6490,1500,23.11
7699,6490,,2025-12-20 16:59:18.875 +0900,crawl,2031,false,3990,2500,62.66
8461,8990,,2025-12-20 17:06:02.168 +0900,crawl,1995,false,11490,-2500,-21.76
8463,7990,,2025-12-20 17:06:02.203 +0900,crawl,2006,false,9490,-1500,-15.81
8462,4490,,2025-12-20 17:06:02.178 +0900,crawl,1998,false,6490,-2000,-30.82
8464,4090,,2025-12-20 17:06:02.236 +0900,crawl,2017,false,5490,-1400,-25.50
8466,1990,,2025-12-20 17:06:02.256 +0900,crawl,2023,false,2090,-100,-4.78
8469,5990,,2025-12-20 17:06:02.271 +0900,crawl,2027,false,7490,-1500,-20.03
8471,6490,,2025-12-20 17:06:02.280 +0900,crawl,2029,false,7990,-1500,-18.77
8467,5990,,2025-12-20 17:06:02.260 +0900,crawl,2024,false,7490,-1500,-20.03
8468,3990,,2025-12-20 17:06:02.267 +0900,crawl,2026,false,7490,-3500,-46.73
8465,4490,,2025-12-20 17:06:02.243 +0900,crawl,2019,false,4990,-500,-10.02
8470,5490,,2025-12-20 17:06:02.276 +0900,crawl,2028,false,7490,-2000,-26.70
8472,3990,,2025-12-20 17:06:02.287 +0900,crawl,2031,false,6490,-2500,-38.52
8432,4490,,2025-12-20 17:05:59.923 +0900,crawl,1208,false,6480,-1990,-30.71
8433,4990,,2025-12-20 17:05:59.972 +0900,crawl,1225,false,6990,-2000,-28.61
8434,4990,,2025-12-20 17:05:59.976 +0900,crawl,1226,false,6990,-2000,-28.61
8436,6780,,2025-12-20 17:05:59.985 +0900,crawl,1228,false,8480,-1700,-20.05
8437,6780,,2025-12-20 17:05:59.989 +0900,crawl,1229,false,8480,-1700,-20.05
8435,4990,5990,2025-12-20 17:05:59.980 +0900,crawl,1227,false,5990,-1000,-16.69
8438,4990,5990,2025-12-20 17:05:59.994 +0900,crawl,1230,false,5990,-1000,-16.69
8439,3490,,2025-12-20 17:06:00.029 +0900,crawl,1242,false,7500,-4010,-53.47
8441,5590,,2025-12-20 17:06:00.038 +0900,crawl,1244,false,6990,-1400,-20.03
8440,3490,,2025-12-20 17:06:00.033 +0900,crawl,1243,false,7500,-4010,-53.47
8443,10480,,2025-12-20 17:06:00.061 +0900,crawl,1251,false,15980,-5500,-34.42
8444,8980,,2025-12-20 17:06:00.118 +0900,crawl,1271,false,27100,-18120,-66.86
8445,3980,,2025-12-20 17:06:00.156 +0900,crawl,1284,false,5200,-1220,-23.46
8446,5990,,2025-12-20 17:06:00.392 +0900,crawl,1366,false,8480,-2490,-29.36
8447,4780,,2025-12-20 17:06:00.397 +0900,crawl,1367,false,5980,-1200,-20.07
8448,5480,,2025-12-20 17:06:00.432 +0900,crawl,1379,false,5980,-500,-8.36
8449,3120,,2025-12-20 17:06:00.523 +0900,crawl,1412,false,5200,-2080,-40.00
8450,2080,,2025-12-20 17:06:00.818 +0900,crawl,1518,false,2980,-900,-30.20
8451,2790,,2025-12-20 17:06:00.823 +0900,crawl,1519,false,3990,-1200,-30.08
8452,3980,,2025-12-20 17:06:00.905 +0900,crawl,1549,false,5200,-1220,-23.46
8453,3980,,2025-12-20 17:06:01.303 +0900,crawl,1693,false,5200,-1220,-23.46
8454,4990,,2025-12-20 17:06:01.641 +0900,crawl,1809,false,8990,-4000,-44.49
8455,8480,,2025-12-20 17:06:01.743 +0900,crawl,1845,false,9980,-1500,-15.03
8457,5500,,2025-12-20 17:06:01.852 +0900,crawl,1883,false,5980,-480,-8.03
8456,5500,,2025-12-20 17:06:01.845 +0900,crawl,1881,false,5980,-480,-8.03
8458,19800,,2025-12-20 17:06:01.878 +0900,crawl,1892,false,26500,-6700,-25.28
8459,6980,,2025-12-20 17:06:02.035 +0900,crawl,1948,false,8480,-1500,-17.69
7700,7490,,2025-12-20 16:59:18.884 +0900,crawl,2033,false,5990,1500,25.04
7701,7490,,2025-12-20 16:59:18.892 +0900,crawl,2034,false,6990,500,7.15
7702,5290,,2025-12-20 16:59:19.069 +0900,crawl,2036,false,2990,2300,76.92
7703,7990,,2025-12-20 16:59:19.078 +0900,crawl,2039,false,3990,4000,100.25
7704,3990,,2025-12-20 16:59:19.096 +0900,crawl,2041,false,1990,2000,100.50
7708,7990,,2025-12-20 16:59:19.130 +0900,crawl,2042,false,5590,2400,42.93
7705,3190,,2025-12-20 16:59:19.105 +0900,crawl,2043,false,1590,1600,100.63
7712,3990,,2025-12-20 16:59:19.162 +0900,crawl,2044,false,2790,1200,43.01
7709,3990,,2025-12-20 16:59:19.137 +0900,crawl,2045,false,1990,2000,100.50
7707,13990,,2025-12-20 16:59:19.122 +0900,crawl,2046,false,6990,7000,100.14
7706,8990,,2025-12-20 16:59:19.113 +0900,crawl,2047,false,4490,4500,100.22
7711,12990,,2025-12-20 16:59:19.154 +0900,crawl,2048,false,6490,6500,100.15
7710,5290,,2025-12-20 16:59:19.146 +0900,crawl,2051,false,4890,400,8.18
7714,10990,,2025-12-20 16:59:19.203 +0900,crawl,2053,false,6990,4000,57.22
7713,3990,,2025-12-20 16:59:19.174 +0900,crawl,2054,false,1990,2000,100.50
7715,4490,,2025-12-20 16:59:19.210 +0900,crawl,2059,false,2990,1500,50.17
7718,1990,,2025-12-20 16:59:19.269 +0900,crawl,2062,false,1490,500,33.56
7720,4690,,2025-12-20 16:59:19.292 +0900,crawl,2063,false,3690,1000,27.10
7716,6990,,2025-12-20 16:59:19.239 +0900,crawl,2067,false,4990,2000,40.08
7717,6990,,2025-12-20 16:59:19.255 +0900,crawl,2068,false,4990,2000,40.08
7719,3490,,2025-12-20 16:59:19.280 +0900,crawl,2077,false,1990,1500,75.38
7722,5990,,2025-12-20 16:59:20.288 +0900,crawl,2093,false,5390,600,11.13
7721,5990,,2025-12-20 16:59:20.279 +0900,crawl,2094,false,5390,600,11.13
7723,5990,,2025-12-20 16:59:20.303 +0900,crawl,2100,false,5390,600,11.13
7724,5990,,2025-12-20 16:59:20.312 +0900,crawl,2101,false,5390,600,11.13
7725,5990,,2025-12-20 16:59:23.499 +0900,crawl,2131,false,4990,1000,20.04
7726,2990,,2025-12-20 16:59:23.552 +0900,crawl,2140,false,2490,500,20.08
7727,18900,,2025-12-20 16:59:25.702 +0900,crawl,2181,false,13900,5000,35.97
7728,15900,,2025-12-20 16:59:25.722 +0900,crawl,2182,false,7990,7910,99.00
7731,10900,,2025-12-20 16:59:25.768 +0900,crawl,2188,false,6990,3910,55.94
7732,9990,,2025-12-20 16:59:25.789 +0900,crawl,2190,false,7490,2500,33.38
7730,17900,,2025-12-20 16:59:25.761 +0900,crawl,2195,false,12900,5000,38.76
7733,3490,,2025-12-20 16:59:25.801 +0900,crawl,2197,false,2990,500,16.72
7734,14900,,2025-12-20 16:59:25.817 +0900,crawl,2198,false,8990,5910,65.74
7729,26000,,2025-12-20 16:59:25.749 +0900,crawl,2200,false,16900,9100,53.85
7735,15900,,2025-12-20 16:59:25.829 +0900,crawl,2203,false,11900,4000,33.61
7433,10500,,2025-12-20 16:59:00.130 +0900,crawl,2208,false,5250,5250,100.00
7432,3980,,2025-12-20 16:59:00.123 +0900,crawl,2209,false,1990,1990,100.00
7434,7980,,2025-12-20 16:59:00.138 +0900,crawl,2210,false,3990,3990,100.00
7435,5500,,2025-12-20 16:59:00.146 +0900,crawl,2211,false,3300,2200,66.67
7436,12000,,2025-12-20 16:59:00.153 +0900,crawl,2212,false,7200,4800,66.67
7437,8300,,2025-12-20 16:59:00.161 +0900,crawl,2213,false,4980,3320,66.67
8509,5250,10500,2025-12-20 17:06:02.815 +0900,crawl,2208,false,10500,-5250,-50.00
8511,3990,7980,2025-12-20 17:06:02.823 +0900,crawl,2210,false,7980,-3990,-50.00
8512,3300,5500,2025-12-20 17:06:02.827 +0900,crawl,2211,false,5500,-2200,-40.00
8513,7200,12000,2025-12-20 17:06:02.831 +0900,crawl,2212,false,12000,-4800,-40.00
8473,5990,,2025-12-20 17:06:02.294 +0900,crawl,2033,false,7490,-1500,-20.03
8474,6990,,2025-12-20 17:06:02.298 +0900,crawl,2034,false,7490,-500,-6.68
8475,2990,4990,2025-12-20 17:06:02.305 +0900,crawl,2036,false,5290,-2300,-43.48
8476,3990,7990,2025-12-20 17:06:02.315 +0900,crawl,2039,false,7990,-4000,-50.06
8477,1990,3990,2025-12-20 17:06:02.322 +0900,crawl,2041,false,3990,-2000,-50.13
8479,1590,3190,2025-12-20 17:06:02.331 +0900,crawl,2043,false,3190,-1600,-50.16
8483,4490,8990,2025-12-20 17:06:02.348 +0900,crawl,2047,false,8990,-4500,-50.06
8482,6990,13990,2025-12-20 17:06:02.344 +0900,crawl,2046,false,13990,-7000,-50.04
8478,5590,7990,2025-12-20 17:06:02.326 +0900,crawl,2042,false,7990,-2400,-30.04
8481,1990,3990,2025-12-20 17:06:02.339 +0900,crawl,2045,false,3990,-2000,-50.13
8484,6490,12990,2025-12-20 17:06:02.352 +0900,crawl,2048,false,12990,-6500,-50.04
8480,2790,3990,2025-12-20 17:06:02.335 +0900,crawl,2044,false,3990,-1200,-30.08
8487,1990,3990,2025-12-20 17:06:02.373 +0900,crawl,2054,false,3990,-2000,-50.13
8486,6990,10990,2025-12-20 17:06:02.369 +0900,crawl,2053,false,10990,-4000,-36.40
8488,2990,,2025-12-20 17:06:02.388 +0900,crawl,2059,false,4490,-1500,-33.41
8491,4990,6990,2025-12-20 17:06:02.414 +0900,crawl,2067,false,6990,-2000,-28.61
8492,4990,6990,2025-12-20 17:06:02.418 +0900,crawl,2068,false,6990,-2000,-28.61
8489,1490,,2025-12-20 17:06:02.398 +0900,crawl,2062,false,1990,-500,-25.13
8493,1990,,2025-12-20 17:06:02.444 +0900,crawl,2077,false,3490,-1500,-42.98
8490,3690,4690,2025-12-20 17:06:02.402 +0900,crawl,2063,false,4690,-1000,-21.32
8495,5390,5990,2025-12-20 17:06:02.491 +0900,crawl,2094,false,5990,-600,-10.02
8494,5390,5990,2025-12-20 17:06:02.487 +0900,crawl,2093,false,5990,-600,-10.02
8496,5390,5990,2025-12-20 17:06:02.508 +0900,crawl,2100,false,5990,-600,-10.02
8497,5390,5990,2025-12-20 17:06:02.512 +0900,crawl,2101,false,5990,-600,-10.02
8498,4990,,2025-12-20 17:06:02.594 +0900,crawl,2131,false,5990,-1000,-16.69
8499,2490,,2025-12-20 17:06:02.620 +0900,crawl,2140,false,2990,-500,-16.72
8500,13900,,2025-12-20 17:06:02.731 +0900,crawl,2181,false,18900,-5000,-26.46
8501,7990,,2025-12-20 17:06:02.735 +0900,crawl,2182,false,15900,-7910,-49.75
8507,16900,,2025-12-20 17:06:02.791 +0900,crawl,2200,false,26000,-9100,-35.00
8504,12900,,2025-12-20 17:06:02.774 +0900,crawl,2195,false,17900,-5000,-27.93
8502,6990,,2025-12-20 17:06:02.753 +0900,crawl,2188,false,10900,-3910,-35.87
8503,7490,,2025-12-20 17:06:02.760 +0900,crawl,2190,false,9990,-2500,-25.03
8505,2990,,2025-12-20 17:06:02.781 +0900,crawl,2197,false,3490,-500,-14.33
8508,11900,,2025-12-20 17:06:02.801 +0900,crawl,2203,false,15900,-4000,-25.16
7439,4000,,2025-12-20 16:59:00.176 +0900,crawl,2214,false,3200,800,25.00
7438,9000,,2025-12-20 16:59:00.168 +0900,crawl,2215,false,6300,2700,42.86
7441,39800,,2025-12-20 16:59:01.581 +0900,crawl,2219,false,27860,11940,42.86
7442,8990,,2025-12-20 16:59:01.590 +0900,crawl,2220,false,5390,3600,66.79
7443,7000,,2025-12-20 16:59:01.599 +0900,crawl,2221,false,4200,2800,66.67
7440,19980,,2025-12-20 16:59:01.573 +0900,crawl,2222,false,9990,9990,100.00
7445,14000,,2025-12-20 16:59:01.617 +0900,crawl,2223,false,7000,7000,100.00
7446,7800,,2025-12-20 16:59:01.627 +0900,crawl,2224,false,4680,3120,66.67
7450,18900,,2025-12-20 16:59:01.692 +0900,crawl,2225,false,11340,7560,66.67
7447,35900,,2025-12-20 16:59:01.636 +0900,crawl,2227,false,32900,3000,9.12
7448,12900,,2025-12-20 16:59:01.645 +0900,crawl,2228,false,6450,6450,100.00
7451,7500,,2025-12-20 16:59:01.707 +0900,crawl,2229,false,4500,3000,66.67
7449,19980,,2025-12-20 16:59:01.683 +0900,crawl,2230,false,11980,8000,66.78
7444,19980,,2025-12-20 16:59:01.608 +0900,crawl,2231,false,11980,8000,66.78
7452,29800,,2025-12-20 16:59:02.803 +0900,crawl,2242,false,20860,8940,42.86
7453,5000,,2025-12-20 16:59:02.823 +0900,crawl,2246,false,3000,2000,66.67
7454,5500,,2025-12-20 16:59:02.832 +0900,crawl,2247,false,3300,2200,66.67
7455,7600,,2025-12-20 16:59:03.630 +0900,crawl,2248,false,5320,2280,42.86
7456,6900,,2025-12-20 16:59:03.637 +0900,crawl,2249,false,4830,2070,42.86
7457,15900,,2025-12-20 16:59:03.644 +0900,crawl,2250,false,9540,6360,66.67
7458,12900,,2025-12-20 16:59:03.652 +0900,crawl,2251,false,9030,3870,42.86
7460,29900,,2025-12-20 16:59:03.670 +0900,crawl,2252,false,23920,5980,25.00
7459,13900,,2025-12-20 16:59:03.662 +0900,crawl,2255,false,11120,2780,25.00
7461,2000,,2025-12-20 16:59:03.744 +0900,crawl,2257,false,1200,800,66.67
7462,2000,,2025-12-20 16:59:03.751 +0900,crawl,2258,false,1200,800,66.67
7463,29980,,2025-12-20 16:59:04.981 +0900,crawl,2267,false,12890,17090,132.58
7466,458000,,2025-12-20 16:59:05.007 +0900,crawl,2268,false,219840,238160,108.33
7467,59800,,2025-12-20 16:59:05.016 +0900,crawl,2269,false,29900,29900,100.00
7468,159800,,2025-12-20 16:59:05.025 +0900,crawl,2270,false,79900,79900,100.00
7465,3980,,2025-12-20 16:59:04.998 +0900,crawl,2271,false,1990,1990,100.00
7470,4650,,2025-12-20 16:59:05.044 +0900,crawl,2272,false,2790,1860,66.67
7473,5980,,2025-12-20 16:59:05.071 +0900,crawl,2273,false,2990,2990,100.00
7464,25980,,2025-12-20 16:59:04.989 +0900,crawl,2274,false,11170,14810,132.59
7472,600,,2025-12-20 16:59:05.062 +0900,crawl,2275,false,300,300,100.00
7471,1980,,2025-12-20 16:59:05.053 +0900,crawl,2277,false,990,990,100.00
7476,1580,,2025-12-20 16:59:05.110 +0900,crawl,2278,false,790,790,100.00
7475,1980,,2025-12-20 16:59:05.101 +0900,crawl,2279,false,990,990,100.00
7478,3650,,2025-12-20 16:59:05.128 +0900,crawl,2280,false,2190,1460,66.67
7477,600,,2025-12-20 16:59:05.119 +0900,crawl,2281,false,300,300,100.00
7469,8500,,2025-12-20 16:59:05.035 +0900,crawl,2282,false,5950,2550,42.86
7474,9900,,2025-12-20 16:59:05.081 +0900,crawl,2283,false,6930,2970,42.86
7479,4980,,2025-12-20 16:59:06.214 +0900,crawl,2286,false,2490,2490,100.00
8516,6300,9000,2025-12-20 17:06:02.843 +0900,crawl,2215,false,9000,-2700,-30.00
8515,3200,4000,2025-12-20 17:06:02.839 +0900,crawl,2214,false,4000,-800,-20.00
8520,9990,19980,2025-12-20 17:06:02.867 +0900,crawl,2222,false,19980,-9990,-50.00
8518,5390,8990,2025-12-20 17:06:02.859 +0900,crawl,2220,false,8990,-3600,-40.04
8519,4200,7000,2025-12-20 17:06:02.863 +0900,crawl,2221,false,7000,-2800,-40.00
8528,11980,19980,2025-12-20 17:06:02.901 +0900,crawl,2231,false,19980,-8000,-40.04
8521,7000,14000,2025-12-20 17:06:02.871 +0900,crawl,2223,false,14000,-7000,-50.00
8522,4680,7800,2025-12-20 17:06:02.875 +0900,crawl,2224,false,7800,-3120,-40.00
8524,32900,35900,2025-12-20 17:06:02.885 +0900,crawl,2227,false,35900,-3000,-8.36
8525,6450,12900,2025-12-20 17:06:02.889 +0900,crawl,2228,false,12900,-6450,-50.00
8527,11980,19980,2025-12-20 17:06:02.897 +0900,crawl,2230,false,19980,-8000,-40.04
8523,11340,18900,2025-12-20 17:06:02.879 +0900,crawl,2225,false,18900,-7560,-40.00
8526,4500,7500,2025-12-20 17:06:02.893 +0900,crawl,2229,false,7500,-3000,-40.00
8529,20860,29800,2025-12-20 17:06:02.933 +0900,crawl,2242,false,29800,-8940,-30.00
8530,3000,5000,2025-12-20 17:06:02.945 +0900,crawl,2246,false,5000,-2000,-40.00
8531,3300,5500,2025-12-20 17:06:02.949 +0900,crawl,2247,false,5500,-2200,-40.00
8532,5320,7600,2025-12-20 17:06:02.953 +0900,crawl,2248,false,7600,-2280,-30.00
8533,4830,6900,2025-12-20 17:06:02.957 +0900,crawl,2249,false,6900,-2070,-30.00
8534,9540,15900,2025-12-20 17:06:02.961 +0900,crawl,2250,false,15900,-6360,-40.00
8535,9030,12900,2025-12-20 17:06:02.965 +0900,crawl,2251,false,12900,-3870,-30.00
8537,11120,13900,2025-12-20 17:06:02.978 +0900,crawl,2255,false,13900,-2780,-20.00
8536,23920,29900,2025-12-20 17:06:02.969 +0900,crawl,2252,false,29900,-5980,-20.00
8538,1200,2000,2025-12-20 17:06:02.985 +0900,crawl,2257,false,2000,-800,-40.00
8539,1200,2000,2025-12-20 17:06:02.989 +0900,crawl,2258,false,2000,-800,-40.00
8540,12890,29980,2025-12-20 17:06:03.014 +0900,crawl,2267,false,29980,-17090,-57.00
8544,1990,3980,2025-12-20 17:06:03.030 +0900,crawl,2271,false,3980,-1990,-50.00
8541,219840,458000,2025-12-20 17:06:03.018 +0900,crawl,2268,false,458000,-238160,-52.00
8542,29900,59800,2025-12-20 17:06:03.022 +0900,crawl,2269,false,59800,-29900,-50.00
8543,79900,159800,2025-12-20 17:06:03.027 +0900,crawl,2270,false,159800,-79900,-50.00
8554,5950,8500,2025-12-20 17:06:03.073 +0900,crawl,2282,false,8500,-2550,-30.00
8545,2790,4650,2025-12-20 17:06:03.034 +0900,crawl,2272,false,4650,-1860,-40.00
8549,990,1980,2025-12-20 17:06:03.053 +0900,crawl,2277,false,1980,-990,-50.00
8548,300,600,2025-12-20 17:06:03.047 +0900,crawl,2275,false,600,-300,-50.00
8546,2990,5980,2025-12-20 17:06:03.038 +0900,crawl,2273,false,5980,-2990,-50.00
8555,6930,9900,2025-12-20 17:06:03.078 +0900,crawl,2283,false,9900,-2970,-30.00
8551,990,1980,2025-12-20 17:06:03.061 +0900,crawl,2279,false,1980,-990,-50.00
8550,790,1580,2025-12-20 17:06:03.057 +0900,crawl,2278,false,1580,-790,-50.00
8553,300,600,2025-12-20 17:06:03.069 +0900,crawl,2281,false,600,-300,-50.00
8552,2190,3650,2025-12-20 17:06:03.066 +0900,crawl,2280,false,3650,-1460,-40.00
8556,2490,4980,2025-12-20 17:06:03.087 +0900,crawl,2286,false,4980,-2490,-50.00
7480,6600,,2025-12-20 16:59:06.223 +0900,crawl,2287,false,3300,3300,100.00
7481,5980,,2025-12-20 16:59:06.232 +0900,crawl,2288,false,2990,2990,100.00
7482,13980,,2025-12-20 16:59:06.822 +0900,crawl,2292,false,6990,6990,100.00
7483,16600,,2025-12-20 16:59:07.059 +0900,crawl,2297,false,8300,8300,100.00
7484,11980,,2025-12-20 16:59:07.068 +0900,crawl,2298,false,5990,5990,100.00
7485,16650,,2025-12-20 16:59:07.077 +0900,crawl,2299,false,9990,6660,66.67
7487,16650,,2025-12-20 16:59:07.105 +0900,crawl,2301,false,9990,6660,66.67
7486,16650,,2025-12-20 16:59:07.096 +0900,crawl,2302,false,9990,6660,66.67
7488,9950,,2025-12-20 16:59:07.808 +0900,crawl,2309,false,5970,3980,66.67
7489,6600,,2025-12-20 16:59:07.874 +0900,crawl,2310,false,3300,3300,100.00
7491,4400,,2025-12-20 16:59:07.891 +0900,crawl,2311,false,2200,2200,100.00
7492,2380,,2025-12-20 16:59:07.900 +0900,crawl,2312,false,1190,1190,100.00
7490,8800,,2025-12-20 16:59:07.883 +0900,crawl,2313,false,4400,4400,100.00
7493,9150,,2025-12-20 16:59:08.221 +0900,crawl,2314,false,5490,3660,66.67
7494,33000,,2025-12-20 16:59:08.412 +0900,crawl,2315,false,16500,16500,100.00
7495,16500,,2025-12-20 16:59:08.420 +0900,crawl,2316,false,9900,6600,66.67
7500,29900,,2025-12-20 16:59:08.459 +0900,crawl,2317,false,16500,13400,81.21
7496,26500,,2025-12-20 16:59:08.427 +0900,crawl,2318,false,15900,10600,66.67
7499,29900,,2025-12-20 16:59:08.450 +0900,crawl,2319,false,20930,8970,42.86
7497,16500,,2025-12-20 16:59:08.434 +0900,crawl,2320,false,9900,6600,66.67
7503,16500,,2025-12-20 16:59:08.489 +0900,crawl,2321,false,9900,6600,66.67
7498,16500,,2025-12-20 16:59:08.442 +0900,crawl,2322,false,11550,4950,42.86
7502,19900,,2025-12-20 16:59:08.481 +0900,crawl,2323,false,13930,5970,42.86
7505,15900,,2025-12-20 16:59:08.505 +0900,crawl,2325,false,9540,6360,66.67
7501,27500,,2025-12-20 16:59:08.466 +0900,crawl,2326,false,16500,11000,66.67
7506,12900,,2025-12-20 16:59:08.521 +0900,crawl,2328,false,9030,3870,42.86
7508,19900,,2025-12-20 16:59:08.551 +0900,crawl,2329,false,13930,5970,42.86
7507,16500,,2025-12-20 16:59:08.543 +0900,crawl,2334,false,11550,4950,42.86
7504,16500,,2025-12-20 16:59:08.496 +0900,crawl,2341,false,11550,4950,42.86
7509,19900,,2025-12-20 16:59:09.354 +0900,crawl,2343,false,11940,7960,66.67
7510,12900,,2025-12-20 16:59:09.369 +0900,crawl,2344,false,7740,5160,66.67
7511,19900,,2025-12-20 16:59:09.407 +0900,crawl,2349,false,11940,7960,66.67
7512,16500,,2025-12-20 16:59:09.416 +0900,crawl,2350,false,11550,4950,42.86
7513,19900,,2025-12-20 16:59:09.426 +0900,crawl,2352,false,13930,5970,42.86
7515,19900,,2025-12-20 16:59:09.449 +0900,crawl,2353,false,9950,9950,100.00
7514,19900,,2025-12-20 16:59:09.435 +0900,crawl,2354,false,13930,5970,42.86
7516,12900,,2025-12-20 16:59:09.458 +0900,crawl,2355,false,7740,5160,66.67
7517,19900,,2025-12-20 16:59:09.483 +0900,crawl,2358,false,13930,5970,42.86
7518,16500,,2025-12-20 16:59:10.041 +0900,crawl,2363,false,9900,6600,66.67
7519,12900,,2025-12-20 16:59:10.050 +0900,crawl,2364,false,7740,5160,66.67
7521,16500,,2025-12-20 16:59:10.068 +0900,crawl,2365,false,9900,6600,66.67
7520,19900,,2025-12-20 16:59:10.059 +0900,crawl,2366,false,11940,7960,66.67
7523,15900,,2025-12-20 16:59:10.092 +0900,crawl,2367,false,9540,6360,66.67
8558,2990,5980,2025-12-20 17:06:03.095 +0900,crawl,2288,false,5980,-2990,-50.00
8560,8300,16600,2025-12-20 17:06:03.123 +0900,crawl,2297,false,16600,-8300,-50.00
8561,5990,11980,2025-12-20 17:06:03.127 +0900,crawl,2298,false,11980,-5990,-50.00
8562,9990,16650,2025-12-20 17:06:03.131 +0900,crawl,2299,false,16650,-6660,-40.00
8564,9990,16650,2025-12-20 17:06:03.142 +0900,crawl,2302,false,16650,-6660,-40.00
8563,9990,16650,2025-12-20 17:06:03.138 +0900,crawl,2301,false,16650,-6660,-40.00
8565,5970,9950,2025-12-20 17:06:03.162 +0900,crawl,2309,false,9950,-3980,-40.00
8566,3300,6600,2025-12-20 17:06:03.167 +0900,crawl,2310,false,6600,-3300,-50.00
8569,4400,8800,2025-12-20 17:06:03.179 +0900,crawl,2313,false,8800,-4400,-50.00
8567,2200,4400,2025-12-20 17:06:03.171 +0900,crawl,2311,false,4400,-2200,-50.00
8568,1190,2380,2025-12-20 17:06:03.175 +0900,crawl,2312,false,2380,-1190,-50.00
8570,5490,9150,2025-12-20 17:06:03.183 +0900,crawl,2314,false,9150,-3660,-40.00
8571,16500,33000,2025-12-20 17:06:03.187 +0900,crawl,2315,false,33000,-16500,-50.00
8572,9900,16500,2025-12-20 17:06:03.191 +0900,crawl,2316,false,16500,-6600,-40.00
8574,15900,26500,2025-12-20 17:06:03.200 +0900,crawl,2318,false,26500,-10600,-40.00
8576,9900,16500,2025-12-20 17:06:03.208 +0900,crawl,2320,false,16500,-6600,-40.00
8578,11550,16500,2025-12-20 17:06:03.217 +0900,crawl,2322,false,16500,-4950,-30.00
8575,20930,29900,2025-12-20 17:06:03.204 +0900,crawl,2319,false,29900,-8970,-30.00
8573,16500,27500,2025-12-20 17:06:03.196 +0900,crawl,2317,false,29900,-13400,-44.82
8581,16500,27500,2025-12-20 17:06:03.232 +0900,crawl,2326,false,27500,-11000,-40.00
8579,13930,19900,2025-12-20 17:06:03.221 +0900,crawl,2323,false,19900,-5970,-30.00
8577,9900,16500,2025-12-20 17:06:03.213 +0900,crawl,2321,false,16500,-6600,-40.00
8585,11550,16500,2025-12-20 17:06:03.277 +0900,crawl,2341,false,16500,-4950,-30.00
8582,9030,12900,2025-12-20 17:06:03.238 +0900,crawl,2328,false,12900,-3870,-30.00
8584,11550,16500,2025-12-20 17:06:03.257 +0900,crawl,2334,false,16500,-4950,-30.00
8583,13930,19900,2025-12-20 17:06:03.242 +0900,crawl,2329,false,19900,-5970,-30.00
8586,11940,19900,2025-12-20 17:06:03.284 +0900,crawl,2343,false,19900,-7960,-40.00
8587,7740,12900,2025-12-20 17:06:03.288 +0900,crawl,2344,false,12900,-5160,-40.00
8588,11940,19900,2025-12-20 17:06:03.305 +0900,crawl,2349,false,19900,-7960,-40.00
8589,11550,16500,2025-12-20 17:06:03.309 +0900,crawl,2350,false,16500,-4950,-30.00
8590,13930,19900,2025-12-20 17:06:03.316 +0900,crawl,2352,false,19900,-5970,-30.00
8592,13930,19900,2025-12-20 17:06:03.324 +0900,crawl,2354,false,19900,-5970,-30.00
8591,9950,19900,2025-12-20 17:06:03.320 +0900,crawl,2353,false,19900,-9950,-50.00
8593,7740,12900,2025-12-20 17:06:03.328 +0900,crawl,2355,false,12900,-5160,-40.00
8594,13930,19900,2025-12-20 17:06:03.338 +0900,crawl,2358,false,19900,-5970,-30.00
8595,9900,16500,2025-12-20 17:06:03.353 +0900,crawl,2363,false,16500,-6600,-40.00
8596,7740,12900,2025-12-20 17:06:03.357 +0900,crawl,2364,false,12900,-5160,-40.00
8598,11940,19900,2025-12-20 17:06:03.365 +0900,crawl,2366,false,19900,-7960,-40.00
8597,9900,16500,2025-12-20 17:06:03.361 +0900,crawl,2365,false,16500,-6600,-40.00
7525,16500,,2025-12-20 16:59:10.109 +0900,crawl,2368,false,11550,4950,42.86
7522,16500,,2025-12-20 16:59:10.083 +0900,crawl,2369,false,9900,6600,66.67
7531,15900,,2025-12-20 16:59:10.167 +0900,crawl,2370,false,9540,6360,66.67
7530,16500,,2025-12-20 16:59:10.159 +0900,crawl,2371,false,11550,4950,42.86
7528,9500,,2025-12-20 16:59:10.141 +0900,crawl,2373,false,5700,3800,66.67
7524,16500,,2025-12-20 16:59:10.100 +0900,crawl,2374,false,9900,6600,66.67
7529,6500,,2025-12-20 16:59:10.150 +0900,crawl,2375,false,3900,2600,66.67
7527,15900,,2025-12-20 16:59:10.132 +0900,crawl,2376,false,9540,6360,66.67
7526,19900,,2025-12-20 16:59:10.123 +0900,crawl,2377,false,11940,7960,66.67
7532,16500,,2025-12-20 16:59:11.494 +0900,crawl,2379,false,8250,8250,100.00
7534,16500,,2025-12-20 16:59:11.512 +0900,crawl,2380,false,8250,8250,100.00
7533,9990,,2025-12-20 16:59:11.503 +0900,crawl,2381,false,5990,4000,66.78
7543,19990,,2025-12-20 16:59:11.596 +0900,crawl,2382,false,11990,8000,66.72
7542,17900,,2025-12-20 16:59:11.587 +0900,crawl,2383,false,8950,8950,100.00
7535,11500,,2025-12-20 16:59:11.522 +0900,crawl,2384,false,5750,5750,100.00
7540,17900,,2025-12-20 16:59:11.569 +0900,crawl,2385,false,8950,8950,100.00
7538,16500,,2025-12-20 16:59:11.550 +0900,crawl,2386,false,8250,8250,100.00
7536,11500,,2025-12-20 16:59:11.531 +0900,crawl,2387,false,5750,5750,100.00
7561,9990,,2025-12-20 16:59:11.784 +0900,crawl,2388,false,5990,4000,66.78
7548,16500,,2025-12-20 16:59:11.640 +0900,crawl,2389,false,8250,8250,100.00
7547,27990,,2025-12-20 16:59:11.631 +0900,crawl,2390,false,17990,10000,55.59
7546,24990,,2025-12-20 16:59:11.623 +0900,crawl,2391,false,14990,10000,66.71
7544,18300,,2025-12-20 16:59:11.605 +0900,crawl,2392,false,10980,7320,66.67
7541,17900,,2025-12-20 16:59:11.578 +0900,crawl,2393,false,8950,8950,100.00
7539,9990,,2025-12-20 16:59:11.560 +0900,crawl,2395,false,6990,3000,42.92
7537,19900,,2025-12-20 16:59:11.541 +0900,crawl,2396,false,11940,7960,66.67
7550,12500,,2025-12-20 16:59:11.658 +0900,crawl,2397,false,6250,6250,100.00
7545,17900,,2025-12-20 16:59:11.614 +0900,crawl,2398,false,8950,8950,100.00
7560,16500,,2025-12-20 16:59:11.775 +0900,crawl,2399,false,8250,8250,100.00
7552,16500,,2025-12-20 16:59:11.680 +0900,crawl,2400,false,8250,8250,100.00
7553,19990,,2025-12-20 16:59:11.688 +0900,crawl,2401,false,10980,9010,82.06
7555,14280,,2025-12-20 16:59:11.706 +0900,crawl,2402,false,9990,4290,42.94
7556,13900,,2025-12-20 16:59:11.715 +0900,crawl,2403,false,7980,5920,74.19
7564,13900,,2025-12-20 16:59:11.820 +0900,crawl,2404,false,7980,5920,74.19
7559,7990,,2025-12-20 16:59:11.740 +0900,crawl,2405,false,4790,3200,66.81
7554,12500,,2025-12-20 16:59:11.697 +0900,crawl,2409,false,7500,5000,66.67
7551,2490,,2025-12-20 16:59:11.672 +0900,crawl,2410,false,1790,700,39.11
7549,17900,,2025-12-20 16:59:11.649 +0900,crawl,2411,false,8950,8950,100.00
7562,13300,,2025-12-20 16:59:11.803 +0900,crawl,2414,false,7980,5320,66.67
7565,13900,,2025-12-20 16:59:11.828 +0900,crawl,2415,false,7980,5920,74.19
7563,10990,,2025-12-20 16:59:11.811 +0900,crawl,2416,false,5490,5500,100.18
7567,8300,,2025-12-20 16:59:11.851 +0900,crawl,2419,false,4980,3320,66.67
8599,9540,15900,2025-12-20 17:06:03.369 +0900,crawl,2367,false,15900,-6360,-40.00
8600,11550,16500,2025-12-20 17:06:03.373 +0900,crawl,2368,false,16500,-4950,-30.00
8608,11940,19900,2025-12-20 17:06:03.409 +0900,crawl,2377,false,19900,-7960,-40.00
8607,9540,15900,2025-12-20 17:06:03.405 +0900,crawl,2376,false,15900,-6360,-40.00
8604,5700,9500,2025-12-20 17:06:03.392 +0900,crawl,2373,false,9500,-3800,-40.00
8606,3900,6500,2025-12-20 17:06:03.401 +0900,crawl,2375,false,6500,-2600,-40.00
8603,11550,16500,2025-12-20 17:06:03.386 +0900,crawl,2371,false,16500,-4950,-30.00
8602,9540,15900,2025-12-20 17:06:03.382 +0900,crawl,2370,false,15900,-6360,-40.00
8609,8250,16500,2025-12-20 17:06:03.416 +0900,crawl,2379,false,16500,-8250,-50.00
8611,5990,9990,2025-12-20 17:06:03.425 +0900,crawl,2381,false,9990,-4000,-40.04
8610,8250,16500,2025-12-20 17:06:03.420 +0900,crawl,2380,false,16500,-8250,-50.00
8614,5750,11500,2025-12-20 17:06:03.437 +0900,crawl,2384,false,11500,-5750,-50.00
8617,5750,11500,2025-12-20 17:06:03.449 +0900,crawl,2387,false,11500,-5750,-50.00
8625,11940,19900,2025-12-20 17:06:03.486 +0900,crawl,2396,false,19900,-7960,-40.00
8616,8250,16500,2025-12-20 17:06:03.445 +0900,crawl,2386,false,16500,-8250,-50.00
8624,6990,9990,2025-12-20 17:06:03.482 +0900,crawl,2395,false,9990,-3000,-30.03
8615,8950,17900,2025-12-20 17:06:03.441 +0900,crawl,2385,false,17900,-8950,-50.00
8623,8950,17900,2025-12-20 17:06:03.475 +0900,crawl,2393,false,17900,-8950,-50.00
8613,8950,17900,2025-12-20 17:06:03.433 +0900,crawl,2383,false,17900,-8950,-50.00
8612,11990,19990,2025-12-20 17:06:03.428 +0900,crawl,2382,false,19990,-8000,-40.02
8622,10980,18300,2025-12-20 17:06:03.471 +0900,crawl,2392,false,18300,-7320,-40.00
8627,8950,17900,2025-12-20 17:06:03.495 +0900,crawl,2398,false,17900,-8950,-50.00
8621,14990,24990,2025-12-20 17:06:03.466 +0900,crawl,2391,false,24990,-10000,-40.02
8619,8250,16500,2025-12-20 17:06:03.458 +0900,crawl,2389,false,16500,-8250,-50.00
8637,8950,17900,2025-12-20 17:06:03.546 +0900,crawl,2411,false,17900,-8950,-50.00
8626,6250,12500,2025-12-20 17:06:03.491 +0900,crawl,2397,false,12500,-6250,-50.00
8636,1790,,2025-12-20 17:06:03.541 +0900,crawl,2410,false,2490,-700,-28.11
8629,8250,16500,2025-12-20 17:06:03.504 +0900,crawl,2400,false,16500,-8250,-50.00
8630,10980,18300,2025-12-20 17:06:03.508 +0900,crawl,2401,false,19990,-9010,-45.07
8635,7500,12500,2025-12-20 17:06:03.537 +0900,crawl,2409,false,12500,-5000,-40.00
8631,9990,14280,2025-12-20 17:06:03.512 +0900,crawl,2402,false,14280,-4290,-30.04
8632,7980,13300,2025-12-20 17:06:03.516 +0900,crawl,2403,false,13900,-5920,-42.59
8634,4790,7990,2025-12-20 17:06:03.525 +0900,crawl,2405,false,7990,-3200,-40.05
8628,8250,16500,2025-12-20 17:06:03.499 +0900,crawl,2399,false,16500,-8250,-50.00
8618,5990,9990,2025-12-20 17:06:03.454 +0900,crawl,2388,false,9990,-4000,-40.04
8638,7980,11400,2025-12-20 17:06:03.555 +0900,crawl,2414,false,13300,-5320,-40.00
8640,5490,10990,2025-12-20 17:06:03.563 +0900,crawl,2416,false,10990,-5500,-50.05
8633,7980,13300,2025-12-20 17:06:03.521 +0900,crawl,2404,false,13900,-5920,-42.59
8639,7980,13300,2025-12-20 17:06:03.559 +0900,crawl,2415,false,13900,-5920,-42.59
8641,4980,8300,2025-12-20 17:06:03.573 +0900,crawl,2419,false,8300,-3320,-40.00
7572,12500,,2025-12-20 16:59:11.895 +0900,crawl,2420,false,7500,5000,66.67
7569,17900,,2025-12-20 16:59:11.869 +0900,crawl,2421,false,8950,8950,100.00
7570,13900,,2025-12-20 16:59:11.877 +0900,crawl,2424,false,7980,5920,74.19
7582,13900,,2025-12-20 16:59:11.993 +0900,crawl,2425,false,7980,5920,74.19
7566,24990,,2025-12-20 16:59:11.842 +0900,crawl,2426,false,14990,10000,66.71
7568,21980,,2025-12-20 16:59:11.860 +0900,crawl,2427,false,10990,10990,100.00
7573,17990,,2025-12-20 16:59:11.904 +0900,crawl,2428,false,10790,7200,66.73
7576,10990,,2025-12-20 16:59:11.941 +0900,crawl,2429,false,5490,5500,100.18
7557,13900,,2025-12-20 16:59:11.723 +0900,crawl,2430,false,7980,5920,74.19
7571,9990,,2025-12-20 16:59:11.886 +0900,crawl,2431,false,7990,2000,25.03
7583,12500,,2025-12-20 16:59:12.002 +0900,crawl,2432,false,7500,5000,66.67
7574,7990,,2025-12-20 16:59:11.918 +0900,crawl,2433,false,4790,3200,66.81
7577,7990,,2025-12-20 16:59:11.949 +0900,crawl,2434,false,4790,3200,66.81
7578,7990,,2025-12-20 16:59:11.958 +0900,crawl,2435,false,4790,3200,66.81
7590,19900,,2025-12-20 16:59:13.469 +0900,crawl,2437,false,15920,3980,25.00
7558,13900,,2025-12-20 16:59:11.732 +0900,crawl,2438,false,7980,5920,74.19
7585,5190,,2025-12-20 16:59:13.431 +0900,crawl,2441,false,4990,200,4.01
7584,7990,,2025-12-20 16:59:12.012 +0900,crawl,2442,false,4790,3200,66.81
7586,7990,,2025-12-20 16:59:13.439 +0900,crawl,2443,false,4790,3200,66.81
7579,17000,,2025-12-20 16:59:11.967 +0900,crawl,2444,false,11900,5100,42.86
7580,17990,,2025-12-20 16:59:11.976 +0900,crawl,2445,false,11900,6090,51.18
7581,8300,,2025-12-20 16:59:11.984 +0900,crawl,2448,false,4980,3320,66.67
7575,21500,,2025-12-20 16:59:11.927 +0900,crawl,2451,false,12900,8600,66.67
7587,11500,,2025-12-20 16:59:13.446 +0900,crawl,2452,false,6900,4600,66.67
7588,11500,,2025-12-20 16:59:13.454 +0900,crawl,2453,false,6900,4600,66.67
7589,19990,,2025-12-20 16:59:13.461 +0900,crawl,2454,false,15990,4000,25.02
7591,8300,,2025-12-20 16:59:13.476 +0900,crawl,2455,false,4980,3320,66.67
7593,9990,,2025-12-20 16:59:13.496 +0900,crawl,2457,false,5990,4000,66.78
7594,13980,,2025-12-20 16:59:13.503 +0900,crawl,2458,false,7980,6000,75.19
7592,6650,,2025-12-20 16:59:13.488 +0900,crawl,2459,false,3990,2660,66.67
7595,11980,,2025-12-20 16:59:13.510 +0900,crawl,2461,false,5990,5990,100.00
7596,8990,,2025-12-20 16:59:13.518 +0900,crawl,2462,false,4490,4500,100.22
7597,4280,,2025-12-20 16:59:13.530 +0900,crawl,2463,false,2990,1290,43.14
7598,7990,,2025-12-20 16:59:13.542 +0900,crawl,2465,false,3990,4000,100.25
7604,6790,,2025-12-20 16:59:13.600 +0900,crawl,2467,false,5990,800,13.36
7601,4590,,2025-12-20 16:59:13.573 +0900,crawl,2468,false,2280,2310,101.32
7599,7980,,2025-12-20 16:59:13.558 +0900,crawl,2469,false,4780,3200,66.95
7602,11650,,2025-12-20 16:59:13.581 +0900,crawl,2470,false,7980,3670,45.99
7611,13980,,2025-12-20 16:59:13.664 +0900,crawl,2472,false,7980,6000,75.19
7603,6650,,2025-12-20 16:59:13.594 +0900,crawl,2473,false,3990,2660,66.67
7605,9990,,2025-12-20 16:59:13.608 +0900,crawl,2474,false,4990,5000,100.20
7600,14280,,2025-12-20 16:59:13.567 +0900,crawl,2475,false,8560,5720,66.82
8657,7980,13300,2025-12-20 17:06:03.646 +0900,crawl,2438,false,13900,-5920,-42.59
8646,14990,24990,2025-12-20 17:06:03.599 +0900,crawl,2426,false,24990,-10000,-40.02
8647,10990,21980,2025-12-20 17:06:03.603 +0900,crawl,2427,false,21980,-10990,-50.00
8643,8950,17900,2025-12-20 17:06:03.581 +0900,crawl,2421,false,17900,-8950,-50.00
8644,7980,13300,2025-12-20 17:06:03.590 +0900,crawl,2424,false,13900,-5920,-42.59
8651,7990,9990,2025-12-20 17:06:03.619 +0900,crawl,2431,false,9990,-2000,-20.02
8642,7500,12500,2025-12-20 17:06:03.577 +0900,crawl,2420,false,12500,-5000,-40.00
8648,10790,17990,2025-12-20 17:06:03.607 +0900,crawl,2428,false,17990,-7200,-40.02
8653,4790,7990,2025-12-20 17:06:03.628 +0900,crawl,2433,false,7990,-3200,-40.05
8664,12900,21500,2025-12-20 17:06:03.691 +0900,crawl,2451,false,21500,-8600,-40.00
8649,5490,10990,2025-12-20 17:06:03.611 +0900,crawl,2429,false,10990,-5500,-50.05
8654,4790,7990,2025-12-20 17:06:03.632 +0900,crawl,2434,false,7990,-3200,-40.05
8655,4790,7990,2025-12-20 17:06:03.636 +0900,crawl,2435,false,7990,-3200,-40.05
8661,11900,17000,2025-12-20 17:06:03.668 +0900,crawl,2444,false,17000,-5100,-30.00
8662,11900,17000,2025-12-20 17:06:03.672 +0900,crawl,2445,false,17990,-6090,-33.85
8663,4980,8300,2025-12-20 17:06:03.681 +0900,crawl,2448,false,8300,-3320,-40.00
8645,7980,13300,2025-12-20 17:06:03.594 +0900,crawl,2425,false,13900,-5920,-42.59
8652,7500,12500,2025-12-20 17:06:03.623 +0900,crawl,2432,false,12500,-5000,-40.00
8659,4790,7990,2025-12-20 17:06:03.660 +0900,crawl,2442,false,7990,-3200,-40.05
8658,4990,,2025-12-20 17:06:03.656 +0900,crawl,2441,false,5190,-200,-3.85
8660,4790,7990,2025-12-20 17:06:03.664 +0900,crawl,2443,false,7990,-3200,-40.05
8665,6900,11500,2025-12-20 17:06:03.695 +0900,crawl,2452,false,11500,-4600,-40.00
8667,15990,19990,2025-12-20 17:06:03.703 +0900,crawl,2454,false,19990,-4000,-20.01
8656,15920,19900,2025-12-20 17:06:03.642 +0900,crawl,2437,false,19900,-3980,-20.00
8668,4980,8300,2025-12-20 17:06:03.706 +0900,crawl,2455,false,8300,-3320,-40.00
8671,3990,6650,2025-12-20 17:06:03.721 +0900,crawl,2459,false,6650,-2660,-40.00
8669,5990,9990,2025-12-20 17:06:03.713 +0900,crawl,2457,false,9990,-4000,-40.04
8670,7980,13300,2025-12-20 17:06:03.717 +0900,crawl,2458,false,13980,-6000,-42.92
8672,5990,11980,2025-12-20 17:06:03.728 +0900,crawl,2461,false,11980,-5990,-50.00
8673,4490,8980,2025-12-20 17:06:03.732 +0900,crawl,2462,false,8990,-4500,-50.06
8674,2990,4280,2025-12-20 17:06:03.736 +0900,crawl,2463,false,4280,-1290,-30.14
8675,3990,7980,2025-12-20 17:06:03.743 +0900,crawl,2465,false,7990,-4000,-50.06
8678,4780,7980,2025-12-20 17:06:03.757 +0900,crawl,2469,false,7980,-3200,-40.10
8683,8560,14280,2025-12-20 17:06:03.780 +0900,crawl,2475,false,14280,-5720,-40.06
8677,2280,3800,2025-12-20 17:06:03.753 +0900,crawl,2468,false,4590,-2310,-50.33
8679,7980,11400,2025-12-20 17:06:03.761 +0900,crawl,2470,false,11650,-3670,-31.50
8681,3990,6650,2025-12-20 17:06:03.772 +0900,crawl,2473,false,6650,-2660,-40.00
8676,5990,,2025-12-20 17:06:03.749 +0900,crawl,2467,false,6790,-800,-11.78
8682,4990,9980,2025-12-20 17:06:03.776 +0900,crawl,2474,false,9990,-5000,-50.05
8680,7980,11400,2025-12-20 17:06:03.768 +0900,crawl,2472,false,13980,-6000,-42.92
7621,6990,,2025-12-20 16:59:13.772 +0900,crawl,2476,false,4890,2100,42.94
7609,15700,,2025-12-20 16:59:13.650 +0900,crawl,2477,false,10990,4710,42.86
7607,11400,,2025-12-20 16:59:13.622 +0900,crawl,2478,false,7980,3420,42.86
7608,4280,,2025-12-20 16:59:13.642 +0900,crawl,2481,false,2990,1290,43.14
7626,11650,,2025-12-20 16:59:13.819 +0900,crawl,2485,false,6990,4660,66.67
7633,9990,,2025-12-20 16:59:13.874 +0900,crawl,2486,false,7990,2000,25.03
7623,6990,,2025-12-20 16:59:13.787 +0900,crawl,2487,false,4190,2800,66.83
7615,11990,,2025-12-20 16:59:13.710 +0900,crawl,2489,false,5990,6000,100.17
7616,9990,,2025-12-20 16:59:13.717 +0900,crawl,2490,false,5990,4000,66.78
7624,6650,,2025-12-20 16:59:13.795 +0900,crawl,2492,false,3990,2660,66.67
7610,18500,,2025-12-20 16:59:13.658 +0900,crawl,2493,false,12950,5550,42.86
7614,14000,,2025-12-20 16:59:13.697 +0900,crawl,2494,false,9800,4200,42.86
7606,11990,,2025-12-20 16:59:13.615 +0900,crawl,2495,false,8990,3000,33.37
7612,10800,,2025-12-20 16:59:13.672 +0900,crawl,2496,false,5990,4810,80.30
7619,9990,,2025-12-20 16:59:13.757 +0900,crawl,2497,false,6990,3000,42.92
7636,9990,,2025-12-20 16:59:13.895 +0900,crawl,2498,false,7990,2000,25.03
7632,13500,,2025-12-20 16:59:13.867 +0900,crawl,2501,false,5990,7510,125.38
7635,13700,,2025-12-20 16:59:13.888 +0900,crawl,2504,false,10960,2740,25.00
7622,6650,,2025-12-20 16:59:13.780 +0900,crawl,2506,false,3990,2660,66.67
7629,6650,,2025-12-20 16:59:13.845 +0900,crawl,2507,false,3990,2660,66.67
7613,19990,,2025-12-20 16:59:13.688 +0900,crawl,2510,false,13930,6060,43.50
7617,6400,,2025-12-20 16:59:13.728 +0900,crawl,2511,false,4480,1920,42.86
7628,3120,,2025-12-20 16:59:13.838 +0900,crawl,2512,false,2490,630,25.30
7625,11400,,2025-12-20 16:59:13.811 +0900,crawl,2513,false,7980,3420,42.86
7627,7980,,2025-12-20 16:59:13.826 +0900,crawl,2514,false,4780,3200,66.95
7630,7100,,2025-12-20 16:59:13.853 +0900,crawl,2515,false,4970,2130,42.86
7618,6990,,2025-12-20 16:59:13.737 +0900,crawl,2516,false,4890,2100,42.94
7631,8990,,2025-12-20 16:59:13.860 +0900,crawl,2517,false,3990,5000,125.31
7620,9990,,2025-12-20 16:59:13.765 +0900,crawl,2519,false,7990,2000,25.03
7634,12850,,2025-12-20 16:59:13.881 +0900,crawl,2520,false,8990,3860,42.94
7637,10990,,2025-12-20 16:59:13.909 +0900,crawl,2521,false,7280,3710,50.96
7638,8500,,2025-12-20 16:59:15.817 +0900,crawl,2522,false,5950,2550,42.86
7639,6300,,2025-12-20 16:59:15.825 +0900,crawl,2524,false,3480,2820,81.03
7640,11650,,2025-12-20 16:59:15.832 +0900,crawl,2526,false,6990,4660,66.67
7644,18500,,2025-12-20 16:59:15.870 +0900,crawl,2527,false,12950,5550,42.86
7642,13500,,2025-12-20 16:59:15.856 +0900,crawl,2528,false,9450,4050,42.86
7641,2850,,2025-12-20 16:59:15.848 +0900,crawl,2530,false,1990,860,43.22
7643,4990,,2025-12-20 16:59:15.863 +0900,crawl,2531,false,3990,1000,25.06
7645,6400,,2025-12-20 16:59:15.882 +0900,crawl,2532,false,4480,1920,42.86
7647,9990,,2025-12-20 16:59:15.897 +0900,crawl,2533,false,6990,3000,42.92
7646,5990,,2025-12-20 16:59:15.890 +0900,crawl,2535,false,4790,1200,25.05
7648,19900,,2025-12-20 16:59:17.091 +0900,crawl,2536,false,11940,7960,66.67
8686,7980,11400,2025-12-20 17:06:03.792 +0900,crawl,2478,false,11400,-3420,-30.00
8687,2990,4280,2025-12-20 17:06:03.802 +0900,crawl,2481,false,4280,-1290,-30.14
8685,10990,15700,2025-12-20 17:06:03.788 +0900,crawl,2477,false,15700,-4710,-30.00
8694,12950,18500,2025-12-20 17:06:03.843 +0900,crawl,2493,false,18500,-5550,-30.00
8697,5990,9990,2025-12-20 17:06:03.856 +0900,crawl,2496,false,10800,-4810,-44.54
8704,13930,19900,2025-12-20 17:06:03.904 +0900,crawl,2510,false,19990,-6060,-30.32
8695,9800,14000,2025-12-20 17:06:03.847 +0900,crawl,2494,false,14000,-4200,-30.00
8691,5990,11990,2025-12-20 17:06:03.828 +0900,crawl,2489,false,11990,-6000,-50.04
8692,5990,9990,2025-12-20 17:06:03.832 +0900,crawl,2490,false,9990,-4000,-40.04
8705,4480,6400,2025-12-20 17:06:03.908 +0900,crawl,2511,false,6400,-1920,-30.00
8710,4890,6990,2025-12-20 17:06:03.928 +0900,crawl,2516,false,6990,-2100,-30.04
8698,6990,9990,2025-12-20 17:06:03.860 +0900,crawl,2497,false,9990,-3000,-30.03
8712,7990,9990,2025-12-20 17:06:03.939 +0900,crawl,2519,false,9990,-2000,-20.02
8684,4890,6990,2025-12-20 17:06:03.784 +0900,crawl,2476,false,6990,-2100,-30.04
8702,3990,6650,2025-12-20 17:06:03.890 +0900,crawl,2506,false,6650,-2660,-40.00
8690,4190,6990,2025-12-20 17:06:03.822 +0900,crawl,2487,false,6990,-2800,-40.06
8693,3990,6650,2025-12-20 17:06:03.839 +0900,crawl,2492,false,6650,-2660,-40.00
8707,7980,11400,2025-12-20 17:06:03.916 +0900,crawl,2513,false,11400,-3420,-30.00
8688,6990,11650,2025-12-20 17:06:03.814 +0900,crawl,2485,false,11650,-4660,-40.00
8708,4780,7980,2025-12-20 17:06:03.920 +0900,crawl,2514,false,7980,-3200,-40.10
8706,2490,3120,2025-12-20 17:06:03.912 +0900,crawl,2512,false,3120,-630,-20.19
8703,3990,6650,2025-12-20 17:06:03.894 +0900,crawl,2507,false,6650,-2660,-40.00
8709,4970,7100,2025-12-20 17:06:03.924 +0900,crawl,2515,false,7100,-2130,-30.00
8711,3990,6650,2025-12-20 17:06:03.932 +0900,crawl,2517,false,8990,-5000,-55.62
8689,7990,9990,2025-12-20 17:06:03.818 +0900,crawl,2486,false,9990,-2000,-20.02
8713,8990,12850,2025-12-20 17:06:03.943 +0900,crawl,2520,false,12850,-3860,-30.04
8701,10960,13700,2025-12-20 17:06:03.883 +0900,crawl,2504,false,13700,-2740,-20.00
8699,7990,9990,2025-12-20 17:06:03.864 +0900,crawl,2498,false,9990,-2000,-20.02
8714,7280,10400,2025-12-20 17:06:03.947 +0900,crawl,2521,false,10990,-3710,-33.76
8715,5950,8500,2025-12-20 17:06:03.951 +0900,crawl,2522,false,8500,-2550,-30.00
8716,3480,5800,2025-12-20 17:06:03.958 +0900,crawl,2524,false,6300,-2820,-44.76
8717,6990,11650,2025-12-20 17:06:03.965 +0900,crawl,2526,false,11650,-4660,-40.00
8720,1990,2850,2025-12-20 17:06:03.980 +0900,crawl,2530,false,2850,-860,-30.18
8719,9450,13500,2025-12-20 17:06:03.973 +0900,crawl,2528,false,13500,-4050,-30.00
8721,3990,4990,2025-12-20 17:06:03.984 +0900,crawl,2531,false,4990,-1000,-20.04
8718,12950,18500,2025-12-20 17:06:03.969 +0900,crawl,2527,false,18500,-5550,-30.00
8722,4480,6400,2025-12-20 17:06:03.988 +0900,crawl,2532,false,6400,-1920,-30.00
8724,4790,5990,2025-12-20 17:06:03.999 +0900,crawl,2535,false,5990,-1200,-20.03
8723,6990,9990,2025-12-20 17:06:03.992 +0900,crawl,2533,false,9990,-3000,-30.03
8725,11940,19900,2025-12-20 17:06:04.003 +0900,crawl,2536,false,19900,-7960,-40.00
7649,19900,,2025-12-20 16:59:17.100 +0900,crawl,2537,false,11940,7960,66.67
7650,18900,,2025-12-20 16:59:17.108 +0900,crawl,2538,false,11340,7560,66.67
7652,29900,,2025-12-20 16:59:17.126 +0900,crawl,2539,false,11940,17960,150.42
7651,9990,,2025-12-20 16:59:17.117 +0900,crawl,2540,false,6990,3000,42.92
7654,19900,,2025-12-20 16:59:17.144 +0900,crawl,2541,false,15920,3980,25.00
7656,10900,,2025-12-20 16:59:17.161 +0900,crawl,2542,false,8720,2180,25.00
7657,13900,,2025-12-20 16:59:17.169 +0900,crawl,2543,false,9730,4170,42.86
7670,25900,,2025-12-20 16:59:17.285 +0900,crawl,2544,false,18130,7770,42.86
7653,19900,,2025-12-20 16:59:17.135 +0900,crawl,2545,false,13930,5970,42.86
7658,18900,,2025-12-20 16:59:17.178 +0900,crawl,2546,false,13230,5670,42.86
7659,19900,,2025-12-20 16:59:17.187 +0900,crawl,2547,false,11940,7960,66.67
7655,27900,,2025-12-20 16:59:17.152 +0900,crawl,2548,false,16740,11160,66.67
7663,19900,,2025-12-20 16:59:17.223 +0900,crawl,2549,false,11940,7960,66.67
7676,19900,,2025-12-20 16:59:17.336 +0900,crawl,2550,false,13930,5970,42.86
7660,19900,,2025-12-20 16:59:17.196 +0900,crawl,2553,false,13930,5970,42.86
7680,19900,,2025-12-20 16:59:17.397 +0900,crawl,2554,false,15920,3980,25.00
7677,14900,,2025-12-20 16:59:17.350 +0900,crawl,2555,false,10430,4470,42.86
7667,12900,,2025-12-20 16:59:17.256 +0900,crawl,2556,false,11900,1000,8.40
7661,25900,,2025-12-20 16:59:17.205 +0900,crawl,2557,false,15540,10360,66.67
7669,9990,,2025-12-20 16:59:17.277 +0900,crawl,2558,false,7990,2000,25.03
7671,24900,,2025-12-20 16:59:17.294 +0900,crawl,2559,false,14940,9960,66.67
7672,29900,,2025-12-20 16:59:17.302 +0900,crawl,2560,false,17940,11960,66.67
7664,19900,,2025-12-20 16:59:17.231 +0900,crawl,2561,false,15920,3980,25.00
7668,13900,,2025-12-20 16:59:17.265 +0900,crawl,2564,false,12900,1000,7.75
7675,15900,,2025-12-20 16:59:17.328 +0900,crawl,2567,false,11130,4770,42.86
7678,13900,,2025-12-20 16:59:17.380 +0900,crawl,2569,false,9730,4170,42.86
7665,19900,,2025-12-20 16:59:17.240 +0900,crawl,2570,false,13930,5970,42.86
7679,39900,,2025-12-20 16:59:17.389 +0900,crawl,2571,false,19950,19950,100.00
7681,29900,,2025-12-20 16:59:17.411 +0900,crawl,2572,false,23920,5980,25.00
7673,25900,,2025-12-20 16:59:17.311 +0900,crawl,2573,false,18130,7770,42.86
7662,24900,,2025-12-20 16:59:17.214 +0900,crawl,2574,false,15330,9570,62.43
7682,25900,,2025-12-20 16:59:17.425 +0900,crawl,2575,false,18130,7770,42.86
7683,18900,,2025-12-20 16:59:17.433 +0900,crawl,2576,false,13230,5670,42.86
7674,25900,,2025-12-20 16:59:17.319 +0900,crawl,2578,false,20720,5180,25.00
7666,19900,,2025-12-20 16:59:17.248 +0900,crawl,2579,false,13930,5970,42.86
7684,16900,,2025-12-20 16:59:17.447 +0900,crawl,2581,false,15900,1000,6.29
7685,19900,,2025-12-20 16:59:17.456 +0900,crawl,2582,false,15920,3980,25.00
7686,16900,,2025-12-20 16:59:17.654 +0900,crawl,2583,false,15900,1000,6.29
7736,6490,,2025-12-20 16:59:26.591 +0900,crawl,2597,false,5890,600,10.19
7737,3890,,2025-12-20 16:59:26.612 +0900,crawl,2602,false,3490,400,11.46
7738,5690,,2025-12-20 16:59:26.641 +0900,crawl,2606,false,5290,400,7.56
7739,3990,,2025-12-20 16:59:26.648 +0900,crawl,2611,false,2790,1200,43.01
8727,11340,18900,2025-12-20 17:06:04.012 +0900,crawl,2538,false,18900,-7560,-40.00
8729,6990,9990,2025-12-20 17:06:04.020 +0900,crawl,2540,false,9990,-3000,-30.03
8728,11940,19900,2025-12-20 17:06:04.016 +0900,crawl,2539,false,29900,-17960,-60.07
8734,13930,19900,2025-12-20 17:06:04.040 +0900,crawl,2545,false,19900,-5970,-30.00
8730,15920,19900,2025-12-20 17:06:04.024 +0900,crawl,2541,false,19900,-3980,-20.00
8737,16740,27900,2025-12-20 17:06:04.053 +0900,crawl,2548,false,27900,-11160,-40.00
8731,8720,10900,2025-12-20 17:06:04.028 +0900,crawl,2542,false,10900,-2180,-20.00
8732,9730,13900,2025-12-20 17:06:04.032 +0900,crawl,2543,false,13900,-4170,-30.00
8735,13230,18900,2025-12-20 17:06:04.044 +0900,crawl,2546,false,18900,-5670,-30.00
8736,11940,19900,2025-12-20 17:06:04.048 +0900,crawl,2547,false,19900,-7960,-40.00
8744,15540,25900,2025-12-20 17:06:04.086 +0900,crawl,2557,false,25900,-10360,-40.00
8756,15330,21900,2025-12-20 17:06:04.149 +0900,crawl,2574,false,24900,-9570,-38.43
8738,11940,19900,2025-12-20 17:06:04.057 +0900,crawl,2549,false,19900,-7960,-40.00
8748,15920,19900,2025-12-20 17:06:04.102 +0900,crawl,2561,false,19900,-3980,-20.00
8752,13930,19900,2025-12-20 17:06:04.132 +0900,crawl,2570,false,19900,-5970,-30.00
8760,13930,19900,2025-12-20 17:06:04.168 +0900,crawl,2579,false,19900,-5970,-30.00
8743,11900,,2025-12-20 17:06:04.082 +0900,crawl,2556,false,12900,-1000,-7.75
8749,12900,,2025-12-20 17:06:04.112 +0900,crawl,2564,false,13900,-1000,-7.19
8745,7990,9990,2025-12-20 17:06:04.090 +0900,crawl,2558,false,9990,-2000,-20.02
8733,18130,25900,2025-12-20 17:06:04.036 +0900,crawl,2544,false,25900,-7770,-30.00
8746,14940,24900,2025-12-20 17:06:04.094 +0900,crawl,2559,false,24900,-9960,-40.00
8747,17940,29900,2025-12-20 17:06:04.098 +0900,crawl,2560,false,29900,-11960,-40.00
8755,18130,25900,2025-12-20 17:06:04.144 +0900,crawl,2573,false,25900,-7770,-30.00
8759,20720,25900,2025-12-20 17:06:04.164 +0900,crawl,2578,false,25900,-5180,-20.00
8750,11130,15900,2025-12-20 17:06:04.121 +0900,crawl,2567,false,15900,-4770,-30.00
8739,13930,19900,2025-12-20 17:06:04.061 +0900,crawl,2550,false,19900,-5970,-30.00
8742,10430,14900,2025-12-20 17:06:04.078 +0900,crawl,2555,false,14900,-4470,-30.00
8751,9730,13900,2025-12-20 17:06:04.128 +0900,crawl,2569,false,13900,-4170,-30.00
8753,19950,39900,2025-12-20 17:06:04.136 +0900,crawl,2571,false,39900,-19950,-50.00
8741,15920,19900,2025-12-20 17:06:04.074 +0900,crawl,2554,false,19900,-3980,-20.00
8754,23920,29900,2025-12-20 17:06:04.140 +0900,crawl,2572,false,29900,-5980,-20.00
8757,18130,25900,2025-12-20 17:06:04.153 +0900,crawl,2575,false,25900,-7770,-30.00
8761,15900,,2025-12-20 17:06:04.176 +0900,crawl,2581,false,16900,-1000,-5.92
8762,15920,19900,2025-12-20 17:06:04.180 +0900,crawl,2582,false,19900,-3980,-20.00
8763,15900,,2025-12-20 17:06:04.184 +0900,crawl,2583,false,16900,-1000,-5.92
8764,5890,,2025-12-20 17:06:04.238 +0900,crawl,2597,false,6490,-600,-9.24
8765,3490,,2025-12-20 17:06:04.254 +0900,crawl,2602,false,3890,-400,-10.28
8766,5290,,2025-12-20 17:06:04.266 +0900,crawl,2606,false,5690,-400,-7.03
8767,2790,,2025-12-20 17:06:04.281 +0900,crawl,2611,false,3990,-1200,-30.08
7740,3990,,2025-12-20 16:59:26.668 +0900,crawl,2615,false,2790,1200,43.01
7741,6990,,2025-12-20 16:59:26.679 +0900,crawl,2617,false,5990,1000,16.69
7742,8100,,2025-12-20 16:59:26.712 +0900,crawl,2625,false,7290,810,11.11
7743,8100,,2025-12-20 16:59:26.724 +0900,crawl,2627,false,7290,810,11.11
7744,4890,,2025-12-20 16:59:26.809 +0900,crawl,2642,false,3490,1400,40.11
7745,4890,,2025-12-20 16:59:26.816 +0900,crawl,2646,false,3490,1400,40.11
7746,4890,,2025-12-20 16:59:26.892 +0900,crawl,2652,false,3490,1400,40.11
7749,5900,,2025-12-20 16:59:26.951 +0900,crawl,2663,false,4720,1180,25.00
7747,6490,,2025-12-20 16:59:26.929 +0900,crawl,2664,false,4990,1500,30.06
7754,4990,,2025-12-20 16:59:27.038 +0900,crawl,2665,false,3990,1000,25.06
7748,4990,,2025-12-20 16:59:26.944 +0900,crawl,2671,false,3990,1000,25.06
7750,4690,,2025-12-20 16:59:26.962 +0900,crawl,2672,false,3990,700,17.54
7753,4690,,2025-12-20 16:59:27.031 +0900,crawl,2673,false,3990,700,17.54
7751,4690,,2025-12-20 16:59:26.989 +0900,crawl,2675,false,3990,700,17.54
7752,4690,,2025-12-20 16:59:27.002 +0900,crawl,2682,false,3990,700,17.54
7755,5890,,2025-12-20 16:59:27.210 +0900,crawl,2691,false,5490,400,7.29
7756,7590,,2025-12-20 16:59:27.231 +0900,crawl,2697,false,6490,1100,16.95
7757,5690,,2025-12-20 16:59:27.247 +0900,crawl,2700,false,5290,400,7.56
7758,7390,,2025-12-20 16:59:27.267 +0900,crawl,2701,false,6490,900,13.87
7759,1390,,2025-12-20 16:59:27.313 +0900,crawl,2710,false,1250,140,11.20
7760,7990,,2025-12-20 16:59:27.446 +0900,crawl,2722,false,6990,1000,14.31
7765,2490,,2025-12-20 16:59:27.521 +0900,crawl,2727,false,2190,300,13.70
7761,4790,,2025-12-20 16:59:27.454 +0900,crawl,2728,false,3490,1300,37.25
7764,2490,,2025-12-20 16:59:27.513 +0900,crawl,2729,false,2190,300,13.70
7762,5490,,2025-12-20 16:59:27.473 +0900,crawl,2732,false,4490,1000,22.27
7763,6990,,2025-12-20 16:59:27.506 +0900,crawl,2734,false,5990,1000,16.69
7766,6990,,2025-12-20 16:59:27.541 +0900,crawl,2741,false,5990,1000,16.69
7773,6990,,2025-12-20 16:59:27.759 +0900,crawl,2743,false,5990,1000,16.69
7771,4990,,2025-12-20 16:59:27.699 +0900,crawl,2750,false,3990,1000,25.06
7769,6690,,2025-12-20 16:59:27.670 +0900,crawl,2756,false,5990,700,11.69
7768,4490,,2025-12-20 16:59:27.609 +0900,crawl,2762,false,3990,500,12.53
7772,3600,,2025-12-20 16:59:27.729 +0900,crawl,2766,false,2990,610,20.40
7774,2900,,2025-12-20 16:59:27.815 +0900,crawl,2777,false,1900,1000,52.63
7767,6990,,2025-12-20 16:59:27.576 +0900,crawl,2778,false,5790,1200,20.73
7770,5790,,2025-12-20 16:59:27.685 +0900,crawl,2790,false,4990,800,16.03
7775,4490,,2025-12-20 16:59:27.878 +0900,crawl,2793,false,3990,500,12.53
7776,7990,,2025-12-20 16:59:27.961 +0900,crawl,2806,false,6990,1000,14.31
7777,5490,,2025-12-20 16:59:27.975 +0900,crawl,2808,false,4990,500,10.02
7781,4790,,2025-12-20 16:59:28.017 +0900,crawl,2810,false,4190,600,14.32
7779,3490,,2025-12-20 16:59:27.999 +0900,crawl,2811,false,2990,500,16.72
7778,5690,,2025-12-20 16:59:27.990 +0900,crawl,2812,false,4790,900,18.79
8769,5990,,2025-12-20 17:06:04.300 +0900,crawl,2617,false,6990,-1000,-14.31
8770,7290,,2025-12-20 17:06:04.323 +0900,crawl,2625,false,8100,-810,-10.00
8771,7290,,2025-12-20 17:06:04.330 +0900,crawl,2627,false,8100,-810,-10.00
8772,3490,,2025-12-20 17:06:04.374 +0900,crawl,2642,false,4890,-1400,-28.63
8773,3490,,2025-12-20 17:06:04.387 +0900,crawl,2646,false,4890,-1400,-28.63
8774,3490,,2025-12-20 17:06:04.405 +0900,crawl,2652,false,4890,-1400,-28.63
8776,4990,,2025-12-20 17:06:04.441 +0900,crawl,2664,false,6490,-1500,-23.11
8778,3990,,2025-12-20 17:06:04.464 +0900,crawl,2671,false,4990,-1000,-20.04
8775,4720,,2025-12-20 17:06:04.437 +0900,crawl,2663,false,5900,-1180,-20.00
8779,3990,,2025-12-20 17:06:04.468 +0900,crawl,2672,false,4690,-700,-14.93
8781,3990,,2025-12-20 17:06:04.480 +0900,crawl,2675,false,4690,-700,-14.93
8782,3990,,2025-12-20 17:06:04.501 +0900,crawl,2682,false,4690,-700,-14.93
8780,3990,,2025-12-20 17:06:04.472 +0900,crawl,2673,false,4690,-700,-14.93
8777,3990,,2025-12-20 17:06:04.445 +0900,crawl,2665,false,4990,-1000,-20.04
8783,5490,,2025-12-20 17:06:04.528 +0900,crawl,2691,false,5890,-400,-6.79
8784,6490,,2025-12-20 17:06:04.546 +0900,crawl,2697,false,7590,-1100,-14.49
8785,5290,,2025-12-20 17:06:04.556 +0900,crawl,2700,false,5690,-400,-7.03
8786,6490,,2025-12-20 17:06:04.560 +0900,crawl,2701,false,7390,-900,-12.18
8787,1250,1390,2025-12-20 17:06:04.587 +0900,crawl,2710,false,1390,-140,-10.07
8790,3490,,2025-12-20 17:06:04.642 +0900,crawl,2728,false,4790,-1300,-27.14
8792,4490,,2025-12-20 17:06:04.657 +0900,crawl,2732,false,5490,-1000,-18.21
8793,5990,,2025-12-20 17:06:04.664 +0900,crawl,2734,false,6990,-1000,-14.31
8791,2190,,2025-12-20 17:06:04.647 +0900,crawl,2729,false,2490,-300,-12.05
8789,2190,,2025-12-20 17:06:04.638 +0900,crawl,2727,false,2490,-300,-12.05
8794,5990,,2025-12-20 17:06:04.685 +0900,crawl,2741,false,6990,-1000,-14.31
8801,5790,,2025-12-20 17:06:04.800 +0900,crawl,2778,false,6990,-1200,-17.17
8798,3990,,2025-12-20 17:06:04.751 +0900,crawl,2762,false,4490,-500,-11.14
8797,5990,,2025-12-20 17:06:04.732 +0900,crawl,2756,false,6690,-700,-10.46
8802,4990,,2025-12-20 17:06:04.836 +0900,crawl,2790,false,5790,-800,-13.82
8796,3990,,2025-12-20 17:06:04.713 +0900,crawl,2750,false,4990,-1000,-20.04
8799,2990,,2025-12-20 17:06:04.764 +0900,crawl,2766,false,3600,-610,-16.94
8795,5990,,2025-12-20 17:06:04.692 +0900,crawl,2743,false,6990,-1000,-14.31
8800,1900,,2025-12-20 17:06:04.795 +0900,crawl,2777,false,2900,-1000,-34.48
8803,3990,,2025-12-20 17:06:04.845 +0900,crawl,2793,false,4490,-500,-11.14
8804,6990,,2025-12-20 17:06:04.882 +0900,crawl,2806,false,7990,-1000,-12.52
8805,4990,,2025-12-20 17:06:04.889 +0900,crawl,2808,false,5490,-500,-9.11
8807,2990,,2025-12-20 17:06:04.901 +0900,crawl,2811,false,3490,-500,-14.33
8806,4190,,2025-12-20 17:06:04.897 +0900,crawl,2810,false,4790,-600,-12.53
7791,6690,,2025-12-20 16:59:28.217 +0900,crawl,2813,false,5990,700,11.69
7780,3490,,2025-12-20 16:59:28.008 +0900,crawl,2816,false,2690,800,29.74
7783,4490,,2025-12-20 16:59:28.050 +0900,crawl,2817,false,3490,1000,28.65
7784,9990,,2025-12-20 16:59:28.069 +0900,crawl,2819,false,8990,1000,11.12
7787,3490,,2025-12-20 16:59:28.106 +0900,crawl,2820,false,2690,800,29.74
7785,3490,,2025-12-20 16:59:28.084 +0900,crawl,2824,false,2690,800,29.74
7793,1790,,2025-12-20 16:59:28.256 +0900,crawl,2825,false,1290,500,38.76
7788,5990,,2025-12-20 16:59:28.137 +0900,crawl,2826,false,3990,2000,50.13
7789,9990,,2025-12-20 16:59:28.178 +0900,crawl,2828,false,8990,1000,11.12
7786,4790,,2025-12-20 16:59:28.092 +0900,crawl,2834,false,3990,800,20.05
7794,2990,,2025-12-20 16:59:28.264 +0900,crawl,2843,false,2690,300,11.15
7782,9990,,2025-12-20 16:59:28.036 +0900,crawl,2847,false,8990,1000,11.12
7795,2090,,2025-12-20 16:59:28.294 +0900,crawl,2850,false,1590,500,31.45
7796,5990,,2025-12-20 16:59:28.313 +0900,crawl,2852,false,3990,2000,50.13
7790,2090,,2025-12-20 16:59:28.208 +0900,crawl,2860,false,1590,500,31.45
7792,2090,,2025-12-20 16:59:28.247 +0900,crawl,2861,false,1590,500,31.45
7797,3600,,2025-12-20 16:59:28.348 +0900,crawl,2865,false,3280,320,9.76
7798,5990,,2025-12-20 16:59:28.360 +0900,crawl,2868,false,3990,2000,50.13
7799,6990,,2025-12-20 16:59:28.490 +0900,crawl,2875,false,3490,3500,100.29
7800,8880,,2025-12-20 16:59:28.505 +0900,crawl,2879,false,6990,1890,27.04
7801,2900,,2025-12-20 16:59:28.532 +0900,crawl,2882,false,1900,1000,52.63
7802,7280,,2025-12-20 16:59:28.547 +0900,crawl,2883,false,6990,290,4.15
7805,17600,,2025-12-20 16:59:28.745 +0900,crawl,2913,false,9990,7610,76.18
7803,17600,,2025-12-20 16:59:28.709 +0900,crawl,2925,false,9990,7610,76.18
7806,19800,,2025-12-20 16:59:28.781 +0900,crawl,2931,false,18800,1000,5.32
7807,17600,,2025-12-20 16:59:28.788 +0900,crawl,2932,false,9990,7610,76.18
7804,19800,,2025-12-20 16:59:28.717 +0900,crawl,2937,false,18800,1000,5.32
7808,9790,,2025-12-20 16:59:29.413 +0900,crawl,2960,false,5990,3800,63.44
7809,6990,,2025-12-20 16:59:29.981 +0900,crawl,2990,false,5990,1000,16.69
7810,5990,,2025-12-20 16:59:29.990 +0900,crawl,2991,false,4990,1000,20.04
7811,10990,,2025-12-20 16:59:30.249 +0900,crawl,2997,false,9990,1000,10.01
7812,6490,,2025-12-20 16:59:30.292 +0900,crawl,3004,false,4490,2000,44.54
7814,9990,,2025-12-20 16:59:30.371 +0900,crawl,3012,false,6990,3000,42.92
7813,6490,,2025-12-20 16:59:30.308 +0900,crawl,3013,false,4490,2000,44.54
7815,9990,,2025-12-20 16:59:30.378 +0900,crawl,3023,false,6990,3000,42.92
7816,9990,,2025-12-20 16:59:30.386 +0900,crawl,3024,false,6990,3000,42.92
7818,6490,,2025-12-20 16:59:30.473 +0900,crawl,3028,false,4490,2000,44.54
7817,9990,,2025-12-20 16:59:30.432 +0900,crawl,3032,false,6990,3000,42.92
7819,9990,,2025-12-20 16:59:30.498 +0900,crawl,3041,false,6990,3000,42.92
7820,3990,,2025-12-20 16:59:30.797 +0900,crawl,3052,false,2990,1000,33.44
7822,5990,,2025-12-20 16:59:30.812 +0900,crawl,3053,false,3990,2000,50.13
8810,2690,,2025-12-20 17:06:04.919 +0900,crawl,2816,false,3490,-800,-22.92
8820,8990,,2025-12-20 17:06:05.020 +0900,crawl,2847,false,9990,-1000,-10.01
8811,3490,,2025-12-20 17:06:04.924 +0900,crawl,2817,false,4490,-1000,-22.27
8812,8990,,2025-12-20 17:06:04.931 +0900,crawl,2819,false,9990,-1000,-10.01
8818,3990,,2025-12-20 17:06:04.981 +0900,crawl,2834,false,4790,-800,-16.70
8813,2690,,2025-12-20 17:06:04.935 +0900,crawl,2820,false,3490,-800,-22.92
8816,3990,,2025-12-20 17:06:04.956 +0900,crawl,2826,false,5990,-2000,-33.39
8817,8990,,2025-12-20 17:06:04.962 +0900,crawl,2828,false,9990,-1000,-10.01
8823,1590,,2025-12-20 17:06:05.061 +0900,crawl,2860,false,2090,-500,-23.92
8809,5990,,2025-12-20 17:06:04.909 +0900,crawl,2813,false,6690,-700,-10.46
8824,1590,,2025-12-20 17:06:05.065 +0900,crawl,2861,false,2090,-500,-23.92
8815,1290,,2025-12-20 17:06:04.951 +0900,crawl,2825,false,1790,-500,-27.93
8821,1590,,2025-12-20 17:06:05.030 +0900,crawl,2850,false,2090,-500,-23.92
8822,3990,,2025-12-20 17:06:05.037 +0900,crawl,2852,false,5990,-2000,-33.39
8825,3280,,2025-12-20 17:06:05.078 +0900,crawl,2865,false,3600,-320,-8.89
8826,3990,,2025-12-20 17:06:05.087 +0900,crawl,2868,false,5990,-2000,-33.39
8827,3490,,2025-12-20 17:06:05.108 +0900,crawl,2875,false,6990,-3500,-50.07
8828,6990,,2025-12-20 17:06:05.121 +0900,crawl,2879,false,8880,-1890,-21.28
8829,1900,,2025-12-20 17:06:05.131 +0900,crawl,2882,false,2900,-1000,-34.48
8830,6990,,2025-12-20 17:06:05.135 +0900,crawl,2883,false,7280,-290,-3.98
8832,9990,17600,2025-12-20 17:06:05.256 +0900,crawl,2925,false,17600,-7610,-43.24
8835,18800,19800,2025-12-20 17:06:05.294 +0900,crawl,2937,false,19800,-1000,-5.05
8831,9990,17600,2025-12-20 17:06:05.220 +0900,crawl,2913,false,17600,-7610,-43.24
8833,18800,19800,2025-12-20 17:06:05.275 +0900,crawl,2931,false,19800,-1000,-5.05
8834,9990,17600,2025-12-20 17:06:05.279 +0900,crawl,2932,false,17600,-7610,-43.24
8836,5990,,2025-12-20 17:06:05.357 +0900,crawl,2960,false,9790,-3800,-38.82
8837,5990,,2025-12-20 17:06:05.440 +0900,crawl,2990,false,6990,-1000,-14.31
8838,4990,,2025-12-20 17:06:05.444 +0900,crawl,2991,false,5990,-1000,-16.69
8839,9990,,2025-12-20 17:06:05.462 +0900,crawl,2997,false,10990,-1000,-9.10
8840,4490,,2025-12-20 17:06:05.482 +0900,crawl,3004,false,6490,-2000,-30.82
8842,4490,,2025-12-20 17:06:05.510 +0900,crawl,3013,false,6490,-2000,-30.82
8841,6990,,2025-12-20 17:06:05.505 +0900,crawl,3012,false,9990,-3000,-30.03
8843,6990,,2025-12-20 17:06:05.539 +0900,crawl,3023,false,9990,-3000,-30.03
8844,6990,,2025-12-20 17:06:05.543 +0900,crawl,3024,false,9990,-3000,-30.03
8846,6990,,2025-12-20 17:06:05.569 +0900,crawl,3032,false,9990,-3000,-30.03
8845,4490,,2025-12-20 17:06:05.556 +0900,crawl,3028,false,6490,-2000,-30.82
8847,6990,,2025-12-20 17:06:05.595 +0900,crawl,3041,false,9990,-3000,-30.03
8848,2990,3990,2025-12-20 17:06:05.627 +0900,crawl,3052,false,3990,-1000,-25.06
7821,14000,,2025-12-20 16:59:30.804 +0900,crawl,3054,false,8990,5010,55.73
7823,5990,,2025-12-20 16:59:30.819 +0900,crawl,3055,false,3990,2000,50.13
7827,7390,,2025-12-20 16:59:30.862 +0900,crawl,3057,false,5190,2200,42.39
7828,14000,,2025-12-20 16:59:30.869 +0900,crawl,3060,false,8990,5010,55.73
7826,6990,,2025-12-20 16:59:30.851 +0900,crawl,3061,false,5590,1400,25.04
7829,5990,,2025-12-20 16:59:30.881 +0900,crawl,3062,false,3990,2000,50.13
7825,5990,,2025-12-20 16:59:30.839 +0900,crawl,3068,false,3990,2000,50.13
7824,5990,,2025-12-20 16:59:30.831 +0900,crawl,3069,false,4790,1200,25.05
7830,6990,,2025-12-20 16:59:30.975 +0900,crawl,3088,false,5590,1400,25.04
7831,17990,,2025-12-20 16:59:31.903 +0900,crawl,3104,false,13990,4000,28.59
7832,17990,,2025-12-20 16:59:31.911 +0900,crawl,3106,false,14990,3000,20.01
7833,8990,,2025-12-20 16:59:31.935 +0900,crawl,3112,false,7390,1600,21.65
7834,6590,,2025-12-20 16:59:32.394 +0900,crawl,3115,false,5990,600,10.02
7835,6590,,2025-12-20 16:59:32.402 +0900,crawl,3116,false,5990,600,10.02
7836,5990,,2025-12-20 16:59:32.631 +0900,crawl,3165,false,4190,1800,42.96
7837,5990,,2025-12-20 16:59:32.639 +0900,crawl,3166,false,4190,1800,42.96
8013,9990,,2025-12-20 17:02:12.031 +0900,crawl,3235,false,6990,3000,42.92
8014,9990,,2025-12-20 17:02:12.039 +0900,crawl,3236,false,6990,3000,42.92
8015,9990,,2025-12-20 17:02:12.054 +0900,crawl,3240,false,6990,3000,42.92
8016,9990,,2025-12-20 17:02:12.175 +0900,crawl,3247,false,6990,3000,42.92
8017,9990,,2025-12-20 17:02:12.186 +0900,crawl,3249,false,6990,3000,42.92
8018,9990,,2025-12-20 17:02:12.434 +0900,crawl,3252,false,6990,3000,42.92
8019,19990,,2025-12-20 17:02:14.249 +0900,crawl,3257,false,10990,9000,81.89
8022,4990,,2025-12-20 17:02:14.295 +0900,crawl,3260,false,2990,2000,66.89
8020,9990,,2025-12-20 17:02:14.270 +0900,crawl,3264,false,3990,6000,150.38
8021,9990,,2025-12-20 17:02:14.283 +0900,crawl,3265,false,3990,6000,150.38
8023,11900,,2025-12-20 17:02:14.316 +0900,crawl,3266,false,9990,1910,19.12
8024,4990,,2025-12-20 17:02:14.333 +0900,crawl,3271,false,2990,2000,66.89
8025,5990,,2025-12-20 17:02:14.466 +0900,crawl,3277,false,4990,1000,20.04
8026,9990,,2025-12-20 17:02:14.684 +0900,crawl,3297,false,3990,6000,150.38
8027,19990,,2025-12-20 17:02:15.149 +0900,crawl,3303,false,9990,10000,100.10
8028,5490,,2025-12-20 17:02:15.170 +0900,crawl,3305,false,3840,1650,42.97
8030,5490,,2025-12-20 17:02:15.194 +0900,crawl,3306,false,3840,1650,42.97
8029,5490,,2025-12-20 17:02:15.186 +0900,crawl,3307,false,3840,1650,42.97
8031,9990,,2025-12-20 17:02:15.713 +0900,crawl,3311,false,3990,6000,150.38
8032,14990,,2025-12-20 17:02:16.271 +0900,crawl,3354,false,12990,2000,15.40
8033,13980,,2025-12-20 17:02:16.293 +0900,crawl,3356,false,6990,6990,100.00
8034,8490,,2025-12-20 17:02:16.305 +0900,crawl,3361,false,5990,2500,41.74
8035,11990,,2025-12-20 17:02:16.318 +0900,crawl,3362,false,8990,3000,33.37
8036,8490,,2025-12-20 17:02:16.330 +0900,crawl,3364,false,5990,2500,41.74
8037,19990,,2025-12-20 17:02:17.046 +0900,crawl,3382,false,9990,10000,100.10
8849,3990,,2025-12-20 17:06:05.631 +0900,crawl,3053,false,5990,-2000,-33.39
8851,3990,,2025-12-20 17:06:05.639 +0900,crawl,3055,false,5990,-2000,-33.39
8857,4790,,2025-12-20 17:06:05.685 +0900,crawl,3069,false,5990,-1200,-20.03
8856,3990,,2025-12-20 17:06:05.681 +0900,crawl,3068,false,5990,-2000,-33.39
8854,5590,,2025-12-20 17:06:05.659 +0900,crawl,3061,false,6990,-1400,-20.03
8852,5190,,2025-12-20 17:06:05.645 +0900,crawl,3057,false,7390,-2200,-29.77
8853,8990,,2025-12-20 17:06:05.655 +0900,crawl,3060,false,14000,-5010,-35.79
8858,5590,,2025-12-20 17:06:05.738 +0900,crawl,3088,false,6990,-1400,-20.03
8859,13990,,2025-12-20 17:06:05.783 +0900,crawl,3104,false,17990,-4000,-22.23
8860,14990,,2025-12-20 17:06:05.790 +0900,crawl,3106,false,17990,-3000,-16.68
8861,7390,8990,2025-12-20 17:06:05.808 +0900,crawl,3112,false,8990,-1600,-17.80
8862,5990,,2025-12-20 17:06:05.818 +0900,crawl,3115,false,6590,-600,-9.10
8863,5990,,2025-12-20 17:06:05.822 +0900,crawl,3116,false,6590,-600,-9.10
8864,4190,,2025-12-20 17:06:05.958 +0900,crawl,3165,false,5990,-1800,-30.05
8865,4190,,2025-12-20 17:06:05.962 +0900,crawl,3166,false,5990,-1800,-30.05
8866,6990,9990,2025-12-20 17:06:06.154 +0900,crawl,3235,false,9990,-3000,-30.03
8867,6990,9990,2025-12-20 17:06:06.158 +0900,crawl,3236,false,9990,-3000,-30.03
8868,6990,9990,2025-12-20 17:06:06.170 +0900,crawl,3240,false,9990,-3000,-30.03
8869,6990,9990,2025-12-20 17:06:06.191 +0900,crawl,3247,false,9990,-3000,-30.03
8870,6990,9990,2025-12-20 17:06:06.198 +0900,crawl,3249,false,9990,-3000,-30.03
8871,6990,9990,2025-12-20 17:06:06.208 +0900,crawl,3252,false,9990,-3000,-30.03
8872,10990,19990,2025-12-20 17:06:06.224 +0900,crawl,3257,false,19990,-9000,-45.02
8874,3990,9990,2025-12-20 17:06:06.246 +0900,crawl,3264,false,9990,-6000,-60.06
8875,3990,9990,2025-12-20 17:06:06.250 +0900,crawl,3265,false,9990,-6000,-60.06
8873,2990,4990,2025-12-20 17:06:06.234 +0900,crawl,3260,false,4990,-2000,-40.08
8876,9990,,2025-12-20 17:06:06.255 +0900,crawl,3266,false,11900,-1910,-16.05
8877,2990,4990,2025-12-20 17:06:06.270 +0900,crawl,3271,false,4990,-2000,-40.08
8878,4990,,2025-12-20 17:06:06.288 +0900,crawl,3277,false,5990,-1000,-16.69
8879,3990,,2025-12-20 17:06:06.346 +0900,crawl,3297,false,9990,-6000,-60.06
8880,9990,19990,2025-12-20 17:06:06.364 +0900,crawl,3303,false,19990,-10000,-50.03
8881,3840,5490,2025-12-20 17:06:06.371 +0900,crawl,3305,false,5490,-1650,-30.05
8883,3840,5490,2025-12-20 17:06:06.379 +0900,crawl,3307,false,5490,-1650,-30.05
8882,3840,5490,2025-12-20 17:06:06.375 +0900,crawl,3306,false,5490,-1650,-30.05
8885,12990,14990,2025-12-20 17:06:06.512 +0900,crawl,3354,false,14990,-2000,-13.34
8886,6990,13980,2025-12-20 17:06:06.522 +0900,crawl,3356,false,13980,-6990,-50.00
8887,5990,,2025-12-20 17:06:06.544 +0900,crawl,3361,false,8490,-2500,-29.45
8888,8990,11990,2025-12-20 17:06:06.549 +0900,crawl,3362,false,11990,-3000,-25.02
8889,5990,,2025-12-20 17:06:06.561 +0900,crawl,3364,false,8490,-2500,-29.45
8890,9990,19990,2025-12-20 17:06:06.613 +0900,crawl,3382,false,19990,-10000,-50.03
8038,2990,,2025-12-20 17:02:17.121 +0900,crawl,3394,false,2390,600,25.10
8039,5290,,2025-12-20 17:02:18.290 +0900,crawl,3415,false,5190,100,1.93
8040,5290,,2025-12-20 17:02:18.332 +0900,crawl,3416,false,5190,100,1.93
8043,4190,,2025-12-20 17:02:18.729 +0900,crawl,3461,false,3990,200,5.01
8041,1990,,2025-12-20 17:02:18.449 +0900,crawl,3469,false,1690,300,17.75
8042,1990,,2025-12-20 17:02:18.511 +0900,crawl,3470,false,1690,300,17.75
8044,9900,,2025-12-20 17:02:19.371 +0900,crawl,3550,false,8990,910,10.12
8050,4990,,2025-12-20 17:02:20.088 +0900,crawl,3596,false,3490,1500,42.98
8045,5760,,2025-12-20 17:02:19.563 +0900,crawl,3614,false,4750,1010,21.26
8051,3990,,2025-12-20 17:02:20.207 +0900,crawl,3642,false,2790,1200,43.01
8046,3990,,2025-12-20 17:02:19.795 +0900,crawl,3670,false,1990,2000,100.50
8048,3990,,2025-12-20 17:02:19.923 +0900,crawl,3676,false,1990,2000,100.50
8049,3990,,2025-12-20 17:02:19.932 +0900,crawl,3684,false,2790,1200,43.01
8047,6990,,2025-12-20 17:02:19.865 +0900,crawl,3694,false,3990,3000,75.19
8052,3990,,2025-12-20 17:02:20.252 +0900,crawl,3702,false,3590,400,11.14
8053,3990,,2025-12-20 17:02:22.349 +0900,crawl,3716,false,3590,400,11.14
8054,4990,,2025-12-20 17:02:22.368 +0900,crawl,3720,false,3490,1500,42.98
8055,8890,,2025-12-20 17:02:22.459 +0900,crawl,3738,false,6220,2670,42.93
8056,3990,,2025-12-20 17:02:22.525 +0900,crawl,3760,false,1990,2000,100.50
8057,3990,,2025-12-20 17:02:22.534 +0900,crawl,3762,false,1990,2000,100.50
8059,4320,,2025-12-20 17:02:23.060 +0900,crawl,3778,false,4180,140,3.35
8058,4320,,2025-12-20 17:02:22.945 +0900,crawl,3785,false,4180,140,3.35
8061,4390,,2025-12-20 17:02:23.175 +0900,crawl,3812,false,3480,910,26.15
8060,4390,,2025-12-20 17:02:23.157 +0900,crawl,3825,false,3480,910,26.15
7933,35490,,2025-12-20 17:01:28.811 +0900,crawl,4635,false,32240,3250,10.08
7929,34780,,2025-12-20 17:01:28.734 +0900,crawl,4637,false,32380,2400,7.41
7930,18000,,2025-12-20 17:01:28.754 +0900,crawl,4639,false,16200,1800,11.11
7935,50790,,2025-12-20 17:01:28.829 +0900,crawl,4641,false,49180,1610,3.27
7937,39800,,2025-12-20 17:01:28.852 +0900,crawl,4642,false,34800,5000,14.37
7926,53680,,2025-12-20 17:01:28.678 +0900,crawl,4643,false,49180,4500,9.15
7940,15900,,2025-12-20 17:01:28.908 +0900,crawl,4646,false,13590,2310,17.00
7931,9420,,2025-12-20 17:01:28.776 +0900,crawl,4647,false,8010,1410,17.60
7939,11900,,2025-12-20 17:01:28.875 +0900,crawl,4648,false,9550,2350,24.61
7934,14900,,2025-12-20 17:01:28.820 +0900,crawl,4653,false,10430,4470,42.86
7936,21300,,2025-12-20 17:01:28.838 +0900,crawl,4661,false,18190,3110,17.10
7927,8450,,2025-12-20 17:01:28.700 +0900,crawl,4662,false,7180,1270,17.69
7932,4510,,2025-12-20 17:01:28.791 +0900,crawl,4664,false,4060,450,11.08
7938,18000,,2025-12-20 17:01:28.861 +0900,crawl,4665,false,16200,1800,11.11
7942,44900,,2025-12-20 17:01:28.936 +0900,crawl,4670,false,35800,9100,25.42
7943,40530,,2025-12-20 17:01:28.945 +0900,crawl,4671,false,32380,8150,25.17
7941,14450,,2025-12-20 17:01:28.916 +0900,crawl,4676,false,13010,1440,11.07
8916,32380,,2025-12-20 17:06:10.022 +0900,crawl,4637,false,34780,-2400,-6.90
8917,16200,,2025-12-20 17:06:10.029 +0900,crawl,4639,false,18000,-1800,-10.00
8922,8010,,2025-12-20 17:06:10.058 +0900,crawl,4647,false,9420,-1410,-14.97
8927,4060,,2025-12-20 17:06:10.112 +0900,crawl,4664,false,4510,-450,-9.98
8915,32240,,2025-12-20 17:06:10.015 +0900,crawl,4635,false,35490,-3250,-9.16
8924,10430,14900,2025-12-20 17:06:10.077 +0900,crawl,4653,false,14900,-4470,-30.00
8918,49180,,2025-12-20 17:06:10.036 +0900,crawl,4641,false,50790,-1610,-3.17
8925,18190,,2025-12-20 17:06:10.100 +0900,crawl,4661,false,21300,-3110,-14.60
8919,34800,,2025-12-20 17:06:10.040 +0900,crawl,4642,false,39800,-5000,-12.56
8928,16200,,2025-12-20 17:06:10.116 +0900,crawl,4665,false,18000,-1800,-10.00
8923,9550,,2025-12-20 17:06:10.062 +0900,crawl,4648,false,11900,-2350,-19.75
8921,13590,,2025-12-20 17:06:10.054 +0900,crawl,4646,false,15900,-2310,-14.53
8931,13010,,2025-12-20 17:06:10.150 +0900,crawl,4676,false,14450,-1440,-9.97
8929,35800,,2025-12-20 17:06:10.131 +0900,crawl,4670,false,44900,-9100,-20.27
8930,32380,,2025-12-20 17:06:10.135 +0900,crawl,4671,false,40530,-8150,-20.11
8891,2390,2990,2025-12-20 17:06:06.648 +0900,crawl,3394,false,2990,-600,-20.07
8892,5190,,2025-12-20 17:06:06.709 +0900,crawl,3415,false,5290,-100,-1.89
8893,5190,,2025-12-20 17:06:06.713 +0900,crawl,3416,false,5290,-100,-1.89
8895,1690,,2025-12-20 17:06:06.860 +0900,crawl,3469,false,1990,-300,-15.08
8896,1690,,2025-12-20 17:06:06.864 +0900,crawl,3470,false,1990,-300,-15.08
8894,3990,,2025-12-20 17:06:06.837 +0900,crawl,3461,false,4190,-200,-4.77
8897,8990,,2025-12-20 17:06:07.080 +0900,crawl,3550,false,9900,-910,-9.19
8899,4750,,2025-12-20 17:06:07.254 +0900,crawl,3614,false,5760,-1010,-17.53
8901,1990,,2025-12-20 17:06:07.405 +0900,crawl,3670,false,3990,-2000,-50.13
8902,1990,,2025-12-20 17:06:07.423 +0900,crawl,3676,false,3990,-2000,-50.13
8903,2790,,2025-12-20 17:06:07.445 +0900,crawl,3684,false,3990,-1200,-30.08
8898,3490,,2025-12-20 17:06:07.204 +0900,crawl,3596,false,4990,-1500,-30.06
8900,2790,,2025-12-20 17:06:07.330 +0900,crawl,3642,false,3990,-1200,-30.08
8905,3590,,2025-12-20 17:06:07.496 +0900,crawl,3702,false,3990,-400,-10.03
8906,3590,,2025-12-20 17:06:07.535 +0900,crawl,3716,false,3990,-400,-10.03
8907,3490,4990,2025-12-20 17:06:07.547 +0900,crawl,3720,false,4990,-1500,-30.06
8908,6220,8890,2025-12-20 17:06:07.597 +0900,crawl,3738,false,8890,-2670,-30.03
8909,1990,,2025-12-20 17:06:07.655 +0900,crawl,3760,false,3990,-2000,-50.13
8910,1990,,2025-12-20 17:06:07.662 +0900,crawl,3762,false,3990,-2000,-50.13
8912,4180,,2025-12-20 17:06:07.725 +0900,crawl,3785,false,4320,-140,-3.24
8911,4180,,2025-12-20 17:06:07.705 +0900,crawl,3778,false,4320,-140,-3.24
8914,3480,,2025-12-20 17:06:07.835 +0900,crawl,3825,false,4390,-910,-20.73
8913,3480,,2025-12-20 17:06:07.797 +0900,crawl,3812,false,4390,-910,-20.73
7944,10800,,2025-12-20 17:01:28.996 +0900,crawl,4680,false,9800,1000,10.20
7928,8450,,2025-12-20 17:01:28.709 +0900,crawl,4686,false,7180,1270,17.69
7945,37900,,2025-12-20 17:01:29.082 +0900,crawl,4689,false,32800,5100,15.55
7952,14450,,2025-12-20 17:01:33.483 +0900,crawl,4707,false,13010,1440,11.07
7954,16200,,2025-12-20 17:01:33.503 +0900,crawl,4708,false,14580,1620,11.11
7948,16200,,2025-12-20 17:01:33.406 +0900,crawl,4709,false,14580,1620,11.11
7951,37990,,2025-12-20 17:01:33.474 +0900,crawl,4717,false,36080,1910,5.29
7947,27800,,2025-12-20 17:01:33.392 +0900,crawl,4718,false,17980,9820,54.62
7946,4980,,2025-12-20 17:01:33.378 +0900,crawl,4719,false,4480,500,11.16
7953,37990,,2025-12-20 17:01:33.492 +0900,crawl,4720,false,36090,1900,5.26
7956,16900,,2025-12-20 17:01:33.543 +0900,crawl,4721,false,14800,2100,14.19
7955,27800,,2025-12-20 17:01:33.512 +0900,crawl,4722,false,17980,9820,54.62
7949,16900,,2025-12-20 17:01:33.420 +0900,crawl,4725,false,14800,2100,14.19
7957,26900,,2025-12-20 17:01:33.554 +0900,crawl,4726,false,22800,4100,17.98
7958,16900,,2025-12-20 17:01:33.569 +0900,crawl,4727,false,14800,2100,14.19
7950,4690,,2025-12-20 17:01:33.450 +0900,crawl,4729,false,4480,210,4.69
7959,26900,,2025-12-20 17:01:33.583 +0900,crawl,4732,false,22800,4100,17.98
7960,16900,,2025-12-20 17:01:33.608 +0900,crawl,4736,false,14800,2100,14.19
7961,27800,,2025-12-20 17:01:33.665 +0900,crawl,4744,false,17980,9820,54.62
7962,28500,,2025-12-20 17:01:33.674 +0900,crawl,4745,false,19950,8550,42.86
7967,41990,,2025-12-20 17:01:35.139 +0900,crawl,4776,false,37790,4200,11.11
7963,14670,,2025-12-20 17:01:34.183 +0900,crawl,4777,false,13200,1470,11.14
7964,15990,,2025-12-20 17:01:35.089 +0900,crawl,4785,false,12990,3000,23.09
7965,15990,,2025-12-20 17:01:35.098 +0900,crawl,4786,false,12990,3000,23.09
7966,41990,,2025-12-20 17:01:35.129 +0900,crawl,4790,false,37790,4200,11.11
7968,41990,,2025-12-20 17:01:35.148 +0900,crawl,4791,false,37790,4200,11.11
7978,9400,,2025-12-20 17:01:35.297 +0900,crawl,4799,false,7520,1880,25.00
7977,7990,,2025-12-20 17:01:35.287 +0900,crawl,4802,false,6390,1600,25.04
7974,9400,,2025-12-20 17:01:35.243 +0900,crawl,4803,false,7520,1880,25.00
7973,7990,,2025-12-20 17:01:35.234 +0900,crawl,4804,false,6390,1600,25.04
7980,12490,,2025-12-20 17:01:35.320 +0900,crawl,4805,false,9990,2500,25.03
7981,9400,,2025-12-20 17:01:35.334 +0900,crawl,4808,false,7520,1880,25.00
7969,9400,,2025-12-20 17:01:35.191 +0900,crawl,4809,false,7520,1880,25.00
7982,8800,,2025-12-20 17:01:35.355 +0900,crawl,4812,false,7040,1760,25.00
7983,8800,,2025-12-20 17:01:35.364 +0900,crawl,4813,false,7040,1760,25.00
7984,8800,,2025-12-20 17:01:35.373 +0900,crawl,4814,false,7040,1760,25.00
7979,12490,,2025-12-20 17:01:35.305 +0900,crawl,4816,false,9990,2500,25.03
7971,12490,,2025-12-20 17:01:35.215 +0900,crawl,4817,false,9990,2500,25.03
7970,9400,,2025-12-20 17:01:35.206 +0900,crawl,4819,false,7520,1880,25.00
7985,9400,,2025-12-20 17:01:35.425 +0900,crawl,4825,false,7520,1880,25.00
7986,9400,,2025-12-20 17:01:35.434 +0900,crawl,4826,false,7520,1880,25.00
7975,9400,,2025-12-20 17:01:35.258 +0900,crawl,4832,false,7520,1880,25.00
8932,9800,,2025-12-20 17:06:10.162 +0900,crawl,4680,false,10800,-1000,-9.26
8940,4480,,2025-12-20 17:06:10.283 +0900,crawl,4719,false,4980,-500,-10.04
8939,17980,,2025-12-20 17:06:10.278 +0900,crawl,4718,false,27800,-9820,-35.32
8937,14580,,2025-12-20 17:06:10.250 +0900,crawl,4709,false,16200,-1620,-10.00
8944,14800,,2025-12-20 17:06:10.306 +0900,crawl,4725,false,16900,-2100,-12.43
8947,4480,,2025-12-20 17:06:10.322 +0900,crawl,4729,false,4690,-210,-4.48
8938,36080,,2025-12-20 17:06:10.274 +0900,crawl,4717,false,37990,-1910,-5.03
8935,13010,,2025-12-20 17:06:10.241 +0900,crawl,4707,false,14450,-1440,-9.97
8941,36090,,2025-12-20 17:06:10.287 +0900,crawl,4720,false,37990,-1900,-5.00
8936,14580,,2025-12-20 17:06:10.245 +0900,crawl,4708,false,16200,-1620,-10.00
8943,17980,,2025-12-20 17:06:10.296 +0900,crawl,4722,false,27800,-9820,-35.32
8942,14800,,2025-12-20 17:06:10.292 +0900,crawl,4721,false,16900,-2100,-12.43
8945,22800,,2025-12-20 17:06:10.310 +0900,crawl,4726,false,26900,-4100,-15.24
8946,14800,,2025-12-20 17:06:10.315 +0900,crawl,4727,false,16900,-2100,-12.43
8948,22800,,2025-12-20 17:06:10.332 +0900,crawl,4732,false,26900,-4100,-15.24
8949,14800,,2025-12-20 17:06:10.345 +0900,crawl,4736,false,16900,-2100,-12.43
8950,17980,,2025-12-20 17:06:10.369 +0900,crawl,4744,false,27800,-9820,-35.32
8951,19950,,2025-12-20 17:06:10.373 +0900,crawl,4745,false,28500,-8550,-30.00
8953,13200,,2025-12-20 17:06:10.465 +0900,crawl,4777,false,14670,-1470,-10.02
8954,12990,15990,2025-12-20 17:06:10.488 +0900,crawl,4785,false,15990,-3000,-18.76
8955,12990,15990,2025-12-20 17:06:10.492 +0900,crawl,4786,false,15990,-3000,-18.76
8956,37790,,2025-12-20 17:06:10.504 +0900,crawl,4790,false,41990,-4200,-10.00
8952,37790,,2025-12-20 17:06:10.461 +0900,crawl,4776,false,41990,-4200,-10.00
8957,37790,,2025-12-20 17:06:10.509 +0900,crawl,4791,false,41990,-4200,-10.00
8964,7520,9400,2025-12-20 17:06:10.567 +0900,crawl,4809,false,9400,-1880,-20.00
8970,7520,9400,2025-12-20 17:06:10.604 +0900,crawl,4819,false,9400,-1880,-20.00
8969,9990,12490,2025-12-20 17:06:10.597 +0900,crawl,4817,false,12490,-2500,-20.02
8960,7520,9400,2025-12-20 17:06:10.545 +0900,crawl,4803,false,9400,-1880,-20.00
8959,6390,7990,2025-12-20 17:06:10.541 +0900,crawl,4802,false,7990,-1600,-20.03
8958,7520,9400,2025-12-20 17:06:10.532 +0900,crawl,4799,false,9400,-1880,-20.00
8968,9990,12490,2025-12-20 17:06:10.592 +0900,crawl,4816,false,12490,-2500,-20.02
8962,9990,12490,2025-12-20 17:06:10.554 +0900,crawl,4805,false,12490,-2500,-20.02
8963,7520,9400,2025-12-20 17:06:10.563 +0900,crawl,4808,false,9400,-1880,-20.00
8965,7040,8800,2025-12-20 17:06:10.577 +0900,crawl,4812,false,8800,-1760,-20.00
8966,7040,8800,2025-12-20 17:06:10.581 +0900,crawl,4813,false,8800,-1760,-20.00
8967,7040,8800,2025-12-20 17:06:10.585 +0900,crawl,4814,false,8800,-1760,-20.00
8971,7520,9400,2025-12-20 17:06:10.622 +0900,crawl,4825,false,9400,-1880,-20.00
8972,7520,9400,2025-12-20 17:06:10.627 +0900,crawl,4826,false,9400,-1880,-20.00
7976,9400,,2025-12-20 17:01:35.267 +0900,crawl,4833,false,7520,1880,25.00
7987,10590,,2025-12-20 17:01:35.690 +0900,crawl,4837,false,8470,2120,25.03
7972,10590,,2025-12-20 17:01:35.224 +0900,crawl,4838,false,8470,2120,25.03
7988,10590,,2025-12-20 17:01:35.699 +0900,crawl,4839,false,8470,2120,25.03
7989,15250,,2025-12-20 17:01:35.708 +0900,crawl,4840,false,12200,3050,25.00
7990,12490,,2025-12-20 17:01:35.723 +0900,crawl,4842,false,9990,2500,25.03
7991,12990,,2025-12-20 17:01:36.409 +0900,crawl,4865,false,11990,1000,8.34
7992,7990,,2025-12-20 17:01:37.720 +0900,crawl,4895,false,5590,2400,42.93
7993,8990,,2025-12-20 17:01:37.740 +0900,crawl,4903,false,7190,1800,25.03
7995,12980,,2025-12-20 17:01:37.763 +0900,crawl,4904,false,9980,3000,30.06
7994,16420,,2025-12-20 17:01:37.756 +0900,crawl,4905,false,14770,1650,11.17
7996,29800,,2025-12-20 17:01:37.770 +0900,crawl,4908,false,14900,14900,100.00
7997,5990,,2025-12-20 17:01:37.778 +0900,crawl,4909,false,4190,1800,42.96
7998,19900,,2025-12-20 17:01:46.069 +0900,crawl,4929,false,9900,10000,101.01
8000,15990,,2025-12-20 17:01:46.150 +0900,crawl,4940,false,8330,7660,91.96
7999,4490,,2025-12-20 17:01:46.118 +0900,crawl,4953,false,3480,1010,29.02
8003,4990,,2025-12-20 17:01:46.290 +0900,crawl,4954,false,3980,1010,25.38
8002,9990,,2025-12-20 17:01:46.236 +0900,crawl,4961,false,6990,3000,42.92
8004,6190,,2025-12-20 17:01:46.957 +0900,crawl,4968,false,5090,1100,21.61
8001,10900,,2025-12-20 17:01:46.170 +0900,crawl,4970,false,7630,3270,42.86
8005,5690,,2025-12-20 17:01:46.966 +0900,crawl,4975,false,2840,2850,100.35
8006,29900,,2025-12-20 17:01:46.987 +0900,crawl,4985,false,20930,8970,42.86
8008,16980,,2025-12-20 17:01:47.066 +0900,crawl,4986,false,9980,7000,70.14
8007,16900,,2025-12-20 17:01:47.040 +0900,crawl,4988,false,11850,5050,42.62
8009,14900,,2025-12-20 17:01:47.075 +0900,crawl,4990,false,10450,4450,42.58
8010,8990,,2025-12-20 17:01:47.084 +0900,crawl,4991,false,6290,2700,42.93
8011,16980,,2025-12-20 17:01:47.100 +0900,crawl,4992,false,9980,7000,70.14
8012,16900,,2025-12-20 17:01:47.124 +0900,crawl,4997,false,11850,5050,42.62
7867,10490,,2025-12-20 17:00:33.289 +0900,crawl,5577,false,6810,3680,54.04
7868,9990,,2025-12-20 17:00:33.316 +0900,crawl,5588,false,6990,3000,42.92
7869,10990,,2025-12-20 17:00:35.683 +0900,crawl,5607,false,7690,3300,42.91
7870,8990,,2025-12-20 17:00:35.702 +0900,crawl,5611,false,7190,1800,25.03
7871,10990,,2025-12-20 17:00:35.716 +0900,crawl,5612,false,7690,3300,42.91
7872,10990,,2025-12-20 17:00:35.736 +0900,crawl,5615,false,8790,2200,25.03
7873,12900,,2025-12-20 17:00:37.443 +0900,crawl,5702,false,10320,2580,25.00
7875,7490,,2025-12-20 17:00:37.816 +0900,crawl,5728,false,4110,3380,82.24
7874,7490,,2025-12-20 17:00:37.807 +0900,crawl,5733,false,4490,3000,66.82
7876,2690,,2025-12-20 17:00:44.379 +0900,crawl,5757,false,2150,540,25.12
7877,6490,,2025-12-20 17:00:44.407 +0900,crawl,5762,false,5990,500,8.35
7878,3990,,2025-12-20 17:00:44.431 +0900,crawl,5775,false,2990,1000,33.44
7879,8490,,2025-12-20 17:00:45.341 +0900,crawl,5826,false,5990,2500,41.74
9003,6990,,2025-12-20 17:06:12.746 +0900,crawl,5588,false,9990,-3000,-30.03
9004,7690,,2025-12-20 17:06:12.797 +0900,crawl,5607,false,10990,-3300,-30.03
9005,7190,,2025-12-20 17:06:12.809 +0900,crawl,5611,false,8990,-1800,-20.02
9006,7690,,2025-12-20 17:06:12.813 +0900,crawl,5612,false,10990,-3300,-30.03
9007,8790,,2025-12-20 17:06:12.822 +0900,crawl,5615,false,10990,-2200,-20.02
9008,10320,,2025-12-20 17:06:13.053 +0900,crawl,5702,false,12900,-2580,-20.00
9010,4490,,2025-12-20 17:06:13.139 +0900,crawl,5733,false,7490,-3000,-40.05
9009,4110,,2025-12-20 17:06:13.125 +0900,crawl,5728,false,7490,-3380,-45.13
9011,2150,2690,2025-12-20 17:06:13.205 +0900,crawl,5757,false,2690,-540,-20.07
9012,5990,,2025-12-20 17:06:13.220 +0900,crawl,5762,false,6490,-500,-7.70
9013,2990,,2025-12-20 17:06:13.256 +0900,crawl,5775,false,3990,-1000,-25.06
8976,8470,10590,2025-12-20 17:06:10.667 +0900,crawl,4838,false,10590,-2120,-20.02
8973,7520,9400,2025-12-20 17:06:10.645 +0900,crawl,4832,false,9400,-1880,-20.00
8974,7520,9400,2025-12-20 17:06:10.650 +0900,crawl,4833,false,9400,-1880,-20.00
8975,8470,10590,2025-12-20 17:06:10.663 +0900,crawl,4837,false,10590,-2120,-20.02
8977,8470,10590,2025-12-20 17:06:10.671 +0900,crawl,4839,false,10590,-2120,-20.02
8978,12200,15250,2025-12-20 17:06:10.676 +0900,crawl,4840,false,15250,-3050,-20.00
8979,9990,12490,2025-12-20 17:06:10.683 +0900,crawl,4842,false,12490,-2500,-20.02
8980,11990,12990,2025-12-20 17:06:10.749 +0900,crawl,4865,false,12990,-1000,-7.70
8981,5590,7990,2025-12-20 17:06:10.832 +0900,crawl,4895,false,7990,-2400,-30.04
8984,14770,16420,2025-12-20 17:06:10.866 +0900,crawl,4905,false,16420,-1650,-10.05
8983,9980,,2025-12-20 17:06:10.862 +0900,crawl,4904,false,12980,-3000,-23.11
8985,14900,,2025-12-20 17:06:10.876 +0900,crawl,4908,false,29800,-14900,-50.00
8986,4190,,2025-12-20 17:06:10.880 +0900,crawl,4909,false,5990,-1800,-30.05
8987,9900,,2025-12-20 17:06:10.936 +0900,crawl,4929,false,19900,-10000,-50.25
8989,3480,,2025-12-20 17:06:11.006 +0900,crawl,4953,false,4490,-1010,-22.49
8988,8330,11900,2025-12-20 17:06:10.968 +0900,crawl,4940,false,15990,-7660,-47.90
8993,7630,,2025-12-20 17:06:11.060 +0900,crawl,4970,false,10900,-3270,-30.00
8991,6990,,2025-12-20 17:06:11.031 +0900,crawl,4961,false,9990,-3000,-30.03
8990,3980,,2025-12-20 17:06:11.010 +0900,crawl,4954,false,4990,-1010,-20.24
8992,5090,,2025-12-20 17:06:11.053 +0900,crawl,4968,false,6190,-1100,-17.77
8994,2840,,2025-12-20 17:06:11.075 +0900,crawl,4975,false,5690,-2850,-50.09
8995,20930,29900,2025-12-20 17:06:11.103 +0900,crawl,4985,false,29900,-8970,-30.00
8997,11850,,2025-12-20 17:06:11.114 +0900,crawl,4988,false,16900,-5050,-29.88
8996,9980,,2025-12-20 17:06:11.107 +0900,crawl,4986,false,16980,-7000,-41.22
8998,10450,,2025-12-20 17:06:11.121 +0900,crawl,4990,false,14900,-4450,-29.87
8999,6290,,2025-12-20 17:06:11.126 +0900,crawl,4991,false,8990,-2700,-30.03
9000,9980,,2025-12-20 17:06:11.130 +0900,crawl,4992,false,16980,-7000,-41.22
9001,11850,,2025-12-20 17:06:11.145 +0900,crawl,4997,false,16900,-5050,-29.88
7880,7490,,2025-12-20 17:00:45.411 +0900,crawl,5836,false,4490,3000,66.82
7881,14900,,2025-12-20 17:00:45.730 +0900,crawl,5857,false,9990,4910,49.15
7894,9990,,2025-12-20 17:00:45.938 +0900,crawl,5870,false,7990,2000,25.03
7886,6990,,2025-12-20 17:00:45.835 +0900,crawl,5874,false,4990,2000,40.08
7882,6990,,2025-12-20 17:00:45.787 +0900,crawl,5875,false,5990,1000,16.69
7883,12900,,2025-12-20 17:00:45.804 +0900,crawl,5879,false,8990,3910,43.49
7884,11900,,2025-12-20 17:00:45.820 +0900,crawl,5880,false,8990,2910,32.37
7889,11900,,2025-12-20 17:00:45.871 +0900,crawl,5882,false,9990,1910,19.12
7902,11900,,2025-12-20 17:00:46.046 +0900,crawl,5884,false,8990,2910,32.37
7893,9990,,2025-12-20 17:00:45.923 +0900,crawl,5885,false,6990,3000,42.92
7891,14900,,2025-12-20 17:00:45.905 +0900,crawl,5888,false,10900,4000,36.70
7885,7990,,2025-12-20 17:00:45.828 +0900,crawl,5889,false,5990,2000,33.39
7897,11900,,2025-12-20 17:00:45.988 +0900,crawl,5890,false,7990,3910,48.94
7892,13900,,2025-12-20 17:00:45.914 +0900,crawl,5891,false,9990,3910,39.14
7911,11900,,2025-12-20 17:00:46.141 +0900,crawl,5892,false,8990,2910,32.37
7898,9990,,2025-12-20 17:00:45.997 +0900,crawl,5893,false,8990,1000,11.12
7899,6990,,2025-12-20 17:00:46.006 +0900,crawl,5894,false,5990,1000,16.69
7905,7990,,2025-12-20 17:00:46.079 +0900,crawl,5895,false,6990,1000,14.31
7907,6990,,2025-12-20 17:00:46.098 +0900,crawl,5896,false,5990,1000,16.69
7896,10900,,2025-12-20 17:00:45.979 +0900,crawl,5900,false,7990,2910,36.42
7901,9990,,2025-12-20 17:00:46.031 +0900,crawl,5901,false,8990,1000,11.12
7900,4990,,2025-12-20 17:00:46.016 +0900,crawl,5902,false,3490,1500,42.98
7903,17900,,2025-12-20 17:00:46.055 +0900,crawl,5903,false,16900,1000,5.92
7904,13900,,2025-12-20 17:00:46.064 +0900,crawl,5904,false,11900,2000,16.81
7890,17900,,2025-12-20 17:00:45.896 +0900,crawl,5905,false,14900,3000,20.13
7895,6990,,2025-12-20 17:00:45.953 +0900,crawl,5906,false,5990,1000,16.69
7906,7990,,2025-12-20 17:00:46.089 +0900,crawl,5909,false,5990,2000,33.39
7909,14900,,2025-12-20 17:00:46.123 +0900,crawl,5910,false,9990,4910,49.15
7887,23900,,2025-12-20 17:00:45.843 +0900,crawl,5911,false,19900,4000,20.10
7888,19900,,2025-12-20 17:00:45.855 +0900,crawl,5914,false,16900,3000,17.75
7908,8990,,2025-12-20 17:00:46.113 +0900,crawl,5915,false,6490,2500,38.52
7910,11900,,2025-12-20 17:00:46.132 +0900,crawl,5918,false,9990,1910,19.12
7912,10900,,2025-12-20 17:00:46.857 +0900,crawl,5922,false,8990,1910,21.25
7913,10900,,2025-12-20 17:00:46.865 +0900,crawl,5923,false,7990,2910,36.42
7914,12900,,2025-12-20 17:00:46.886 +0900,crawl,5926,false,10900,2000,18.35
7915,13990,,2025-12-20 17:00:46.894 +0900,crawl,5927,false,10990,3000,27.30
7916,13900,,2025-12-20 17:00:46.937 +0900,crawl,5935,false,11900,2000,16.81
7918,15900,,2025-12-20 17:00:46.970 +0900,crawl,5937,false,10900,5000,45.87
7917,9990,,2025-12-20 17:00:46.950 +0900,crawl,5940,false,8990,1000,11.12
7920,11900,,2025-12-20 17:00:46.990 +0900,crawl,5943,false,9990,1910,19.12
9014,5990,8490,2025-12-20 17:06:13.393 +0900,crawl,5826,false,8490,-2500,-29.45
9016,9990,13900,2025-12-20 17:06:13.478 +0900,crawl,5857,false,14900,-4910,-32.95
9019,5990,,2025-12-20 17:06:13.531 +0900,crawl,5875,false,6990,-1000,-14.31
9020,8990,,2025-12-20 17:06:13.543 +0900,crawl,5879,false,12900,-3910,-30.31
9021,8990,,2025-12-20 17:06:13.547 +0900,crawl,5880,false,11900,-2910,-24.45
9026,5990,7990,2025-12-20 17:06:13.579 +0900,crawl,5889,false,7990,-2000,-25.03
9018,4990,,2025-12-20 17:06:13.526 +0900,crawl,5874,false,6990,-2000,-28.61
9043,19900,,2025-12-20 17:06:13.662 +0900,crawl,5911,false,23900,-4000,-16.74
9044,16900,,2025-12-20 17:06:13.672 +0900,crawl,5914,false,19900,-3000,-15.08
9022,9990,,2025-12-20 17:06:13.554 +0900,crawl,5882,false,11900,-1910,-16.05
9039,14900,,2025-12-20 17:06:13.640 +0900,crawl,5905,false,17900,-3000,-16.76
9025,10900,,2025-12-20 17:06:13.575 +0900,crawl,5888,false,14900,-4000,-26.85
9028,9990,,2025-12-20 17:06:13.587 +0900,crawl,5891,false,13900,-3910,-28.13
9024,6990,,2025-12-20 17:06:13.565 +0900,crawl,5885,false,9990,-3000,-30.03
9017,7990,,2025-12-20 17:06:13.514 +0900,crawl,5870,false,9990,-2000,-20.02
9040,5990,,2025-12-20 17:06:13.644 +0900,crawl,5906,false,6990,-1000,-14.31
9034,7990,,2025-12-20 17:06:13.620 +0900,crawl,5900,false,10900,-2910,-26.70
9027,7990,,2025-12-20 17:06:13.583 +0900,crawl,5890,false,11900,-3910,-32.86
9030,8990,,2025-12-20 17:06:13.596 +0900,crawl,5893,false,9990,-1000,-10.01
9031,5990,,2025-12-20 17:06:13.600 +0900,crawl,5894,false,6990,-1000,-14.31
9036,3490,,2025-12-20 17:06:13.628 +0900,crawl,5902,false,4990,-1500,-30.06
9035,8990,,2025-12-20 17:06:13.624 +0900,crawl,5901,false,9990,-1000,-10.01
9023,8990,,2025-12-20 17:06:13.561 +0900,crawl,5884,false,11900,-2910,-24.45
9038,11900,,2025-12-20 17:06:13.636 +0900,crawl,5904,false,13900,-2000,-14.39
9032,6990,,2025-12-20 17:06:13.604 +0900,crawl,5895,false,7990,-1000,-12.52
9041,5990,,2025-12-20 17:06:13.654 +0900,crawl,5909,false,7990,-2000,-25.03
9033,5990,,2025-12-20 17:06:13.608 +0900,crawl,5896,false,6990,-1000,-14.31
9045,6490,,2025-12-20 17:06:13.676 +0900,crawl,5915,false,8990,-2500,-27.81
9042,9990,,2025-12-20 17:06:13.658 +0900,crawl,5910,false,14900,-4910,-32.95
9046,9990,,2025-12-20 17:06:13.685 +0900,crawl,5918,false,11900,-1910,-16.05
9029,8990,,2025-12-20 17:06:13.592 +0900,crawl,5892,false,11900,-2910,-24.45
9047,8990,,2025-12-20 17:06:13.697 +0900,crawl,5922,false,10900,-1910,-17.52
9048,7990,,2025-12-20 17:06:13.702 +0900,crawl,5923,false,10900,-2910,-26.70
9049,10900,,2025-12-20 17:06:13.711 +0900,crawl,5926,false,12900,-2000,-15.50
9050,10990,,2025-12-20 17:06:13.715 +0900,crawl,5927,false,13990,-3000,-21.44
9051,11900,,2025-12-20 17:06:13.738 +0900,crawl,5935,false,13900,-2000,-14.39
9053,8990,,2025-12-20 17:06:13.754 +0900,crawl,5940,false,9990,-1000,-10.01
9052,10900,,2025-12-20 17:06:13.744 +0900,crawl,5937,false,15900,-5000,-31.45
9054,9990,,2025-12-20 17:06:13.763 +0900,crawl,5943,false,11900,-1910,-16.05
7919,12900,,2025-12-20 17:00:46.982 +0900,crawl,5945,false,11900,1000,8.40
7921,11900,,2025-12-20 17:00:47.007 +0900,crawl,5947,false,8990,2910,32.37
7922,9990,,2025-12-20 17:00:47.683 +0900,crawl,5949,false,8490,1500,17.67
7923,10900,,2025-12-20 17:00:47.695 +0900,crawl,5951,false,7080,3820,53.95
7925,10900,,2025-12-20 17:00:47.869 +0900,crawl,5959,false,8990,1910,21.25
7924,10900,,2025-12-20 17:00:47.723 +0900,crawl,5960,false,9990,910,9.11
7061,6990,,2025-12-20 16:56:42.030 +0900,import,7061,false,,,
9055,11900,,2025-12-20 17:06:13.770 +0900,crawl,5945,false,12900,-1000,-7.75
9056,8990,,2025-12-20 17:06:13.776 +0900,crawl,5947,false,11900,-2910,-24.45
9057,8490,,2025-12-20 17:06:13.783 +0900,crawl,5949,false,9990,-1500,-15.02
9058,7080,,2025-12-20 17:06:13.790 +0900,crawl,5951,false,10900,-3820,-35.05
9060,9990,,2025-12-20 17:06:13.817 +0900,crawl,5960,false,10900,-910,-8.35
9059,8990,,2025-12-20 17:06:13.813 +0900,crawl,5959,false,10900,-1910,-17.52
9061,7150,,2025-12-20 17:06:16.866 +0900,crawl,7061,false,6990,160,2.29
10018,9990,,2025-12-20 17:15:59.543 +0900,crawl,3252,true,6990,3000,42.92
10019,19990,,2025-12-20 17:16:04.912 +0900,crawl,3257,true,10990,9000,81.89
10020,9990,,2025-12-20 17:16:04.972 +0900,crawl,3264,true,3990,6000,150.38
10021,9990,,2025-12-20 17:16:05.000 +0900,crawl,3265,true,3990,6000,150.38
10022,4990,,2025-12-20 17:16:05.024 +0900,crawl,3260,true,2990,2000,66.89
10023,11900,,2025-12-20 17:16:05.083 +0900,crawl,3266,true,9990,1910,19.12
10024,4990,,2025-12-20 17:16:05.131 +0900,crawl,3271,true,2990,2000,66.89
10025,5990,,2025-12-20 17:16:05.515 +0900,crawl,3277,true,4990,1000,20.04
10026,9990,,2025-12-20 17:16:06.020 +0900,crawl,3297,true,3990,6000,150.38
10027,19990,,2025-12-20 17:16:07.400 +0900,crawl,3303,true,9990,10000,100.10
10028,5490,,2025-12-20 17:16:07.445 +0900,crawl,3305,true,3840,1650,42.97
10029,5490,,2025-12-20 17:16:07.485 +0900,crawl,3307,true,3840,1650,42.97
10030,5490,,2025-12-20 17:16:07.506 +0900,crawl,3306,true,3840,1650,42.97
8884,3990,,2025-12-20 17:06:06.392 +0900,crawl,3311,false,9990,-6000,-60.06
10031,9990,,2025-12-20 17:16:08.449 +0900,crawl,3311,true,3990,6000,150.38
10032,14990,,2025-12-20 17:16:09.939 +0900,crawl,3354,true,12990,2000,15.40
10033,13980,,2025-12-20 17:16:09.997 +0900,crawl,3356,true,6990,6990,100.00
10034,8490,,2025-12-20 17:16:10.029 +0900,crawl,3361,true,5990,2500,41.74
10035,11990,,2025-12-20 17:16:10.057 +0900,crawl,3362,true,8990,3000,33.37
10036,8490,,2025-12-20 17:16:10.094 +0900,crawl,3364,true,5990,2500,41.74
10037,19990,,2025-12-20 17:16:12.168 +0900,crawl,3382,true,9990,10000,100.10
10038,2990,,2025-12-20 17:16:12.367 +0900,crawl,3394,true,2390,600,25.10
10039,5290,,2025-12-20 17:16:15.304 +0900,crawl,3415,true,5190,100,1.93
10040,5290,,2025-12-20 17:16:15.424 +0900,crawl,3416,true,5190,100,1.93
10041,1990,,2025-12-20 17:16:15.737 +0900,crawl,3469,true,1690,300,17.75
10042,1990,,2025-12-20 17:16:15.886 +0900,crawl,3470,true,1690,300,17.75
10043,4190,,2025-12-20 17:16:16.509 +0900,crawl,3461,true,3990,200,5.01
10044,9900,,2025-12-20 17:16:17.888 +0900,crawl,3550,true,8990,910,10.12
10045,5760,,2025-12-20 17:16:18.236 +0900,crawl,3614,true,4750,1010,21.26
10046,3990,,2025-12-20 17:16:18.600 +0900,crawl,3670,true,1990,2000,100.50
8904,3990,,2025-12-20 17:06:07.473 +0900,crawl,3694,false,6990,-3000,-42.92
10047,6990,,2025-12-20 17:16:18.721 +0900,crawl,3694,true,3990,3000,75.19
10048,3990,,2025-12-20 17:16:18.831 +0900,crawl,3676,true,1990,2000,100.50
10049,3990,,2025-12-20 17:16:18.847 +0900,crawl,3684,true,2790,1200,43.01
10050,4990,,2025-12-20 17:16:19.138 +0900,crawl,3596,true,3490,1500,42.98
10051,3990,,2025-12-20 17:16:19.370 +0900,crawl,3642,true,2790,1200,43.01
10052,3990,,2025-12-20 17:16:19.483 +0900,crawl,3702,true,3590,400,11.14
10053,3990,,2025-12-20 17:16:25.227 +0900,crawl,3716,true,3590,400,11.14
10054,4990,,2025-12-20 17:16:25.272 +0900,crawl,3720,true,3490,1500,42.98
10055,8890,,2025-12-20 17:16:25.452 +0900,crawl,3738,true,6220,2670,42.93
10056,3990,,2025-12-20 17:16:25.560 +0900,crawl,3760,true,1990,2000,100.50
10057,3990,,2025-12-20 17:16:25.577 +0900,crawl,3762,true,1990,2000,100.50
10058,4320,,2025-12-20 17:16:26.424 +0900,crawl,3785,true,4180,140,3.35
10059,4320,,2025-12-20 17:16:26.651 +0900,crawl,3778,true,4180,140,3.35
10060,4390,,2025-12-20 17:16:26.856 +0900,crawl,3825,true,3480,910,26.15
10061,4390,,2025-12-20 17:16:26.906 +0900,crawl,3812,true,3480,910,26.15
389,6990,,2025-12-20 16:56:00.312 +0900,import,389,false,,,
10083,5990,9990,2025-12-25 13:14:12.911 +0900,crawl,389,true,6990,-1000,-14.31
10084,5490,7990,2025-12-25 13:14:12.923 +0900,import,7081,true,,,
388,3490,,2025-12-20 16:56:00.306 +0900,import,388,false,,,
10085,3990,,2025-12-25 13:14:12.928 +0900,crawl,388,true,3490,500,14.33
10086,2390,,2025-12-25 13:14:12.937 +0900,import,7082,true,,,
9152,9990,,2025-12-20 17:07:56.860 +0900,crawl,393,false,8990,1000,11.12
10087,6990,11990,2025-12-25 13:14:12.945 +0900,crawl,393,true,9990,-3000,-30.03
398,11990,,2025-12-20 16:56:00.370 +0900,import,398,false,,,
10088,6990,11990,2025-12-25 13:14:12.950 +0900,crawl,398,true,11990,-5000,-41.70
397,5990,,2025-12-20 16:56:00.364 +0900,import,397,false,,,
10089,6990,,2025-12-25 13:14:12.955 +0900,crawl,397,true,5990,1000,16.69
9153,5990,,2025-12-20 17:07:56.871 +0900,crawl,395,false,4990,1000,20.04
10090,4990,,2025-12-25 13:14:12.962 +0900,crawl,395,true,5990,-1000,-16.69
9155,6990,,2025-12-20 17:07:57.714 +0900,crawl,399,false,6290,700,11.13
10091,5490,7990,2025-12-25 13:14:12.969 +0900,crawl,399,true,6990,-1500,-21.46
402,3590,,2025-12-20 16:56:00.394 +0900,import,402,false,,,
10092,3410,3790,2025-12-25 13:14:12.982 +0900,crawl,402,true,3590,-180,-5.01
10093,3490,5990,2025-12-25 13:14:13.008 +0900,import,7083,true,,,
414,6990,,2025-12-20 16:56:00.468 +0900,import,414,false,,,
10094,5490,7990,2025-12-25 13:14:13.029 +0900,crawl,414,true,6990,-1500,-21.46
9157,3990,,2025-12-20 17:07:58.578 +0900,crawl,413,false,3490,500,14.33
10095,3490,,2025-12-25 13:14:13.036 +0900,crawl,413,true,3990,-500,-12.53
9158,8990,,2025-12-20 17:07:58.976 +0900,crawl,418,false,6990,2000,28.61
10096,6990,,2025-12-25 13:14:13.048 +0900,crawl,418,true,8990,-2000,-22.25
420,6990,,2025-12-20 16:56:00.505 +0900,import,420,false,,,
10097,5990,7490,2025-12-25 13:14:13.055 +0900,crawl,420,true,6990,-1000,-14.31
10098,5490,,2025-12-25 13:14:13.074 +0900,import,7084,true,,,
9159,2580,,2025-12-20 17:07:59.307 +0900,crawl,425,false,1290,1290,100.00
10099,1990,,2025-12-25 13:14:13.087 +0900,crawl,425,true,2580,-590,-22.87
9161,5980,,2025-12-20 17:07:59.399 +0900,crawl,430,false,2990,2990,100.00
10100,2990,5980,2025-12-25 13:14:13.100 +0900,crawl,430,true,5980,-2990,-50.00
9160,5980,,2025-12-20 17:07:59.392 +0900,crawl,429,false,2990,2990,100.00
10101,2990,,2025-12-25 13:14:13.105 +0900,crawl,429,true,5980,-2990,-50.00
10102,2990,5980,2025-12-25 13:14:13.115 +0900,import,7085,true,,,
9162,2590,,2025-12-20 17:07:59.422 +0900,crawl,431,false,1590,1000,62.89
10103,1790,2490,2025-12-25 13:14:13.118 +0900,crawl,431,true,2590,-800,-30.89
9163,7990,,2025-12-20 17:07:59.429 +0900,crawl,432,false,5990,2000,33.39
10104,5490,7990,2025-12-25 13:14:13.123 +0900,crawl,432,true,7990,-2500,-31.29
9164,1980,,2025-12-20 17:07:59.436 +0900,crawl,433,false,990,990,100.00
10105,990,1980,2025-12-25 13:14:13.126 +0900,crawl,433,true,1980,-990,-50.00
440,2490,,2025-12-20 16:56:00.630 +0900,import,440,false,,,
10106,1790,2490,2025-12-25 13:14:13.136 +0900,crawl,440,true,2490,-700,-28.11
441,2490,,2025-12-20 16:56:00.636 +0900,import,441,false,,,
10107,1790,2490,2025-12-25 13:14:13.143 +0900,crawl,441,true,2490,-700,-28.11
443,2490,,2025-12-20 16:56:00.648 +0900,import,443,false,,,
10108,1790,2490,2025-12-25 13:14:13.152 +0900,crawl,443,true,2490,-700,-28.11
9166,6990,,2025-12-20 17:07:59.536 +0900,crawl,437,false,3990,3000,75.19
10109,3990,6990,2025-12-25 13:14:13.159 +0900,crawl,437,true,6990,-3000,-42.92
444,2490,,2025-12-20 16:56:00.653 +0900,import,444,false,,,
10110,1790,2490,2025-12-25 13:14:13.169 +0900,crawl,444,true,2490,-700,-28.11
10111,1790,2990,2025-12-25 13:14:13.185 +0900,import,7086,true,,,
9168,4980,,2025-12-20 17:07:59.652 +0900,crawl,448,false,2490,2490,100.00
10112,2990,4990,2025-12-25 13:14:13.191 +0900,crawl,448,true,4980,-1990,-39.96
9170,2990,,2025-12-20 17:07:59.665 +0900,crawl,450,false,1790,1200,67.04
10113,1790,2990,2025-12-25 13:14:13.195 +0900,crawl,450,true,2990,-1200,-40.13
9169,4990,,2025-12-20 17:07:59.658 +0900,crawl,449,false,2990,2000,66.89
10114,2990,4990,2025-12-25 13:14:13.200 +0900,crawl,449,true,4990,-2000,-40.08
9171,3990,,2025-12-20 17:07:59.671 +0900,crawl,452,false,2990,1000,33.44
10115,2990,3990,2025-12-25 13:14:13.203 +0900,crawl,452,true,3990,-1000,-25.06
10116,2490,,2025-12-25 13:14:13.215 +0900,import,7087,true,,,
9172,4990,,2025-12-20 17:07:59.728 +0900,crawl,453,false,3490,1500,42.98
10117,2990,5980,2025-12-25 13:14:13.219 +0900,crawl,453,true,4990,-2000,-40.08
10118,3490,,2025-12-25 13:14:13.231 +0900,import,7088,true,,,
455,2990,,2025-12-20 16:56:00.735 +0900,import,455,false,,,
10119,2690,2990,2025-12-25 13:14:13.238 +0900,crawl,455,true,2990,-300,-10.03
458,2990,,2025-12-20 16:56:00.752 +0900,import,458,false,,,
10120,2690,2990,2025-12-25 13:14:13.246 +0900,crawl,458,true,2990,-300,-10.03
9173,4990,,2025-12-20 17:07:59.764 +0900,crawl,456,false,3990,1000,25.06
10121,3990,4990,2025-12-25 13:14:13.250 +0900,crawl,456,true,4990,-1000,-20.04
9174,4990,,2025-12-20 17:07:59.771 +0900,crawl,459,false,3990,1000,25.06
10122,3990,4990,2025-12-25 13:14:13.258 +0900,crawl,459,true,4990,-1000,-20.04
10123,3990,,2025-12-25 13:14:13.264 +0900,import,7089,true,,,
10124,2990,5980,2025-12-25 13:14:13.296 +0900,import,7090,true,,,
474,2990,,2025-12-20 16:56:00.848 +0900,import,474,false,,,
10125,1990,3980,2025-12-25 13:14:13.299 +0900,crawl,474,true,2990,-1000,-33.44
475,2990,,2025-12-20 16:56:00.854 +0900,import,475,false,,,
10126,1990,,2025-12-25 13:14:13.317 +0900,crawl,475,true,2990,-1000,-33.44
479,2490,,2025-12-20 16:56:00.876 +0900,import,479,false,,,
10127,2240,2490,2025-12-25 13:14:13.324 +0900,crawl,479,true,2490,-250,-10.04
9177,4980,,2025-12-20 17:08:00.401 +0900,crawl,481,false,2490,2490,100.00
10128,2990,4990,2025-12-25 13:14:13.330 +0900,crawl,481,true,4980,-1990,-39.96
10129,5990,,2025-12-25 13:14:13.338 +0900,import,7091,true,,,
484,2990,,2025-12-20 16:56:00.906 +0900,import,484,false,,,
10130,2190,2990,2025-12-25 13:14:13.342 +0900,crawl,484,true,2990,-800,-26.76
485,2990,,2025-12-20 16:56:00.912 +0900,import,485,false,,,
10131,1990,2990,2025-12-25 13:14:13.348 +0900,crawl,485,true,2990,-1000,-33.44
486,2190,,2025-12-20 16:56:00.918 +0900,import,486,false,,,
10132,1990,,2025-12-25 13:14:13.354 +0900,crawl,486,true,2190,-200,-9.13
9178,4990,,2025-12-20 17:08:00.593 +0900,crawl,489,false,3990,1000,25.06
10133,3490,4990,2025-12-25 13:14:13.365 +0900,crawl,489,true,4990,-1500,-30.06
9179,5980,,2025-12-20 17:08:01.272 +0900,crawl,494,false,2990,2990,100.00
10134,3990,5990,2025-12-25 13:14:13.382 +0900,crawl,494,true,5980,-1990,-33.28
496,1000,,2025-12-20 16:56:00.979 +0900,import,496,false,,,
10135,1290,,2025-12-25 13:14:13.387 +0900,crawl,496,true,1000,290,29.00
495,3490,,2025-12-20 16:56:00.972 +0900,import,495,false,,,
10136,2990,,2025-12-25 13:14:13.390 +0900,crawl,495,true,3490,-500,-14.33
497,1000,,2025-12-20 16:56:00.986 +0900,import,497,false,,,
10137,1290,,2025-12-25 13:14:13.396 +0900,crawl,497,true,1000,290,29.00
9180,4990,,2025-12-20 17:08:01.321 +0900,crawl,498,false,4490,500,11.14
10138,3490,4990,2025-12-25 13:14:13.400 +0900,crawl,498,true,4990,-1500,-30.06
9182,9990,,2025-12-20 17:08:01.364 +0900,crawl,501,false,6990,3000,42.92
10139,5990,9990,2025-12-25 13:14:13.408 +0900,crawl,501,true,9990,-4000,-40.04
9183,6990,,2025-12-20 17:08:01.376 +0900,crawl,504,false,5990,1000,16.69
10140,5990,6990,2025-12-25 13:14:13.414 +0900,crawl,504,true,6990,-1000,-14.31
507,3990,,2025-12-20 16:56:01.047 +0900,import,507,false,,,
10141,3990,4990,2025-12-25 13:14:13.427 +0900,crawl,507,true,3990,0,0.00
508,4990,,2025-12-20 16:56:01.053 +0900,import,508,false,,,
10142,3990,5990,2025-12-25 13:14:13.432 +0900,crawl,508,true,4990,-1000,-20.04
9184,5980,,2025-12-20 17:08:01.931 +0900,crawl,509,false,2990,2990,100.00
10143,2990,5980,2025-12-25 13:14:13.436 +0900,crawl,509,true,5980,-2990,-50.00
9185,4990,,2025-12-20 17:08:02.861 +0900,crawl,519,false,2990,2000,66.89
10144,2990,4990,2025-12-25 13:14:13.464 +0900,crawl,519,true,4990,-2000,-40.08
520,3490,,2025-12-20 16:56:01.125 +0900,import,520,false,,,
10145,2990,,2025-12-25 13:14:13.470 +0900,crawl,520,true,3490,-500,-14.33
10146,2990,3990,2025-12-25 13:14:13.480 +0900,import,7092,true,,,
10147,4990,,2025-12-25 13:14:13.533 +0900,import,7093,true,,,
9187,4390,,2025-12-20 17:08:04.701 +0900,crawl,555,false,3690,700,18.97
10148,3690,4390,2025-12-25 13:14:13.537 +0900,crawl,555,true,4390,-700,-15.95
9189,4390,,2025-12-20 17:08:04.729 +0900,crawl,557,false,3690,700,18.97
10149,3690,4390,2025-12-25 13:14:13.547 +0900,crawl,557,true,4390,-700,-15.95
9188,4590,,2025-12-20 17:08:04.722 +0900,crawl,537,false,3690,900,24.39
10150,3690,4590,2025-12-25 13:14:13.580 +0900,crawl,537,true,4590,-900,-19.61
10151,4990,,2025-12-25 13:14:13.588 +0900,import,7094,true,,,
9192,4390,,2025-12-20 17:08:04.770 +0900,crawl,561,false,3690,700,18.97
10152,3690,4390,2025-12-25 13:14:13.598 +0900,crawl,561,true,4390,-700,-15.95
9190,4390,,2025-12-20 17:08:04.737 +0900,crawl,562,false,3690,700,18.97
10153,3690,4390,2025-12-25 13:14:13.607 +0900,crawl,562,true,4390,-700,-15.95
9197,6890,,2025-12-20 17:08:04.895 +0900,crawl,567,false,6490,400,6.16
10154,6490,6890,2025-12-25 13:14:13.621 +0900,crawl,567,true,6890,-400,-5.81
9196,6890,,2025-12-20 17:08:04.883 +0900,crawl,574,false,6490,400,6.16
10155,6490,6890,2025-12-25 13:14:13.631 +0900,crawl,574,true,6890,-400,-5.81
9193,4390,,2025-12-20 17:08:04.827 +0900,crawl,559,false,3690,700,18.97
10156,3690,4390,2025-12-25 13:14:13.651 +0900,crawl,559,true,4390,-700,-15.95
9186,4390,,2025-12-20 17:08:04.688 +0900,crawl,536,false,3690,700,18.97
10157,3690,4390,2025-12-25 13:14:13.660 +0900,crawl,536,true,4390,-700,-15.95
9194,6890,,2025-12-20 17:08:04.839 +0900,crawl,539,false,6490,400,6.16
10158,6490,6890,2025-12-25 13:14:13.664 +0900,crawl,539,true,6890,-400,-5.81
9195,6890,,2025-12-20 17:08:04.875 +0900,crawl,572,false,6490,400,6.16
10159,6490,6890,2025-12-25 13:14:13.678 +0900,crawl,572,true,6890,-400,-5.81
9191,4590,,2025-12-20 17:08:04.762 +0900,crawl,538,false,3690,900,24.39
10160,3690,4590,2025-12-25 13:14:13.695 +0900,crawl,538,true,4590,-900,-19.61
10161,4680,,2025-12-25 13:14:13.708 +0900,import,7095,true,,,
10162,3990,,2025-12-25 13:14:13.721 +0900,import,7096,true,,,
10163,6990,,2025-12-25 13:14:13.735 +0900,crawl,587,true,4990,2000,40.08
10164,4990,,2025-12-25 13:14:13.748 +0900,import,7097,true,,,
10165,3790,,2025-12-25 13:14:13.758 +0900,import,7098,true,,,
9198,5990,,2025-12-20 17:08:05.061 +0900,crawl,590,false,4490,1500,33.41
10166,3990,5990,2025-12-25 13:14:13.766 +0900,crawl,590,true,5990,-2000,-33.39
9201,5990,,2025-12-20 17:08:05.100 +0900,crawl,596,false,4990,1000,20.04
10167,3990,5990,2025-12-25 13:14:13.770 +0900,crawl,596,true,5990,-2000,-33.39
9203,3990,,2025-12-20 17:08:05.125 +0900,crawl,592,false,3490,500,14.33
10168,2990,3990,2025-12-25 13:14:13.775 +0900,crawl,592,true,3990,-1000,-25.06
9204,3990,,2025-12-20 17:08:05.133 +0900,crawl,597,false,3490,500,14.33
10169,2990,3990,2025-12-25 13:14:13.779 +0900,crawl,597,true,3990,-1000,-25.06
9199,3990,,2025-12-20 17:08:05.069 +0900,crawl,591,false,3490,500,14.33
10170,3490,3990,2025-12-25 13:14:13.786 +0900,crawl,591,true,3990,-500,-12.53
9200,3990,,2025-12-20 17:08:05.082 +0900,crawl,598,false,3490,500,14.33
10171,2990,3990,2025-12-25 13:14:13.790 +0900,crawl,598,true,3990,-1000,-25.06
9202,4990,,2025-12-20 17:08:05.114 +0900,crawl,593,false,3990,1000,25.06
10172,3990,4990,2025-12-25 13:14:13.795 +0900,crawl,593,true,4990,-1000,-20.04
613,6990,,2025-12-20 16:56:01.673 +0900,import,613,false,,,
10173,7990,8690,2025-12-25 13:14:13.818 +0900,crawl,613,true,6990,1000,14.31
10174,5990,6490,2025-12-25 13:14:13.841 +0900,import,7099,true,,,
10175,1290,,2025-12-25 13:14:13.872 +0900,import,7100,true,,,
10176,1990,,2025-12-25 13:14:13.878 +0900,import,7101,true,,,
10177,4990,5990,2025-12-25 13:14:13.933 +0900,import,7102,true,,,
9205,3990,,2025-12-20 17:08:05.329 +0900,crawl,622,false,2990,1000,33.44
10178,2990,,2025-12-25 13:14:13.937 +0900,crawl,622,true,3990,-1000,-25.06
9206,3990,,2025-12-20 17:08:05.410 +0900,crawl,639,false,2990,1000,33.44
10179,2990,,2025-12-25 13:14:13.957 +0900,crawl,639,true,3990,-1000,-25.06
9210,11990,,2025-12-20 17:08:05.672 +0900,crawl,652,false,5990,6000,100.17
10180,5990,11990,2025-12-25 13:14:13.985 +0900,crawl,652,true,11990,-6000,-50.04
9208,11990,,2025-12-20 17:08:05.653 +0900,crawl,651,false,5990,6000,100.17
10181,5990,11990,2025-12-25 13:14:13.990 +0900,crawl,651,true,11990,-6000,-50.04
9209,11990,,2025-12-20 17:08:05.662 +0900,crawl,657,false,5990,6000,100.17
10182,5990,11990,2025-12-25 13:14:13.996 +0900,crawl,657,true,11990,-6000,-50.04
9207,11990,,2025-12-20 17:08:05.644 +0900,crawl,650,false,5990,6000,100.17
10183,5990,11990,2025-12-25 13:14:14.000 +0900,crawl,650,true,11990,-6000,-50.04
9215,11990,,2025-12-20 17:08:05.714 +0900,crawl,660,false,5990,6000,100.17
10184,5990,11990,2025-12-25 13:14:14.005 +0900,crawl,660,true,11990,-6000,-50.04
9220,11990,,2025-12-20 17:08:05.765 +0900,crawl,663,false,5990,6000,100.17
10185,5990,11990,2025-12-25 13:14:14.010 +0900,crawl,663,true,11990,-6000,-50.04
9212,11990,,2025-12-20 17:08:05.689 +0900,crawl,658,false,5990,6000,100.17
10186,5990,11990,2025-12-25 13:14:14.017 +0900,crawl,658,true,11990,-6000,-50.04
9214,11990,,2025-12-20 17:08:05.706 +0900,crawl,653,false,5990,6000,100.17
10187,5990,11990,2025-12-25 13:14:14.026 +0900,crawl,653,true,11990,-6000,-50.04
10188,5990,,2025-12-25 13:14:14.033 +0900,import,7103,true,,,
10189,3990,,2025-12-25 13:14:14.043 +0900,import,7104,true,,,
9213,29900,,2025-12-20 17:08:05.698 +0900,crawl,656,false,19900,10000,50.25
10190,19900,,2025-12-25 13:14:14.046 +0900,crawl,656,true,29900,-10000,-33.44
9218,11990,,2025-12-20 17:08:05.747 +0900,crawl,659,false,5990,6000,100.17
10191,5990,11990,2025-12-25 13:14:14.058 +0900,crawl,659,true,11990,-6000,-50.04
10192,7990,,2025-12-25 13:14:14.064 +0900,import,7105,true,,,
9219,11990,,2025-12-20 17:08:05.756 +0900,crawl,665,false,5990,6000,100.17
10193,5990,,2025-12-25 13:14:14.068 +0900,crawl,665,true,11990,-6000,-50.04
9221,11990,,2025-12-20 17:08:05.836 +0900,crawl,672,false,5990,6000,100.17
10194,5990,11990,2025-12-25 13:14:14.072 +0900,crawl,672,true,11990,-6000,-50.04
9217,3990,,2025-12-20 17:08:05.738 +0900,crawl,669,false,2990,1000,33.44
10195,2990,,2025-12-25 13:14:14.076 +0900,crawl,669,true,3990,-1000,-25.06
9216,11990,,2025-12-20 17:08:05.723 +0900,crawl,654,false,5990,6000,100.17
10196,5990,11990,2025-12-25 13:14:14.088 +0900,crawl,654,true,11990,-6000,-50.04
9211,11990,,2025-12-20 17:08:05.681 +0900,crawl,661,false,5990,6000,100.17
10197,5990,11990,2025-12-25 13:14:14.129 +0900,crawl,661,true,11990,-6000,-50.04
10198,4990,,2025-12-25 13:14:14.139 +0900,import,7106,true,,,
10199,5990,,2025-12-25 13:14:14.149 +0900,import,7107,true,,,
10200,9990,,2025-12-25 13:14:14.157 +0900,import,7108,true,,,
692,4590,,2025-12-20 16:56:02.124 +0900,import,692,false,,,
10201,4290,,2025-12-25 13:14:14.167 +0900,crawl,692,true,4590,-300,-6.54
10202,2990,,2025-12-25 13:14:14.176 +0900,import,7109,true,,,
9222,3590,,2025-12-20 17:08:08.488 +0900,crawl,690,false,2510,1080,43.03
10203,2890,,2025-12-25 13:14:14.179 +0900,crawl,690,true,3590,-700,-19.50
10204,3890,,2025-12-25 13:14:14.188 +0900,import,7110,true,,,
9223,5490,,2025-12-20 17:08:08.515 +0900,crawl,694,false,3840,1650,42.97
10205,3830,4790,2025-12-25 13:14:14.194 +0900,crawl,694,true,5490,-1660,-30.24
695,4590,,2025-12-20 16:56:02.142 +0900,import,695,false,,,
10206,4790,,2025-12-25 13:14:14.197 +0900,crawl,695,true,4590,200,4.36
10207,7490,9990,2025-12-25 13:14:14.205 +0900,import,7111,true,,,
9225,4990,,2025-12-20 17:08:08.549 +0900,crawl,698,false,2990,2000,66.89
10208,2990,4990,2025-12-25 13:14:14.211 +0900,crawl,698,true,4990,-2000,-40.08
9226,3990,,2025-12-20 17:08:08.556 +0900,crawl,699,false,2790,1200,43.01
10209,3190,3990,2025-12-25 13:14:14.215 +0900,crawl,699,true,3990,-800,-20.05
700,2790,,2025-12-20 16:56:02.171 +0900,import,700,false,,,
10210,2890,,2025-12-25 13:14:14.220 +0900,crawl,700,true,2790,100,3.58
9227,3490,,2025-12-20 17:08:08.569 +0900,crawl,701,false,2440,1050,43.03
10211,2990,,2025-12-25 13:14:14.224 +0900,crawl,701,true,3490,-500,-14.33
702,3890,,2025-12-20 16:56:02.183 +0900,import,702,false,,,
10212,3000,4290,2025-12-25 13:14:14.228 +0900,crawl,702,true,3890,-890,-22.88
703,3590,,2025-12-20 16:56:02.189 +0900,import,703,false,,,
10213,3890,,2025-12-25 13:14:14.232 +0900,crawl,703,true,3590,300,8.36
9228,5990,,2025-12-20 17:08:08.590 +0900,crawl,704,false,4990,1000,20.04
10214,4990,,2025-12-25 13:14:14.236 +0900,crawl,704,true,5990,-1000,-16.69
9229,3290,,2025-12-20 17:08:08.607 +0900,crawl,707,false,1970,1320,67.01
10215,2990,,2025-12-25 13:14:14.245 +0900,crawl,707,true,3290,-300,-9.12
9230,4290,,2025-12-20 17:08:08.615 +0900,crawl,708,false,3000,1290,43.00
10216,4990,,2025-12-25 13:14:14.249 +0900,crawl,708,true,4290,700,16.32
711,2890,,2025-12-20 16:56:02.237 +0900,import,711,false,,,
10217,3990,,2025-12-25 13:14:14.254 +0900,crawl,711,true,2890,1100,38.06
709,4290,,2025-12-20 16:56:02.225 +0900,import,709,false,,,
10218,4590,,2025-12-25 13:14:14.260 +0900,crawl,709,true,4290,300,6.99
713,3290,,2025-12-20 16:56:02.249 +0900,import,713,false,,,
10219,4490,,2025-12-25 13:14:14.265 +0900,crawl,713,true,3290,1200,36.47
10220,3290,,2025-12-25 13:14:14.278 +0900,import,7112,true,,,
729,6490,,2025-12-20 16:56:02.340 +0900,import,729,false,,,
10221,4990,,2025-12-25 13:14:14.302 +0900,crawl,729,true,6490,-1500,-23.11
9232,8490,,2025-12-20 17:08:08.922 +0900,crawl,727,false,7990,500,6.26
10222,7990,,2025-12-25 13:14:14.309 +0900,crawl,727,true,8490,-500,-5.89
9233,9490,,2025-12-20 17:08:08.937 +0900,crawl,732,false,8490,1000,11.78
10223,7990,,2025-12-25 13:14:14.330 +0900,crawl,732,true,9490,-1500,-15.81
734,7990,,2025-12-20 16:56:02.370 +0900,import,734,false,,,
10224,6490,7490,2025-12-25 13:14:14.338 +0900,crawl,734,true,7990,-1500,-18.77
9236,12900,,2025-12-20 17:08:08.994 +0900,crawl,737,false,10900,2000,18.35
10225,9990,,2025-12-25 13:14:14.349 +0900,crawl,737,true,12900,-2910,-22.56
10226,13490,,2025-12-25 13:14:14.367 +0900,import,7113,true,,,
751,12990,,2025-12-20 16:56:02.466 +0900,import,751,false,,,
10227,9990,,2025-12-25 13:14:14.403 +0900,crawl,751,true,12990,-3000,-23.09
9238,12990,,2025-12-20 17:08:09.506 +0900,crawl,760,false,9900,3090,31.21
10228,9900,,2025-12-25 13:14:14.425 +0900,crawl,760,true,12990,-3090,-23.79
10229,7990,,2025-12-25 13:14:14.478 +0900,import,7114,true,,,
10230,3990,,2025-12-25 13:14:14.490 +0900,import,7115,true,,,
9239,1790,,2025-12-20 17:08:09.706 +0900,crawl,785,false,1000,790,79.00
10231,1000,,2025-12-25 13:14:14.506 +0900,crawl,785,true,1790,-790,-44.13
781,2890,3490,2025-12-20 16:56:02.635 +0900,import,781,false,,,
10232,3490,,2025-12-25 13:14:14.512 +0900,crawl,781,true,2890,600,20.76
10233,2990,,2025-12-25 13:14:14.531 +0900,import,7116,true,,,
10234,4990,,2025-12-25 13:14:14.585 +0900,import,7117,true,,,
819,1990,,2025-12-20 16:56:02.845 +0900,import,819,false,,,
10235,2190,,2025-12-25 13:14:14.615 +0900,crawl,819,true,1990,200,10.05
10236,990,,2025-12-25 13:14:14.623 +0900,import,7118,true,,,
9244,2390,,2025-12-20 17:08:09.939 +0900,crawl,824,false,1290,1100,85.27
10237,990,,2025-12-25 13:14:14.647 +0900,crawl,824,true,2390,-1400,-58.58
9245,2190,,2025-12-20 17:08:09.949 +0900,crawl,826,false,1590,600,37.74
10238,1590,,2025-12-25 13:14:14.655 +0900,crawl,826,true,2190,-600,-27.40
9246,2590,,2025-12-20 17:08:09.979 +0900,crawl,828,false,2190,400,18.26
10239,2190,,2025-12-25 13:14:14.660 +0900,crawl,828,true,2590,-400,-15.44
10240,990,,2025-12-25 13:14:14.684 +0900,import,7119,true,,,
9062,49900,,2025-12-20 17:07:34.463 +0900,crawl,313,false,34900,15000,42.98
10241,34900,49900,2025-12-25 13:14:14.689 +0900,crawl,313,true,49900,-15000,-30.06
9063,59900,,2025-12-20 17:07:34.470 +0900,crawl,314,false,43900,16000,36.45
10242,43900,59900,2025-12-25 13:14:14.694 +0900,crawl,314,true,59900,-16000,-26.71
9064,49900,,2025-12-20 17:07:34.479 +0900,crawl,315,false,48900,1000,2.04
10243,47900,49900,2025-12-25 13:14:14.698 +0900,crawl,315,true,49900,-2000,-4.01
9066,49900,,2025-12-20 17:07:34.491 +0900,crawl,316,false,43900,6000,13.67
10244,43900,44900,2025-12-25 13:14:14.702 +0900,crawl,316,true,49900,-6000,-12.02
9065,49900,,2025-12-20 17:07:34.485 +0900,crawl,317,false,34900,15000,42.98
10245,34900,,2025-12-25 13:14:14.706 +0900,crawl,317,true,49900,-15000,-30.06
9067,79900,,2025-12-20 17:07:34.552 +0900,crawl,318,false,60900,19000,31.20
10246,60900,,2025-12-25 13:14:14.711 +0900,crawl,318,true,79900,-19000,-23.78
9068,79900,,2025-12-20 17:07:34.558 +0900,crawl,319,false,64900,15000,23.11
10247,64900,,2025-12-25 13:14:14.717 +0900,crawl,319,true,79900,-15000,-18.77
9070,15990,,2025-12-20 17:07:34.812 +0900,crawl,328,false,6990,9000,128.76
10248,6990,13990,2025-12-25 13:14:14.741 +0900,crawl,328,true,15990,-9000,-56.29
10249,14990,,2025-12-25 13:14:14.754 +0900,import,7120,true,,,
9071,15990,,2025-12-20 17:07:35.017 +0900,crawl,334,false,6990,9000,128.76
10250,6990,13990,2025-12-25 13:14:14.771 +0900,crawl,334,true,15990,-9000,-56.29
9072,11900,,2025-12-20 17:07:35.023 +0900,crawl,335,false,5950,5950,100.00
10251,5950,11900,2025-12-25 13:14:14.776 +0900,crawl,335,true,11900,-5950,-50.00
10252,14900,,2025-12-25 13:14:14.784 +0900,import,7121,true,,,
9073,19990,,2025-12-20 17:07:35.259 +0900,crawl,337,false,9990,10000,100.10
10253,9990,19990,2025-12-25 13:14:14.791 +0900,crawl,337,true,19990,-10000,-50.03
9075,19990,,2025-12-20 17:07:35.409 +0900,crawl,348,false,9990,10000,100.10
10254,9990,,2025-12-25 13:14:14.822 +0900,crawl,348,true,19990,-10000,-50.03
10255,9990,,2025-12-25 13:14:14.831 +0900,import,7122,true,,,
10256,9990,,2025-12-25 13:14:14.837 +0900,import,7123,true,,,
9077,17990,,2025-12-20 17:07:36.641 +0900,crawl,363,false,8990,9000,100.11
10257,8990,17990,2025-12-25 13:14:14.866 +0900,crawl,363,true,17990,-9000,-50.03
9078,14900,,2025-12-20 17:07:36.647 +0900,crawl,364,false,12990,1910,14.70
10258,12990,,2025-12-25 13:14:14.870 +0900,crawl,364,true,14900,-1910,-12.82
9079,19990,,2025-12-20 17:07:36.875 +0900,crawl,369,false,9990,10000,100.10
10259,9990,19990,2025-12-25 13:14:14.889 +0900,crawl,369,true,19990,-10000,-50.03
9080,19990,,2025-12-20 17:07:36.880 +0900,crawl,372,false,9990,10000,100.10
10260,9990,19990,2025-12-25 13:14:14.896 +0900,crawl,372,true,19990,-10000,-50.03
9081,19990,,2025-12-20 17:07:37.142 +0900,crawl,382,false,9990,10000,100.10
10261,9990,19990,2025-12-25 13:14:14.932 +0900,crawl,382,true,19990,-10000,-50.03
10262,25900,,2025-12-25 13:14:14.956 +0900,import,7124,true,,,
9088,16990,,2025-12-20 17:07:49.475 +0900,crawl,1,false,13990,3000,21.44
10263,13320,16650,2025-12-25 13:14:14.960 +0900,crawl,1,true,16990,-3670,-21.60
10264,2330,,2025-12-25 13:14:14.968 +0900,import,7125,true,,,
9089,14990,,2025-12-20 17:07:49.481 +0900,crawl,2,false,11990,3000,25.02
10265,10990,14990,2025-12-25 13:14:14.972 +0900,crawl,2,true,14990,-4000,-26.68
9090,12990,,2025-12-20 17:07:49.636 +0900,crawl,3,false,9990,3000,30.03
10266,10990,,2025-12-25 13:14:14.977 +0900,crawl,3,true,12990,-2000,-15.40
10267,11990,,2025-12-25 13:14:14.985 +0900,import,7126,true,,,
4,13990,,2025-12-20 16:55:58.135 +0900,import,4,false,,,
10268,14990,,2025-12-25 13:14:14.988 +0900,crawl,4,true,13990,1000,7.15
10269,11990,,2025-12-25 13:14:14.996 +0900,import,7127,true,,,
9092,14990,,2025-12-20 17:07:51.094 +0900,crawl,8,false,9990,5000,50.05
10270,9990,14990,2025-12-25 13:14:15.000 +0900,crawl,8,true,14990,-5000,-33.36
9093,18990,,2025-12-20 17:07:51.099 +0900,crawl,9,false,12990,6000,46.19
10271,12990,17990,2025-12-25 13:14:15.005 +0900,crawl,9,true,18990,-6000,-31.60
9094,9990,,2025-12-20 17:07:51.105 +0900,crawl,10,false,6990,3000,42.92
10272,6990,9990,2025-12-25 13:14:15.010 +0900,crawl,10,true,9990,-3000,-30.03
9095,12990,,2025-12-20 17:07:51.110 +0900,crawl,11,false,9990,3000,30.03
10273,9990,12990,2025-12-25 13:14:15.014 +0900,crawl,11,true,12990,-3000,-23.09
10274,12990,15990,2025-12-25 13:14:15.022 +0900,import,7128,true,,,
10275,450,,2025-12-25 13:14:15.029 +0900,import,7129,true,,,
9096,14990,,2025-12-20 17:07:51.115 +0900,crawl,12,false,8990,6000,66.74
10276,7990,15980,2025-12-25 13:14:15.033 +0900,crawl,12,true,14990,-7000,-46.70
10277,14990,17990,2025-12-25 13:14:15.043 +0900,import,7130,true,,,
10278,10990,13990,2025-12-25 13:14:15.050 +0900,import,7131,true,,,
9098,19900,,2025-12-20 17:07:51.644 +0900,crawl,14,false,16900,3000,17.75
10279,16900,19900,2025-12-25 13:14:15.053 +0900,crawl,14,true,19900,-3000,-15.08
10280,14990,17990,2025-12-25 13:14:15.061 +0900,import,7132,true,,,
9100,11990,,2025-12-20 17:07:52.047 +0900,crawl,17,false,8990,3000,33.37
10281,7990,,2025-12-25 13:14:15.069 +0900,crawl,17,true,11990,-4000,-33.36
10282,7990,12990,2025-12-25 13:14:15.086 +0900,import,7133,true,,,
9101,14990,,2025-12-20 17:07:52.191 +0900,crawl,22,false,9990,5000,50.05
10283,11990,16990,2025-12-25 13:14:15.093 +0900,crawl,22,true,14990,-3000,-20.01
26,8990,,2025-12-20 16:55:58.287 +0900,import,26,false,,,
10284,6990,,2025-12-25 13:14:15.098 +0900,crawl,26,true,8990,-2000,-22.25
21,6990,,2025-12-20 16:55:58.252 +0900,import,21,false,,,
10285,9990,,2025-12-25 13:14:15.103 +0900,crawl,21,true,6990,3000,42.92
10286,2490,,2025-12-25 13:14:15.111 +0900,import,7134,true,,,
9108,9990,,2025-12-20 17:07:52.616 +0900,crawl,34,false,6490,3500,53.93
10287,5990,9990,2025-12-25 13:14:15.121 +0900,crawl,34,true,9990,-4000,-40.04
10288,4990,9980,2025-12-25 13:14:15.130 +0900,import,7135,true,,,
9109,9990,,2025-12-20 17:07:52.622 +0900,crawl,33,false,6990,3000,42.92
10289,6990,9990,2025-12-25 13:14:15.134 +0900,crawl,33,true,9990,-3000,-30.03
9111,19990,,2025-12-20 17:07:53.072 +0900,crawl,37,false,9990,10000,100.10
10290,9990,19990,2025-12-25 13:14:15.139 +0900,crawl,37,true,19990,-10000,-50.03
9112,9990,,2025-12-20 17:07:53.567 +0900,crawl,40,false,6990,3000,42.92
10291,6990,9990,2025-12-25 13:14:15.149 +0900,crawl,40,true,9990,-3000,-30.03
9113,12990,,2025-12-20 17:07:53.576 +0900,crawl,41,false,9990,3000,30.03
10292,9990,12990,2025-12-25 13:14:15.157 +0900,crawl,41,true,12990,-3000,-23.09
10293,14990,17990,2025-12-25 13:14:15.165 +0900,import,7136,true,,,
9115,10990,,2025-12-20 17:07:53.850 +0900,crawl,44,false,7990,3000,37.55
10294,9990,12990,2025-12-25 13:14:15.169 +0900,crawl,44,true,10990,-1000,-9.10
9117,18990,,2025-12-20 17:07:53.861 +0900,crawl,46,false,13990,5000,35.74
10295,14990,19990,2025-12-25 13:14:15.174 +0900,crawl,46,true,18990,-4000,-21.06
9116,7990,,2025-12-20 17:07:53.855 +0900,crawl,45,false,5990,2000,33.39
10296,5990,7990,2025-12-25 13:14:15.179 +0900,crawl,45,true,7990,-2000,-25.03
47,9990,,2025-12-20 16:55:58.402 +0900,import,47,false,,,
10297,7990,9990,2025-12-25 13:14:15.185 +0900,crawl,47,true,9990,-2000,-20.02
10298,4990,,2025-12-25 13:14:15.193 +0900,import,7137,true,,,
10299,6990,9990,2025-12-25 13:14:15.207 +0900,import,7138,true,,,
9124,9990,,2025-12-20 17:07:54.148 +0900,crawl,56,false,8990,1000,11.12
10300,8990,9990,2025-12-25 13:14:15.211 +0900,crawl,56,true,9990,-1000,-10.01
9126,12990,,2025-12-20 17:07:54.275 +0900,crawl,60,false,7990,5000,62.58
10301,9990,12990,2025-12-25 13:14:15.220 +0900,crawl,60,true,12990,-3000,-23.09
9127,11990,,2025-12-20 17:07:54.326 +0900,crawl,62,false,9990,2000,20.02
10302,8990,11990,2025-12-25 13:14:15.224 +0900,crawl,62,true,11990,-3000,-25.02
10303,8990,11990,2025-12-25 13:14:15.232 +0900,import,7139,true,,,
10304,3990,,2025-12-25 13:14:15.244 +0900,import,7140,true,,,
9130,14990,,2025-12-20 17:07:54.439 +0900,crawl,65,false,12990,2000,15.40
10305,9990,14990,2025-12-25 13:14:15.248 +0900,crawl,65,true,14990,-5000,-33.36
9129,14990,,2025-12-20 17:07:54.432 +0900,crawl,64,false,9990,5000,50.05
10306,9990,14990,2025-12-25 13:14:15.253 +0900,crawl,64,true,14990,-5000,-33.36
9132,17990,,2025-12-20 17:07:54.456 +0900,crawl,67,false,15990,2000,12.51
10307,15990,17990,2025-12-25 13:14:15.258 +0900,crawl,67,true,17990,-2000,-11.12
10308,9990,12990,2025-12-25 13:14:15.267 +0900,import,7141,true,,,
10309,12990,14990,2025-12-25 13:14:15.275 +0900,import,7142,true,,,
9136,16990,,2025-12-20 17:07:54.829 +0900,crawl,73,false,14990,2000,13.34
10310,14990,16990,2025-12-25 13:14:15.280 +0900,crawl,73,true,16990,-2000,-11.77
10311,7990,,2025-12-25 13:14:15.291 +0900,import,7143,true,,,
9139,8990,,2025-12-20 17:07:55.735 +0900,crawl,79,false,7990,1000,12.52
10312,7990,8990,2025-12-25 13:14:15.298 +0900,crawl,79,true,8990,-1000,-11.12
9138,12990,,2025-12-20 17:07:55.724 +0900,crawl,84,false,11990,1000,8.34
10313,11990,12990,2025-12-25 13:14:15.303 +0900,crawl,84,true,12990,-1000,-7.70
9140,7990,,2025-12-20 17:07:55.765 +0900,crawl,90,false,5990,2000,33.39
10314,5990,7990,2025-12-25 13:14:15.311 +0900,crawl,90,true,7990,-2000,-25.03
9142,10900,,2025-12-20 17:07:55.798 +0900,crawl,101,false,8990,1910,21.25
10315,8990,,2025-12-25 13:14:15.324 +0900,crawl,101,true,10900,-1910,-17.52
9143,7990,,2025-12-20 17:07:55.808 +0900,crawl,102,false,5990,2000,33.39
10316,5990,,2025-12-25 13:14:15.352 +0900,crawl,102,true,7990,-2000,-25.03
107,6190,,2025-12-20 16:55:58.738 +0900,import,107,false,,,
10317,4990,,2025-12-25 13:14:15.362 +0900,crawl,107,true,6190,-1200,-19.39
9144,12900,,2025-12-20 17:07:55.832 +0900,crawl,100,false,3990,8910,223.31
10318,3990,,2025-12-25 13:14:15.367 +0900,crawl,100,true,12900,-8910,-69.07
109,8990,,2025-12-20 16:55:58.748 +0900,import,109,false,,,
10319,7990,,2025-12-25 13:14:15.375 +0900,crawl,109,true,8990,-1000,-11.12
9146,19990,,2025-12-20 17:07:55.970 +0900,crawl,118,false,9990,10000,100.10
10320,9990,19990,2025-12-25 13:14:15.392 +0900,crawl,118,true,19990,-10000,-50.03
9145,19990,,2025-12-20 17:07:55.962 +0900,crawl,114,false,9990,10000,100.10
10321,9990,19990,2025-12-25 13:14:15.398 +0900,crawl,114,true,19990,-10000,-50.03
9147,19990,,2025-12-20 17:07:55.993 +0900,crawl,120,false,9990,10000,100.10
10322,9990,,2025-12-25 13:14:15.418 +0900,crawl,120,true,19990,-10000,-50.03
9148,9990,,2025-12-20 17:07:56.013 +0900,crawl,124,false,3990,6000,150.38
10323,3990,,2025-12-25 13:14:15.423 +0900,crawl,124,true,9990,-6000,-60.06
10324,7450,14900,2025-12-25 13:44:15.549 +0900,crawl,835,true,14900,-7450,-50.00
10325,8450,16900,2025-12-25 13:44:15.553 +0900,crawl,836,true,16900,-8450,-50.00
10326,10450,20900,2025-12-25 13:44:15.558 +0900,crawl,838,true,20900,-10450,-50.00
10327,9450,18900,2025-12-25 13:44:15.562 +0900,crawl,839,true,18900,-9450,-50.00
10328,10950,21900,2025-12-25 13:44:15.567 +0900,crawl,837,true,21900,-10950,-50.00
10329,11950,23900,2025-12-25 13:44:15.572 +0900,crawl,840,true,23900,-11950,-50.00
9254,21900,,2025-12-20 17:08:10.069 +0900,crawl,842,false,10950,10950,100.00
10330,10950,21900,2025-12-25 13:44:15.577 +0900,crawl,842,true,21900,-10950,-50.00
10331,19620,21800,2025-12-25 13:44:15.587 +0900,import,7144,true,,,
9255,17900,,2025-12-20 17:08:10.079 +0900,crawl,843,false,8950,8950,100.00
10332,8950,17900,2025-12-25 13:44:15.591 +0900,crawl,843,true,17900,-8950,-50.00
9253,12900,,2025-12-20 17:08:10.060 +0900,crawl,841,false,6450,6450,100.00
10333,7740,12900,2025-12-25 13:44:15.595 +0900,crawl,841,true,12900,-5160,-40.00
10334,21510,23900,2025-12-25 13:44:15.602 +0900,import,7145,true,,,
10335,9950,19900,2025-12-25 13:44:15.611 +0900,import,7146,true,,,
9257,11500,,2025-12-20 17:08:10.097 +0900,crawl,845,false,5750,5750,100.00
10336,5750,11500,2025-12-25 13:44:15.615 +0900,crawl,845,true,11500,-5750,-50.00
10337,17910,19900,2025-12-25 13:44:15.626 +0900,import,7147,true,,,
9262,11900,,2025-12-20 17:08:11.466 +0900,crawl,850,false,10710,1190,11.11
10338,10710,11900,2025-12-25 13:44:15.630 +0900,crawl,850,true,11900,-1190,-10.00
9264,11500,,2025-12-20 17:08:11.484 +0900,crawl,853,false,10350,1150,11.11
10339,10350,11500,2025-12-25 13:44:15.635 +0900,crawl,853,true,11500,-1150,-10.00
9260,7600,,2025-12-20 17:08:11.449 +0900,crawl,847,false,3800,3800,100.00
10340,4560,7600,2025-12-25 13:44:15.640 +0900,crawl,847,true,7600,-3040,-40.00
9259,7600,,2025-12-20 17:08:11.440 +0900,crawl,848,false,3800,3800,100.00
10341,4560,7600,2025-12-25 13:44:15.645 +0900,crawl,848,true,7600,-3040,-40.00
10342,14320,17900,2025-12-25 13:44:15.655 +0900,import,7148,true,,,
9263,7600,,2025-12-20 17:08:11.475 +0900,crawl,851,false,3800,3800,100.00
10343,4560,7600,2025-12-25 13:44:15.659 +0900,crawl,851,true,7600,-3040,-40.00
9265,16500,,2025-12-20 17:08:11.494 +0900,crawl,852,false,14850,1650,11.11
10344,14850,16500,2025-12-25 13:44:15.665 +0900,crawl,852,true,16500,-1650,-10.00
9267,10500,,2025-12-20 17:08:11.512 +0900,crawl,855,false,9450,1050,11.11
10345,9450,10500,2025-12-25 13:44:15.669 +0900,crawl,855,true,10500,-1050,-10.00
9266,11000,,2025-12-20 17:08:11.503 +0900,crawl,854,false,9900,1100,11.11
10346,9900,11000,2025-12-25 13:44:15.673 +0900,crawl,854,true,11000,-1100,-10.00
9261,7600,,2025-12-20 17:08:11.458 +0900,crawl,849,false,3800,3800,100.00
10347,4560,7600,2025-12-25 13:44:15.678 +0900,crawl,849,true,7600,-3040,-40.00
9271,13900,,2025-12-20 17:08:12.077 +0900,crawl,859,false,8340,5560,66.67
10348,8340,13900,2025-12-25 13:44:15.683 +0900,crawl,859,true,13900,-5560,-40.00
9269,24900,,2025-12-20 17:08:12.059 +0900,crawl,858,false,14940,9960,66.67
10349,14940,24900,2025-12-25 13:44:15.688 +0900,crawl,858,true,24900,-9960,-40.00
9270,36900,,2025-12-20 17:08:12.068 +0900,crawl,857,false,22140,14760,66.67
10350,22140,36900,2025-12-25 13:44:15.692 +0900,crawl,857,true,36900,-14760,-40.00
10351,14940,24900,2025-12-25 13:44:15.702 +0900,import,7149,true,,,
9272,9990,,2025-12-20 17:08:12.086 +0900,crawl,860,false,6990,3000,42.92
10352,6990,9990,2025-12-25 13:44:15.706 +0900,crawl,860,true,9990,-3000,-30.03
9273,9990,,2025-12-20 17:08:12.283 +0900,crawl,861,false,7990,2000,25.03
10353,8990,9990,2025-12-25 13:44:15.711 +0900,crawl,861,true,9990,-1000,-10.01
9275,9990,,2025-12-20 17:08:12.301 +0900,crawl,863,false,7990,2000,25.03
10354,7990,9990,2025-12-25 13:44:15.715 +0900,crawl,863,true,9990,-2000,-20.02
9274,9990,,2025-12-20 17:08:12.292 +0900,crawl,862,false,7990,2000,25.03
10355,8990,9990,2025-12-25 13:44:15.719 +0900,crawl,862,true,9990,-1000,-10.01
9278,8990,,2025-12-20 17:08:12.335 +0900,crawl,868,false,7990,1000,12.52
10356,7990,,2025-12-25 13:44:15.724 +0900,crawl,868,true,8990,-1000,-11.12
9279,9990,,2025-12-20 17:08:12.349 +0900,crawl,867,false,5990,4000,66.78
10357,5990,9990,2025-12-25 13:44:15.729 +0900,crawl,867,true,9990,-4000,-40.04
9277,14000,,2025-12-20 17:08:12.325 +0900,crawl,866,false,9800,4200,42.86
10358,9800,14000,2025-12-25 13:44:15.733 +0900,crawl,866,true,14000,-4200,-30.00
10359,10390,12990,2025-12-25 13:44:15.737 +0900,crawl,886,true,12990,-2600,-20.02
9285,12800,,2025-12-20 17:08:12.420 +0900,crawl,875,false,6400,6400,100.00
10360,6400,12800,2025-12-25 13:44:15.741 +0900,crawl,875,true,12800,-6400,-50.00
9280,8990,,2025-12-20 17:08:12.358 +0900,crawl,864,false,7990,1000,12.52
10361,7990,,2025-12-25 13:44:15.745 +0900,crawl,864,true,8990,-1000,-11.12
9281,8990,,2025-12-20 17:08:12.373 +0900,crawl,869,false,7190,1800,25.03
10362,7190,8990,2025-12-25 13:44:15.766 +0900,crawl,869,true,8990,-1800,-20.02
9286,8740,,2025-12-20 17:08:12.434 +0900,crawl,883,false,6390,2350,36.78
10363,6390,7990,2025-12-25 13:44:15.770 +0900,crawl,883,true,8740,-2350,-26.89
9283,8740,,2025-12-20 17:08:12.396 +0900,crawl,876,false,6390,2350,36.78
10364,6390,7990,2025-12-25 13:44:15.774 +0900,crawl,876,true,8740,-2350,-26.89
9287,9990,,2025-12-20 17:08:12.460 +0900,crawl,884,false,8990,1000,11.12
10365,8990,9990,2025-12-25 13:44:15.779 +0900,crawl,884,true,9990,-1000,-10.01
9276,9990,,2025-12-20 17:08:12.310 +0900,crawl,865,false,7990,2000,25.03
10366,8990,9990,2025-12-25 13:44:15.783 +0900,crawl,865,true,9990,-1000,-10.01
10367,4990,,2025-12-25 13:44:15.791 +0900,import,7150,true,,,
9282,9990,,2025-12-20 17:08:12.382 +0900,crawl,881,false,7990,2000,25.03
10368,7990,9990,2025-12-25 13:44:15.795 +0900,crawl,881,true,9990,-2000,-20.02
9284,9990,,2025-12-20 17:08:12.405 +0900,crawl,882,false,5990,4000,66.78
10369,5990,9990,2025-12-25 13:44:15.800 +0900,crawl,882,true,9990,-4000,-40.04
10370,8990,9990,2025-12-25 13:44:15.819 +0900,import,7151,true,,,
9288,10990,,2025-12-20 17:08:13.190 +0900,crawl,887,false,8790,2200,25.03
10371,8790,10990,2025-12-25 13:44:15.826 +0900,crawl,887,true,10990,-2200,-20.02
9289,9990,,2025-12-20 17:08:13.199 +0900,crawl,888,false,8990,1000,11.12
10372,8990,9990,2025-12-25 13:44:15.830 +0900,crawl,888,true,9990,-1000,-10.01
9290,11990,,2025-12-20 17:08:13.261 +0900,crawl,891,false,8790,3200,36.41
10373,9890,10990,2025-12-25 13:44:15.841 +0900,crawl,891,true,11990,-2100,-17.51
9291,15990,,2025-12-20 17:08:13.276 +0900,crawl,893,false,12790,3200,25.02
10374,14390,15990,2025-12-25 13:44:15.849 +0900,crawl,893,true,15990,-1600,-10.01
9292,7990,,2025-12-20 17:08:13.285 +0900,crawl,892,false,6990,1000,14.31
10375,7590,,2025-12-25 13:44:15.853 +0900,crawl,892,true,7990,-400,-5.01
9293,13980,,2025-12-20 17:08:13.294 +0900,crawl,895,false,7990,5990,74.97
10376,7990,,2025-12-25 13:44:15.857 +0900,crawl,895,true,13980,-5990,-42.85
9294,10900,,2025-12-20 17:08:13.317 +0900,crawl,897,false,5450,5450,100.00
10377,6540,10900,2025-12-25 13:44:15.864 +0900,crawl,897,true,10900,-4360,-40.00
9295,10900,,2025-12-20 17:08:13.327 +0900,crawl,899,false,5450,5450,100.00
10378,6540,10900,2025-12-25 13:44:15.868 +0900,crawl,899,true,10900,-4360,-40.00
9301,2590,,2025-12-20 17:08:13.666 +0900,crawl,906,false,1810,780,43.09
10379,1550,2590,2025-12-25 13:44:15.878 +0900,crawl,906,true,2590,-1040,-40.15
9299,2750,,2025-12-20 17:08:13.647 +0900,crawl,904,false,1650,1100,66.67
10380,1370,2750,2025-12-25 13:44:15.883 +0900,crawl,904,true,2750,-1380,-50.18
9298,19800,,2025-12-20 17:08:13.638 +0900,crawl,902,false,9900,9900,100.00
10381,9900,19800,2025-12-25 13:44:15.886 +0900,crawl,902,true,19800,-9900,-50.00
928,21800,,2025-12-20 16:56:03.524 +0900,import,928,false,,,
10382,10900,21800,2025-12-25 13:44:15.890 +0900,crawl,928,true,21800,-10900,-50.00
9300,28300,,2025-12-20 17:08:13.657 +0900,crawl,905,false,16980,11320,66.67
10383,16980,28300,2025-12-25 13:44:15.894 +0900,crawl,905,true,28300,-11320,-40.00
9305,2590,,2025-12-20 17:08:13.704 +0900,crawl,908,false,1810,780,43.09
10384,1550,2590,2025-12-25 13:44:15.898 +0900,crawl,908,true,2590,-1040,-40.15
9306,29800,,2025-12-20 17:08:13.713 +0900,crawl,912,false,14900,14900,100.00
10385,14900,29800,2025-12-25 13:44:15.902 +0900,crawl,912,true,29800,-14900,-50.00
9303,3300,,2025-12-20 17:08:13.685 +0900,crawl,903,false,2640,660,25.00
10386,2390,2990,2025-12-25 13:44:15.906 +0900,crawl,903,true,3300,-910,-27.58
9302,29800,,2025-12-20 17:08:13.675 +0900,crawl,911,false,14900,14900,100.00
10387,14900,29800,2025-12-25 13:44:15.911 +0900,crawl,911,true,29800,-14900,-50.00
9308,3300,,2025-12-20 17:08:13.738 +0900,crawl,910,false,2640,660,25.00
10388,2390,2990,2025-12-25 13:44:15.916 +0900,crawl,910,true,3300,-910,-27.58
9304,1720,,2025-12-20 17:08:13.694 +0900,crawl,907,false,1030,690,66.99
10389,1030,1720,2025-12-25 13:44:15.923 +0900,crawl,907,true,1720,-690,-40.12
10390,12250,24500,2025-12-25 13:44:15.931 +0900,import,7152,true,,,
9315,15800,,2025-12-20 17:08:13.803 +0900,crawl,917,false,7900,7900,100.00
10391,7900,15800,2025-12-25 13:44:15.934 +0900,crawl,917,true,15800,-7900,-50.00
9319,15800,,2025-12-20 17:08:13.850 +0900,crawl,923,false,7900,7900,100.00
10392,7900,15800,2025-12-25 13:44:15.939 +0900,crawl,923,true,15800,-7900,-50.00
9318,5100,,2025-12-20 17:08:13.841 +0900,crawl,924,false,4080,1020,25.00
10393,3230,5390,2025-12-25 13:44:15.945 +0900,crawl,924,true,5100,-1870,-36.67
9317,33900,,2025-12-20 17:08:13.822 +0900,crawl,919,false,16950,16950,100.00
10394,16950,33900,2025-12-25 13:44:15.951 +0900,crawl,919,true,33900,-16950,-50.00
10395,13950,27900,2025-12-25 13:44:15.960 +0900,import,7153,true,,,
9309,19800,,2025-12-20 17:08:13.747 +0900,crawl,914,false,9900,9900,100.00
10396,9900,19800,2025-12-25 13:44:15.965 +0900,crawl,914,true,19800,-9900,-50.00
9307,19800,,2025-12-20 17:08:13.728 +0900,crawl,916,false,9900,9900,100.00
10397,9900,19800,2025-12-25 13:44:15.969 +0900,crawl,916,true,19800,-9900,-50.00
9314,19800,,2025-12-20 17:08:13.794 +0900,crawl,921,false,9900,9900,100.00
10398,9900,19800,2025-12-25 13:44:15.973 +0900,crawl,921,true,19800,-9900,-50.00
9321,5100,,2025-12-20 17:08:13.871 +0900,crawl,927,false,4080,1020,25.00
10399,3230,5390,2025-12-25 13:44:15.977 +0900,crawl,927,true,5100,-1870,-36.67
9310,23000,,2025-12-20 17:08:13.756 +0900,crawl,913,false,11500,11500,100.00
10400,11500,23000,2025-12-25 13:44:15.982 +0900,crawl,913,true,23000,-11500,-50.00
9313,27500,,2025-12-20 17:08:13.784 +0900,crawl,920,false,13750,13750,100.00
10401,13750,27500,2025-12-25 13:44:15.987 +0900,crawl,920,true,27500,-13750,-50.00
9311,4990,,2025-12-20 17:08:13.765 +0900,crawl,915,false,2990,2000,66.89
10402,2990,4990,2025-12-25 13:44:15.991 +0900,crawl,915,true,4990,-2000,-40.08
9316,4990,,2025-12-20 17:08:13.812 +0900,crawl,918,false,2990,2000,66.89
10403,2990,4990,2025-12-25 13:44:15.995 +0900,crawl,918,true,4990,-2000,-40.08
10404,13950,27900,2025-12-25 13:44:16.003 +0900,import,7154,true,,,
9320,20900,,2025-12-20 17:08:13.860 +0900,crawl,925,false,10450,10450,100.00
10405,10450,20900,2025-12-25 13:44:16.007 +0900,crawl,925,true,20900,-10450,-50.00
9322,4890,,2025-12-20 17:08:13.879 +0900,crawl,926,false,3420,1470,42.98
10406,3230,5390,2025-12-25 13:44:16.011 +0900,crawl,926,true,4890,-1660,-33.95
9323,4890,,2025-12-20 17:08:14.649 +0900,crawl,929,false,3420,1470,42.98
10407,3230,5390,2025-12-25 13:44:16.016 +0900,crawl,929,true,4890,-1660,-33.95
9324,28300,,2025-12-20 17:08:14.659 +0900,crawl,930,false,16980,11320,66.67
10408,16980,28300,2025-12-25 13:44:16.021 +0900,crawl,930,true,28300,-11320,-40.00
931,1650,,2025-12-20 16:56:03.542 +0900,import,931,false,,,
10409,2000,2500,2025-12-25 13:44:16.027 +0900,crawl,931,true,1650,350,21.21
932,2090,,2025-12-20 16:56:03.549 +0900,import,932,false,,,
10410,2070,2590,2025-12-25 13:44:16.032 +0900,crawl,932,true,2090,-20,-0.96
9325,2750,,2025-12-20 17:08:14.712 +0900,crawl,933,false,1560,1190,76.28
10411,1590,2650,2025-12-25 13:44:16.037 +0900,crawl,933,true,2750,-1160,-42.18
9326,1650,,2025-12-20 17:08:14.721 +0900,crawl,934,false,950,700,73.68
10412,870,1750,2025-12-25 13:44:16.041 +0900,crawl,934,true,1650,-780,-47.27
9328,10200,,2025-12-20 17:08:14.739 +0900,crawl,935,false,8160,2040,25.00
10413,8000,10000,2025-12-25 13:44:16.047 +0900,crawl,935,true,10200,-2200,-21.57
9330,7500,,2025-12-20 17:08:14.757 +0900,crawl,938,false,6000,1500,25.00
10414,6000,7500,2025-12-25 13:44:16.053 +0900,crawl,938,true,7500,-1500,-20.00
10415,15900,26500,2025-12-25 13:44:16.061 +0900,import,7155,true,,,
9327,7500,,2025-12-20 17:08:14.730 +0900,crawl,936,false,6000,1500,25.00
10416,6000,7500,2025-12-25 13:44:16.064 +0900,crawl,936,true,7500,-1500,-20.00
9329,26500,,2025-12-20 17:08:14.748 +0900,crawl,937,false,15900,10600,66.67
10417,13250,26500,2025-12-25 13:44:16.069 +0900,crawl,937,true,26500,-13250,-50.00
10418,6600,11000,2025-12-25 13:44:16.078 +0900,import,7156,true,,,
9337,2990,,2025-12-20 17:08:14.821 +0900,crawl,943,false,1790,1200,67.04
10419,1670,2790,2025-12-25 13:44:16.082 +0900,crawl,943,true,2990,-1320,-44.15
9332,10800,,2025-12-20 17:08:14.775 +0900,crawl,939,false,8640,2160,25.00
10420,8480,10600,2025-12-25 13:44:16.086 +0900,crawl,939,true,10800,-2320,-21.48
9333,3190,,2025-12-20 17:08:14.784 +0900,crawl,940,false,2230,960,43.05
10421,2510,3590,2025-12-25 13:44:16.091 +0900,crawl,940,true,3190,-680,-21.32
10422,17700,29500,2025-12-25 13:44:16.099 +0900,import,7157,true,,,
9338,1750,,2025-12-20 17:08:14.830 +0900,crawl,945,false,1050,700,66.67
10423,1040,2090,2025-12-25 13:44:16.104 +0900,crawl,945,true,1750,-710,-40.57
9336,3290,,2025-12-20 17:08:14.812 +0900,crawl,944,false,1970,1320,67.01
10424,1950,3250,2025-12-25 13:44:16.108 +0900,crawl,944,true,3290,-1340,-40.73
10425,13500,22500,2025-12-25 13:44:16.115 +0900,import,7158,true,,,
9339,2650,,2025-12-20 17:08:15.147 +0900,crawl,947,false,1560,1090,69.87
10426,1590,2650,2025-12-25 13:44:16.118 +0900,crawl,947,true,2650,-1060,-40.00
10427,2990,3740,2025-12-25 13:44:16.130 +0900,import,7159,true,,,
9341,3290,,2025-12-20 17:08:15.294 +0900,crawl,949,false,1970,1320,67.01
10428,1950,3250,2025-12-25 13:44:16.134 +0900,crawl,949,true,3290,-1340,-40.73
9340,3000,,2025-12-20 17:08:15.156 +0900,crawl,948,false,2100,900,42.86
10429,2300,3290,2025-12-25 13:44:16.138 +0900,crawl,948,true,3000,-700,-23.33
10430,3990,6650,2025-12-25 13:44:16.148 +0900,import,7160,true,,,
968,4300,,2025-12-20 16:56:03.774 +0900,import,968,false,,,
10431,2300,4600,2025-12-25 13:44:16.153 +0900,crawl,968,true,4300,-2000,-46.51
9348,10900,,2025-12-20 17:08:15.786 +0900,crawl,959,false,7630,3270,42.86
10432,5450,10900,2025-12-25 13:44:16.157 +0900,crawl,959,true,10900,-5450,-50.00
10433,2940,4900,2025-12-25 13:44:16.165 +0900,import,7161,true,,,
966,4400,,2025-12-20 16:56:03.759 +0900,import,966,false,,,
10434,2820,4700,2025-12-25 13:44:16.169 +0900,crawl,966,true,4400,-1580,-35.91
9347,9900,,2025-12-20 17:08:15.777 +0900,crawl,955,false,6930,2970,42.86
10435,6930,9900,2025-12-25 13:44:16.173 +0900,crawl,955,true,9900,-2970,-30.00
9349,16500,,2025-12-20 17:08:15.795 +0900,crawl,954,false,9900,6600,66.67
10436,9900,16500,2025-12-25 13:44:16.177 +0900,crawl,954,true,16500,-6600,-40.00
967,7100,,2025-12-20 16:56:03.767 +0900,import,967,false,,,
10437,4970,7100,2025-12-25 13:44:16.181 +0900,crawl,967,true,7100,-2130,-30.00
9350,21900,,2025-12-20 17:08:15.805 +0900,crawl,962,false,19710,2190,11.11
10438,19710,21900,2025-12-25 13:44:16.186 +0900,crawl,962,true,21900,-2190,-10.00
970,7900,,2025-12-20 16:56:03.787 +0900,import,970,false,,,
10439,5340,8900,2025-12-25 13:44:16.190 +0900,crawl,970,true,7900,-2560,-32.41
9352,25900,,2025-12-20 17:08:15.829 +0900,crawl,963,false,23310,2590,11.11
10440,23310,25900,2025-12-25 13:44:16.194 +0900,crawl,963,true,25900,-2590,-10.00
9346,20900,,2025-12-20 17:08:15.768 +0900,crawl,956,false,18810,2090,11.11
10441,18810,20900,2025-12-25 13:44:16.201 +0900,crawl,956,true,20900,-2090,-10.00
971,42500,,2025-12-20 16:56:03.793 +0900,import,971,false,,,
10442,25500,42500,2025-12-25 13:44:16.205 +0900,crawl,971,true,42500,-17000,-40.00
9355,23900,,2025-12-20 17:08:15.866 +0900,crawl,960,false,21510,2390,11.11
10443,21510,23900,2025-12-25 13:44:16.209 +0900,crawl,960,true,23900,-2390,-10.00
9351,19900,,2025-12-20 17:08:15.814 +0900,crawl,958,false,17910,1990,11.11
10444,17910,19900,2025-12-25 13:44:16.214 +0900,crawl,958,true,19900,-1990,-10.00
9343,4300,,2025-12-20 17:08:15.740 +0900,crawl,951,false,2580,1720,66.67
10445,3010,4300,2025-12-25 13:44:16.218 +0900,crawl,951,true,4300,-1290,-30.00
964,2590,,2025-12-20 16:56:03.747 +0900,import,964,false,,,
10446,2420,2690,2025-12-25 13:44:16.226 +0900,crawl,964,true,2590,-170,-6.56
9354,26900,,2025-12-20 17:08:15.857 +0900,crawl,961,false,24210,2690,11.11
10447,24210,26900,2025-12-25 13:44:16.231 +0900,crawl,961,true,26900,-2690,-10.00
969,36900,,2025-12-20 16:56:03.780 +0900,import,969,false,,,
10448,35910,39900,2025-12-25 13:44:16.235 +0900,crawl,969,true,36900,-990,-2.68
9358,64900,,2025-12-20 17:08:16.195 +0900,crawl,972,false,54900,10000,18.21
10449,54900,64900,2025-12-25 13:44:16.240 +0900,crawl,972,true,64900,-10000,-15.41
9357,64900,,2025-12-20 17:08:16.181 +0900,crawl,973,false,54900,10000,18.21
10450,54900,64900,2025-12-25 13:44:16.244 +0900,crawl,973,true,64900,-10000,-15.41
974,28900,,2025-12-20 16:56:03.811 +0900,import,974,false,,,
10451,26910,29900,2025-12-25 13:44:16.248 +0900,crawl,974,true,28900,-1990,-6.89
9356,53900,,2025-12-20 17:08:16.171 +0900,crawl,975,false,43900,10000,22.78
10452,43900,53900,2025-12-25 13:44:16.252 +0900,crawl,975,true,53900,-10000,-18.55
9361,11900,,2025-12-20 17:08:16.369 +0900,crawl,979,false,10710,1190,11.11
10453,10710,11900,2025-12-25 13:44:16.257 +0900,crawl,979,true,11900,-1190,-10.00
9365,11500,,2025-12-20 17:08:16.408 +0900,crawl,982,false,10350,1150,11.11
10454,10350,11500,2025-12-25 13:44:16.261 +0900,crawl,982,true,11500,-1150,-10.00
9360,20900,,2025-12-20 17:08:16.361 +0900,crawl,980,false,15900,5000,31.45
10455,15900,,2025-12-25 13:44:16.265 +0900,crawl,980,true,20900,-5000,-23.92
9362,11000,,2025-12-20 17:08:16.376 +0900,crawl,983,false,9900,1100,11.11
10456,9900,11000,2025-12-25 13:44:16.270 +0900,crawl,983,true,11000,-1100,-10.00
986,19990,,2025-12-20 16:56:03.889 +0900,import,986,false,,,
10457,17990,19990,2025-12-25 13:44:16.274 +0900,crawl,986,true,19990,-2000,-10.01
9364,13500,,2025-12-20 17:08:16.391 +0900,crawl,985,false,12150,1350,11.11
10458,12150,13500,2025-12-25 13:44:16.278 +0900,crawl,985,true,13500,-1350,-10.00
10459,10350,11500,2025-12-25 13:44:16.294 +0900,import,7162,true,,,
988,24990,,2025-12-20 16:56:03.902 +0900,import,988,false,,,
10460,22490,24990,2025-12-25 13:44:16.298 +0900,crawl,988,true,24990,-2500,-10.00
9366,26000,,2025-12-20 17:08:16.532 +0900,crawl,991,false,15600,10400,66.67
10461,15600,26000,2025-12-25 13:44:16.306 +0900,crawl,991,true,26000,-10400,-40.00
9368,26000,,2025-12-20 17:08:16.547 +0900,crawl,990,false,15600,10400,66.67
10462,15600,26000,2025-12-25 13:44:16.311 +0900,crawl,990,true,26000,-10400,-40.00
10463,14400,24000,2025-12-25 13:44:16.318 +0900,import,7163,true,,,
10464,12990,25990,2025-12-25 13:44:16.325 +0900,import,7164,true,,,
9369,15990,,2025-12-20 17:08:16.632 +0900,crawl,992,false,10990,5000,45.50
10465,11990,15990,2025-12-25 13:44:16.328 +0900,crawl,992,true,15990,-4000,-25.02
9372,12990,,2025-12-20 17:08:16.655 +0900,crawl,995,false,10990,2000,18.20
10466,10990,12990,2025-12-25 13:44:16.333 +0900,crawl,995,true,12990,-2000,-15.40
9371,12990,,2025-12-20 17:08:16.647 +0900,crawl,994,false,10990,2000,18.20
10467,10990,12990,2025-12-25 13:44:16.337 +0900,crawl,994,true,12990,-2000,-15.40
9374,18330,,2025-12-20 17:08:16.670 +0900,crawl,997,false,10990,7340,66.79
10468,10990,18330,2025-12-25 13:44:16.342 +0900,crawl,997,true,18330,-7340,-40.04
9376,13990,,2025-12-20 17:08:16.813 +0900,crawl,999,false,10990,3000,27.30
10469,9990,13990,2025-12-25 13:44:16.346 +0900,crawl,999,true,13990,-4000,-28.59
9375,14990,,2025-12-20 17:08:16.805 +0900,crawl,1000,false,9990,5000,50.05
10470,9990,14990,2025-12-25 13:44:16.351 +0900,crawl,1000,true,14990,-5000,-33.36
9377,14990,,2025-12-20 17:08:16.822 +0900,crawl,1001,false,9990,5000,50.05
10471,9990,14990,2025-12-25 13:44:16.356 +0900,crawl,1001,true,14990,-5000,-33.36
9379,17990,,2025-12-20 17:08:16.838 +0900,crawl,1003,false,8990,9000,100.11
10472,8990,17990,2025-12-25 13:44:16.361 +0900,crawl,1003,true,17990,-9000,-50.03
9381,17990,,2025-12-20 17:08:16.853 +0900,crawl,1004,false,8990,9000,100.11
10473,8990,17990,2025-12-25 13:44:16.365 +0900,crawl,1004,true,17990,-9000,-50.03
1008,16650,,2025-12-20 16:56:04.049 +0900,import,1008,false,,,
10474,8320,16650,2025-12-25 13:44:16.369 +0900,crawl,1008,true,16650,-8330,-50.03
9378,14990,,2025-12-20 17:08:16.830 +0900,crawl,1002,false,8990,6000,66.74
10475,11990,14990,2025-12-25 13:44:16.374 +0900,crawl,1002,true,14990,-3000,-20.01
1007,11990,,2025-12-20 16:56:04.043 +0900,import,1007,false,,,
10476,15990,,2025-12-25 13:44:16.378 +0900,crawl,1007,true,11990,4000,33.36
1009,16650,,2025-12-20 16:56:04.055 +0900,import,1009,false,,,
10477,8320,16650,2025-12-25 13:44:16.382 +0900,crawl,1009,true,16650,-8330,-50.03
9382,12990,,2025-12-20 17:08:16.861 +0900,crawl,1006,false,8990,4000,44.49
10478,8990,12990,2025-12-25 13:44:16.386 +0900,crawl,1006,true,12990,-4000,-30.79
9380,14990,,2025-12-20 17:08:16.845 +0900,crawl,1005,false,8990,6000,66.74
10479,11990,14990,2025-12-25 13:44:16.390 +0900,crawl,1005,true,14990,-3000,-20.01
9383,12990,,2025-12-20 17:08:17.194 +0900,crawl,1011,false,8990,4000,44.49
10480,8990,12990,2025-12-25 13:44:16.400 +0900,crawl,1011,true,12990,-4000,-30.79
9384,12990,,2025-12-20 17:08:17.201 +0900,crawl,1012,false,8990,4000,44.49
10481,8990,12990,2025-12-25 13:44:16.405 +0900,crawl,1012,true,12990,-4000,-30.79
9385,19990,,2025-12-20 17:08:17.209 +0900,crawl,1013,false,11990,8000,66.72
10482,11990,19990,2025-12-25 13:44:16.410 +0900,crawl,1013,true,19990,-8000,-40.02
9386,11650,,2025-12-20 17:08:17.217 +0900,crawl,1014,false,6990,4660,66.67
10483,6990,11650,2025-12-25 13:44:16.415 +0900,crawl,1014,true,11650,-4660,-40.00
9387,8320,,2025-12-20 17:08:17.229 +0900,crawl,1016,false,5820,2500,42.96
10484,5820,8320,2025-12-25 13:44:16.419 +0900,crawl,1016,true,8320,-2500,-30.05
9390,8990,,2025-12-20 17:08:17.869 +0900,crawl,1023,false,5390,3600,66.79
10485,5390,8990,2025-12-25 13:44:16.444 +0900,crawl,1023,true,8990,-3600,-40.04
1028,8990,,2025-12-20 16:56:04.169 +0900,import,1028,false,,,
10486,6290,8990,2025-12-25 13:44:16.453 +0900,crawl,1028,true,8990,-2700,-30.03
1035,21650,,2025-12-20 16:56:04.210 +0900,import,1035,false,,,
10487,12990,21650,2025-12-25 13:44:16.470 +0900,crawl,1035,true,21650,-8660,-40.00
9394,16990,,2025-12-20 17:08:18.127 +0900,crawl,1030,false,11990,5000,41.70
10488,11990,16990,2025-12-25 13:44:16.476 +0900,crawl,1030,true,16990,-5000,-29.43
9395,19990,,2025-12-20 17:08:18.134 +0900,crawl,1029,false,10990,9000,81.89
10489,10990,19990,2025-12-25 13:44:16.482 +0900,crawl,1029,true,19990,-9000,-45.02
9393,11650,,2025-12-20 17:08:18.119 +0900,crawl,1031,false,6990,4660,66.67
10490,6990,11650,2025-12-25 13:44:16.487 +0900,crawl,1031,true,11650,-4660,-40.00
9396,9990,,2025-12-20 17:08:18.142 +0900,crawl,1032,false,7990,2000,25.03
10491,7990,9990,2025-12-25 13:44:16.493 +0900,crawl,1032,true,9990,-2000,-20.02
9397,11990,,2025-12-20 17:08:18.154 +0900,crawl,1033,false,9990,2000,20.02
10492,9990,11990,2025-12-25 13:44:16.498 +0900,crawl,1033,true,11990,-2000,-16.68
9401,23990,,2025-12-20 17:08:19.257 +0900,crawl,1039,false,15990,8000,50.03
10493,15990,23990,2025-12-25 13:44:16.507 +0900,crawl,1039,true,23990,-8000,-33.35
9399,14990,,2025-12-20 17:08:19.242 +0900,crawl,1036,false,9990,5000,50.05
10494,9990,14990,2025-12-25 13:44:16.511 +0900,crawl,1036,true,14990,-5000,-33.36
1040,9990,,2025-12-20 16:56:04.238 +0900,import,1040,false,,,
10495,7990,9990,2025-12-25 13:44:16.516 +0900,crawl,1040,true,9990,-2000,-20.02
9402,4990,,2025-12-20 17:08:19.270 +0900,crawl,1041,false,3490,1500,42.98
10496,3490,4990,2025-12-25 13:44:16.520 +0900,crawl,1041,true,4990,-1500,-30.06
9400,14990,,2025-12-20 17:08:19.251 +0900,crawl,1038,false,9990,5000,50.05
10497,9990,14990,2025-12-25 13:44:16.524 +0900,crawl,1038,true,14990,-5000,-33.36
9403,9990,,2025-12-20 17:08:19.277 +0900,crawl,1042,false,6990,3000,42.92
10498,6990,9990,2025-12-25 13:44:16.529 +0900,crawl,1042,true,9990,-3000,-30.03
1068,13990,,2025-12-20 16:56:04.386 +0900,import,1068,false,,,
10499,7990,,2025-12-25 13:44:16.537 +0900,crawl,1068,true,13990,-6000,-42.89
9410,10990,,2025-12-20 17:08:21.682 +0900,crawl,1058,false,6990,4000,57.22
10500,6990,,2025-12-25 13:44:16.576 +0900,crawl,1058,true,10990,-4000,-36.40
9411,4490,,2025-12-20 17:08:21.691 +0900,crawl,1063,false,2490,2000,80.32
10501,2490,,2025-12-25 13:44:16.584 +0900,crawl,1063,true,4490,-2000,-44.54
9412,9990,,2025-12-20 17:08:21.705 +0900,crawl,1067,false,6990,3000,42.92
10502,6990,,2025-12-25 13:44:16.593 +0900,crawl,1067,true,9990,-3000,-30.03
10503,4990,,2025-12-25 13:44:16.606 +0900,import,7165,true,,,
9414,15990,,2025-12-20 17:08:21.811 +0900,crawl,1075,false,9990,6000,60.06
10504,7990,15990,2025-12-25 13:44:16.609 +0900,crawl,1075,true,15990,-8000,-50.03
9415,15990,,2025-12-20 17:08:21.819 +0900,crawl,1074,false,9990,6000,60.06
10505,7990,15990,2025-12-25 13:44:16.613 +0900,crawl,1074,true,15990,-8000,-50.03
10506,10990,,2025-12-25 13:44:16.627 +0900,import,7166,true,,,
9417,8990,,2025-12-20 17:08:22.082 +0900,crawl,1077,false,6990,2000,28.61
10507,5990,8990,2025-12-25 13:44:16.631 +0900,crawl,1077,true,8990,-3000,-33.37
1106,8990,,2025-12-20 16:56:04.592 +0900,import,1106,false,,,
10508,5990,8990,2025-12-25 13:44:16.636 +0900,crawl,1106,true,8990,-3000,-33.37
9418,12990,,2025-12-20 17:08:22.103 +0900,crawl,1080,false,7990,5000,62.58
10509,7990,9990,2025-12-25 13:44:16.655 +0900,crawl,1080,true,12990,-5000,-38.49
1125,10490,,2025-12-20 16:56:04.693 +0900,import,1125,false,,,
10510,8490,10490,2025-12-25 13:44:16.668 +0900,crawl,1125,true,10490,-2000,-19.07
1094,8990,,2025-12-20 16:56:04.525 +0900,import,1094,false,,,
10511,6990,8990,2025-12-25 13:44:16.673 +0900,crawl,1094,true,8990,-2000,-22.25
9420,10490,,2025-12-20 17:08:22.157 +0900,crawl,1098,false,8990,1500,16.69
10512,8990,10490,2025-12-25 13:44:16.678 +0900,crawl,1098,true,10490,-1500,-14.30
9423,9490,,2025-12-20 17:08:22.188 +0900,crawl,1095,false,8490,1000,11.78
10513,8490,9490,2025-12-25 13:44:16.683 +0900,crawl,1095,true,9490,-1000,-10.54
1107,6790,,2025-12-20 16:56:04.597 +0900,import,1107,false,,,
10514,6790,8790,2025-12-25 13:44:16.690 +0900,crawl,1107,true,6790,0,0.00
10515,2990,,2025-12-25 13:44:16.698 +0900,import,7167,true,,,
1119,12990,,2025-12-20 16:56:04.661 +0900,import,1119,false,,,
10516,10990,12990,2025-12-25 13:44:16.701 +0900,crawl,1119,true,12990,-2000,-15.40
10517,8990,,2025-12-25 13:44:16.708 +0900,import,7168,true,,,
1115,8490,,2025-12-20 16:56:04.640 +0900,import,1115,false,,,
10518,6990,8990,2025-12-25 13:44:16.714 +0900,crawl,1115,true,8490,-1500,-17.67
9421,8490,,2025-12-20 17:08:22.165 +0900,crawl,1085,false,7490,1000,13.35
10519,7490,,2025-12-25 13:44:16.720 +0900,crawl,1085,true,8490,-1000,-11.78
10520,9990,,2025-12-25 13:44:16.777 +0900,import,7169,true,,,
9426,13990,,2025-12-20 17:08:22.493 +0900,crawl,1126,false,10990,3000,27.30
10521,9490,,2025-12-25 13:44:16.790 +0900,crawl,1126,true,13990,-4500,-32.17
9429,7990,,2025-12-20 17:08:22.537 +0900,crawl,1148,false,4990,3000,60.12
10522,3990,,2025-12-25 13:44:16.804 +0900,crawl,1148,true,7990,-4000,-50.06
9428,7990,,2025-12-20 17:08:22.530 +0900,crawl,1135,false,6990,1000,14.31
10523,6990,7990,2025-12-25 13:44:16.829 +0900,crawl,1135,true,7990,-1000,-12.52
1152,10990,,2025-12-20 16:56:04.840 +0900,import,1152,false,,,
10524,6990,10990,2025-12-25 13:44:16.834 +0900,crawl,1152,true,10990,-4000,-36.40
10525,7990,,2025-12-25 13:44:16.844 +0900,import,7170,true,,,
1155,10990,,2025-12-20 16:56:04.856 +0900,import,1155,false,,,
10526,6990,10990,2025-12-25 13:44:16.854 +0900,crawl,1155,true,10990,-4000,-36.40
10527,3500,5000,2025-12-25 13:44:16.880 +0900,import,7171,true,,,
10528,3900,,2025-12-25 13:44:16.889 +0900,import,7172,true,,,
9435,12000,,2025-12-20 17:08:24.524 +0900,crawl,2212,false,7200,4800,66.67
10529,7200,12000,2025-12-25 13:44:16.894 +0900,crawl,2212,true,12000,-4800,-40.00
9432,10500,,2025-12-20 17:08:24.498 +0900,crawl,2208,false,5250,5250,100.00
10530,6300,10500,2025-12-25 13:44:16.900 +0900,crawl,2208,true,10500,-4200,-40.00
9431,3980,,2025-12-20 17:08:24.490 +0900,crawl,2209,false,1990,1990,100.00
10531,3000,5000,2025-12-25 13:44:16.904 +0900,crawl,2209,true,3980,-980,-24.62
9434,5500,,2025-12-20 17:08:24.515 +0900,crawl,2211,false,3300,2200,66.67
10532,3300,5500,2025-12-25 13:44:16.908 +0900,crawl,2211,true,5500,-2200,-40.00
9433,7980,,2025-12-20 17:08:24.506 +0900,crawl,2210,false,3990,3990,100.00
10533,4980,8300,2025-12-25 13:44:16.912 +0900,crawl,2210,true,7980,-3000,-37.59
9436,8300,,2025-12-20 17:08:24.534 +0900,crawl,2213,false,4980,3320,66.67
10534,5990,11980,2025-12-25 13:44:16.917 +0900,crawl,2213,true,8300,-2310,-27.83
9437,9000,,2025-12-20 17:08:24.543 +0900,crawl,2215,false,6300,2700,42.86
10535,5990,11980,2025-12-25 13:44:16.922 +0900,crawl,2215,true,9000,-3010,-33.44
9438,4000,,2025-12-20 17:08:24.553 +0900,crawl,2214,false,3200,800,25.00
10536,3900,6500,2025-12-25 13:44:16.925 +0900,crawl,2214,true,4000,-100,-2.50
9440,39800,,2025-12-20 17:08:27.250 +0900,crawl,2219,false,27860,11940,42.86
10537,20900,43800,2025-12-25 13:44:16.936 +0900,crawl,2219,true,39800,-18900,-47.49
9439,19980,,2025-12-20 17:08:27.235 +0900,crawl,2222,false,9990,9990,100.00
10538,9990,19980,2025-12-25 13:44:16.941 +0900,crawl,2222,true,19980,-9990,-50.00
2226,10900,,2025-12-20 16:56:11.053 +0900,import,2226,false,,,
10539,9900,10900,2025-12-25 13:44:16.946 +0900,crawl,2226,true,10900,-1000,-9.17
10540,34900,37900,2025-12-25 13:44:16.950 +0900,crawl,2233,true,37900,-3000,-7.92
9445,7800,,2025-12-20 17:08:27.317 +0900,crawl,2224,false,4680,3120,66.67
10541,4680,7800,2025-12-25 13:44:16.955 +0900,crawl,2224,true,7800,-3120,-40.00
9444,14000,,2025-12-20 17:08:27.304 +0900,crawl,2223,false,7000,7000,100.00
10542,8400,14000,2025-12-25 13:44:16.960 +0900,crawl,2223,true,14000,-5600,-40.00
9441,8990,,2025-12-20 17:08:27.264 +0900,crawl,2220,false,5390,3600,66.79
10543,5390,8990,2025-12-25 13:44:16.966 +0900,crawl,2220,true,8990,-3600,-40.04
10544,1120,1600,2025-12-25 13:44:16.975 +0900,import,7173,true,,,
9450,7500,,2025-12-20 17:08:27.425 +0900,crawl,2229,false,4500,3000,66.67
10545,4500,7500,2025-12-25 13:44:16.979 +0900,crawl,2229,true,7500,-3000,-40.00
9448,19980,,2025-12-20 17:08:27.394 +0900,crawl,2230,false,11980,8000,66.78
10546,13980,19980,2025-12-25 13:44:16.983 +0900,crawl,2230,true,19980,-6000,-30.03
9446,35900,,2025-12-20 17:08:27.330 +0900,crawl,2227,false,32900,3000,9.12
10547,32900,35900,2025-12-25 13:44:16.989 +0900,crawl,2227,true,35900,-3000,-8.36
2235,24900,,2025-12-20 16:56:11.107 +0900,import,2235,false,,,
10548,21900,24900,2025-12-25 13:44:16.999 +0900,crawl,2235,true,24900,-3000,-12.05
2244,27900,,2025-12-20 16:56:11.163 +0900,import,2244,false,,,
10549,25900,27900,2025-12-25 13:44:17.006 +0900,crawl,2244,true,27900,-2000,-7.17
9443,19980,,2025-12-20 17:08:27.290 +0900,crawl,2231,false,11980,8000,66.78
10550,13980,19980,2025-12-25 13:44:17.015 +0900,crawl,2231,true,19980,-6000,-30.03
2240,35900,,2025-12-20 16:56:11.138 +0900,import,2240,false,,,
10551,32900,35900,2025-12-25 13:44:17.023 +0900,crawl,2240,true,35900,-3000,-8.36
2245,32900,,2025-12-20 16:56:11.169 +0900,import,2245,false,,,
10552,29900,32900,2025-12-25 13:44:17.027 +0900,crawl,2245,true,32900,-3000,-9.12
10553,9730,13900,2025-12-25 13:44:17.036 +0900,import,7174,true,,,
2238,24900,,2025-12-20 16:56:11.126 +0900,import,2238,false,,,
10554,22900,24900,2025-12-25 13:44:17.040 +0900,crawl,2238,true,24900,-2000,-8.03
2243,22900,,2025-12-20 16:56:11.156 +0900,import,2243,false,,,
10555,20900,22900,2025-12-25 13:44:17.044 +0900,crawl,2243,true,22900,-2000,-8.73
9447,12900,,2025-12-20 17:08:27.341 +0900,crawl,2228,false,6450,6450,100.00
10556,6450,12900,2025-12-25 13:44:17.052 +0900,crawl,2228,true,12900,-6450,-50.00
9449,18900,,2025-12-20 17:08:27.405 +0900,crawl,2225,false,11340,7560,66.67
10557,11340,18900,2025-12-25 13:44:17.058 +0900,crawl,2225,true,18900,-7560,-40.00
10558,10900,,2025-12-25 13:44:17.069 +0900,import,7175,true,,,
10559,10430,14900,2025-12-25 13:44:17.076 +0900,import,7176,true,,,
9451,29800,,2025-12-20 17:08:29.452 +0900,crawl,2242,false,20860,8940,42.86
10560,20860,29800,2025-12-25 13:44:17.080 +0900,crawl,2242,true,29800,-8940,-30.00
10561,5880,9800,2025-12-25 13:44:17.090 +0900,import,7177,true,,,
9452,5000,,2025-12-20 17:08:29.481 +0900,crawl,2246,false,3000,2000,66.67
10562,3000,5000,2025-12-25 13:44:17.097 +0900,crawl,2246,true,5000,-2000,-40.00
9453,5500,,2025-12-20 17:08:29.494 +0900,crawl,2247,false,3300,2200,66.67
10563,3300,5500,2025-12-25 13:44:17.101 +0900,crawl,2247,true,5500,-2200,-40.00
9454,7600,,2025-12-20 17:08:31.482 +0900,crawl,2248,false,5320,2280,42.86
10564,3800,7600,2025-12-25 13:44:17.105 +0900,crawl,2248,true,7600,-3800,-50.00
9455,6900,,2025-12-20 17:08:31.497 +0900,crawl,2249,false,4830,2070,42.86
10565,3450,6900,2025-12-25 13:44:17.110 +0900,crawl,2249,true,6900,-3450,-50.00
9456,15900,,2025-12-20 17:08:31.509 +0900,crawl,2250,false,9540,6360,66.67
10566,11130,15900,2025-12-25 13:44:17.115 +0900,crawl,2250,true,15900,-4770,-30.00
10567,8340,13900,2025-12-25 13:44:17.123 +0900,import,7178,true,,,
9457,12900,,2025-12-20 17:08:31.521 +0900,crawl,2251,false,9030,3870,42.86
10568,9030,12900,2025-12-25 13:44:17.126 +0900,crawl,2251,true,12900,-3870,-30.00
10569,9900,16500,2025-12-25 13:44:17.134 +0900,import,7179,true,,,
9458,13900,,2025-12-20 17:08:31.542 +0900,crawl,2255,false,11120,2780,25.00
10570,11120,13900,2025-12-25 13:44:17.138 +0900,crawl,2255,true,13900,-2780,-20.00
2253,29900,,2025-12-20 16:56:11.219 +0900,import,2253,false,,,
10571,23920,29900,2025-12-25 13:44:17.142 +0900,crawl,2253,true,29900,-5980,-20.00
2256,19900,,2025-12-20 16:56:11.238 +0900,import,2256,false,,,
10572,15920,19900,2025-12-25 13:44:17.147 +0900,crawl,2256,true,19900,-3980,-20.00
9461,2000,,2025-12-20 17:08:31.737 +0900,crawl,2258,false,1200,800,66.67
10573,1200,2000,2025-12-25 13:44:17.154 +0900,crawl,2258,true,2000,-800,-40.00
9460,2000,,2025-12-20 17:08:31.725 +0900,crawl,2257,false,1200,800,66.67
10574,1400,2000,2025-12-25 13:44:17.162 +0900,crawl,2257,true,2000,-600,-30.00
9463,25980,,2025-12-20 17:08:33.974 +0900,crawl,2274,false,11170,14810,132.59
10575,10900,21800,2025-12-25 13:44:17.187 +0900,crawl,2274,true,25980,-15080,-58.04
9469,4650,,2025-12-20 17:08:34.057 +0900,crawl,2272,false,2790,1860,66.67
10576,2790,5580,2025-12-25 13:44:17.192 +0900,crawl,2272,true,4650,-1860,-40.00
9472,5980,,2025-12-20 17:08:34.093 +0900,crawl,2273,false,2990,2990,100.00
10577,2990,5980,2025-12-25 13:44:17.196 +0900,crawl,2273,true,5980,-2990,-50.00
9470,1980,,2025-12-20 17:08:34.069 +0900,crawl,2277,false,990,990,100.00
10578,890,1780,2025-12-25 13:44:17.201 +0900,crawl,2277,true,1980,-1090,-55.05
9471,600,,2025-12-20 17:08:34.081 +0900,crawl,2275,false,300,300,100.00
10579,250,500,2025-12-25 13:44:17.206 +0900,crawl,2275,true,600,-350,-58.33
9466,59800,,2025-12-20 17:08:34.016 +0900,crawl,2269,false,29900,29900,100.00
10580,29900,59800,2025-12-25 13:44:17.211 +0900,crawl,2269,true,59800,-29900,-50.00
9464,3980,,2025-12-20 17:08:33.990 +0900,crawl,2271,false,1990,1990,100.00
10581,2190,4380,2025-12-25 13:44:17.215 +0900,crawl,2271,true,3980,-1790,-44.97
9468,8500,,2025-12-20 17:08:34.044 +0900,crawl,2282,false,5950,2550,42.86
10582,5950,8500,2025-12-25 13:44:17.220 +0900,crawl,2282,true,8500,-2550,-30.00
9474,1980,,2025-12-20 17:08:34.136 +0900,crawl,2279,false,990,990,100.00
10583,990,1980,2025-12-25 13:44:17.225 +0900,crawl,2279,true,1980,-990,-50.00
9475,1580,,2025-12-20 17:08:34.148 +0900,crawl,2278,false,790,790,100.00
10584,790,1580,2025-12-25 13:44:17.233 +0900,crawl,2278,true,1580,-790,-50.00
9477,3650,,2025-12-20 17:08:34.177 +0900,crawl,2280,false,2190,1460,66.67
10585,2190,4380,2025-12-25 13:44:17.237 +0900,crawl,2280,true,3650,-1460,-40.00
9473,9900,,2025-12-20 17:08:34.106 +0900,crawl,2283,false,6930,2970,42.86
10586,6930,9900,2025-12-25 13:44:17.244 +0900,crawl,2283,true,9900,-2970,-30.00
9478,4980,,2025-12-20 17:08:36.253 +0900,crawl,2286,false,2490,2490,100.00
10587,2490,4980,2025-12-25 13:44:17.253 +0900,crawl,2286,true,4980,-2490,-50.00
9479,6600,,2025-12-20 17:08:36.278 +0900,crawl,2287,false,3300,3300,100.00
10588,3330,6660,2025-12-25 13:44:17.257 +0900,crawl,2287,true,6600,-3270,-49.55
10589,3990,7980,2025-12-25 13:44:17.265 +0900,import,7180,true,,,
2291,10000,,2025-12-20 16:56:11.454 +0900,import,2291,false,,,
10590,5000,10000,2025-12-25 13:44:17.268 +0900,crawl,2291,true,10000,-5000,-50.00
10591,7990,15980,2025-12-25 13:44:17.275 +0900,import,7181,true,,,
10592,9990,16650,2025-12-25 13:44:17.281 +0900,import,7182,true,,,
9481,13980,,2025-12-20 17:08:37.452 +0900,crawl,2292,false,6990,6990,100.00
10593,6990,13980,2025-12-25 13:44:17.291 +0900,crawl,2292,true,13980,-6990,-50.00
10594,9900,19800,2025-12-25 13:44:17.308 +0900,import,7183,true,,,
9483,11980,,2025-12-20 17:08:37.930 +0900,crawl,2298,false,5990,5990,100.00
10595,6990,13980,2025-12-25 13:44:17.312 +0900,crawl,2298,true,11980,-4990,-41.65
9482,16600,,2025-12-20 17:08:37.909 +0900,crawl,2297,false,8300,8300,100.00
10596,9990,16650,2025-12-25 13:44:17.317 +0900,crawl,2297,true,16600,-6610,-39.82
10597,6990,13980,2025-12-25 13:44:17.324 +0900,import,7184,true,,,
9484,16650,,2025-12-20 17:08:37.941 +0900,crawl,2299,false,9990,6660,66.67
10598,9990,16650,2025-12-25 13:44:17.328 +0900,crawl,2299,true,16650,-6660,-40.00
9486,16650,,2025-12-20 17:08:37.990 +0900,crawl,2301,false,9990,6660,66.67
10599,9990,16650,2025-12-25 13:44:17.331 +0900,crawl,2301,true,16650,-6660,-40.00
9485,16650,,2025-12-20 17:08:37.976 +0900,crawl,2302,false,9990,6660,66.67
10600,9990,16650,2025-12-25 13:44:17.336 +0900,crawl,2302,true,16650,-6660,-40.00
10601,8990,17980,2025-12-25 13:44:17.351 +0900,import,7185,true,,,
9487,9950,,2025-12-20 17:08:39.393 +0900,crawl,2309,false,5970,3980,66.67
10602,5970,9950,2025-12-25 13:44:17.367 +0900,crawl,2309,true,9950,-3980,-40.00
9488,6600,,2025-12-20 17:08:39.528 +0900,crawl,2310,false,3300,3300,100.00
10603,3300,6600,2025-12-25 13:44:17.371 +0900,crawl,2310,true,6600,-3300,-50.00
9489,8800,,2025-12-20 17:08:39.547 +0900,crawl,2313,false,4400,4400,100.00
10604,4400,8800,2025-12-25 13:44:17.375 +0900,crawl,2313,true,8800,-4400,-50.00
9490,4400,,2025-12-20 17:08:39.565 +0900,crawl,2311,false,2200,2200,100.00
10605,2200,4400,2025-12-25 13:44:17.379 +0900,crawl,2311,true,4400,-2200,-50.00
9492,9150,,2025-12-20 17:08:40.239 +0900,crawl,2314,false,5490,3660,66.67
10606,5490,9150,2025-12-25 13:44:17.382 +0900,crawl,2314,true,9150,-3660,-40.00
10607,5490,9150,2025-12-25 13:44:17.392 +0900,import,7186,true,,,
10608,3990,,2025-12-25 13:44:17.399 +0900,import,7187,true,,,
9493,33000,,2025-12-20 17:08:40.813 +0900,crawl,2315,false,16500,16500,100.00
10609,16500,33000,2025-12-25 13:44:17.403 +0900,crawl,2315,true,33000,-16500,-50.00
9496,16500,,2025-12-20 17:08:40.866 +0900,crawl,2320,false,9900,6600,66.67
10610,8250,16500,2025-12-25 13:44:17.407 +0900,crawl,2320,true,16500,-8250,-50.00
9499,29900,,2025-12-20 17:08:40.922 +0900,crawl,2317,false,16500,13400,81.21
10611,16500,27500,2025-12-25 13:44:17.411 +0900,crawl,2317,true,29900,-13400,-44.82
9494,16500,,2025-12-20 17:08:40.829 +0900,crawl,2316,false,9900,6600,66.67
10612,9900,16500,2025-12-25 13:44:17.416 +0900,crawl,2316,true,16500,-6600,-40.00
9498,29900,,2025-12-20 17:08:40.904 +0900,crawl,2319,false,20930,8970,42.86
10613,20930,29900,2025-12-25 13:44:17.420 +0900,crawl,2319,true,29900,-8970,-30.00
9497,16500,,2025-12-20 17:08:40.888 +0900,crawl,2322,false,11550,4950,42.86
10614,11550,16500,2025-12-25 13:44:17.424 +0900,crawl,2322,true,16500,-4950,-30.00
9500,27500,,2025-12-20 17:08:40.949 +0900,crawl,2326,false,16500,11000,66.67
10615,15900,26500,2025-12-25 13:44:17.428 +0900,crawl,2326,true,27500,-11600,-42.18
10616,7740,12900,2025-12-25 13:44:17.435 +0900,import,7188,true,,,
9495,26500,,2025-12-20 17:08:40.848 +0900,crawl,2318,false,15900,10600,66.67
10617,15900,26500,2025-12-25 13:44:17.438 +0900,crawl,2318,true,26500,-10600,-40.00
9502,16500,,2025-12-20 17:08:40.984 +0900,crawl,2321,false,9900,6600,66.67
10618,9900,16500,2025-12-25 13:44:17.445 +0900,crawl,2321,true,16500,-6600,-40.00
9501,19900,,2025-12-20 17:08:40.968 +0900,crawl,2323,false,13930,5970,42.86
10619,13930,19900,2025-12-25 13:44:17.450 +0900,crawl,2323,true,19900,-5970,-30.00
9505,12900,,2025-12-20 17:08:41.077 +0900,crawl,2328,false,9030,3870,42.86
10620,9030,12900,2025-12-25 13:44:17.458 +0900,crawl,2328,true,12900,-3870,-30.00
9503,16500,,2025-12-20 17:08:41.002 +0900,crawl,2341,false,11550,4950,42.86
10621,11550,16500,2025-12-25 13:44:17.463 +0900,crawl,2341,true,16500,-4950,-30.00
9507,19900,,2025-12-20 17:08:41.146 +0900,crawl,2329,false,13930,5970,42.86
10622,13930,19900,2025-12-25 13:44:17.467 +0900,crawl,2329,true,19900,-5970,-30.00
2337,28500,,2025-12-20 16:56:11.751 +0900,import,2337,false,,,
10623,19950,28500,2025-12-25 13:44:17.471 +0900,crawl,2337,true,28500,-8550,-30.00
2339,16500,,2025-12-20 16:56:11.763 +0900,import,2339,false,,,
10624,8250,16500,2025-12-25 13:44:17.497 +0900,crawl,2339,true,16500,-8250,-50.00
9506,16500,,2025-12-20 17:08:41.127 +0900,crawl,2334,false,11550,4950,42.86
10625,11550,16500,2025-12-25 13:44:17.506 +0900,crawl,2334,true,16500,-4950,-30.00
9508,19900,,2025-12-20 17:08:42.774 +0900,crawl,2343,false,11940,7960,66.67
10626,11940,19900,2025-12-25 13:44:17.510 +0900,crawl,2343,true,19900,-7960,-40.00
9509,12900,,2025-12-20 17:08:42.804 +0900,crawl,2344,false,7740,5160,66.67
10627,7740,12900,2025-12-25 13:44:17.514 +0900,crawl,2344,true,12900,-5160,-40.00
2348,6990,,2025-12-20 16:56:11.824 +0900,import,2348,false,,,
10628,5990,,2025-12-25 13:44:17.528 +0900,crawl,2348,true,6990,-1000,-14.31
9510,19900,,2025-12-20 17:08:42.889 +0900,crawl,2349,false,11940,7960,66.67
10629,15900,26500,2025-12-25 13:44:17.533 +0900,crawl,2349,true,19900,-4000,-20.10
9514,19900,,2025-12-20 17:08:42.982 +0900,crawl,2353,false,9950,9950,100.00
10630,11940,19900,2025-12-25 13:44:17.537 +0900,crawl,2353,true,19900,-7960,-40.00
9515,12900,,2025-12-20 17:08:42.997 +0900,crawl,2355,false,7740,5160,66.67
10631,7740,12900,2025-12-25 13:44:17.542 +0900,crawl,2355,true,12900,-5160,-40.00
9512,19900,,2025-12-20 17:08:42.932 +0900,crawl,2352,false,13930,5970,42.86
10632,15750,22500,2025-12-25 13:44:17.546 +0900,crawl,2352,true,19900,-4150,-20.85
9511,16500,,2025-12-20 17:08:42.912 +0900,crawl,2350,false,11550,4950,42.86
10633,11550,16500,2025-12-25 13:44:17.550 +0900,crawl,2350,true,16500,-4950,-30.00
9516,19900,,2025-12-20 17:08:43.053 +0900,crawl,2358,false,13930,5970,42.86
10634,13930,19900,2025-12-25 13:44:17.555 +0900,crawl,2358,true,19900,-5970,-30.00
10635,7740,12900,2025-12-25 13:44:17.566 +0900,import,7189,true,,,
2362,12900,,2025-12-20 16:56:11.916 +0900,import,2362,false,,,
10636,7740,12900,2025-12-25 13:44:17.581 +0900,crawl,2362,true,12900,-5160,-40.00
2372,12900,,2025-12-20 16:56:11.981 +0900,import,2372,false,,,
10637,7740,12900,2025-12-25 13:44:17.586 +0900,crawl,2372,true,12900,-5160,-40.00
9521,16500,,2025-12-20 17:08:44.360 +0900,crawl,2369,false,9900,6600,66.67
10638,9900,16500,2025-12-25 13:44:17.596 +0900,crawl,2369,true,16500,-6600,-40.00
9524,16500,,2025-12-20 17:08:44.409 +0900,crawl,2368,false,11550,4950,42.86
10639,11550,16500,2025-12-25 13:44:17.603 +0900,crawl,2368,true,16500,-4950,-30.00
9520,16500,,2025-12-20 17:08:44.326 +0900,crawl,2365,false,9900,6600,66.67
10640,9900,16500,2025-12-25 13:44:17.610 +0900,crawl,2365,true,16500,-6600,-40.00
9517,16500,,2025-12-20 17:08:44.262 +0900,crawl,2363,false,9900,6600,66.67
10641,9900,16500,2025-12-25 13:44:17.614 +0900,crawl,2363,true,16500,-6600,-40.00
9519,19900,,2025-12-20 17:08:44.308 +0900,crawl,2366,false,11940,7960,66.67
10642,11940,19900,2025-12-25 13:44:17.619 +0900,crawl,2366,true,19900,-7960,-40.00
9518,12900,,2025-12-20 17:08:44.286 +0900,crawl,2364,false,7740,5160,66.67
10643,7740,12900,2025-12-25 13:44:17.622 +0900,crawl,2364,true,12900,-5160,-40.00
9523,16500,,2025-12-20 17:08:44.392 +0900,crawl,2374,false,9900,6600,66.67
10644,9900,16500,2025-12-25 13:44:17.627 +0900,crawl,2374,true,16500,-6600,-40.00
9528,6500,,2025-12-20 17:08:44.485 +0900,crawl,2375,false,3900,2600,66.67
10645,3900,6500,2025-12-25 13:44:17.631 +0900,crawl,2375,true,6500,-2600,-40.00
9529,16500,,2025-12-20 17:08:44.499 +0900,crawl,2371,false,11550,4950,42.86
10646,11550,16500,2025-12-25 13:44:17.635 +0900,crawl,2371,true,16500,-4950,-30.00
2378,12900,,2025-12-20 16:56:12.023 +0900,import,2378,false,,,
10647,7740,12900,2025-12-25 13:44:17.641 +0900,crawl,2378,true,12900,-5160,-40.00
9525,19900,,2025-12-20 17:08:44.433 +0900,crawl,2377,false,11940,7960,66.67
10648,9950,19900,2025-12-25 13:44:17.646 +0900,crawl,2377,true,19900,-9950,-50.00
9532,9990,,2025-12-20 17:08:47.187 +0900,crawl,2381,false,5990,4000,66.78
10649,4990,9990,2025-12-25 13:44:17.650 +0900,crawl,2381,true,9990,-5000,-50.05
9541,17900,,2025-12-20 17:08:47.351 +0900,crawl,2383,false,8950,8950,100.00
10650,8450,16900,2025-12-25 13:44:17.654 +0900,crawl,2383,true,17900,-9450,-52.79
9552,19990,,2025-12-20 17:08:47.544 +0900,crawl,2401,false,10980,9010,82.06
10651,8990,17980,2025-12-25 13:44:17.659 +0900,crawl,2401,true,19990,-11000,-55.03
9542,19990,,2025-12-20 17:08:47.366 +0900,crawl,2382,false,11990,8000,66.72
10652,11990,19990,2025-12-25 13:44:17.663 +0900,crawl,2382,true,19990,-8000,-40.02
9579,17990,,2025-12-20 17:08:48.128 +0900,crawl,2445,false,11900,6090,51.18
10653,8900,17800,2025-12-25 13:44:17.668 +0900,crawl,2445,true,17990,-9090,-50.53
9539,17900,,2025-12-20 17:08:47.317 +0900,crawl,2385,false,8950,8950,100.00
10654,8450,16900,2025-12-25 13:44:17.672 +0900,crawl,2385,true,17900,-9450,-52.79
9544,17900,,2025-12-20 17:08:47.399 +0900,crawl,2398,false,8950,8950,100.00
10655,8450,16900,2025-12-25 13:44:17.677 +0900,crawl,2398,true,17900,-9450,-52.79
9537,16500,,2025-12-20 17:08:47.286 +0900,crawl,2386,false,8250,8250,100.00
10656,8250,16500,2025-12-25 13:44:17.682 +0900,crawl,2386,true,16500,-8250,-50.00
9543,18300,,2025-12-20 17:08:47.384 +0900,crawl,2392,false,10980,7320,66.67
10657,10980,18300,2025-12-25 13:44:17.687 +0900,crawl,2392,true,18300,-7320,-40.00
9572,17990,,2025-12-20 17:08:48.003 +0900,crawl,2428,false,10790,7200,66.73
10658,10790,17990,2025-12-25 13:44:17.692 +0900,crawl,2428,true,17990,-7200,-40.02
9545,24990,,2025-12-20 17:08:47.416 +0900,crawl,2391,false,14990,10000,66.71
10659,14990,24990,2025-12-25 13:44:17.697 +0900,crawl,2391,true,24990,-10000,-40.02
9559,16500,,2025-12-20 17:08:47.716 +0900,crawl,2399,false,8250,8250,100.00
10660,8250,16500,2025-12-25 13:44:17.701 +0900,crawl,2399,true,16500,-8250,-50.00
9546,27990,,2025-12-20 17:08:47.434 +0900,crawl,2390,false,17990,10000,55.59
10661,17990,25700,2025-12-25 13:44:17.705 +0900,crawl,2390,true,27990,-10000,-35.73
9578,17000,,2025-12-20 17:08:48.112 +0900,crawl,2444,false,11900,5100,42.86
10662,8900,17800,2025-12-25 13:44:17.710 +0900,crawl,2444,true,17000,-8100,-47.65
9568,17900,,2025-12-20 17:08:47.934 +0900,crawl,2421,false,8950,8950,100.00
10663,8450,16900,2025-12-25 13:44:17.715 +0900,crawl,2421,true,17900,-9450,-52.79
9554,14280,,2025-12-20 17:08:47.591 +0900,crawl,2402,false,9990,4290,42.94
10664,8990,14990,2025-12-25 13:44:17.725 +0900,crawl,2402,true,14280,-5290,-37.04
9560,9990,,2025-12-20 17:08:47.736 +0900,crawl,2388,false,5990,4000,66.78
10665,4990,9990,2025-12-25 13:44:17.729 +0900,crawl,2388,true,9990,-5000,-50.05
9540,17900,,2025-12-20 17:08:47.332 +0900,crawl,2393,false,8950,8950,100.00
10666,8450,16900,2025-12-25 13:44:17.744 +0900,crawl,2393,true,17900,-9450,-52.79
9533,16500,,2025-12-20 17:08:47.208 +0900,crawl,2380,false,8250,8250,100.00
10667,9900,16500,2025-12-25 13:44:17.747 +0900,crawl,2380,true,16500,-6600,-40.00
9548,17900,,2025-12-20 17:08:47.466 +0900,crawl,2411,false,8950,8950,100.00
10668,8450,16900,2025-12-25 13:44:17.753 +0900,crawl,2411,true,17900,-9450,-52.79
9534,11500,,2025-12-20 17:08:47.233 +0900,crawl,2384,false,5750,5750,100.00
10669,5750,11500,2025-12-25 13:44:17.757 +0900,crawl,2384,true,11500,-5750,-50.00
9531,16500,,2025-12-20 17:08:47.172 +0900,crawl,2379,false,8250,8250,100.00
10670,9900,16500,2025-12-25 13:44:17.762 +0900,crawl,2379,true,16500,-6600,-40.00
9551,16500,,2025-12-20 17:08:47.527 +0900,crawl,2400,false,8250,8250,100.00
10671,8250,16500,2025-12-25 13:44:17.776 +0900,crawl,2400,true,16500,-8250,-50.00
9535,11500,,2025-12-20 17:08:47.250 +0900,crawl,2387,false,5750,5750,100.00
10672,5750,11500,2025-12-25 13:44:17.781 +0900,crawl,2387,true,11500,-5750,-50.00
9550,2490,,2025-12-20 17:08:47.508 +0900,crawl,2410,false,1790,700,39.11
10673,1590,,2025-12-25 13:44:17.786 +0900,crawl,2410,true,2490,-900,-36.14
9547,16500,,2025-12-20 17:08:47.448 +0900,crawl,2389,false,8250,8250,100.00
10674,8250,16500,2025-12-25 13:44:17.791 +0900,crawl,2389,true,16500,-8250,-50.00
9561,13300,,2025-12-20 17:08:47.784 +0900,crawl,2414,false,7980,5320,66.67
10675,7980,11400,2025-12-25 13:44:17.802 +0900,crawl,2414,true,13300,-5320,-40.00
9565,24990,,2025-12-20 17:08:47.869 +0900,crawl,2426,false,14990,10000,66.71
10676,14990,24990,2025-12-25 13:44:17.808 +0900,crawl,2426,true,24990,-10000,-40.02
9567,21980,,2025-12-20 17:08:47.914 +0900,crawl,2427,false,10990,10990,100.00
10677,10990,21980,2025-12-25 13:44:17.818 +0900,crawl,2427,true,21980,-10990,-50.00
10678,3490,,2025-12-25 13:44:17.825 +0900,crawl,2440,true,4490,-1000,-22.27
2394,12900,,2025-12-20 16:56:12.149 +0900,import,2394,false,,,
10679,7740,12900,2025-12-25 13:44:17.828 +0900,crawl,2394,true,12900,-5160,-40.00
9580,8300,,2025-12-20 17:08:48.150 +0900,crawl,2448,false,4980,3320,66.67
10680,4980,8300,2025-12-25 13:44:17.833 +0900,crawl,2448,true,8300,-3320,-40.00
9571,12500,,2025-12-20 17:08:47.986 +0900,crawl,2420,false,7500,5000,66.67
10681,7500,12500,2025-12-25 13:44:17.841 +0900,crawl,2420,true,12500,-5000,-40.00
9574,21500,,2025-12-20 17:08:48.045 +0900,crawl,2451,false,12900,8600,66.67
10682,12900,21500,2025-12-25 13:44:17.847 +0900,crawl,2451,true,21500,-8600,-40.00
9549,12500,,2025-12-20 17:08:47.480 +0900,crawl,2397,false,6250,6250,100.00
10683,7500,12500,2025-12-25 13:44:17.851 +0900,crawl,2397,true,12500,-5000,-40.00
9570,9990,,2025-12-20 17:08:47.970 +0900,crawl,2431,false,7990,2000,25.03
10684,7990,9990,2025-12-25 13:44:17.860 +0900,crawl,2431,true,9990,-2000,-20.02
9573,7990,,2025-12-20 17:08:48.027 +0900,crawl,2433,false,4790,3200,66.81
10685,3990,,2025-12-25 13:44:17.873 +0900,crawl,2433,true,7990,-4000,-50.06
9576,7990,,2025-12-20 17:08:48.083 +0900,crawl,2434,false,4790,3200,66.81
10686,4790,7990,2025-12-25 13:44:17.878 +0900,crawl,2434,true,7990,-3200,-40.05
9584,5190,,2025-12-20 17:08:51.102 +0900,crawl,2441,false,4990,200,4.01
10687,4490,,2025-12-25 13:44:17.881 +0900,crawl,2441,true,5190,-700,-13.49
2436,4490,,2025-12-20 16:56:12.403 +0900,import,2436,false,,,
10688,3490,,2025-12-25 13:44:17.885 +0900,crawl,2436,true,4490,-1000,-22.27
9585,7990,,2025-12-20 17:08:51.120 +0900,crawl,2443,false,4790,3200,66.81
10689,3490,,2025-12-25 13:44:17.889 +0900,crawl,2443,true,7990,-4500,-56.32
9588,19990,,2025-12-20 17:08:51.173 +0900,crawl,2454,false,15990,4000,25.02
10690,15990,19990,2025-12-25 13:44:17.893 +0900,crawl,2454,true,19990,-4000,-20.01
9566,8300,,2025-12-20 17:08:47.887 +0900,crawl,2419,false,4980,3320,66.67
10691,4980,8300,2025-12-25 13:44:17.898 +0900,crawl,2419,true,8300,-3320,-40.00
9589,19900,,2025-12-20 17:08:51.188 +0900,crawl,2437,false,15920,3980,25.00
10692,15920,19900,2025-12-25 13:44:17.901 +0900,crawl,2437,true,19900,-3980,-20.00
9590,8300,,2025-12-20 17:08:51.209 +0900,crawl,2455,false,4980,3320,66.67
10693,4980,8300,2025-12-25 13:44:17.908 +0900,crawl,2455,true,8300,-3320,-40.00
9536,19900,,2025-12-20 17:08:47.269 +0900,crawl,2396,false,11940,7960,66.67
10694,13930,19900,2025-12-25 13:44:17.912 +0900,crawl,2396,true,19900,-5970,-30.00
9553,12500,,2025-12-20 17:08:47.570 +0900,crawl,2409,false,7500,5000,66.67
10695,7500,12500,2025-12-25 13:44:17.916 +0900,crawl,2409,true,12500,-5000,-40.00
9582,12500,,2025-12-20 17:08:48.184 +0900,crawl,2432,false,7500,5000,66.67
10696,7500,12500,2025-12-25 13:44:17.921 +0900,crawl,2432,true,12500,-5000,-40.00
10697,9990,16650,2025-12-25 13:44:17.927 +0900,import,7190,true,,,
9575,10990,,2025-12-20 17:08:48.071 +0900,crawl,2429,false,5490,5500,100.18
10698,5490,10990,2025-12-25 13:44:17.930 +0900,crawl,2429,true,10990,-5500,-50.05
9562,10990,,2025-12-20 17:08:47.804 +0900,crawl,2416,false,5490,5500,100.18
10699,3990,,2025-12-25 13:44:17.936 +0900,crawl,2416,true,10990,-7000,-63.69
9577,7990,,2025-12-20 17:08:48.096 +0900,crawl,2435,false,4790,3200,66.81
10700,2990,,2025-12-25 13:44:17.941 +0900,crawl,2435,true,7990,-5000,-62.58
9558,7990,,2025-12-20 17:08:47.653 +0900,crawl,2405,false,4790,3200,66.81
10701,3990,,2025-12-25 13:44:17.946 +0900,crawl,2405,true,7990,-4000,-50.06
9583,7990,,2025-12-20 17:08:48.205 +0900,crawl,2442,false,4790,3200,66.81
10702,3490,,2025-12-25 13:44:17.951 +0900,crawl,2442,true,7990,-4500,-56.32
10703,7490,14980,2025-12-25 13:44:17.958 +0900,import,7191,true,,,
9586,11500,,2025-12-20 17:08:51.133 +0900,crawl,2452,false,6900,4600,66.67
10704,6900,11500,2025-12-25 13:44:17.962 +0900,crawl,2452,true,11500,-4600,-40.00
9587,11500,,2025-12-20 17:08:51.154 +0900,crawl,2453,false,6900,4600,66.67
10705,6900,11500,2025-12-25 13:44:17.966 +0900,crawl,2453,true,11500,-4600,-40.00
10706,6990,,2025-12-25 13:44:17.972 +0900,import,7192,true,,,
10707,9990,,2025-12-25 13:44:17.985 +0900,import,7193,true,,,
9594,11980,,2025-12-20 17:08:51.288 +0900,crawl,2461,false,5990,5990,100.00
10708,5990,11980,2025-12-25 13:44:17.988 +0900,crawl,2461,true,11980,-5990,-50.00
9591,6650,,2025-12-20 17:08:51.237 +0900,crawl,2459,false,3990,2660,66.67
10709,3990,6650,2025-12-25 13:44:17.992 +0900,crawl,2459,true,6650,-2660,-40.00
9597,7990,,2025-12-20 17:08:51.352 +0900,crawl,2465,false,3990,4000,100.25
10710,3990,7980,2025-12-25 13:44:17.996 +0900,crawl,2465,true,7990,-4000,-50.06
9593,13980,,2025-12-20 17:08:51.272 +0900,crawl,2458,false,7980,6000,75.19
10711,7980,13300,2025-12-25 13:44:18.001 +0900,crawl,2458,true,13980,-6000,-42.92
9610,13980,,2025-12-20 17:08:51.658 +0900,crawl,2472,false,7980,6000,75.19
10712,6990,13980,2025-12-25 13:44:18.009 +0900,crawl,2472,true,13980,-6990,-50.00
9596,4280,,2025-12-20 17:08:51.330 +0900,crawl,2463,false,2990,1290,43.14
10713,2990,4280,2025-12-25 13:44:18.013 +0900,crawl,2463,true,4280,-1290,-30.14
9595,8990,,2025-12-20 17:08:51.303 +0900,crawl,2462,false,4490,4500,100.22
10714,4990,9980,2025-12-25 13:44:18.017 +0900,crawl,2462,true,8990,-4000,-44.49
9598,7980,,2025-12-20 17:08:51.392 +0900,crawl,2469,false,4780,3200,66.95
10715,4780,7980,2025-12-25 13:44:18.027 +0900,crawl,2469,true,7980,-3200,-40.10
9602,6650,,2025-12-20 17:08:51.476 +0900,crawl,2473,false,3990,2660,66.67
10716,3990,6650,2025-12-25 13:44:18.032 +0900,crawl,2473,true,6650,-2660,-40.00
9622,6990,,2025-12-20 17:08:51.937 +0900,crawl,2487,false,4190,2800,66.83
10717,4190,6990,2025-12-25 13:44:18.041 +0900,crawl,2487,true,6990,-2800,-40.06
9601,11650,,2025-12-20 17:08:51.447 +0900,crawl,2470,false,7980,3670,45.99
10718,7980,11400,2025-12-25 13:44:18.046 +0900,crawl,2470,true,11650,-3670,-31.50
9605,11990,,2025-12-20 17:08:51.526 +0900,crawl,2495,false,8990,3000,33.37
10719,8990,,2025-12-25 13:44:18.055 +0900,crawl,2495,true,11990,-3000,-25.02
10720,2990,3740,2025-12-25 13:44:18.062 +0900,import,7194,true,,,
9609,18500,,2025-12-20 17:08:51.633 +0900,crawl,2493,false,12950,5550,42.86
10721,9990,19980,2025-12-25 13:44:18.066 +0900,crawl,2493,true,18500,-8510,-46.00
9592,9990,,2025-12-20 17:08:51.257 +0900,crawl,2457,false,5990,4000,66.78
10722,7990,9990,2025-12-25 13:44:18.076 +0900,crawl,2457,true,9990,-2000,-20.02
2491,3990,,2025-12-20 16:56:12.730 +0900,import,2491,false,,,
10723,1990,3980,2025-12-25 13:44:18.081 +0900,crawl,2491,true,3990,-2000,-50.13
9607,4280,,2025-12-20 17:08:51.597 +0900,crawl,2481,false,2990,1290,43.14
10724,2990,4280,2025-12-25 13:44:18.085 +0900,crawl,2481,true,4280,-1290,-30.14
9603,6790,,2025-12-20 17:08:51.488 +0900,crawl,2467,false,5990,800,13.36
10725,5990,,2025-12-25 13:44:18.090 +0900,crawl,2467,true,6790,-800,-11.78
2508,5990,,2025-12-20 16:56:12.832 +0900,import,2508,false,,,
10726,2990,5980,2025-12-25 13:44:18.093 +0900,crawl,2508,true,5990,-3000,-50.08
9630,8990,,2025-12-20 17:08:52.094 +0900,crawl,2517,false,3990,5000,125.31
10727,3990,6650,2025-12-25 13:44:18.099 +0900,crawl,2517,true,8990,-5000,-55.62
9600,4590,,2025-12-20 17:08:51.429 +0900,crawl,2468,false,2280,2310,101.32
10728,2280,3800,2025-12-25 13:44:18.104 +0900,crawl,2468,true,4590,-2310,-50.33
2500,5990,,2025-12-20 16:56:12.784 +0900,import,2500,false,,,
10729,2990,5980,2025-12-25 13:44:18.108 +0900,crawl,2500,true,5990,-3000,-50.08
9608,15700,,2025-12-20 17:08:51.618 +0900,crawl,2477,false,10990,4710,42.86
10730,10990,15700,2025-12-25 13:44:18.112 +0900,crawl,2477,true,15700,-4710,-30.00
9599,14280,,2025-12-20 17:08:51.412 +0900,crawl,2475,false,8560,5720,66.82
10731,9990,16650,2025-12-25 13:44:18.117 +0900,crawl,2475,true,14280,-4290,-30.04
9613,14000,,2025-12-20 17:08:51.734 +0900,crawl,2494,false,9800,4200,42.86
10732,9800,14000,2025-12-25 13:44:18.121 +0900,crawl,2494,true,14000,-4200,-30.00
9636,10990,,2025-12-20 17:08:52.212 +0900,crawl,2521,false,7280,3710,50.96
10733,7280,10400,2025-12-25 13:44:18.125 +0900,crawl,2521,true,10990,-3710,-33.76
9618,9990,,2025-12-20 17:08:51.872 +0900,crawl,2497,false,6990,3000,42.92
10734,6990,9990,2025-12-25 13:44:18.129 +0900,crawl,2497,true,9990,-3000,-30.03
9620,6990,,2025-12-20 17:08:51.906 +0900,crawl,2476,false,4890,2100,42.94
10735,4890,6990,2025-12-25 13:44:18.134 +0900,crawl,2476,true,6990,-2100,-30.04
9634,13700,,2025-12-20 17:08:52.163 +0900,crawl,2504,false,10960,2740,25.00
10736,10960,13700,2025-12-25 13:44:18.138 +0900,crawl,2504,true,13700,-2740,-20.00
9633,12850,,2025-12-20 17:08:52.148 +0900,crawl,2520,false,8990,3860,42.94
10737,8990,12850,2025-12-25 13:44:18.143 +0900,crawl,2520,true,12850,-3860,-30.04
9614,11990,,2025-12-20 17:08:51.764 +0900,crawl,2489,false,5990,6000,100.17
10738,5990,11990,2025-12-25 13:44:18.148 +0900,crawl,2489,true,11990,-6000,-50.04
9615,9990,,2025-12-20 17:08:51.781 +0900,crawl,2490,false,5990,4000,66.78
10739,4990,9990,2025-12-25 13:44:18.152 +0900,crawl,2490,true,9990,-5000,-50.05
9616,6400,,2025-12-20 17:08:51.808 +0900,crawl,2511,false,4480,1920,42.86
10740,4480,6400,2025-12-25 13:44:18.157 +0900,crawl,2511,true,6400,-1920,-30.00
9627,3120,,2025-12-20 17:08:52.044 +0900,crawl,2512,false,2490,630,25.30
10741,2490,3120,2025-12-25 13:44:18.163 +0900,crawl,2512,true,3120,-630,-20.19
9606,11400,,2025-12-20 17:08:51.544 +0900,crawl,2478,false,7980,3420,42.86
10742,7980,11400,2025-12-25 13:44:18.168 +0900,crawl,2478,true,11400,-3420,-30.00
2483,4590,,2025-12-20 16:56:12.684 +0900,import,2483,false,,,
10743,2750,4590,2025-12-25 13:44:18.171 +0900,crawl,2483,true,4590,-1840,-40.09
2505,4590,,2025-12-20 16:56:12.815 +0900,import,2505,false,,,
10744,2750,4590,2025-12-25 13:44:18.176 +0900,crawl,2505,true,4590,-1840,-40.09
2509,8990,,2025-12-20 16:56:12.837 +0900,import,2509,false,,,
10745,9990,,2025-12-25 13:44:18.179 +0900,crawl,2509,true,8990,1000,11.12
9619,9990,,2025-12-20 17:08:51.890 +0900,crawl,2519,false,7990,2000,25.03
10746,5990,9990,2025-12-25 13:44:18.183 +0900,crawl,2519,true,9990,-4000,-40.04
9629,7100,,2025-12-20 17:08:52.078 +0900,crawl,2515,false,4970,2130,42.86
10747,4990,9980,2025-12-25 13:44:18.188 +0900,crawl,2515,true,7100,-2110,-29.72
2488,5990,,2025-12-20 16:56:12.714 +0900,import,2488,false,,,
10748,2990,5980,2025-12-25 13:44:18.193 +0900,crawl,2488,true,5990,-3000,-50.08
9624,11400,,2025-12-20 17:08:51.984 +0900,crawl,2513,false,7980,3420,42.86
10749,7980,11400,2025-12-25 13:44:18.199 +0900,crawl,2513,true,11400,-3420,-30.00
9626,7980,,2025-12-20 17:08:52.018 +0900,crawl,2514,false,4780,3200,66.95
10750,4780,7980,2025-12-25 13:44:18.204 +0900,crawl,2514,true,7980,-3200,-40.10
9604,9990,,2025-12-20 17:08:51.506 +0900,crawl,2474,false,4990,5000,100.20
10751,4990,9980,2025-12-25 13:44:18.209 +0900,crawl,2474,true,9990,-5000,-50.05
9621,6650,,2025-12-20 17:08:51.922 +0900,crawl,2506,false,3990,2660,66.67
10752,3590,7180,2025-12-25 13:44:18.215 +0900,crawl,2506,true,6650,-3060,-46.02
9612,19990,,2025-12-20 17:08:51.713 +0900,crawl,2510,false,13930,6060,43.50
10753,11940,19900,2025-12-25 13:44:18.222 +0900,crawl,2510,true,19990,-8050,-40.27
9628,6650,,2025-12-20 17:08:52.064 +0900,crawl,2507,false,3990,2660,66.67
10754,3590,7180,2025-12-25 13:44:18.226 +0900,crawl,2507,true,6650,-3060,-46.02
9631,13500,,2025-12-20 17:08:52.111 +0900,crawl,2501,false,5990,7510,125.38
10755,5990,,2025-12-25 13:44:18.231 +0900,crawl,2501,true,13500,-7510,-55.63
9625,11650,,2025-12-20 17:08:51.999 +0900,crawl,2485,false,6990,4660,66.67
10756,6990,11650,2025-12-25 13:44:18.235 +0900,crawl,2485,true,11650,-4660,-40.00
9632,9990,,2025-12-20 17:08:52.127 +0900,crawl,2486,false,7990,2000,25.03
10757,6990,9990,2025-12-25 13:44:18.240 +0900,crawl,2486,true,9990,-3000,-30.03
9617,6990,,2025-12-20 17:08:51.820 +0900,crawl,2516,false,4890,2100,42.94
10758,4890,6990,2025-12-25 13:44:18.244 +0900,crawl,2516,true,6990,-2100,-30.04
9635,9990,,2025-12-20 17:08:52.176 +0900,crawl,2498,false,7990,2000,25.03
10759,7990,9990,2025-12-25 13:44:18.248 +0900,crawl,2498,true,9990,-2000,-20.02
2518,5990,,2025-12-20 16:56:12.890 +0900,import,2518,false,,,
10760,2990,4990,2025-12-25 13:44:18.253 +0900,crawl,2518,true,5990,-3000,-50.08
9623,6650,,2025-12-20 17:08:51.950 +0900,crawl,2492,false,3990,2660,66.67
10761,3590,7180,2025-12-25 13:44:18.258 +0900,crawl,2492,true,6650,-3060,-46.02
2502,5990,,2025-12-20 16:56:12.797 +0900,import,2502,false,,,
10762,2990,5980,2025-12-25 13:44:18.263 +0900,crawl,2502,true,5990,-3000,-50.08
10763,4990,9980,2025-12-25 13:44:18.272 +0900,import,7195,true,,,
2503,5990,,2025-12-20 16:56:12.803 +0900,import,2503,false,,,
10764,2990,4990,2025-12-25 13:44:18.275 +0900,crawl,2503,true,5990,-3000,-50.08
9637,8500,,2025-12-20 17:08:57.660 +0900,crawl,2522,false,5950,2550,42.86
10765,5950,8500,2025-12-25 13:44:18.279 +0900,crawl,2522,true,8500,-2550,-30.00
10766,2990,5980,2025-12-25 13:44:18.287 +0900,import,7196,true,,,
9641,13500,,2025-12-20 17:08:57.745 +0900,crawl,2528,false,9450,4050,42.86
10767,6750,13500,2025-12-25 13:44:18.291 +0900,crawl,2528,true,13500,-6750,-50.00
9639,11650,,2025-12-20 17:08:57.689 +0900,crawl,2526,false,6990,4660,66.67
10768,5820,11650,2025-12-25 13:44:18.296 +0900,crawl,2526,true,11650,-5830,-50.04
9640,2850,,2025-12-20 17:08:57.730 +0900,crawl,2530,false,1990,860,43.22
10769,1990,3980,2025-12-25 13:44:18.299 +0900,crawl,2530,true,2850,-860,-30.18
9643,18500,,2025-12-20 17:08:57.782 +0900,crawl,2527,false,12950,5550,42.86
10770,12950,18500,2025-12-25 13:44:18.310 +0900,crawl,2527,true,18500,-5550,-30.00
9642,4990,,2025-12-20 17:08:57.765 +0900,crawl,2531,false,3990,1000,25.06
10771,3990,4990,2025-12-25 13:44:18.314 +0900,crawl,2531,true,4990,-1000,-20.04
9638,6300,,2025-12-20 17:08:57.677 +0900,crawl,2524,false,3480,2820,81.03
10772,2900,5800,2025-12-25 13:44:18.322 +0900,crawl,2524,true,6300,-3400,-53.97
9645,5990,,2025-12-20 17:08:57.821 +0900,crawl,2535,false,4790,1200,25.05
10773,4790,5990,2025-12-25 13:44:18.330 +0900,crawl,2535,true,5990,-1200,-20.03
9644,6400,,2025-12-20 17:08:57.807 +0900,crawl,2532,false,4480,1920,42.86
10774,4480,6400,2025-12-25 13:44:18.334 +0900,crawl,2532,true,6400,-1920,-30.00
9646,9990,,2025-12-20 17:08:57.840 +0900,crawl,2533,false,6990,3000,42.92
10775,6990,9990,2025-12-25 13:44:18.338 +0900,crawl,2533,true,9990,-3000,-30.03
9649,18900,,2025-12-20 17:09:01.502 +0900,crawl,2538,false,11340,7560,66.67
10776,9450,18900,2025-12-25 13:44:18.342 +0900,crawl,2538,true,18900,-9450,-50.00
9657,18900,,2025-12-20 17:09:01.655 +0900,crawl,2546,false,13230,5670,42.86
10777,11340,18900,2025-12-25 13:44:18.347 +0900,crawl,2546,true,18900,-7560,-40.00
10778,19950,39900,2025-12-25 13:44:18.354 +0900,import,7197,true,,,
10779,13930,19900,2025-12-25 13:44:18.361 +0900,import,7198,true,,,
10780,7630,10900,2025-12-25 13:44:18.365 +0900,crawl,2568,true,10900,-3270,-30.00
9647,19900,,2025-12-20 17:09:01.464 +0900,crawl,2536,false,11940,7960,66.67
10781,13930,19900,2025-12-25 13:44:18.370 +0900,crawl,2536,true,19900,-5970,-30.00
9653,19900,,2025-12-20 17:09:01.580 +0900,crawl,2541,false,15920,3980,25.00
10782,15920,19900,2025-12-25 13:44:18.374 +0900,crawl,2541,true,19900,-3980,-20.00
9651,29900,,2025-12-20 17:09:01.541 +0900,crawl,2539,false,11940,17960,150.42
10783,13930,19900,2025-12-25 13:44:18.379 +0900,crawl,2539,true,29900,-15970,-53.41
9648,19900,,2025-12-20 17:09:01.483 +0900,crawl,2537,false,11940,7960,66.67
10784,13930,19900,2025-12-25 13:44:18.383 +0900,crawl,2537,true,19900,-5970,-30.00
9650,9990,,2025-12-20 17:09:01.523 +0900,crawl,2540,false,6990,3000,42.92
10785,7990,9990,2025-12-25 13:44:18.387 +0900,crawl,2540,true,9990,-2000,-20.02
9660,25900,,2025-12-20 17:09:01.714 +0900,crawl,2557,false,15540,10360,66.67
10786,15540,25900,2025-12-25 13:44:18.392 +0900,crawl,2557,true,25900,-10360,-40.00
9655,10900,,2025-12-20 17:09:01.615 +0900,crawl,2542,false,8720,2180,25.00
10787,7630,10900,2025-12-25 13:44:18.396 +0900,crawl,2542,true,10900,-3270,-30.00
9658,19900,,2025-12-20 17:09:01.676 +0900,crawl,2547,false,11940,7960,66.67
10788,13930,19900,2025-12-25 13:44:18.400 +0900,crawl,2547,true,19900,-5970,-30.00
9668,9990,,2025-12-20 17:09:01.877 +0900,crawl,2558,false,7990,2000,25.03
10789,7990,9990,2025-12-25 13:44:18.404 +0900,crawl,2558,true,9990,-2000,-20.02
9676,14900,,2025-12-20 17:09:02.032 +0900,crawl,2555,false,10430,4470,42.86
10790,10430,14900,2025-12-25 13:44:18.409 +0900,crawl,2555,true,14900,-4470,-30.00
9666,12900,,2025-12-20 17:09:01.829 +0900,crawl,2556,false,11900,1000,8.40
10791,11900,,2025-12-25 13:44:18.413 +0900,crawl,2556,true,12900,-1000,-7.75
9673,25900,,2025-12-20 17:09:01.977 +0900,crawl,2578,false,20720,5180,25.00
10792,18130,25900,2025-12-25 13:44:18.417 +0900,crawl,2578,true,25900,-7770,-30.00
9682,18900,,2025-12-20 17:09:02.200 +0900,crawl,2576,false,13230,5670,42.86
10793,11340,18900,2025-12-25 13:44:18.422 +0900,crawl,2576,true,18900,-7560,-40.00
9665,19900,,2025-12-20 17:09:01.816 +0900,crawl,2579,false,13930,5970,42.86
10794,13930,19900,2025-12-25 13:44:18.426 +0900,crawl,2579,true,19900,-5970,-30.00
9656,13900,,2025-12-20 17:09:01.634 +0900,crawl,2543,false,9730,4170,42.86
10795,8340,13900,2025-12-25 13:44:18.431 +0900,crawl,2543,true,13900,-5560,-40.00
2563,12900,,2025-12-20 16:56:13.178 +0900,import,2563,false,,,
10796,9030,12900,2025-12-25 13:44:18.435 +0900,crawl,2563,true,12900,-3870,-30.00
9681,25900,,2025-12-20 17:09:02.180 +0900,crawl,2575,false,18130,7770,42.86
10797,18130,25900,2025-12-25 13:44:18.442 +0900,crawl,2575,true,25900,-7770,-30.00
9669,25900,,2025-12-20 17:09:01.888 +0900,crawl,2544,false,18130,7770,42.86
10798,18130,25900,2025-12-25 13:44:18.446 +0900,crawl,2544,true,25900,-7770,-30.00
9670,24900,,2025-12-20 17:09:01.911 +0900,crawl,2559,false,14940,9960,66.67
10799,17430,24900,2025-12-25 13:44:18.451 +0900,crawl,2559,true,24900,-7470,-30.00
9664,19900,,2025-12-20 17:09:01.793 +0900,crawl,2570,false,13930,5970,42.86
10800,13930,19900,2025-12-25 13:44:18.455 +0900,crawl,2570,true,19900,-5970,-30.00
9677,13900,,2025-12-20 17:09:02.093 +0900,crawl,2569,false,9730,4170,42.86
10801,8340,13900,2025-12-25 13:44:18.459 +0900,crawl,2569,true,13900,-5560,-40.00
9661,24900,,2025-12-20 17:09:01.730 +0900,crawl,2574,false,15330,9570,62.43
10802,14630,20900,2025-12-25 13:44:18.464 +0900,crawl,2574,true,24900,-10270,-41.24
9663,19900,,2025-12-20 17:09:01.774 +0900,crawl,2561,false,15920,3980,25.00
10803,15920,19900,2025-12-25 13:44:18.468 +0900,crawl,2561,true,19900,-3980,-20.00
9652,19900,,2025-12-20 17:09:01.563 +0900,crawl,2545,false,13930,5970,42.86
10804,15920,19900,2025-12-25 13:44:18.472 +0900,crawl,2545,true,19900,-3980,-20.00
9680,29900,,2025-12-20 17:09:02.151 +0900,crawl,2572,false,23920,5980,25.00
10805,20930,29900,2025-12-25 13:44:18.477 +0900,crawl,2572,true,29900,-8970,-30.00
9679,19900,,2025-12-20 17:09:02.125 +0900,crawl,2554,false,15920,3980,25.00
10806,15920,19900,2025-12-25 13:44:18.481 +0900,crawl,2554,true,19900,-3980,-20.00
9678,39900,,2025-12-20 17:09:02.108 +0900,crawl,2571,false,19950,19950,100.00
10807,23940,39900,2025-12-25 13:44:18.485 +0900,crawl,2571,true,39900,-15960,-40.00
2580,14900,,2025-12-20 16:56:13.287 +0900,import,2580,false,,,
10808,10430,14900,2025-12-25 13:44:18.493 +0900,crawl,2580,true,14900,-4470,-30.00
9671,29900,,2025-12-20 17:09:01.933 +0900,crawl,2560,false,17940,11960,66.67
10809,17940,29900,2025-12-25 13:44:18.497 +0900,crawl,2560,true,29900,-11960,-40.00
9659,19900,,2025-12-20 17:09:01.699 +0900,crawl,2553,false,13930,5970,42.86
10810,15920,19900,2025-12-25 13:44:18.502 +0900,crawl,2553,true,19900,-3980,-20.00
9672,25900,,2025-12-20 17:09:01.961 +0900,crawl,2573,false,18130,7770,42.86
10811,15540,25900,2025-12-25 13:44:18.506 +0900,crawl,2573,true,25900,-10360,-40.00
9654,27900,,2025-12-20 17:09:01.601 +0900,crawl,2548,false,16740,11160,66.67
10812,19530,27900,2025-12-25 13:44:18.511 +0900,crawl,2548,true,27900,-8370,-30.00
9675,19900,,2025-12-20 17:09:02.008 +0900,crawl,2550,false,13930,5970,42.86
10813,13930,19900,2025-12-25 13:44:18.515 +0900,crawl,2550,true,19900,-5970,-30.00
9674,15900,,2025-12-20 17:09:01.993 +0900,crawl,2567,false,11130,4770,42.86
10814,11130,15900,2025-12-25 13:44:18.519 +0900,crawl,2567,true,15900,-4770,-30.00
9662,19900,,2025-12-20 17:09:01.749 +0900,crawl,2549,false,11940,7960,66.67
10815,13930,19900,2025-12-25 13:44:18.527 +0900,crawl,2549,true,19900,-5970,-30.00
9667,13900,,2025-12-20 17:09:01.848 +0900,crawl,2564,false,12900,1000,7.75
10816,12900,,2025-12-25 13:44:18.531 +0900,crawl,2564,true,13900,-1000,-7.19
9683,16900,,2025-12-20 17:09:02.226 +0900,crawl,2581,false,15900,1000,6.29
10817,15900,,2025-12-25 13:44:18.539 +0900,crawl,2581,true,16900,-1000,-5.92
9685,16900,,2025-12-20 17:09:02.622 +0900,crawl,2583,false,15900,1000,6.29
10818,15900,,2025-12-25 13:44:18.543 +0900,crawl,2583,true,16900,-1000,-5.92
9684,19900,,2025-12-20 17:09:02.244 +0900,crawl,2582,false,15920,3980,25.00
10819,15920,19900,2025-12-25 13:44:18.547 +0900,crawl,2582,true,19900,-3980,-20.00
2596,6190,,2025-12-20 16:56:13.382 +0900,import,2596,false,,,
10820,5990,,2025-12-25 13:44:18.590 +0900,crawl,2596,true,6190,-200,-3.23
2613,4990,,2025-12-20 16:56:13.478 +0900,import,2613,false,,,
10821,6490,,2025-12-25 13:44:18.595 +0900,crawl,2613,true,4990,1500,30.06
9735,6490,,2025-12-20 17:09:22.581 +0900,crawl,2597,false,5890,600,10.19
10822,5890,,2025-12-25 13:44:18.600 +0900,crawl,2597,true,6490,-600,-9.24
9736,3890,,2025-12-20 17:09:22.634 +0900,crawl,2602,false,3490,400,11.46
10823,3490,,2025-12-25 13:44:18.612 +0900,crawl,2602,true,3890,-400,-10.28
9737,5690,,2025-12-20 17:09:22.721 +0900,crawl,2606,false,5290,400,7.56
10824,5290,,2025-12-25 13:44:18.624 +0900,crawl,2606,true,5690,-400,-7.03
9738,3990,,2025-12-20 17:09:22.738 +0900,crawl,2611,false,2790,1200,43.01
10825,2790,,2025-12-25 13:44:18.628 +0900,crawl,2611,true,3990,-1200,-30.08
10826,1290,,2025-12-25 13:44:18.637 +0900,import,7199,true,,,
9739,3990,,2025-12-20 17:09:22.787 +0900,crawl,2615,false,2790,1200,43.01
10827,2790,,2025-12-25 13:44:18.641 +0900,crawl,2615,true,3990,-1200,-30.08
9742,8100,,2025-12-20 17:09:22.936 +0900,crawl,2627,false,7290,810,11.11
10828,6990,,2025-12-25 13:44:18.656 +0900,crawl,2627,true,8100,-1110,-13.70
9741,8100,,2025-12-20 17:09:22.901 +0900,crawl,2625,false,7290,810,11.11
10829,6990,,2025-12-25 13:44:18.665 +0900,crawl,2625,true,8100,-1110,-13.70
10830,2990,,2025-12-25 13:44:18.671 +0900,import,7200,true,,,
10831,2990,,2025-12-25 13:44:18.683 +0900,import,7201,true,,,
10832,2990,,2025-12-25 13:44:18.688 +0900,import,7202,true,,,
10833,5800,,2025-12-25 13:44:18.720 +0900,import,7203,true,,,
10834,3890,,2025-12-25 13:44:18.770 +0900,crawl,2657,true,4990,-1100,-22.04
2668,4990,,2025-12-20 16:56:13.791 +0900,import,2668,false,,,
10835,3890,,2025-12-25 13:44:18.781 +0900,crawl,2668,true,4990,-1100,-22.04
2661,4990,,2025-12-20 16:56:13.751 +0900,import,2661,false,,,
10836,3890,,2025-12-25 13:44:18.794 +0900,crawl,2661,true,4990,-1100,-22.04
2670,4990,,2025-12-20 16:56:13.803 +0900,import,2670,false,,,
10837,3890,,2025-12-25 13:44:18.815 +0900,crawl,2670,true,4990,-1100,-22.04
2685,2290,,2025-12-20 16:56:13.888 +0900,import,2685,false,,,
10838,1290,,2025-12-25 13:44:18.819 +0900,crawl,2685,true,2290,-1000,-43.67
10839,17990,,2025-12-25 13:44:18.825 +0900,import,7204,true,,,
9746,6490,,2025-12-20 17:09:23.476 +0900,crawl,2664,false,4990,1500,30.06
10840,4990,,2025-12-25 13:44:18.829 +0900,crawl,2664,true,6490,-1500,-23.11
10841,8590,,2025-12-25 13:44:18.841 +0900,import,7205,true,,,
10842,4590,,2025-12-25 13:44:18.866 +0900,import,7206,true,,,
10843,5290,,2025-12-25 13:44:18.873 +0900,import,7207,true,,,
10844,3990,,2025-12-25 13:44:18.882 +0900,import,7208,true,,,
10845,3990,,2025-12-25 13:44:18.905 +0900,import,7209,true,,,
10846,3990,,2025-12-25 13:44:18.924 +0900,import,7210,true,,,
2706,8990,,2025-12-20 16:56:14.012 +0900,import,2706,false,,,
10847,7490,,2025-12-25 13:44:18.935 +0900,crawl,2706,true,8990,-1500,-16.69
9757,7390,,2025-12-20 17:09:24.388 +0900,crawl,2701,false,6490,900,13.87
10848,6490,,2025-12-25 13:44:18.945 +0900,crawl,2701,true,7390,-900,-12.18
10849,4990,,2025-12-25 13:44:18.950 +0900,import,7211,true,,,
10850,5690,,2025-12-25 13:44:18.961 +0900,import,7212,true,,,
10851,3990,,2025-12-25 13:44:18.977 +0900,import,7213,true,,,
10852,3990,,2025-12-25 13:44:19.005 +0900,import,7214,true,,,
10853,3780,,2025-12-25 13:44:19.013 +0900,crawl,2787,true,3790,-10,-0.26
2759,3790,,2025-12-20 16:56:14.326 +0900,import,2759,false,,,
10854,3780,,2025-12-25 13:44:19.017 +0900,crawl,2759,true,3790,-10,-0.26
2770,3790,,2025-12-20 16:56:14.395 +0900,import,2770,false,,,
10855,3780,,2025-12-25 13:44:19.021 +0900,crawl,2770,true,3790,-10,-0.26
10856,6990,,2025-12-25 13:44:19.028 +0900,import,7215,true,,,
9759,7990,,2025-12-20 17:09:24.914 +0900,crawl,2722,false,6990,1000,14.31
10857,6990,,2025-12-25 13:44:19.035 +0900,crawl,2722,true,7990,-1000,-12.52
9760,4790,,2025-12-20 17:09:24.932 +0900,crawl,2728,false,3490,1300,37.25
10858,3490,,2025-12-25 13:44:19.041 +0900,crawl,2728,true,4790,-1300,-27.14
2763,5990,,2025-12-20 16:56:14.352 +0900,import,2763,false,,,
10859,6400,,2025-12-25 13:44:19.045 +0900,crawl,2763,true,5990,410,6.84
10860,2290,,2025-12-25 13:44:19.055 +0900,import,7216,true,,,
9761,5490,,2025-12-20 17:09:24.986 +0900,crawl,2732,false,4490,1000,22.27
10861,4490,,2025-12-25 13:44:19.070 +0900,crawl,2732,true,5490,-1000,-18.21
2749,4990,,2025-12-20 16:56:14.268 +0900,import,2749,false,,,
10862,4980,,2025-12-25 13:44:19.084 +0900,crawl,2749,true,4990,-10,-0.20
2767,3090,,2025-12-20 16:56:14.375 +0900,import,2767,false,,,
10863,2290,,2025-12-25 13:44:19.094 +0900,crawl,2767,true,3090,-800,-25.89
2745,4990,,2025-12-20 16:56:14.244 +0900,import,2745,false,,,
10864,4980,,2025-12-25 13:44:19.099 +0900,crawl,2745,true,4990,-10,-0.20
2757,3090,,2025-12-20 16:56:14.315 +0900,import,2757,false,,,
10865,2290,,2025-12-25 13:44:19.110 +0900,crawl,2757,true,3090,-800,-25.89
9771,3600,,2025-12-20 17:09:25.514 +0900,crawl,2766,false,2990,610,20.40
10866,2990,,2025-12-25 13:44:19.145 +0900,crawl,2766,true,3600,-610,-16.94
2797,2950,,2025-12-20 16:56:14.550 +0900,import,2797,false,,,
10867,1950,,2025-12-25 13:44:19.149 +0900,crawl,2797,true,2950,-1000,-33.90
10868,6690,,2025-12-25 13:44:19.166 +0900,import,7217,true,,,
10869,2990,,2025-12-25 13:44:19.182 +0900,import,7218,true,,,
10870,3990,,2025-12-25 13:44:19.194 +0900,import,7219,true,,,
10871,4990,,2025-12-25 13:44:19.212 +0900,import,7220,true,,,
2760,4490,,2025-12-20 16:56:14.333 +0900,import,2760,false,,,
10872,4480,,2025-12-25 13:44:19.225 +0900,crawl,2760,true,4490,-10,-0.22
10873,6990,,2025-12-25 13:44:19.231 +0900,import,7221,true,,,
2783,6400,,2025-12-20 16:56:14.469 +0900,import,2783,false,,,
10874,5760,,2025-12-25 13:44:19.235 +0900,crawl,2783,true,6400,-640,-10.00
2796,2950,,2025-12-20 16:56:14.543 +0900,import,2796,false,,,
10875,1950,,2025-12-25 13:44:19.239 +0900,crawl,2796,true,2950,-1000,-33.90
10876,3490,,2025-12-25 13:44:19.256 +0900,import,7222,true,,,
2764,6400,,2025-12-20 16:56:14.358 +0900,import,2764,false,,,
10877,5760,,2025-12-25 13:44:19.261 +0900,crawl,2764,true,6400,-640,-10.00
10878,5790,,2025-12-25 13:44:19.279 +0900,import,7223,true,,,
9769,5790,,2025-12-20 17:09:25.427 +0900,crawl,2790,false,4990,800,16.03
10879,4990,,2025-12-25 13:44:19.285 +0900,crawl,2790,true,5790,-800,-13.82
10880,5790,,2025-12-25 13:44:19.302 +0900,import,7224,true,,,
10881,4090,,2025-12-25 13:44:19.311 +0900,import,7225,true,,,
10882,3790,,2025-12-25 13:44:19.323 +0900,import,7226,true,,,
2803,6400,,2025-12-20 16:56:14.584 +0900,import,2803,false,,,
10883,5760,,2025-12-25 13:44:19.338 +0900,crawl,2803,true,6400,-640,-10.00
9776,5490,,2025-12-20 17:09:26.067 +0900,crawl,2808,false,4990,500,10.02
10884,4990,,2025-12-25 13:44:19.349 +0900,crawl,2808,true,5490,-500,-9.11
9778,3490,,2025-12-20 17:09:26.118 +0900,crawl,2811,false,2990,500,16.72
10885,3190,,2025-12-25 13:44:19.354 +0900,crawl,2811,true,3490,-300,-8.60
9777,5690,,2025-12-20 17:09:26.098 +0900,crawl,2812,false,4790,900,18.79
10886,4790,,2025-12-25 13:44:19.358 +0900,crawl,2812,true,5690,-900,-15.82
9780,4790,,2025-12-20 17:09:26.156 +0900,crawl,2810,false,4190,600,14.32
10887,4290,,2025-12-25 13:44:19.363 +0900,crawl,2810,true,4790,-500,-10.44
10888,6990,,2025-12-25 13:44:19.376 +0900,crawl,2864,true,8590,-1600,-18.63
9787,5990,,2025-12-20 17:09:26.418 +0900,crawl,2826,false,3990,2000,50.13
10889,4990,,2025-12-25 13:44:19.384 +0900,crawl,2826,true,5990,-1000,-16.69
10890,2690,,2025-12-25 13:44:19.394 +0900,import,7227,true,,,
10891,7990,,2025-12-25 13:44:19.404 +0900,import,7228,true,,,
2853,8590,,2025-12-20 16:56:14.873 +0900,import,2853,false,,,
10892,6990,,2025-12-25 13:44:19.416 +0900,crawl,2853,true,8590,-1600,-18.63
2848,8590,,2025-12-20 16:56:14.845 +0900,import,2848,false,,,
10893,6990,,2025-12-25 13:44:19.420 +0900,crawl,2848,true,8590,-1600,-18.63
2855,6690,,2025-12-20 16:56:14.884 +0900,import,2855,false,,,
10894,4490,,2025-12-25 13:44:19.432 +0900,crawl,2855,true,6690,-2200,-32.88
9791,2090,,2025-12-20 17:09:26.652 +0900,crawl,2861,false,1590,500,31.45
10895,1590,,2025-12-25 13:44:19.452 +0900,crawl,2861,true,2090,-500,-23.92
9794,2090,,2025-12-20 17:09:26.755 +0900,crawl,2850,false,1590,500,31.45
10896,1590,,2025-12-25 13:44:19.456 +0900,crawl,2850,true,2090,-500,-23.92
10897,6990,,2025-12-25 13:44:19.469 +0900,import,7229,true,,,
10898,4900,,2025-12-25 13:44:19.479 +0900,import,7230,true,,,
10899,3990,,2025-12-25 13:44:19.488 +0900,import,7231,true,,,
2842,8590,,2025-12-20 16:56:14.810 +0900,import,2842,false,,,
10900,6990,,2025-12-25 13:44:19.495 +0900,crawl,2842,true,8590,-1600,-18.63
2856,7990,,2025-12-20 16:56:14.890 +0900,import,2856,false,,,
10901,6390,,2025-12-25 13:44:19.499 +0900,crawl,2856,true,7990,-1600,-20.03
2854,7990,,2025-12-20 16:56:14.879 +0900,import,2854,false,,,
10902,6390,,2025-12-25 13:44:19.504 +0900,crawl,2854,true,7990,-1600,-20.03
9797,5990,,2025-12-20 17:09:26.896 +0900,crawl,2868,false,3990,2000,50.13
10903,3490,,2025-12-25 13:44:19.514 +0900,crawl,2868,true,5990,-2500,-41.74
9793,2990,,2025-12-20 17:09:26.687 +0900,crawl,2843,false,2690,300,11.15
10904,2690,,2025-12-25 13:44:19.518 +0900,crawl,2843,true,2990,-300,-10.03
9796,3600,,2025-12-20 17:09:26.877 +0900,crawl,2865,false,3280,320,9.76
10905,2980,,2025-12-25 13:44:19.534 +0900,crawl,2865,true,3600,-620,-17.22
10906,5490,,2025-12-25 13:44:19.557 +0900,import,7232,true,,,
2877,7290,,2025-12-20 16:56:15.014 +0900,import,2877,false,,,
10907,6990,,2025-12-25 13:44:19.573 +0900,crawl,2877,true,7290,-300,-4.12
9799,8880,,2025-12-20 17:09:27.185 +0900,crawl,2879,false,6990,1890,27.04
10908,6990,,2025-12-25 13:44:19.581 +0900,crawl,2879,true,8880,-1890,-21.28
10909,4990,,2025-12-25 13:44:19.591 +0900,import,7233,true,,,
9801,7280,,2025-12-20 17:09:27.278 +0900,crawl,2883,false,6990,290,4.15
10910,6990,,2025-12-25 13:44:19.598 +0900,crawl,2883,true,7280,-290,-3.98
9798,6990,,2025-12-20 17:09:27.156 +0900,crawl,2875,false,3490,3500,100.29
10911,4990,,2025-12-25 13:44:19.602 +0900,crawl,2875,true,6990,-2000,-28.61
9803,19800,,2025-12-20 17:09:27.685 +0900,crawl,2937,false,18800,1000,5.32
10912,18800,19800,2025-12-25 13:44:19.713 +0900,crawl,2937,true,19800,-1000,-5.05
10913,13290,18990,2025-12-25 13:44:19.744 +0900,import,7234,true,,,
10914,18750,,2025-12-25 13:44:19.806 +0900,import,7235,true,,,
10915,7990,,2025-12-25 13:44:19.821 +0900,import,7236,true,,,
9807,9790,,2025-12-20 17:09:29.556 +0900,crawl,2960,false,5990,3800,63.44
10916,5990,,2025-12-25 13:44:19.845 +0900,crawl,2960,true,9790,-3800,-38.82
10917,14400,,2025-12-25 13:44:19.855 +0900,import,7237,true,,,
2968,6490,,2025-12-20 16:56:15.568 +0900,import,2968,false,,,
10918,6480,,2025-12-25 13:44:19.867 +0900,crawl,2968,true,6490,-10,-0.15
10919,6390,,2025-12-25 13:44:19.882 +0900,import,7238,true,,,
2986,4250,,2025-12-20 16:56:15.679 +0900,import,2986,false,,,
10920,3950,,2025-12-25 13:44:19.911 +0900,crawl,2986,true,4250,-300,-7.06
2988,4990,,2025-12-20 16:56:15.692 +0900,import,2988,false,,,
10921,3990,,2025-12-25 13:44:19.916 +0900,crawl,2988,true,4990,-1000,-20.04
9809,5990,,2025-12-20 17:09:30.998 +0900,crawl,2991,false,4990,1000,20.04
10922,4990,,2025-12-25 13:44:19.923 +0900,crawl,2991,true,5990,-1000,-16.69
9808,6990,,2025-12-20 17:09:30.977 +0900,crawl,2990,false,5990,1000,16.69
10923,5990,,2025-12-25 13:44:19.927 +0900,crawl,2990,true,6990,-1000,-14.31
9810,10990,,2025-12-20 17:09:31.527 +0900,crawl,2997,false,9990,1000,10.01
10924,9990,,2025-12-25 13:44:19.937 +0900,crawl,2997,true,10990,-1000,-9.10
2994,8980,,2025-12-20 16:56:15.729 +0900,import,2994,false,,,
10925,8990,,2025-12-25 13:44:19.944 +0900,crawl,2994,true,8980,10,0.11
3014,10990,,2025-12-20 16:56:15.867 +0900,import,3014,false,,,
10926,9990,,2025-12-25 13:44:19.952 +0900,crawl,3014,true,10990,-1000,-9.10
9811,6490,,2025-12-20 17:09:31.625 +0900,crawl,3004,false,4490,2000,44.54
10927,4490,,2025-12-25 13:44:19.962 +0900,crawl,3004,true,6490,-2000,-30.82
2996,9990,,2025-12-20 16:56:15.742 +0900,import,2996,false,,,
10928,9980,,2025-12-25 13:44:19.969 +0900,crawl,2996,true,9990,-10,-0.10
9812,6490,,2025-12-20 17:09:31.667 +0900,crawl,3013,false,4490,2000,44.54
10929,4490,,2025-12-25 13:44:19.976 +0900,crawl,3013,true,6490,-2000,-30.82
3033,6590,,2025-12-20 16:56:15.980 +0900,import,3033,false,,,
10930,4490,,2025-12-25 13:44:19.991 +0900,crawl,3033,true,6590,-2100,-31.87
3025,6590,,2025-12-20 16:56:15.932 +0900,import,3025,false,,,
10931,4490,,2025-12-25 13:44:19.996 +0900,crawl,3025,true,6590,-2100,-31.87
3031,22000,,2025-12-20 16:56:15.968 +0900,import,3031,false,,,
10932,19990,,2025-12-25 13:44:20.003 +0900,crawl,3031,true,22000,-2010,-9.14
3035,6590,,2025-12-20 16:56:15.992 +0900,import,3035,false,,,
10933,4490,,2025-12-25 13:44:20.018 +0900,crawl,3035,true,6590,-2100,-31.87
3030,9780,,2025-12-20 16:56:15.962 +0900,import,3030,false,,,
10934,9790,,2025-12-25 13:44:20.028 +0900,crawl,3030,true,9780,10,0.10
9816,9990,,2025-12-20 17:09:31.965 +0900,crawl,3032,false,6990,3000,42.92
10935,6990,,2025-12-25 13:44:20.033 +0900,crawl,3032,true,9990,-3000,-30.03
9815,9990,,2025-12-20 17:09:31.871 +0900,crawl,3024,false,6990,3000,42.92
10936,6990,,2025-12-25 13:44:20.037 +0900,crawl,3024,true,9990,-3000,-30.03
9813,9990,,2025-12-20 17:09:31.836 +0900,crawl,3012,false,6990,3000,42.92
10937,6990,,2025-12-25 13:44:20.041 +0900,crawl,3012,true,9990,-3000,-30.03
3021,6180,,2025-12-20 16:56:15.909 +0900,import,3021,false,,,
10938,6190,,2025-12-25 13:44:20.051 +0900,crawl,3021,true,6180,10,0.16
10939,3990,,2025-12-25 13:44:20.061 +0900,import,7239,true,,,
9817,6490,,2025-12-20 17:09:32.058 +0900,crawl,3028,false,4490,2000,44.54
10940,4490,,2025-12-25 13:44:20.071 +0900,crawl,3028,true,6490,-2000,-30.82
9818,9990,,2025-12-20 17:09:32.116 +0900,crawl,3041,false,6990,3000,42.92
10941,6990,,2025-12-25 13:44:20.078 +0900,crawl,3041,true,9990,-3000,-30.03
9814,9990,,2025-12-20 17:09:31.857 +0900,crawl,3023,false,6990,3000,42.92
10942,6990,,2025-12-25 13:44:20.082 +0900,crawl,3023,true,9990,-3000,-30.03
10943,4400,,2025-12-25 13:44:20.106 +0900,import,7240,true,,,
3016,9990,,2025-12-20 16:56:15.879 +0900,import,3016,false,,,
10944,9980,,2025-12-25 13:44:20.124 +0900,crawl,3016,true,9990,-10,-0.10
3063,5990,,2025-12-20 16:56:16.165 +0900,import,3063,false,,,
10945,8990,,2025-12-25 13:44:20.131 +0900,crawl,3063,true,5990,3000,50.08
9823,5990,,2025-12-20 17:09:32.986 +0900,crawl,3069,false,4790,1200,25.05
10946,4790,,2025-12-25 13:44:20.135 +0900,crawl,3069,true,5990,-1200,-20.03
9820,14000,,2025-12-20 17:09:32.919 +0900,crawl,3054,false,8990,5010,55.73
10947,8990,,2025-12-25 13:44:20.139 +0900,crawl,3054,true,14000,-5010,-35.79
9825,6990,,2025-12-20 17:09:33.033 +0900,crawl,3061,false,5590,1400,25.04
10948,5590,,2025-12-25 13:44:20.143 +0900,crawl,3061,true,6990,-1400,-20.03
9829,6990,,2025-12-20 17:09:33.369 +0900,crawl,3088,false,5590,1400,25.04
10949,5590,,2025-12-25 13:44:20.167 +0900,crawl,3088,true,6990,-1400,-20.03
9827,14000,,2025-12-20 17:09:33.075 +0900,crawl,3060,false,8990,5010,55.73
10950,8990,,2025-12-25 13:44:20.174 +0900,crawl,3060,true,14000,-5010,-35.79
10951,5990,,2025-12-25 13:44:20.185 +0900,import,7241,true,,,
10952,7990,,2025-12-25 13:44:20.191 +0900,import,7242,true,,,
3087,4990,,2025-12-20 16:56:16.317 +0900,import,3087,false,,,
10953,4980,,2025-12-25 13:44:20.195 +0900,crawl,3087,true,4990,-10,-0.20
10954,11180,,2025-12-25 13:44:20.225 +0900,import,7243,true,,,
3093,11190,,2025-12-20 16:56:16.354 +0900,import,3093,false,,,
10955,11180,,2025-12-25 13:44:20.237 +0900,crawl,3093,true,11190,-10,-0.09
3094,11190,,2025-12-20 16:56:16.360 +0900,import,3094,false,,,
10956,11180,,2025-12-25 13:44:20.241 +0900,crawl,3094,true,11190,-10,-0.09
3097,10990,,2025-12-20 16:56:16.378 +0900,import,3097,false,,,
10957,10980,,2025-12-25 13:44:20.246 +0900,crawl,3097,true,10990,-10,-0.09
10958,11900,,2025-12-25 13:44:20.262 +0900,import,7244,true,,,
9831,17990,,2025-12-20 17:09:36.067 +0900,crawl,3106,false,14990,3000,20.01
10959,14990,,2025-12-25 13:44:20.271 +0900,crawl,3106,true,17990,-3000,-16.68
9832,8990,,2025-12-20 17:09:36.130 +0900,crawl,3112,false,7390,1600,21.65
10960,6990,,2025-12-25 13:44:20.278 +0900,crawl,3112,true,8990,-2000,-22.25
3109,8850,,2025-12-20 16:56:16.454 +0900,import,3109,false,,,
10961,8890,,2025-12-25 13:44:20.283 +0900,crawl,3109,true,8850,40,0.45
3132,6780,,2025-12-20 16:56:16.598 +0900,import,3132,false,,,
10962,6790,,2025-12-25 13:44:20.294 +0900,crawl,3132,true,6780,10,0.15
3135,6780,,2025-12-20 16:56:16.616 +0900,import,3135,false,,,
10963,6790,,2025-12-25 13:44:20.298 +0900,crawl,3135,true,6780,10,0.15
10964,6990,,2025-12-25 13:44:20.307 +0900,import,7245,true,,,
10965,6990,,2025-12-25 13:44:20.314 +0900,import,7246,true,,,
3137,4600,,2025-12-20 16:56:16.628 +0900,import,3137,false,,,
10966,2990,,2025-12-25 13:44:20.318 +0900,crawl,3137,true,4600,-1610,-35.00
3143,2980,,2025-12-20 16:56:16.664 +0900,import,3143,false,,,
10967,2990,,2025-12-25 13:44:20.323 +0900,crawl,3143,true,2980,10,0.34
10968,6990,,2025-12-25 13:44:20.330 +0900,import,7247,true,,,
3126,4600,,2025-12-20 16:56:16.561 +0900,import,3126,false,,,
10969,2990,,2025-12-25 13:44:20.333 +0900,crawl,3126,true,4600,-1610,-35.00
3130,4600,,2025-12-20 16:56:16.585 +0900,import,3130,false,,,
10970,2990,,2025-12-25 13:44:20.338 +0900,crawl,3130,true,4600,-1610,-35.00
10971,10990,,2025-12-25 13:44:20.360 +0900,import,7248,true,,,
3145,3990,,2025-12-20 16:56:16.676 +0900,import,3145,false,,,
10972,5750,,2025-12-25 13:44:20.388 +0900,crawl,3145,true,3990,1760,44.11
3146,3990,,2025-12-20 16:56:16.682 +0900,import,3146,false,,,
10973,5750,,2025-12-25 13:44:20.401 +0900,crawl,3146,true,3990,1760,44.11
9836,5990,,2025-12-20 17:09:38.078 +0900,crawl,3166,false,4190,1800,42.96
10974,4190,,2025-12-25 13:44:20.444 +0900,crawl,3166,true,5990,-1800,-30.05
9835,5990,,2025-12-20 17:09:38.060 +0900,crawl,3165,false,4190,1800,42.96
10975,4190,,2025-12-25 13:44:20.461 +0900,crawl,3165,true,5990,-1800,-30.05
10976,7790,,2025-12-25 13:44:20.468 +0900,import,7249,true,,,
10977,4790,,2025-12-25 13:44:20.496 +0900,import,7250,true,,,
10978,2190,,2025-12-25 13:44:20.530 +0900,import,7251,true,,,
10979,7490,,2025-12-25 13:44:20.545 +0900,import,7252,true,,,
10980,2190,,2025-12-25 13:44:20.552 +0900,import,7253,true,,,
10981,2990,,2025-12-25 13:44:20.569 +0900,import,7254,true,,,
10982,7490,,2025-12-25 13:44:20.598 +0900,import,7255,true,,,
10983,2390,,2025-12-25 13:44:20.634 +0900,import,7256,true,,,
10984,2550,,2025-12-25 13:44:20.698 +0900,import,7257,true,,,
10985,2550,,2025-12-25 13:44:20.716 +0900,import,7258,true,,,
9687,11490,,2025-12-20 17:09:04.355 +0900,crawl,1995,false,8990,2500,27.81
10986,8990,,2025-12-25 13:44:20.734 +0900,crawl,1995,true,11490,-2500,-21.76
10987,4990,,2025-12-25 13:44:20.751 +0900,import,7259,true,,,
9686,10990,,2025-12-20 17:09:04.339 +0900,crawl,1991,false,8990,2000,22.25
10988,8990,,2025-12-25 13:44:20.756 +0900,crawl,1991,true,10990,-2000,-18.20
10989,5490,,2025-12-25 13:44:20.764 +0900,import,7260,true,,,
10990,5690,,2025-12-25 13:44:20.768 +0900,crawl,2009,true,5790,-100,-1.73
2012,6490,,2025-12-20 16:56:09.711 +0900,import,2012,false,,,
10991,3490,,2025-12-25 13:44:20.817 +0900,crawl,2012,true,6490,-3000,-46.22
2016,2990,,2025-12-20 16:56:09.733 +0900,import,2016,false,,,
10992,1490,,2025-12-25 13:44:20.824 +0900,crawl,2016,true,2990,-1500,-50.17
9692,7490,,2025-12-20 17:09:04.893 +0900,crawl,2027,false,5990,1500,25.04
10993,3990,,2025-12-25 13:44:20.828 +0900,crawl,2027,true,7490,-3500,-46.73
9697,7490,,2025-12-20 17:09:05.071 +0900,crawl,2028,false,5490,2000,36.43
10994,3490,,2025-12-25 13:44:20.831 +0900,crawl,2028,true,7490,-4000,-53.40
9700,7490,,2025-12-20 17:09:05.142 +0900,crawl,2034,false,6990,500,7.15
10995,6490,,2025-12-25 13:44:20.845 +0900,crawl,2034,true,7490,-1000,-13.35
10996,10990,,2025-12-25 13:44:20.852 +0900,import,7261,true,,,
9695,7490,,2025-12-20 17:09:05.018 +0900,crawl,2026,false,3990,3500,87.72
10997,3490,,2025-12-25 13:44:20.859 +0900,crawl,2026,true,7490,-4000,-53.40
9693,7990,,2025-12-20 17:09:04.943 +0900,crawl,2029,false,6490,1500,23.11
10998,7490,,2025-12-25 13:44:20.877 +0900,crawl,2029,true,7990,-500,-6.26
2030,7990,,2025-12-20 16:56:09.809 +0900,import,2030,false,,,
10999,3990,,2025-12-25 13:44:20.883 +0900,crawl,2030,true,7990,-4000,-50.06
11000,3190,,2025-12-25 13:44:20.890 +0900,import,7262,true,,,
11001,5490,,2025-12-25 13:44:20.895 +0900,import,7263,true,,,
9696,4990,,2025-12-20 17:09:05.041 +0900,crawl,2019,false,4490,500,11.14
11002,3990,,2025-12-25 13:44:20.899 +0900,crawl,2019,true,4990,-1000,-20.04
2035,6490,,2025-12-20 16:56:09.836 +0900,import,2035,false,,,
11003,3490,,2025-12-25 13:44:20.904 +0900,crawl,2035,true,6490,-3000,-46.22
2032,7490,,2025-12-20 16:56:09.820 +0900,import,2032,false,,,
11004,6490,,2025-12-25 13:44:20.908 +0900,crawl,2032,true,7490,-1000,-13.35
9699,7490,,2025-12-20 17:09:05.124 +0900,crawl,2033,false,5990,1500,25.04
11005,5490,,2025-12-25 13:44:20.912 +0900,crawl,2033,true,7490,-2000,-26.70
9698,6490,,2025-12-20 17:09:05.104 +0900,crawl,2031,false,3990,2500,62.66
11006,3490,,2025-12-25 13:44:20.916 +0900,crawl,2031,true,6490,-3000,-46.22
9701,5290,,2025-12-20 17:09:05.524 +0900,crawl,2036,false,2990,2300,76.92
11007,2990,,2025-12-25 13:44:20.925 +0900,crawl,2036,true,5290,-2300,-43.48
9706,13990,,2025-12-20 17:09:05.628 +0900,crawl,2046,false,6990,7000,100.14
11008,6990,13990,2025-12-25 13:44:20.929 +0900,crawl,2046,true,13990,-7000,-50.04
9704,3190,,2025-12-20 17:09:05.593 +0900,crawl,2043,false,1590,1600,100.63
11009,1590,3190,2025-12-25 13:44:20.933 +0900,crawl,2043,true,3190,-1600,-50.16
9708,3990,,2025-12-20 17:09:05.661 +0900,crawl,2045,false,1990,2000,100.50
11010,1990,3990,2025-12-25 13:44:20.938 +0900,crawl,2045,true,3990,-2000,-50.13
9705,8990,,2025-12-20 17:09:05.607 +0900,crawl,2047,false,4490,4500,100.22
11011,4490,8990,2025-12-25 13:44:20.942 +0900,crawl,2047,true,8990,-4500,-50.06
9712,3990,,2025-12-20 17:09:05.741 +0900,crawl,2054,false,1990,2000,100.50
11012,1990,3990,2025-12-25 13:44:20.946 +0900,crawl,2054,true,3990,-2000,-50.13
9713,10990,,2025-12-20 17:09:05.818 +0900,crawl,2053,false,6990,4000,57.22
11013,5490,10990,2025-12-25 13:44:20.950 +0900,crawl,2053,true,10990,-5500,-50.05
9715,6990,,2025-12-20 17:09:05.917 +0900,crawl,2067,false,4990,2000,40.08
11014,4990,6990,2025-12-25 13:44:20.974 +0900,crawl,2067,true,6990,-2000,-28.61
9716,6990,,2025-12-20 17:09:05.954 +0900,crawl,2068,false,4990,2000,40.08
11015,4990,6990,2025-12-25 13:44:20.986 +0900,crawl,2068,true,6990,-2000,-28.61
9710,12990,,2025-12-20 17:09:05.688 +0900,crawl,2048,false,6490,6500,100.15
11016,10990,,2025-12-25 13:44:20.994 +0900,crawl,2048,true,12990,-2000,-15.40
9717,1990,,2025-12-20 17:09:05.985 +0900,crawl,2062,false,1490,500,33.56
11017,1490,,2025-12-25 13:44:21.005 +0900,crawl,2062,true,1990,-500,-25.13
9714,4490,,2025-12-20 17:09:05.837 +0900,crawl,2059,false,2990,1500,50.17
11018,2490,,2025-12-25 13:44:21.012 +0900,crawl,2059,true,4490,-2000,-44.54
9718,3490,,2025-12-20 17:09:06.016 +0900,crawl,2077,false,1990,1500,75.38
11019,1990,,2025-12-25 13:44:21.016 +0900,crawl,2077,true,3490,-1500,-42.98
11020,7490,,2025-12-25 13:44:21.030 +0900,crawl,2076,true,8990,-1500,-16.69
11021,4990,,2025-12-25 13:44:21.054 +0900,import,7264,true,,,
2092,2190,,2025-12-20 16:56:10.181 +0900,import,2092,false,,,
11022,1590,,2025-12-25 13:44:21.065 +0900,crawl,2092,true,2190,-600,-27.40
2095,5990,,2025-12-20 16:56:10.208 +0900,import,2095,false,,,
11023,3990,,2025-12-25 13:44:21.074 +0900,crawl,2095,true,5990,-2000,-33.39
9720,5990,,2025-12-20 17:09:08.710 +0900,crawl,2094,false,5390,600,11.13
11024,5390,5990,2025-12-25 13:44:21.079 +0900,crawl,2094,true,5990,-600,-10.02
11025,2590,,2025-12-25 13:44:21.090 +0900,import,7265,true,,,
9721,5990,,2025-12-20 17:09:08.740 +0900,crawl,2093,false,5390,600,11.13
11026,5390,5990,2025-12-25 13:44:21.097 +0900,crawl,2093,true,5990,-600,-10.02
11027,2590,,2025-12-25 13:44:21.104 +0900,import,7266,true,,,
9722,5990,,2025-12-20 17:09:08.762 +0900,crawl,2100,false,5390,600,11.13
11028,5390,5990,2025-12-25 13:44:21.112 +0900,crawl,2100,true,5990,-600,-10.02
9723,5990,,2025-12-20 17:09:08.780 +0900,crawl,2101,false,5390,600,11.13
11029,5390,5990,2025-12-25 13:44:21.117 +0900,crawl,2101,true,5990,-600,-10.02
2103,4080,,2025-12-20 16:56:10.263 +0900,import,2103,false,,,
11030,3990,,2025-12-25 13:44:21.126 +0900,crawl,2103,true,4080,-90,-2.21
2104,8180,,2025-12-20 16:56:10.269 +0900,import,2104,false,,,
11031,5990,,2025-12-25 13:44:21.130 +0900,crawl,2104,true,8180,-2190,-26.77
2107,6990,,2025-12-20 16:56:10.287 +0900,import,2107,false,,,
11032,4990,,2025-12-25 13:44:21.133 +0900,crawl,2107,true,6990,-2000,-28.61
2110,6990,,2025-12-20 16:56:10.305 +0900,import,2110,false,,,
11033,4490,,2025-12-25 13:44:21.150 +0900,crawl,2110,true,6990,-2500,-35.77
2123,16900,,2025-12-20 16:56:10.387 +0900,import,2123,false,,,
11034,15900,16900,2025-12-25 13:44:21.155 +0900,crawl,2123,true,16900,-1000,-5.92
11035,3890,,2025-12-25 13:44:21.168 +0900,import,7267,true,,,
2113,5990,,2025-12-20 16:56:10.325 +0900,import,2113,false,,,
11036,6490,,2025-12-25 13:44:21.175 +0900,crawl,2113,true,5990,500,8.35
2116,5990,,2025-12-20 16:56:10.344 +0900,import,2116,false,,,
11037,6490,,2025-12-25 13:44:21.179 +0900,crawl,2116,true,5990,500,8.35
11038,4490,,2025-12-25 13:44:21.186 +0900,import,7268,true,,,
11039,4490,,2025-12-25 13:44:21.192 +0900,import,7269,true,,,
2118,5990,,2025-12-20 16:56:10.356 +0900,import,2118,false,,,
11040,6490,,2025-12-25 13:44:21.205 +0900,crawl,2118,true,5990,500,8.35
2115,5990,,2025-12-20 16:56:10.338 +0900,import,2115,false,,,
11041,6490,,2025-12-25 13:44:21.211 +0900,crawl,2115,true,5990,500,8.35
2126,3990,,2025-12-20 16:56:10.406 +0900,import,2126,false,,,
11042,2490,,2025-12-25 13:44:21.220 +0900,crawl,2126,true,3990,-1500,-37.59
11043,5490,,2025-12-25 13:44:21.231 +0900,import,7270,true,,,
11044,14900,,2025-12-25 13:44:21.338 +0900,import,7271,true,,,
11045,15900,,2025-12-25 13:44:21.346 +0900,import,7272,true,,,
11046,14900,,2025-12-25 13:44:21.352 +0900,import,7273,true,,,
11047,15900,,2025-12-25 13:44:21.357 +0900,import,7274,true,,,
11048,10900,,2025-12-25 13:44:21.362 +0900,import,7275,true,,,
9726,18900,,2025-12-20 17:09:20.067 +0900,crawl,2181,false,13900,5000,35.97
11049,13900,,2025-12-25 13:44:21.379 +0900,crawl,2181,true,18900,-5000,-26.46
2184,15900,,2025-12-20 16:56:10.786 +0900,import,2184,false,,,
11050,14900,,2025-12-25 13:44:21.385 +0900,crawl,2184,true,15900,-1000,-6.29
11051,29800,,2025-12-25 13:44:21.409 +0900,import,7276,true,,,
11052,23900,,2025-12-25 13:44:21.432 +0900,import,7277,true,,,
